tree
version=v4
num_class=1
num_tree_per_iteration=1
label_index=0
max_feature_idx=11
objective=tweedie
feature_names=rf_lag_1 rf_lag_2 rf_roll7_sum days_since_rain neighbor_mean_lag1 neighbor_max_lag1 tmax_1deg_lag1 tmin_1deg_lag1 tmax_1deg_roll7 diurnal_range_1deg sin_doy cos_doy
feature_infos=[0:385.5301513671875] [0:467.57992553710938] [0:1484.6839599609375] [0:6930] [0:356.41162109375] [0:435.11480712890625] [2.3299999237060547:48.46484375] [-7.6100001335144043:32.610000610351562] [3.3942859172821045:46.181095123291016] [1.0200004577636719:23.680000305175781] [-0.9999994220246925:0.99998555065071859] [-0.99997919295908233:0.9999907524084426]
tree_sizes=3610 3746 3761 3743 3750 3747 3750 3760 3723 3760 3769 3769 3751 3759 3752 3768 3719 3740 3727 3743 3763 3756 3737 3772 3769 3709 3755 3728 3688 3763 3758 3709 3738 3746 3714 3749 3711 3743 3721 3666 3728 3754 3707 3664 3704 3663 3684

Tree=0
num_leaves=31
num_cat=0
split_feature=2 9 9 2 3 3 11 11 11 9 11 11 2 5 4 11 8 11 9 5 7 8 11 3 4 10 9 10 8 9
split_gain=5.30159e+07 6.58122e+06 5.59809e+06 1.66731e+06 1.18591e+06 1.14506e+06 1.00952e+06 655048 641795 550617 430668 377026 333392 282237 269112 238252 214647 245849 159825 144692 143631 138370 135766 125417 106984 100031 98874.3 91051 89226.7 75604.1
threshold=4.8076508045196542 9.9699997901916522 11.733077049255373 45.73535346984864 15.500000000000002 10.500000000000002 -0.18493013702746822 0.42763731121559989 0.48877522411129348 12.551109313964846 -0.17646730165275518 -0.84313311835787952 149.03302764892581 0.12544821202754977 0.8637300729751588 -0.84313311835787952 17.882857322692875 0.21652257995689161 15.030000209808351 0.4949003159999848 21.860340118408207 29.538571357727054 -0.88620506325989179 25.500000000000004 1.5748621821403506 0.19337368024598436 9.4000000953674334 0.19337368024598436 32.060632705688484 11.787460803985597
decision_type=2 10 8 2 2 2 2 2 2 8 2 2 2 10 10 2 10 2 10 8 8 8 2 2 8 2 8 2 8 10
left_child=2 3 4 8 7 11 9 13 14 19 12 -4 24 26 -2 -7 25 29 27 -3 -16 -15 -11 -17 -5 -8 -1 -13 -6 -18
right_child=1 6 5 10 28 15 16 -9 -10 22 -12 18 -14 21 20 23 17 -19 -20 -21 -22 -23 -24 -25 -26 -27 -28 -29 -30 -31
leaf_value=1.0988509307792662 1.1520600867308417 1.1166414203089712 1.0618078389475751 1.1944374607528345 0.95756551625786568 1.012847120432887 1.0226398186115002 1.0118514614816738 1.0744259371469123 1.1187448089640006 1.1717914620725161 0.97200415094957238 1.24648146325788 1.0584997939396052 1.1561178997323691 0.94410965771836541 1.0998997029744004 1.0137345734383212 0.95423579146496007 1.1604628870149667 1.1926362948668807 1.1343107086692126 1.053095417533237 0.92109846018349639 1.2189947066795548 1.1334921284262898 1.0546158610699341 1.0094919942270317 1.0062036996958423 1.0489628894929088
leaf_weight=849512.51853227615 3457461.7358655334 1098567.9095968604 634626.42518526316 2193002.6264740825 808605.6151855588 350208.0633713603 101326.81376886368 1100100.2171533108 674466.0966437459 458695.44298440218 1804842.4437246919 1096467.8909841776 4475018.8596295118 277180.42661863565 1317006.8798868656 3607666.5638787746 603797.5911141634 1458387.2943996191 1602669.1177389026 2398635.7977730036 5910565.6880710125 1832158.968752265 1005669.6135365367 6895855.3621802926 9285724.6140900254 414020.59693402052 1247078.5660037398 1583673.8375740647 706909.32619261742 563193.78400528431
leaf_count=500471 1507089 590913 441576 688286 805374 293055 81933 923721 444788 243951 684165 1046494 733806 195504 558686 3733047 353890 1216655 1611632 987509 1885722 892279 724982 7592488 2257686 202608 893552 1340524 605068 412706
internal_value=1.10342 1.17677 0.982582 1.19895 1.05827 0.949844 1.09706 1.08055 1.16903 1.12514 1.21809 0.989876 1.22333 1.09852 1.17501 0.931708 1.05269 1.04111 0.979217 1.1467 1.18598 1.12435 1.07366 0.929002 1.2143 1.1117 1.07254 0.994155 0.980253 1.07532
internal_weight=5.98131e+07 3.72204e+07 2.25927e+07 2.91181e+07 6.82155e+06 1.57712e+07 8.10229e+06 5.30603e+06 1.13595e+07 4.96157e+06 1.77586e+07 4.91744e+06 1.59537e+07 4.20593e+06 1.0685e+07 1.08537e+07 3.14073e+06 2.62538e+06 4.28281e+06 3.4972e+06 7.22757e+06 2.10934e+06 1.46437e+06 1.05035e+07 1.14787e+07 515347 2.09659e+06 2.68014e+06 1.51551e+06 1.16699e+06
internal_count=34450160 13575375 20874785 8760228 4815969 16058816 4815147 3405527 4396285 2547355 4363943 4440226 3679778 2481806 3951497 11618590 2267792 1983251 3998650 1578422 2444408 1087783 968933 11325535 2945972 284541 1394023 2387018 1410442 766596
is_linear=0
shrinkage=1


Tree=1
num_leaves=31
num_cat=0
split_feature=2 9 9 2 9 3 3 11 7 11 11 11 2 11 5 4 9 2 11 11 2 10 7 11 7 4 9 3 9 4
split_gain=4.48881e+07 6.1578e+06 4.59626e+06 1.55684e+06 999974 996008 966114 563744 555716 523352 437956 366030 263814 254540 228253 213038 174247 170360 157835 150308 132085 127332 111487 104764 97424.2 97248.6 90409.3 88462.7 83648.9 76957.5
threshold=3.6784236431121831 9.8100008964538592 11.940001487731935 39.753995895385749 12.509542465209963 14.500000000000002 15.500000000000002 -0.16799793862756093 19.650196075439457 0.48877522411129348 -0.6905596507703472 -0.77243990499604276 178.99919128417972 -0.77243990499604276 1.0000000180025095e-35 1.1541715860366824 15.030000209808351 25.287858009338382 -0.84313311835787952 -0.15101602693478741 19.815279006958011 0.78857998149907527 21.620153427124027 -0.84313311835787952 22.748162269592289 1.0000000180025095e-35 9.7019462585449237 38.500000000000007 15.640093803405763 3.0619858503341679
decision_type=2 10 8 2 8 2 2 2 10 2 2 2 2 2 10 10 10 2 2 2 2 2 8 2 10 8 8 2 10 8
left_child=2 3 5 9 7 8 11 17 -1 15 12 -4 29 -6 26 24 25 -3 -8 -12 -15 -9 -17 -7 -2 -13 -10 -25 -20 -5
right_child=1 4 6 10 13 23 18 21 14 -11 19 16 -14 20 -16 22 -18 -19 28 -21 -22 -23 -24 27 -26 -27 -28 -29 -30 -31
leaf_value=-0.090331331956073305 0.016387883019931004 0.019088487715468564 -0.055738773461232884 0.093815239344858872 -0.0018506098423405099 -0.058976480046408708 -0.092320725462209513 -0.043418907803108316 -0.0084920592221105727 -0.031007876218748304 0.093896741414904561 -0.12189846243761558 0.14544898864718112 -0.084081913586703527 0.018358285129632806 0.042798304075336684 -0.15139570182410855 0.060100979138627081 -0.16468277291311179 0.059688296281138836 -0.034958349516046955 0.01325519305832442 0.080400306371497296 -0.10427991052289057 0.053391722352536412 -0.074361213939367676 -0.051225688602602563 -0.15478415936856707 -0.18488727376556155 0.1144672695044682
leaf_weight=1043116.1169651747 990450.75295609236 2055367.6574729681 792202.06412953138 2436825.9241724014 793566.12175899744 278998.62023437023 240368.43081128597 1341419.1934733391 937322.40296721458 642061.66225773096 4657320.1865680218 2298666.0345240831 2537299.7101721168 1584472.6320657134 1764563.496647954 943509.91508603096 2030376.0945225358 1996796.6375160217 4203139.6667398214 1773581.5280809999 836240.94939440489 562738.46600872278 4799488.3045656085 805479.45659345388 2526241.6337862015 529467.84992480278 1049301.9648333788 609071.90579068661 3998387.421521306 6952164.3620492816
leaf_count=906795 512191 1053013 603986 710320 464613 219054 211724 962699 568887 434534 1347727 2269998 371086 1345038 918407 416597 2217504 785339 4821511 693829 582517 308019 1583276 751948 1040755 441646 782054 664840 4843765 1616488
internal_value=-7.57937e-05 0.0651523 -0.118706 0.0882583 -0.00604847 -0.0490558 -0.15077 0.0182091 -0.0257686 0.0562995 0.105497 -0.118768 0.116839 -0.0509998 -0.0078153 0.0623534 -0.129045 0.0392983 -0.172192 0.0844624 -0.0671121 -0.0266699 0.0742227 -0.11498 0.0429699 -0.112999 -0.0310633 -0.126026 -0.174533 0.109107
internal_weight=5.801e+07 3.74295e+07 2.05805e+07 2.82589e+07 9.1706e+06 6.48785e+06 1.40926e+07 5.95632e+06 4.7943e+06 9.90175e+06 1.83572e+07 5.65071e+06 1.19263e+07 3.21428e+06 3.75119e+06 9.25969e+06 4.85851e+06 4.05216e+06 8.4419e+06 6.4309e+06 2.42071e+06 1.90416e+06 5.743e+06 1.69355e+06 3.51669e+06 2.82813e+06 1.98662e+06 1.41455e+06 8.20153e+06 9.38899e+06
internal_count=34450160 14228041 20222119 8726803 5501238 4811985 15410134 3109070 3176143 3987353 4739450 5533134 2697894 2392168 2269348 3552819 4929148 1838352 9877000 2041556 1927555 1270718 1999873 1635842 1552946 2711644 1350941 1416788 9665276 2326808
is_linear=0
shrinkage=0.1


Tree=2
num_leaves=31
num_cat=0
split_feature=2 9 9 2 4 3 3 11 7 11 9 2 2 5 9 4 11 8 11 11 11 11 9 10 8 4 11 9 7 3
split_gain=3.79064e+07 5.56624e+06 3.91928e+06 1.35136e+06 1.0554e+06 949010 769373 520093 505592 390635 315724 299497 285802 256440 255588 174412 172382 161530 153691 141686 132230 120009 119640 99776.4 100485 92609.4 89203.8 87524.5 87439.3 85197.4
threshold=2.9455707073211674 9.5500144958496112 12.402499675750734 59.320463180541999 1.0000000180025095e-35 15.500000000000002 15.500000000000002 0.60383265664488517 21.350020408630375 -0.88620506325989179 12.651477813720705 20.183384895324711 188.68995666503909 1.0000000180025095e-35 11.519999027252199 1.0000000180025095e-35 -0.39827153806311183 29.584506988525394 -0.12545862287572049 0.16587474750015932 -0.84313311835787952 -0.84313311835787952 15.204071044921877 0.10837544681456425 19.211283683776859 0.10435572266578676 0.50370931781787065 15.779999256134035 18.850197792053226 38.500000000000007
decision_type=2 10 8 2 8 2 2 2 10 2 8 2 2 8 10 10 2 10 2 2 2 2 10 2 8 8 2 10 10 2
left_child=2 3 5 7 10 8 13 11 26 28 18 17 16 22 19 -10 -5 -2 -3 -11 -8 -7 -4 -12 -25 -13 -1 -22 -6 -23
right_child=1 4 6 12 9 21 20 -9 15 14 23 25 -14 -15 -16 -17 -18 -19 -20 -21 27 29 -24 24 -26 -27 -28 -29 -30 -31
leaf_value=-0.050557510173537434 0.0038218420029179803 0.0040630796351902015 -0.1125311994502583 0.10315873133168241 -0.022459524273703381 -0.055257308232479402 -0.089945001138754602 -0.031508807237487418 -0.027995395581336263 0.037481120528461441 -0.11423033876451046 0.047630239797968488 0.13280846601258661 -0.063642221494125559 -0.025397230692568593 0.019389588496087597 0.070347316577596464 0.052336786021054696 -0.047126120467827923 -0.022579470825108409 -0.16060305886116141 -0.10448241803828927 -0.14761422364906934 0.010480177402166828 -0.069643634567051957 0.07920027507722549 -0.095975509537353634 -0.18250690483383858 0.062153887653191686 -0.1511845460593686
leaf_weight=829192.21756774187 848944.52254670858 1382471.5865923762 2283171.6313391328 8708825.3380209208 129916.94880878925 286958.05282384157 206486.31831890345 595834.63345962763 1751810.8848917484 1941277.3321915269 437402.82435184717 1064445.4343513846 2842682.4303981662 747928.40232986212 1678246.5845463872 1395594.728748858 1961901.4264310598 3581686.2005532384 1018755.9599177241 492406.31042838097 3809852.0875259638 865377.95316982269 1692679.4651755095 178725.1296902895 1260003.3482926488 7312677.1626102328 903785.30430954695 3500325.7856816649 2038081.7183315754 712008.68675011396
leaf_count=633316 463808 765540 2314059 2175133 81418 229445 188924 407240 1200279 873558 428611 440846 482618 626257 1136270 717153 676321 1435207 756894 326447 4694785 862501 1965182 101205 1046131 2342870 844951 4622417 774490 836284
internal_value=-0.000141083 0.0581804 -0.11526 0.0823171 -0.0033587 -0.0540517 -0.148987 0.0598191 -0.0308676 0.0227354 -0.0416696 0.0640678 0.104632 -0.117362 0.0046256 -0.00698437 0.0971261 0.0430409 -0.0176547 0.0253291 -0.168862 -0.114742 -0.127467 -0.0724058 -0.0596903 0.0751888 -0.074244 -0.171091 0.0570834 -0.125563
internal_weight=5.64595e+07 3.74743e+07 1.89852e+07 2.6917e+07 1.05573e+07 6.74473e+06 1.22404e+07 1.34036e+07 4.88038e+06 6.27993e+06 4.27736e+06 1.28078e+07 1.35134e+07 4.72378e+06 4.11193e+06 3.14741e+06 1.06707e+07 4.43063e+06 2.40123e+06 2.43368e+06 7.51666e+06 1.86434e+06 3.97585e+06 1.87613e+06 1.43873e+06 8.37712e+06 1.73298e+06 7.31018e+06 2.168e+06 1.57739e+06
internal_count=34450160 14714607 19735553 8424043 6290564 5323929 14411624 5089971 3395699 3192183 3098381 4682731 3334072 4905498 2336275 1917432 2851454 1899015 1522434 1200005 9506126 1928230 4279241 1575947 1147336 2783716 1478267 9317202 855908 1698785
is_linear=0
shrinkage=0.1


Tree=3
num_leaves=31
num_cat=0
split_feature=2 9 9 2 3 3 5 2 7 7 11 11 11 9 4 11 2 9 11 9 11 11 4 8 10 11 2 8 9 10
split_gain=3.19467e+07 5.01408e+06 3.29908e+06 1.527e+06 745784 734730 672641 500596 429817 405819 289420 240953 235864 214630 187661 166963 162005 158476 150163 132986 127740 122227 109897 108177 102923 101643 101375 92422.1 91770.8 88315.6
threshold=2.2681553363800053 10.170001029968263 12.402499675750734 33.260227203369148 16.500000000000004 17.500000000000004 0.12544821202754977 115.63498306274415 21.350020408630375 19.570019721984867 -0.87810534180523914 -0.15950993297387572 -0.77243990499604276 12.999998569488527 0.13289181888103488 0.56191161272202661 22.018215179443363 9.4516229629516619 -0.39827153806311183 15.73520088195801 -0.84313311835787952 -0.13398942717002907 1.8856558799743655 31.978569030761722 0.51297097409535064 -0.16799793862756093 260.54122924804693 19.211283683776859 15.640093803405763 0.15951094710994371
decision_type=2 10 8 2 2 2 8 2 10 8 2 2 2 8 10 2 2 10 2 10 2 2 8 10 2 2 2 10 10 2
left_child=2 3 4 8 9 12 13 11 15 -1 -8 22 -4 25 -10 -2 -12 -11 26 24 -7 -19 -5 -6 -14 -3 -9 -27 -22 -15
right_child=1 6 5 7 23 20 10 18 14 17 16 -13 19 29 -16 -17 -18 21 -20 -21 28 -23 -24 -25 -26 27 -28 -29 -30 -31
leaf_value=-0.085487962646596138 0.013911250907362636 -0.0033130579234379046 -0.05424244517434948 0.06495243095908157 -0.13335557569687534 -0.083363909606336065 0.044829622421083459 0.10909862416042403 0.022285003385834175 0.0096293164982624579 -0.02687587578942385 0.04179552307013263 -0.12849811380096973 -0.11169374621005612 0.058941316303946216 -0.053501050341062367 0.01943295770945597 -0.015594132971544217 0.071741280998954951 -0.14765207549817999 -0.15579909278418838 -0.068767595325128023 0.087526728186304151 -0.082938336936425355 -0.089855596268055504 0.01135994311980967 0.14070660377211897 -0.062160861484758516 -0.17971153008526364 -0.058887486276447444
leaf_weight=1066716.5422050357 1523446.0416487455 1122262.1599755883 583440.74586743116 2884331.3597932458 893878.01705425978 184279.86540657282 1614838.9837026596 4139964.5671910048 1861637.5243393183 1491778.7672322392 1794630.9931471348 1730960.1767118573 1403713.7118144631 410407.05732476711 5591128.2636508346 484167.65485590696 1304615.1912757158 1260844.1079918742 852912.07766002417 1368767.1375701427 3195791.9992405772 657838.74422848225 8546634.0210177302 812323.74248534441 1354209.6736954451 216223.68584823608 1344149.9834451079 817217.43840068579 3224062.1190530658 1387307.005019784
leaf_count=1002047 783554 655590 481706 994225 1053897 172359 683114 909314 906459 827298 1228179 729444 1613035 424451 2067305 374611 679385 818275 278435 1721662 4210774 550810 2385115 788014 1351125 124669 186836 670939 4629887 1147646
internal_value=-0.000195893 0.0517178 -0.111831 0.0716888 -0.0530944 -0.143931 -0.0150081 0.0876834 0.038722 -0.0316553 0.0105032 0.0765655 -0.113756 -0.045428 0.0497849 -0.00234629 -0.00738236 -0.0148176 0.110775 -0.12217 -0.165452 -0.0338252 0.0818306 -0.109352 -0.109524 -0.0241502 0.116846 -0.0467783 -0.167808 -0.0709428
internal_weight=5.51245e+07 3.76268e+07 1.74976e+07 2.89593e+07 6.18338e+06 1.13143e+07 8.6675e+06 1.9499e+07 9.46038e+06 4.47718e+06 4.71409e+06 1.31619e+07 4.71013e+06 3.95342e+06 7.45277e+06 2.00761e+06 3.09925e+06 3.41046e+06 6.33703e+06 4.12669e+06 6.60413e+06 1.91868e+06 1.1431e+07 1.7062e+06 2.75792e+06 2.1557e+06 5.48411e+06 1.03344e+06 6.41985e+06 1.79771e+06
internal_count=34450160 15229271 19220889 9615298 5040341 14180548 5613973 5483369 4131929 3198430 2590678 4108784 5167528 3023295 2973764 1158165 1907564 2196383 1374585 4685822 9013020 1369085 3379340 1841911 2964160 1451198 1096150 795608 8840661 1572097
is_linear=0
shrinkage=0.1


Tree=4
num_leaves=31
num_cat=0
split_feature=3 2 9 9 9 3 3 7 2 11 11 7 9 11 9 11 9 4 11 8 10 9 0 11 11 6 9 11 11 8
split_gain=2.68807e+07 4.44315e+06 2.99564e+06 1.27423e+06 900961 725327 599806 488710 384434 312248 296264 287539 224155 157798 146747 146551 136290 125092 122432 144741 102969 101645 98413.1 97632.5 96424.4 94094.8 93580.2 80618.8 68729.1 103395
threshold=3.5000000000000004 24.404079437255863 12.200784683227541 11.139999866485597 8.5400753021240252 18.500000000000004 22.500000000000004 21.620153427124027 125.71569824218751 -0.20180761162458913 -0.84313311835787952 19.570019721984867 14.519999980926515 0.41202506375868281 15.249999523162844 -0.73865259438682551 9.4000000953674334 0.60000002384185802 -0.14250536273956091 21.580000877380375 -0.065535378769913874 13.69999933242798 12.380102157592775 -0.43733099657705293 -0.84313311835787952 23.975421905517582 11.570000171661379 -0.83375966452616657 0.21652257995689161 20.31369781494141
decision_type=2 2 8 10 10 2 2 10 2 2 2 8 10 2 10 2 8 10 2 8 2 10 2 2 2 8 10 2 2 10
left_child=1 3 6 7 8 12 11 13 15 26 -5 -2 18 -1 24 -3 -13 -9 -4 -20 -14 28 -10 -18 -7 -17 -6 -8 -12 -30
right_child=2 4 5 10 9 14 27 17 22 -11 21 16 20 -15 -16 25 23 -19 19 -21 -22 -23 -24 -25 -26 -27 -28 -29 29 -31
leaf_value=0.0031981541001158916 -0.080267592534623317 0.084963701271535935 -0.053019979950594889 0.0025360827451338004 0.06022933405552925 -0.065799263245734957 -0.053298726869826875 0.019985784394720641 0.088918225113002014 0.0066002039842239782 -0.025740864575303276 0.0055797789509823515 -0.16194927243413099 -0.049700834102208213 -0.17414972610371149 -0.014000604234577999 -0.011388111148970204 0.048616105408358638 -0.038534209077590406 -0.11718452419483004 -0.1163237601037197 -0.075815387832429124 0.11877596432893081 -0.055452808269785971 -0.1475444893969354 0.065056988089172901 0.022236381747773076 -0.12320759468809672 -0.0064990162215000551 -0.086887557570097154
leaf_weight=1686096.9593647718 916348.4531712532 6791373.3644108772 772855.1893825531 1121904.3149719238 4470498.7815769315 152741.40011501312 199168.13025641441 2509874.0853076577 1682972.5463780761 1817183.190982163 1148186.9439217448 1489879.4153187871 680190.28366333246 847269.89491790533 3353244.5335193872 155127.86698246002 966564.78712701797 3893373.8792722225 289959.87963682413 1212116.3859590292 1813260.3366317749 1533114.8398878574 3208496.2145781517 1048009.0655471683 2610562.9064235687 5100734.7354142666 758264.37756329775 960351.80618435144 223306.92461907864 564346.38051956892
leaf_count=940364 876798 1870196 662967 646359 1561564 139592 170845 1248228 430183 1010610 807085 824582 944081 675462 5165157 89664 611773 1525904 246034 1398434 2141740 1455966 592309 852217 3627660 1694881 385433 1163725 148830 541517
internal_value=-0.000239606 0.0465138 -0.106756 0.000687129 0.0723603 -0.137297 -0.0471837 0.0226847 0.0848604 0.0423094 -0.0421337 -0.0303932 -0.10806 -0.0144936 -0.160089 0.075261 -0.017352 0.0373939 -0.0853614 -0.102002 -0.12877 -0.0565804 0.108503 -0.0343112 -0.143026 0.0627236 0.0547197 -0.1112 -0.041347 -0.0640967
internal_weight=5.39774e+07 3.75121e+07 1.64653e+07 1.35275e+07 2.39847e+07 1.08849e+07 5.58032e+06 8.93661e+06 1.69387e+07 7.04595e+06 4.59086e+06 4.4208e+06 4.76838e+06 2.53337e+06 6.11655e+06 1.20472e+07 3.50445e+06 6.40325e+06 2.27493e+06 1.50208e+06 2.49345e+06 3.46896e+06 4.89147e+06 2.01457e+06 2.7633e+06 5.25586e+06 5.22876e+06 1.15952e+06 1.93584e+06 787653
internal_count=34450160 15624555 18825605 7989715 7634840 14325665 4499940 4389958 4677233 2957607 3599757 3165370 5393256 1615826 8932409 3654741 2288572 2774132 2307435 1644468 3085821 2953398 1022492 1463990 3767252 1784545 1946997 1334570 1497432 690347
is_linear=0
shrinkage=0.1


Tree=5
num_leaves=31
num_cat=0
split_feature=2 9 9 2 9 3 3 11 7 7 4 2 9 2 4 2 10 7 11 11 8 11 10 10 11 8 9 11 4 10
split_gain=2.27119e+07 3.84421e+06 2.45899e+06 969106 783514 579762 578328 454407 377805 356939 262768 200854 195281 183449 151769 132630 127120 126944 122684 111153 125649 107279 101710 90934.2 85325.8 81444.9 80716.4 74412.8 70822.4 70776.1
threshold=1.5027573108673098 9.4000000953674334 12.900000095367433 73.001110076904311 12.999998569488527 22.500000000000004 25.500000000000004 -0.15950993297387572 19.486653327941898 18.95037937164307 2.3985378742218022 234.51544952392581 15.59999990463257 20.183384895324711 1.0000000180025095e-35 16.59082126617432 0.78857998149907527 22.940158843994144 -0.6905596507703472 -0.85225707553516283 21.580000877380375 -0.83375966452616657 0.52766072109828632 0.54219432480460406 -0.14250536273956091 31.461536407470707 15.820071220397951 -0.77243990499604276 1.0000000180025095e-35 -0.074117382312902977
decision_type=2 10 8 2 10 2 2 2 8 8 10 2 10 2 10 2 2 10 2 2 10 2 2 2 2 10 8 2 10 2
left_child=2 3 5 8 7 9 12 13 23 -1 17 18 19 -3 24 27 -9 -10 -5 -4 -21 -7 -22 -2 -11 -18 -8 -6 -19 -14
right_child=1 4 6 11 15 21 26 16 10 14 -12 -13 29 -15 -16 -17 25 28 -20 20 22 -23 -24 -25 -26 -27 -28 -29 -30 -31
leaf_value=-0.086285553436478132 -0.039956343859970926 0.0071834844185732069 -0.035492533036904021 0.089724649421943012 -0.025945514459007793 -0.045989632559253785 -0.14809812288764945 -0.035422874566412493 0.014173705750247954 -0.021640639303178919 0.063387745669574447 0.11902734659793052 -0.17011787252202995 0.041962808339775337 0.0062151941152120832 -0.018477402988016086 0.02869101460686015 0.026310016092110752 0.064708152397018631 -0.05173203700264109 -0.13360128532622081 -0.12000150572243749 -0.090713277980686693 0.024243486085194665 -0.061334818295182864 -0.046726621217231402 -0.17521541654018621 -0.071784041473309163 0.053838708143931657 -0.12552256588726105
leaf_weight=1115856.0753641129 557829.65171945095 2847169.7015949488 278013.15907251835 5649914.7216221094 449590.83513587713 231860.89212852716 2129198.6407557726 2089316.8587747216 1861139.7045717835 1412790.0975836515 8054670.839641273 1659221.3646346331 484051.29944598675 3245264.4695081711 1272552.8322184086 1042187.8295143843 621072.13805568218 1351360.1897850633 3001936.8055216074 418556.32356077433 1071911.0751713514 1260817.9299497008 1142153.5038422942 364981.59598499537 878130.95800179243 186097.61290717125 2265695.8625745773 1668269.9582647085 3029881.1186668277 1344070.0683810115
leaf_count=1168657 388249 1542327 222220 1381802 314326 199194 3200883 1542121 917405 987431 2633160 282739 772371 1318492 727400 725389 322055 608945 947695 409193 1450800 1641021 1276433 179567 791341 140709 3832450 1610715 1094349 1820721
internal_value=-0.000274508 0.0414527 -0.103 0.0634863 -0.00485062 -0.05424 -0.135949 0.0102067 0.0474502 -0.0369298 0.051453 0.0871567 -0.111716 0.0257094 -0.0214747 -0.0476818 -0.0224017 0.0360533 0.0810447 -0.0956277 -0.101978 -0.108505 -0.111477 -0.0145646 -0.0368558 0.011303 -0.162078 -0.0620532 0.0453477 -0.137331
internal_weight=5.29856e+07 3.76799e+07 1.53057e+07 2.55309e+07 1.2149e+07 6.17201e+06 9.13365e+06 8.98892e+06 1.52199e+07 4.67933e+06 1.42971e+07 1.03111e+07 4.73876e+06 6.09243e+06 3.56347e+06 3.16005e+06 2.89649e+06 6.24238e+06 8.65185e+06 2.91063e+06 2.63262e+06 1.49268e+06 2.21406e+06 922811 2.29092e+06 807170 4.39489e+06 2.11786e+06 4.38124e+06 1.82812e+06
internal_count=34450160 15950045 18500115 8433911 7516134 5515044 12985071 4865704 5821675 3674829 5253859 2612236 5951738 2860819 2506172 2650430 2004885 2620699 2329497 3358646 3136426 1840215 2727233 567816 1778772 462764 7033333 1925041 1703294 2593092
is_linear=0
shrinkage=0.1


Tree=6
num_leaves=31
num_cat=0
split_feature=3 2 9 9 9 3 3 11 2 11 11 11 8 11 8 9 11 4 11 9 8 4 11 8 10 8 9 5 11 11
split_gain=1.90262e+07 3.54726e+06 2.05281e+06 924208 817201 495596 441524 376526 310591 283486 245230 214424 177713 167431 131799 125698 115035 107498 97169.2 90823.8 91243.1 86763.6 83478.6 86279.3 83377.4 114721 81020.6 80054.8 78266.5 76111.6
threshold=4.5000000000000009 21.671146392822269 13.190001487731935 11.358915328979494 8.2900962829589862 24.500000000000004 25.500000000000004 0.42763731121559989 133.78949737548831 -0.20180761162458913 0.19969739736768838 -0.77243990499604276 21.923569679260257 -0.022575793296316496 29.490000724792484 8.5900006294250506 -0.73865259438682551 0.29618491232395178 -0.83375966452616657 10.593381404876711 20.31369781494141 9.7621288299560565 0.98005052076767474 17.882857322692875 0.57077594689671507 30.358491897583011 16.350001335144047 0.11106529086828233 0.8511460603353429 0.6174544326165855
decision_type=2 2 8 10 10 2 2 2 2 2 2 2 10 2 10 10 2 8 2 10 10 8 2 8 2 10 10 10 2 2
left_child=1 3 5 7 8 10 12 14 16 17 27 -5 -4 -14 -1 -16 -3 -6 -7 -12 -21 -10 23 -13 -15 -26 -8 -2 -18 -25
right_child=2 4 6 11 9 18 26 -9 21 -11 19 22 13 24 15 -17 28 -19 -20 20 -22 -23 -24 29 25 -27 -28 -29 -30 -31
leaf_value=-0.0084474842703770644 -0.031288574738932026 0.072557652475961215 -0.055232876729460083 -0.0063518333820157293 0.022507054917377756 -0.045069295668936131 -0.14555696097933926 -0.041824733007868944 0.072087071519895615 0.003897765976490903 -0.038658353270727835 0.0095236812054607517 -0.087041533259722803 -0.14896225156136741 0.042447840828976444 0.014650821845723475 0.054355642516981655 0.05220949730722807 -0.11624245036306302 -0.02454456828381376 -0.10198076790841822 0.10472716879402884 -0.13455889213638733 -0.048594444916917404 -0.071765347495124004 -0.14256458821787504 -0.17464123186985303 0.0071446540875588138 -0.037358191562620893 -0.090861656688399683
leaf_weight=1244696.4468045831 2059688.4447861314 6669619.5421614051 510610.00044333935 1275703.4361972213 1623923.8240974545 225673.50992619991 2344918.3587765694 1070943.8217369914 1120244.9254559875 2292427.9005785584 584675.39984190464 216880.05850601196 1143472.3437492847 1417123.600425601 2933977.3972052336 3651346.0796025395 5062813.6468416452 4880275.2831849456 1278754.898974359 185652.06170225143 843570.08613222837 2982901.4691910744 125389.99649310112 2508183.1099784374 420077.83583438396 502814.56703788042 1619184.2343865633 735500.53162312508 94789.938791453838 513205.2429549098
leaf_count=734689 1558787 1887617 529199 798574 745684 198566 3807959 849444 300557 1294520 489359 139388 1339917 2207735 1160370 1835892 1714454 1717052 1765425 158321 992272 579949 160093 2219326 482396 747927 2994149 418933 62383 559223
internal_value=-0.000299838 0.0360704 -0.100633 -0.00507334 0.0586004 -0.0560062 -0.133794 0.0137884 0.0721094 0.034136 -0.0390959 -0.0412609 -0.110328 -0.118404 0.0213948 0.0270353 0.0638851 0.0447936 -0.105566 -0.0701329 -0.0880128 0.0958157 -0.0545006 -0.0514006 -0.133729 -0.110339 -0.157437 -0.0211756 0.0526701 -0.0557738
internal_weight=5.2139e+07 3.82673e+07 1.38717e+07 1.35403e+07 2.4727e+07 5.91351e+06 7.9582e+06 8.90096e+06 1.59304e+07 8.79663e+06 4.40909e+06 4.63936e+06 3.9941e+06 3.48349e+06 7.83002e+06 6.58532e+06 1.18272e+07 6.5042e+06 1.50443e+06 1.6139e+06 1.02922e+06 4.10315e+06 3.36366e+06 3.23827e+06 2.34002e+06 922892 3.9641e+06 2.79519e+06 5.1576e+06 3.02139e+06
internal_count=34450160 16759215 17690945 8456999 8302216 5581663 12109282 4580395 4544960 3757256 3617672 3876604 5307174 4777975 3730951 2996262 3664454 2462736 1963991 1639952 1150593 880506 3078030 2917937 3438058 1230323 6802108 1977720 1776837 2778549
is_linear=0
shrinkage=0.1


Tree=7
num_leaves=31
num_cat=0
split_feature=2 9 9 2 5 3 3 11 7 11 4 11 8 2 2 9 9 2 11 11 6 11 8 11 8 9 10 7 11 11
split_gain=1.59551e+07 2.83642e+06 1.8959e+06 789606 599205 508385 395055 305646 292558 219121 200478 175974 212524 172441 148813 130354 129300 126528 120634 115807 100638 99310.4 81270 90684.1 80523.4 80287.1 78638.5 76852.6 76374.8 75512.2
threshold=1.0110445618629458 9.5500144958496112 13.65000104904175 64.552051544189467 0.11106529086828233 25.500000000000004 25.500000000000004 0.11478523713130605 19.570019721984867 -0.88620506325989179 9.2505035400390643 0.19969739736768838 18.616177558898929 15.332457065582277 260.54122924804693 16.150000572204593 10.070032119750978 42.326393127441413 -0.70289845916694649 0.8511460603353429 38.100074768066413 -0.83375966452616657 21.923569679260257 0.011826144619637555 30.444285392761234 13.280001640319826 0.51297097409535064 19.227850914001468 0.96407344085605606 -0.3744658827978154
decision_type=2 10 8 2 8 2 2 2 8 2 8 2 10 2 2 10 10 2 2 2 10 2 10 2 10 10 2 10 2 2
left_child=2 3 5 7 11 8 15 13 26 27 29 20 -13 24 -12 22 -10 25 -18 -9 -3 -7 -4 -24 -2 -11 -1 -6 -14 -5
right_child=1 4 6 10 9 21 -8 19 16 17 14 12 28 -15 -16 -17 18 -19 -20 -21 -22 -23 23 -25 -26 -27 -28 -29 -30 -31
leaf_value=-0.087315887572739725 -0.0027724673553540199 -0.010289046011874454 -0.049026365685628057 0.061870768475423644 -0.028632355711437154 -0.042042631027371921 -0.15332607556726835 0.0089267773966725285 -0.00096541487151729577 -0.0014445545694655604 0.07626163345051723 0.0040359944594918736 -0.069380500228961736 0.048556188633922838 0.11750805079176659 -0.13240590255541668 -0.0065129942702622555 0.030466220630700969 -0.059258006693134004 -0.057482864565115137 -0.053792604940891067 -0.11243536442616438 -0.07275330581877866 -0.11722843512973924 0.031622922029474761 -0.037765875474291555 -0.035697710595075954 0.042648868862726827 -0.15094844532360915 0.029634753328231758
leaf_weight=1185653.3174450994 924022.15579545498 2581705.402618587 372073.08567592502 3816466.7989125848 162960.79437214136 232921.00433218479 3471295.921520412 1308674.5358133912 1542087.006991446 2739333.8224918842 5605437.8240332603 424489.98973023891 1282963.0902146101 9367747.4296441078 1036453.1409877539 1205332.9570650756 681680.47103321552 1021101.5794457197 1191587.8251346946 328500.6522526145 669691.9555093646 1436275.0744132996 746707.32282039523 1187612.2955864668 2584210.6656101942 782412.43266314268 392959.24178791046 2105585.6942834258 126072.04299521446 897564.00204068422
leaf_count=1394239 510207 1704017 386169 1105078 103427 209006 6390962 681006 947054 1620203 1440637 276547 1283388 3249706 159329 1921547 463397 458115 1140712 271648 574697 2107515 845076 1748686 1086643 642466 366841 838304 172140 351398
internal_value=-0.000318174 0.033169 -0.0929928 0.0517536 -0.00724419 -0.054835 -0.129403 0.0362995 -0.0388656 0.0121471 0.0715044 -0.0332193 -0.057992 0.0414742 0.0826981 -0.105755 -0.0224105 -0.000527533 -0.0400641 -0.00439838 -0.0192495 -0.102613 -0.0918268 -0.10006 0.0225636 -0.00951392 -0.0744667 0.0375284 -0.0766787 0.0557329
internal_weight=5.14116e+07 3.77654e+07 1.36462e+07 2.58691e+07 1.18963e+07 6.66316e+06 6.98302e+06 1.45132e+07 4.99397e+06 6.81139e+06 1.13559e+07 5.08492e+06 1.83353e+06 1.2876e+07 6.64189e+06 3.51173e+06 3.41536e+06 4.54285e+06 1.87327e+06 1.63718e+06 3.2514e+06 1.6692e+06 2.30639e+06 1.93432e+06 3.50823e+06 3.52175e+06 1.57861e+06 2.26855e+06 1.40904e+06 4.71403e+06
internal_count=34450160 16528956 17921204 8855652 7673304 6628764 11292440 5799210 4312243 3662515 3056442 4010789 1732075 4846556 1599966 4901478 2551163 2720784 1604109 952654 2278714 2316521 2979931 2593762 1596850 2262669 1761080 941731 1455528 1456476
is_linear=0
shrinkage=0.1


Tree=8
num_leaves=31
num_cat=0
split_feature=3 2 9 9 3 11 3 7 11 2 11 9 10 9 4 9 8 8 9 2 2 10 7 8 11 8 10 7 11 3
split_gain=1.3306e+07 2.15922e+06 2.04321e+06 682910 581063 429867 392830 280112 262610 246436 175450 167859 162409 136708 119638 111313 109126 105210 90812.2 81194.4 80835.8 80728.1 79643.1 73217.6 77304.3 90155 72136.4 68212 66995.4 71150.4
threshold=3.5000000000000004 29.79017543792725 13.65000104904175 10.980000019073488 25.500000000000004 -0.6905596507703472 25.500000000000004 19.73261642456055 -0.13398942717002907 112.50811767578126 -0.86974577485258975 8.7415904998779315 -0.065535378769913874 10.593381404876711 0.7918933928012849 17.020001411437992 20.790689468383793 31.775715827941898 16.350001335144047 5.9818756580352792 298.86936950683599 0.52766072109828632 18.560169219970707 17.080183029174808 0.84199059757024453 30.314291954040531 -0.35846811432664222 19.130130767822269 -0.84313311835787952 141.50000000000003
decision_type=2 2 10 10 2 2 2 8 2 2 2 10 2 8 10 10 8 10 10 2 2 2 8 8 2 8 2 10 2 2
left_child=1 3 4 7 8 9 12 21 22 -3 27 -7 -4 26 -9 23 -15 -6 -8 -12 -11 -1 -2 -14 25 -25 -10 -5 -19 -30
right_child=2 5 6 10 17 11 18 14 13 20 19 -13 15 16 -16 -17 -18 28 -20 -21 -22 -23 -24 24 -26 -27 -28 -29 29 -31
leaf_value=-0.042957226567097606 -0.088576364786341677 0.054628135889945841 -0.1310536740839475 -0.055393034930284829 -0.12049698322772284 0.045012081699017957 -0.13167251604593469 0.010708820079480192 -0.0034857493303485417 0.077826511577568008 -0.051808490789817023 0.014704377657517934 0.011432582322565575 -0.013875180680275734 0.034433592035129336 -0.12371356884820667 -0.079072182043683215 -0.019682106720304814 -0.16564379715615229 -0.022796312877102154 0.11420878782588705 0.0087572570968636482 -0.0082319947591135249 -0.035487808539625458 -0.1272026217013191 -0.08607151306822837 -0.060068115685084071 0.0163319928594125 -0.071084292456757722 -0.16070676062586767
leaf_weight=852106.48264622688 128630.74823737144 8465267.11318928 1073064.4734520316 152284.6734970212 920661.51748406887 5689164.426176846 1783693.078613013 3586723.1934452653 650948.72767573595 3473115.3215936422 1894729.3097201884 2692174.4116070867 96860.003551602364 305161.5766735673 5217373.7251352668 565055.02394607663 1617508.5361101031 193844.49796527624 1408109.5921099484 1965116.783264339 740985.38319838047 467449.11153006554 3021233.2045007944 526328.67346009612 270166.99762922525 1065905.328494519 344591.12051808834 1025376.7359433174 487813.38760674 108236.07932990789
leaf_count=664310 140016 2653934 1787898 118200 1477434 1920736 3238417 1823013 437506 820366 1831130 1323599 74026 256493 2091573 903065 1889157 159240 2994149 1460383 111893 271541 1959703 547195 427122 1363452 332489 533877 648488 189755
internal_value=-0.000326292 0.0321336 -0.0810356 0.00335742 -0.0460478 0.052849 -0.121123 0.0183286 -0.0315366 0.0644645 -0.0267294 0.0352769 -0.0984647 -0.0531497 0.0247683 -0.0846114 -0.0687243 -0.0975252 -0.146659 -0.0370379 0.0842238 -0.0246375 -0.011513 -0.0733342 -0.0777428 -0.0693506 -0.0230709 0.00705715 -0.0707505 -0.0873588
internal_weight=5.07897e+07 3.62219e+07 1.45678e+07 1.51612e+07 7.77863e+06 2.10607e+07 6.78918e+06 1.01237e+07 6.06807e+06 1.26794e+07 5.03751e+06 8.38134e+06 3.59738e+06 2.91821e+06 8.8041e+06 2.52432e+06 1.92267e+06 1.71056e+06 3.1918e+06 3.85985e+06 4.2141e+06 1.31956e+06 3.14986e+06 1.95926e+06 1.8624e+06 1.59223e+06 995540 1.17766e+06 789894 596049
internal_count=34450160 15624555 18825605 8794027 7490281 6830528 11335324 4850437 5015364 3586193 3943590 3244335 5102758 2915645 3914586 3314860 2145650 2474917 6232566 3291513 932259 935851 2099719 2411795 2337769 1910647 769995 652077 997483 838243
is_linear=0
shrinkage=0.1


Tree=9
num_leaves=31
num_cat=0
split_feature=2 9 9 4 4 3 11 3 2 7 11 9 10 7 2 5 11 8 9 8 11 8 11 4 9 2 9 11 6 6
split_gain=1.11157e+07 2.10433e+06 1.41775e+06 551689 531048 455708 265056 252187 226889 204047 184255 163169 134728 127089 112562 102161 98099.5 98032.9 111026 93865.5 113051 98920.8 90465.2 90002.1 84947.7 82254.5 71232.2 67640.9 67070.1 65998.2
threshold=0.63130483031272899 9.1400251388549822 14.219999790191652 5.0894865989685067 1.0000000180025095e-35 35.500000000000007 0.33222858587828868 35.500000000000007 169.65202331542972 22.193128585815433 -0.88620506325989179 12.200784683227541 -0.074117382312902977 18.370016098022464 12.664200782775881 0.21341882646083835 -0.83375966452616657 19.805377960205082 11.194006919860842 20.31369781494141 0.2332836900311728 32.594411849975593 0.97263757644091875 0.016939329914748672 17.349999427795414 13.966343402862551 11.139999866485597 0.9989598388634241 24.550377845764164 29.370143890380863
decision_type=2 10 10 8 8 2 2 2 2 10 2 10 2 8 2 10 2 8 10 10 2 8 2 8 8 2 10 2 10 8
left_child=2 3 5 9 11 6 15 12 13 25 29 22 28 -5 -12 26 -7 -8 -19 -13 21 -21 -3 -11 -14 -2 -1 -9 -4 -6
right_child=1 4 7 8 10 16 17 27 -10 23 14 19 24 -15 -16 -17 -18 18 -20 20 -22 -23 -24 -25 -26 -27 -28 -29 -30 -31
leaf_value=-0.016884465767032952 -0.020380877700574895 -0.0086114059359288734 -0.075395916339294794 -0.0088542619237288091 -0.046050287954964311 -0.039137007574730813 -0.020233608280014383 -0.15266370427928463 0.087194592967820922 0.015493008276731264 -0.015836142260156446 0.00099129632574372173 -0.079695689321362284 0.054520664593243 0.013003697475771828 0.0059731148300008977 -0.11323401059105605 -0.045528457521412637 -0.096860088114858078 -0.0040484802422470212 -0.081985992585261264 -0.056252801132985114 -0.12172489357313053 0.040961089821567785 -0.1279669240320209 0.016958353468755599 -0.050700038984248789 -0.064631723315805897 -0.14686364687281284 0.035761482653054941
leaf_weight=1269200.8739824593 920254.43192136288 2938268.2394483089 156761.92361965775 326705.3283752799 102317.71889233589 207666.6395829916 358448.80042505264 2046946.9066230059 2307288.2371940613 1745650.8594666123 2252771.8241988122 382137.58293321729 1667992.0946394205 10057057.140433311 3389634.1600283384 890827.84419897199 1279881.1044300497 676175.20277017355 1118131.9347250462 587320.47805595398 836863.14929014444 950230.30616864562 72448.813217222691 6764836.0753960013 466532.75780847669 1643793.0036360025 1223382.5964376032 91170.249787569046 808882.95858412981 2717689.0188376904
leaf_count=928572 607752 1852034 231354 184701 70169 197843 334423 4409058 459971 776331 1581367 271744 2359654 3032044 1700566 552842 2164579 672151 1608760 440464 996537 909897 86128 2352312 850754 706976 1280953 147203 1602247 1080774
internal_value=-0.000330278 0.0263865 -0.0831155 0.0445968 -0.00402716 -0.0537505 -0.0405469 -0.122489 0.0588295 0.0282866 0.0119209 -0.027428 -0.104268 0.0525267 0.00148918 -0.0230934 -0.10289 -0.0679781 -0.077516 -0.0450066 -0.0524095 -0.0363116 -0.0113333 0.0357371 -0.0902461 0.00355704 -0.0334815 -0.14891 -0.135262 0.0327931
internal_weight=5.02573e+07 3.79953e+07 1.2262e+07 2.37656e+07 1.42297e+07 7.02371e+06 5.53617e+06 5.23829e+06 1.26911e+07 1.10745e+07 8.46241e+06 5.76727e+06 3.10017e+06 1.03838e+07 5.64241e+06 3.38341e+06 1.48755e+06 2.15276e+06 1.79431e+06 2.75655e+06 2.37441e+06 1.53755e+06 3.01072e+06 8.51049e+06 2.13452e+06 2.56405e+06 2.49258e+06 2.13812e+06 965645 2.82001e+06
internal_count=34450160 17109767 17340393 8120087 8989680 7740123 5377701 9600270 3676716 4443371 4432876 4556804 5044009 3216745 3281933 2762367 2362422 2615334 2280911 2618642 2346898 1350361 1938162 3128643 3210408 1314728 2209525 4556261 1833601 1150943
is_linear=0
shrinkage=0.1


Tree=10
num_leaves=31
num_cat=0
split_feature=3 2 9 9 4 3 3 11 2 11 9 11 11 7 9 8 11 10 2 10 8 11 8 4 8 8 8 11 6 11
split_gain=9.21332e+06 1.72519e+06 1.38128e+06 500234 381347 352201 308500 222965 216787 169503 167669 142460 131449 113826 100382 97097.9 140412 90638.3 89650 88905.7 82632 80166.2 79841.2 77931.7 67905.1 67496.9 65541.2 67929.7 86481.3 61444.4
threshold=4.5000000000000009 26.992157936096195 13.65000104904175 11.089108467102053 3.7116398811340336 35.500000000000007 28.500000000000004 0.18281312110578132 99.821884155273452 -0.12545862287572049 16.150000572204593 -0.16799793862756093 -0.77243990499604276 15.770097732543947 10.809999942779543 27.160102844238285 0.029024409397335523 -0.082689790342551819 298.86936950683599 -0.074117382312902977 29.131464004516605 0.98005052076767474 21.214999198913578 0.25059221684932714 29.029999732971195 31.775715827941898 17.882857322692875 0.60383265664488517 35.204759597778327 0.8511460603353429
decision_type=2 2 8 10 8 2 2 2 2 2 10 2 2 8 10 10 2 2 2 2 8 2 8 10 10 8 8 2 10 2
left_child=1 3 6 7 11 10 9 20 13 24 15 -3 -5 -6 -11 -4 -17 -7 -10 -12 -1 26 -16 -22 -2 -8 -14 28 -28 -9
right_child=2 4 5 12 8 17 25 29 18 14 19 -13 21 -15 22 16 -18 -19 -20 -21 23 -23 -24 -25 -26 -27 27 -29 -30 -31
leaf_value=-0.0091959903169817284 -0.080417312246689757 0.031869253697428677 -0.046521775318246597 -0.0014762897563696648 -0.021429607600867265 -0.16979244064999521 -0.10488100577640252 -0.010533422694095327 0.062647498892712525 -0.022639002704632063 -0.1611383920268093 -0.0011864691356581643 0.014999894066065486 0.044476686444557781 -0.013354481562317125 -0.055068036077214104 -0.11388253778449363 -0.12645511378224961 0.099039763304298881 -0.10281733820471509 0.0073634902350923435 -0.1151342505490731 -0.07437936398104332 0.029043881029104147 -0.0073722760133078788 -0.0610568822556736 -0.018419819330547916 -0.068938700265044617 -0.055554216541992524 -0.054894641979715122
leaf_weight=965015.47331255674 134708.67627194524 6403254.9698014259 829115.12694570422 1546143.5467970371 270779.9450969696 682810.88041573763 711628.22288447618 1140096.6112623215 4757959.0709061027 931969.49007314444 356628.12376108766 1637100.7343195081 259682.14287319779 8130458.8620213866 257297.4720017314 715114.78364369273 938797.92401945591 1645889.9685400724 789189.29705393314 978712.9107118845 2474182.6599013209 124133.48077648878 1285760.259129554 5025910.7346723676 2304303.113250047 694362.69822049141 1878916.1930445731 560205.81202623248 941353.88505890965 429988.82930546999
leaf_count=556075 140711 2346334 1025634 942308 163016 1653397 1207396 733395 1219296 772919 812532 912220 163435 2627819 228351 878758 1663444 3492785 129111 1688266 1278955 174321 1639728 2027067 1567088 919936 1532727 634544 926052 392540
internal_value=-0.000328851 0.0245262 -0.0747607 -0.00120566 0.0424842 -0.108511 -0.0419336 0.0119283 0.0524827 -0.0301157 -0.0898184 0.0251388 -0.0260251 0.0423525 -0.0485526 -0.0744513 -0.0884525 -0.139162 0.067825 -0.118393 0.0183478 -0.0361083 -0.0642038 0.0218918 -0.0114066 -0.083238 -0.0334134 -0.0371324 -0.0308146 -0.0226823
internal_weight=4.98015e+07 3.73344e+07 1.24671e+07 1.53456e+07 2.19887e+07 6.14707e+06 6.32003e+06 1.00352e+07 1.39484e+07 4.91404e+06 3.81837e+06 8.04036e+06 5.31044e+06 8.40124e+06 2.47503e+06 2.48303e+06 1.65391e+06 2.3287e+06 5.54715e+06 1.33534e+06 8.46511e+06 3.76429e+06 1.54306e+06 7.50009e+06 2.43901e+06 1.40599e+06 3.64016e+06 3.38048e+06 2.82027e+06 1.57009e+06
internal_count=34450160 16759215 17690945 9361419 7397796 11214816 6476129 4988032 4139242 4348797 6068634 3258554 4373387 2790835 2640998 3567836 2542202 5146182 1348407 2500798 3862097 3431079 1868079 3306022 1707799 2127332 3256758 3093323 2458779 1125935
is_linear=0
shrinkage=0.1


Tree=11
num_leaves=31
num_cat=0
split_feature=2 9 9 2 9 3 11 7 3 7 8 4 9 11 11 11 10 7 10 11 10 2 4 10 8 11 3 8 10 11
split_gain=7.65208e+06 1.4559e+06 1.14316e+06 388374 384523 365249 259246 219761 217151 169306 168296 141889 120552 114295 106875 100441 96932.1 95950 93765.9 92185.4 88045.1 76594.1 73642.6 72874.5 72880.1 70928.7 67639.7 66142.2 66002 65332.4
threshold=0.63130483031272899 9.1400251388549822 14.519999980926515 79.954265594482436 13.65000104904175 39.500000000000007 0.19969739736768838 18.95037937164307 27.500000000000004 22.193128585815433 19.805377960205082 1.3579741120338442 10.070032119750978 -0.77243990499604276 -0.14250536273956091 -0.83375966452616657 0.51297097409535064 7.9205369949340829 -0.42180583328916638 0.8511460603353429 -0.074117382312902977 234.51544952392581 0.047191143035888679 0.10837544681456425 31.578572273254398 0.88917497572200743 141.50000000000003 21.214999198913578 0.63920241694561786 0.81800285027139286
decision_type=2 10 10 2 8 2 2 8 2 10 10 10 8 2 2 2 2 10 2 2 2 2 10 2 10 2 2 10 2 2
left_child=2 3 5 9 6 7 11 16 18 19 -8 -3 -9 21 -14 -7 17 -1 -4 -2 -10 -5 -11 -6 -25 -12 -17 -20 -26 -29
right_child=1 4 8 13 23 15 10 12 20 22 25 -13 14 -15 -16 26 -18 -19 27 -21 -22 -23 -24 24 28 -27 -28 29 -30 -31
leaf_value=-0.028974110567493369 0.013246491268470823 0.00034406828507386572 -0.12672692365030955 0.057396637651690424 -0.077934692458557067 -0.026581871085781292 0.016181044916286913 0.00096397292924661141 -0.16360574839707964 0.013803151767802935 -0.035267494815304383 0.025176830755673701 -0.017588467664027482 0.039837353720208898 -0.059648002842399517 -0.093481312839590103 -0.025723425261263602 -0.090042559852048037 -0.0112051258505695 -0.047464401181409849 -0.11994953629489374 0.08805714323904823 0.036725014710971705 -0.01257152499616037 -0.016552074848491173 -0.095949005723439396 -0.16037156992531329 -0.073776240272248481 -0.06694086644843554 -0.12335289231129541
leaf_weight=333923.43870794773 3488274.0868443847 5112937.3673865795 517381.16639873385 4049077.3471839428 396315.95102903247 198365.9102114439 662274.89147746563 1453908.4821837246 669446.62094554305 1639629.6671099663 1377427.1856540442 4183588.9257462025 1434044.3307347596 3385628.5188080668 1043964.5894097388 1017637.0506944954 519979.82311469316 1120985.4423062503 135537.38133940101 269426.76771113276 1490588.5119000971 1020027.4824184179 9655495.6431610584 1065479.4147457778 403708.4256324172 223939.89069208503 177549.10659897327 1301903.2417056561 729998.740383178 334006.56123420596
leaf_count=349695 1591995 2916684 1079779 1040332 492657 190954 400232 936311 1747050 742848 1148526 1795722 1197697 1042136 1278164 1817786 554977 1698073 147401 228522 3329789 177859 3296395 882611 287617 267051 386202 1967205 798580 659310
internal_value=-0.00032287 0.0216566 -0.0707801 0.0369136 -0.00367984 -0.04643 0.00412968 -0.0355655 -0.110737 0.0272806 -0.0262183 0.0115192 -0.0218956 0.0540642 -0.0353078 -0.0924808 -0.0627819 -0.0760264 -0.089275 0.00889353 -0.13348 0.0635663 0.0333976 -0.0384628 -0.0313496 -0.0437534 -0.103418 -0.0783365 -0.0489976 -0.0838984
internal_weight=4.94125e+07 3.76632e+07 1.17492e+07 2.35076e+07 1.41557e+07 7.30036e+06 1.15602e+07 5.90681e+06 4.44886e+06 1.50528e+07 2.26364e+06 9.29653e+06 3.93192e+06 8.45473e+06 2.47801e+06 1.39355e+06 1.97489e+06 1.45491e+06 2.28883e+06 3.7577e+06 2.16004e+06 5.0691e+06 1.12951e+07 2.5955e+06 2.19919e+06 1.60137e+06 1.19519e+06 1.77145e+06 1.13371e+06 1.63591e+06
internal_count=34450160 17109767 17340393 8120087 8989680 8409859 6528215 6014917 8930534 5859760 1815809 4712406 3412172 2260327 2475861 2394942 2602745 2047768 3853695 1820517 5076839 1218191 4039243 2461465 1968808 1415577 2203988 2773916 1086197 2626515
is_linear=0
shrinkage=0.1


Tree=12
num_leaves=31
num_cat=0
split_feature=4 3 2 9 9 7 10 11 3 11 8 11 10 2 11 6 11 11 7 11 3 6 8 10 3 6 10 2 9 10
split_gain=6.3596e+06 1.96893e+06 743427 446343 367860 285349 178669 164225 158661 136934 142219 136760 117322 103808 103739 94862.2 97946.5 88307 82549.3 78044.1 78583.3 69547.6 65718.2 64966.6 63798.3 61308.4 66758.8 60072 57307.5 52941.4
threshold=1.0000000180025095e-35 10.500000000000002 46.489736557006843 15.330000400543215 11.889999866485597 21.560380935668949 0.49812943072827093 -0.73865259438682551 39.500000000000007 0.97648852793709995 22.226320266723636 0.8852232634113919 -0.074117382312902977 215.81109619140628 0.19969739736768838 35.130153656005866 -0.77243990499604276 -0.83375966452616657 23.954181671142582 0.9989598388634241 45.500000000000007 24.550377845764164 23.307856559753422 -0.9905448150984083 279.50000000000006 30.799470901489261 0.61237135649459018 10.310416221618654 11.410000324249269 -0.34235669412071207
decision_type=8 2 2 10 10 8 2 2 2 2 8 2 2 2 2 8 2 2 10 2 2 10 8 2 2 10 2 2 10 2
left_child=1 4 5 8 11 27 24 13 18 10 -6 -1 21 -4 15 23 -17 -10 22 20 -14 -5 -3 -12 -7 26 -16 -2 -24 -19
right_child=2 3 7 12 9 6 -8 -9 17 -11 14 -13 19 -15 25 16 -18 29 -20 -21 -22 -23 28 -25 -26 -27 -28 -29 -30 -31
leaf_value=-0.0015001412031496772 -0.020297954004572068 -0.027398172661230909 0.047570639094666127 -0.079491319203582739 0.0037324871131254756 0.025767131653677562 -0.010769257358700768 0.030479292854973385 -0.027055030753275408 -0.12059719250997909 -0.076771493519155243 -0.06432483835836221 -0.093869747810517989 0.078881615111025843 -0.079161107034274425 -0.018209524692876389 -0.071952219819081578 -0.15237275418981644 -0.027554040140647114 -0.020406901853943976 -0.13737158694147159 -0.16628319090122279 -0.045727695924805654 0.0010550897974972782 -0.19593545318160413 -0.095969003823850402 -0.022286273509481785 0.002248631472505128 -0.084745394005090749 -0.096421562932826499
leaf_weight=5842589.6461924314 2234455.7008378804 366041.10217484832 7489697.6470110416 106862.31019234657 666626.41840863228 10218902.260726333 1567561.3912612498 5977211.711091578 164876.53586894274 214602.50183525681 123501.52491158247 368339.80290213227 940235.12803319097 1233196.311240375 430264.20230534673 569410.4534971714 838482.90458786488 197804.4622477591 738823.08966159821 96050.999936431646 743718.27116024494 678724.97167658806 524101.61716485023 815563.85534819961 12996.297611504793 509902.08894583583 396624.97676333785 2508175.3904858232 1336032.4381896555 1165893.0963267982
leaf_count=3414128 1845157 423669 2112690 217732 521596 4121329 1063176 2066518 163564 356759 155715 382915 1818258 226869 627936 446130 1048594 469445 718509 150110 1905565 1905661 578088 641240 27911 770707 402992 1367462 2235603 2264132
internal_value=-0.000314244 -0.0479582 0.026884 -0.0890096 -0.021066 0.0123424 0.0206691 0.0432478 -0.0700095 -0.0426173 -0.0387705 -0.00522597 -0.122288 0.0519972 -0.0464621 -0.0337971 -0.0502164 -0.0961798 -0.0565177 -0.108081 -0.113082 -0.154477 -0.0661302 -0.0091803 0.0254855 -0.0686975 -0.0518806 -0.00837403 -0.073752 -0.104537
internal_weight=4.90773e+07 1.78351e+07 3.12422e+07 7.05916e+06 1.07759e+07 1.65421e+07 1.17995e+07 1.47001e+07 4.49357e+06 4.56498e+06 4.35038e+06 6.21093e+06 2.56559e+06 8.72289e+06 3.68375e+06 2.34696e+06 1.40789e+06 1.52857e+06 2.965e+06 1.78e+06 1.68395e+06 785587 2.22618e+06 939065 1.02319e+07 1.33679e+06 826889 4.74263e+06 1.86013e+06 1.3637e+06
internal_count=34450160 21619048 12831112 12850336 8768712 8425035 5212416 4406077 6853010 4971669 4614910 3797043 5997326 2339559 4093314 2291679 1494724 2897141 3955869 3873933 3723823 2123393 3237360 796955 4149240 1801635 1030928 3212619 2813691 2733577
is_linear=0
shrinkage=0.1


Tree=13
num_leaves=31
num_cat=0
split_feature=2 9 9 7 3 11 4 4 9 3 4 8 3 10 10 2 11 8 8 9 11 11 9 11 9 10 11 6 11 11
split_gain=5.293e+06 1.3696e+06 587363 391561 322216 236097 178923 146249 136034 135108 122246 119893 119398 105167 91755.7 87106.9 77168.4 75905.8 72383.8 72302.9 74592.6 69326.3 60745.6 58628.4 54774.9 54364 53870.5 50603.2 48734.1 44673.5
threshold=6.1459491252899179 14.130311965942385 7.8700017929077157 19.040272712707523 18.500000000000004 0.16587474750015932 1.0000000180025095e-35 11.145262718200685 16.669999122619632 15.500000000000002 2.0956468582153325 17.080183029174808 60.500000000000007 0.51297097409535064 -0.065535378769913874 234.51544952392581 0.96407344085605606 17.882857322692875 23.785716056823734 11.194006919860842 -0.14250536273956091 0.79773375822167203 11.889999866485597 0.97062204580664158 18.275887489318851 0.15951094710994371 0.11478523713130605 23.350302696228031 -0.83375966452616657 -0.6905596507703472
decision_type=2 10 10 10 2 2 10 8 8 2 8 8 2 2 2 2 2 10 8 10 2 2 8 2 8 2 2 8 2 2
left_child=1 3 7 9 14 10 12 26 18 13 22 25 19 17 -3 27 -13 -1 -6 -5 -21 -20 29 -19 -16 -7 -2 -9 -14 -4
right_child=2 4 5 6 8 11 -8 15 -10 -11 -12 16 28 -15 24 -17 -18 23 21 20 -22 -23 -24 -25 -26 -27 -28 -29 -30 -31
leaf_value=-0.014625829512612527 0.031521969915298126 -0.096453730109362437 0.019657629535776041 -0.0096429405182895406 -0.037033654044545609 -0.042340577237907656 0.0051572081499173198 -0.026775926377745375 -0.13726524849874328 -0.078662021678314945 0.025378683985914002 -0.023032849059695215 -0.024781941033965325 -0.0085521071317218832 -0.048025097761765952 0.076183836074913289 -0.11268111650228843 -0.057284443062438066 -0.084539237423893715 -0.019259372948379726 -0.061334766677757328 -0.12959236826574944 -0.011724239699781541 -0.12175319454419196 -0.11020366784664884 0.039434656369487557 1.4002549215065752e-05 0.045564051566368835 -0.10502341186687686 0.0017345131472314313
leaf_weight=370144.11932396889 8095104.4110789895 598976.79298022389 3004092.4783162475 2410237.6763325632 209172.7564560771 98892.866938829422 3234204.9695097208 98453.679092228413 1090807.7700217366 1292955.1953437924 6925312.0721120238 2021838.1783528328 108223.28989481926 784718.57888871431 2052544.3236303627 1012282.7625744343 100806.03838840127 943638.70151129365 1010978.1812216341 1036499.0799756646 709945.94658219814 515801.68678113818 1431640.703515321 165854.8772315383 152181.6015663743 456869.59772235155 581626.00340729952 5425408.574134469 251780.09121528268 2589329.6153164506
leaf_count=325493 2714400 1151994 1254223 1720631 355306 84100 1852359 58600 3003135 2264434 2633655 1522764 102348 662484 2640604 181467 131859 1101593 2111750 925512 962976 1303211 1015748 265290 290693 217233 298752 1522278 497048 1278220
internal_value=-0.000305339 -0.0454688 0.02372 -0.025404 -0.0857666 0.0107294 -0.0127977 0.0379198 -0.109591 -0.0528715 0.0159505 -0.0164644 -0.0256545 -0.038145 -0.0617463 0.0492166 -0.0272903 -0.0538394 -0.0922017 -0.0208696 -0.0363634 -0.0997598 0.00665612 -0.0669217 -0.052317 0.0248835 0.0294099 0.0442747 -0.0809014 0.0113606
internal_weight=4.87803e+07 1.69387e+07 3.18417e+07 1.13082e+07 5.63046e+06 1.66288e+07 7.75089e+06 1.52129e+07 2.82676e+06 3.55731e+06 1.39504e+07 2.67841e+06 4.51669e+06 2.26436e+06 2.8037e+06 6.53615e+06 2.12264e+06 1.47964e+06 1.73595e+06 4.15668e+06 1.74645e+06 1.52678e+06 7.02506e+06 1.10949e+06 2.20473e+06 555762 8.67673e+06 5.52386e+06 360003 5.59342e+06
internal_count=34450160 21536861 12913299 10680168 10856693 8137802 6060874 4775497 6773402 4619294 6181846 1955956 4208515 2354860 4083291 1762345 1654623 1692376 3770267 3609119 1888488 3414961 3548191 1366883 2931297 301333 3013152 1580878 599396 2532443
is_linear=0
shrinkage=0.1


Tree=14
num_leaves=31
num_cat=0
split_feature=3 9 2 3 7 3 11 10 7 10 11 8 10 11 8 2 10 9 3 4 10 10 3 6 2 8 11 8 9 6
split_gain=4.37738e+06 1.06918e+06 632609 346016 226875 217211 166319 145932 136993 124169 120736 112163 144306 98402 91263.8 90100.5 89410.4 87058.4 85936.6 72223.7 68516 66842.6 61642.9 77072.1 61232.5 61122.4 57146.1 53508.4 53507.3 50961.6
threshold=2.5000000000000004 14.855237960815431 37.383714675903327 10.500000000000002 19.989834785461429 27.500000000000004 -0.6905596507703472 0.73865729060996177 19.31424713134766 0.52766072109828632 0.97648852793709995 29.390223503112797 0.57077594689671507 -0.46800559042974538 32.73481750488282 200.97452545166018 -0.074117382312902977 10.37527370452881 121.50000000000001 1.0000000180025095e-35 -1.0000000180025095e-35 0.82899317702918729 49.500000000000007 26.498523712158207 10.995283603668215 16.131060600280765 0.88917497572200743 33.025739669799812 17.730000495910648 34.700023651123054
decision_type=2 10 2 2 8 2 2 2 10 2 2 10 2 2 10 2 2 8 2 10 2 2 2 10 2 8 2 10 10 10
left_child=2 3 4 10 9 11 15 24 22 -1 17 12 -3 -13 -9 -4 -7 -2 19 -10 -18 -15 23 -5 -6 -19 -8 -11 -22 -23
right_child=1 5 6 8 7 16 26 14 18 27 -12 13 -14 21 -16 -17 20 25 -20 -21 28 29 -24 -25 -26 -27 -28 -29 -30 -31
leaf_value=-0.035221572734700828 0.0013620720630284256 -0.077841137586822373 0.036991411466247022 -0.034124948570307255 0.0057463163810976764 -0.15002359849508151 0.021898045951672686 0.024259980798462293 -0.035178513094071981 0.0065084929727518073 -0.087485279661833615 -0.043746888858360457 -0.0011200777356592834 -0.135182488247449 -0.038691043227921031 0.063581090468674772 -0.016228030274892058 0.03489394570533258 -0.089522391205539134 0.014056098862882463 -0.094103077882508768 -0.042031658906498327 -0.095334179934932817 -0.07902603612333331 0.021287855876730474 -0.025346919285202447 -0.051101691966938617 -0.060885118305837774 -0.14353456704429121 -0.10254583496408308
leaf_weight=1805012.5602136552 2905760.0687657297 537230.30088251829 9356045.4645834565 731015.22691461444 4032698.6179662049 515271.74046930671 6786197.5813832879 315552.29397809505 1753418.3763365746 1690081.8743365705 215409.55601108074 386790.33693006635 450953.52327334881 395230.46479532123 852423.61312007904 1475341.9868147969 89688.254387110472 177704.37681108713 243742.34603255987 358938.6719160378 837959.98631471395 206776.19118499756 603658.09778577089 801338.45238786936 6826409.5269643366 3227058.8677523136 108958.6629473567 126638.335157305 296450.7582437098 425607.32994562387
leaf_count=1530251 1619805 985319 2793450 981099 2113482 1618722 2517790 146788 2106280 1136429 298295 506919 479246 983790 716912 291752 156330 106197 435487 269852 2028756 307344 1283885 1426530 2752576 2954215 75565 134629 892504 799961
internal_value=-0.00029091 -0.0448505 0.0199493 -0.0285679 0.00529631 -0.0881641 0.0328848 0.0119037 -0.0499274 -0.0166456 -0.0138651 -0.0686794 -0.0428298 -0.0867394 -0.0216836 0.0406132 -0.115078 -0.011352 -0.0332999 -0.0268124 -0.100369 -0.102922 -0.0682682 -0.0576058 0.0155163 -0.0222028 0.0207445 0.00181068 -0.107021 -0.082759
internal_weight=4.85354e+07 1.516e+07 3.33754e+07 1.1018e+07 1.56488e+07 4.14196e+06 1.77265e+07 1.20271e+07 4.49211e+06 3.62173e+06 6.52593e+06 2.40259e+06 988184 1.4144e+06 1.16798e+06 1.08314e+07 1.73937e+06 6.31052e+06 2.3561e+06 2.11236e+06 1.2241e+06 1.02761e+06 2.13601e+06 1.53235e+06 1.08591e+07 3.40476e+06 6.89516e+06 1.81672e+06 1.13441e+06 632384
internal_count=34450160 20240536 14209624 11481645 8531067 8758891 5678557 5729758 6503133 2801309 4978512 4062579 1464565 2598014 863700 3085202 4696312 4680217 2811619 2376132 3077590 2091095 3691514 2407629 4866058 3060412 2593355 1271058 2921260 1107305
is_linear=0
shrinkage=0.1


Tree=15
num_leaves=31
num_cat=0
split_feature=5 3 2 9 9 7 10 3 10 11 11 8 11 10 11 8 10 11 10 8 3 10 9 6 11 4 9 3 10 6
split_gain=3.62829e+06 1.16952e+06 431992 358308 207259 192515 141776 139314 100086 96417 96182.4 100362 95092.1 91156.8 69794.3 70567 69950.4 65027.1 63634.2 62673.2 61969.5 59098.3 58404.6 79304.1 76815.9 56471.3 53893.7 50358.2 48269 48250.6
threshold=1.0000000180025095e-35 10.500000000000002 55.59076118469239 16.150000572204593 12.200784683227541 22.500025749206547 0.49812943072827093 39.500000000000007 -0.05695216311707673 0.97263757644091875 0.97648852793709995 23.785716056823734 -0.83375966452616657 -0.34235669412071207 0.2332836900311728 32.367830276489265 0.90162119223771331 -0.83375966452616657 -0.0053757284505435614 30.65152740478516 140.50000000000003 0.61237135649459018 11.410000324249269 21.742390632629398 0.74298546529340237 4.5405201911926278 18.275887489318851 295.50000000000006 0.89787622492179153 24.720253944396976
decision_type=8 2 2 10 10 8 2 2 2 2 2 10 2 2 2 8 2 2 2 10 2 2 8 8 2 10 10 2 2 10
left_child=1 4 5 7 9 25 27 22 29 -1 11 28 19 -9 15 -13 -17 -15 -10 -4 -19 -16 -3 -24 -25 -2 -20 -7 -6 -5
right_child=2 3 12 8 10 6 -8 13 18 -11 -12 14 -14 17 21 16 -18 20 26 -21 -22 -23 23 24 -26 -27 -28 -29 -30 -31
leaf_value=-0.0033451704645804481 -0.0095399733172285631 -0.022462941989331794 0.053433692967554694 -0.068334336243885685 -0.013929355935221127 0.022502779954352129 -0.012492508269548636 -0.13871023480374634 0.011503429248127611 -0.07861312444979035 -0.10436610079612402 -0.00054503057652244887 0.025694873944050362 -0.011113366813256614 -0.083779268697940057 -0.026654444245085385 -0.074845752875133661 -0.069660888067727578 -0.086780167039996553 0.03356774975023015 -0.13347549951537735 -0.035909238404253481 -0.00061343351717136198 -0.047088793427135643 -0.088982830514423017 0.0095883307290130365 -0.13683292501840277 -0.19907881573260644 0.041681659053107868 -0.16250352784604494
leaf_weight=6366307.0232295096 4461076.5730991662 874068.82861962914 3030411.0507728457 62878.402716591954 562065.00234374404 10178784.892460972 1325073.3791320026 227109.42862024903 53548.450279563665 174864.38116979599 185381.73575529456 642619.85256886482 6300932.2938442826 163067.73858621716 517600.02423033118 1072907.12088871 418756.82226735353 1165560.4038670361 806556.52161854506 3336490.3681966066 175023.85549581051 514002.96542316675 261558.39623564482 1550409.6251963973 609816.65852585435 2359800.8683769405 293365.35364148021 10266.937095552683 216083.97267109156 404042.93220928311
leaf_count=3868458 3046625 849694 711365 149989 530736 3950325 907632 627411 81749 219280 338381 543655 2071328 163006 866007 1063428 593024 2407321 1928995 961587 455969 616005 294360 2371904 1231616 1156333 870495 25917 129738 1417827
internal_value=-0.000277029 -0.0369413 0.0202029 -0.0698674 -0.0164307 0.0103911 0.0182779 -0.0566852 -0.11076 -0.0053573 -0.0339713 -0.0306626 0.0344042 -0.0796586 -0.0385711 -0.0282484 -0.0401833 -0.0707395 -0.0949475 0.0430232 -0.0779924 -0.0599277 -0.0446211 -0.0526185 -0.0589152 -0.0029222 -0.10013 0.0222795 0.00151325 -0.149822
internal_weight=4.83204e+07 1.73176e+07 3.10028e+07 6.64701e+06 1.06706e+07 1.8335e+07 1.15141e+07 5.02661e+06 1.62039e+06 6.54117e+06 4.12942e+06 3.94404e+06 1.26678e+07 1.73076e+06 3.16589e+06 2.13428e+06 1.49166e+06 1.50365e+06 1.15347e+06 6.3669e+06 1.34058e+06 1.0316e+06 3.29585e+06 2.42178e+06 2.16023e+06 6.82088e+06 1.09992e+06 1.01891e+07 778149 466921
internal_count=34450160 21619048 12831112 12850336 8768712 9086832 4883874 8401281 4449055 4087738 4680974 4342593 3744280 3653707 3682119 2200107 1656452 3026296 2881239 1672952 2863290 1482012 4747574 3897880 3603520 4202958 2799490 3976242 660474 1567816
is_linear=0
shrinkage=0.1


Tree=16
num_leaves=31
num_cat=0
split_feature=2 9 9 11 8 10 3 11 9 3 0 6 11 8 6 11 2 8 9 11 3 7 10 8 11 9 8 11 11 10
split_gain=2.97682e+06 897300 342310 304568 201986 190961 160600 148012 128992 120367 89655.4 85378.4 75786.9 81754.6 69665.1 68591.3 63380.4 61334.6 58946.3 58418.4 57682.7 55867.3 55626.2 70492 54424.5 53434.6 74860.6 50714.9 47209.3 54789.4
threshold=7.1278321743011483 15.030000209808351 7.6500000953674325 0.7254836971458194 19.805377960205082 -0.082689790342551819 91.500000000000014 -0.18493013702746822 10.170001029968263 36.500000000000007 11.122568607330324 24.550377845764164 -0.85225707553516283 30.611430168151859 37.010103225708015 0.97062204580664158 375.85374450683599 29.490000724792484 18.079998970031742 0.9989598388634241 320.50000000000006 19.040272712707523 0.79904096188274243 31.540000915527347 0.2332836900311728 10.593381404876711 16.131060600280765 -0.85225707553516283 0.94909129669788206 -0.42180583328916638
decision_type=2 10 10 2 8 2 2 2 8 2 2 8 2 8 10 2 2 8 8 2 2 8 2 8 2 10 10 2 2 2
left_child=1 3 10 6 -5 11 8 14 17 18 -2 28 13 -10 21 -6 -12 -1 -7 -11 27 -4 25 -24 -13 -9 -27 -8 29 -3
right_child=2 5 7 4 15 9 20 22 12 19 16 24 -14 -15 -16 -17 -18 -19 -20 -21 -22 -23 23 -25 -26 26 -28 -29 -30 -31
leaf_value=-0.028011944988580478 0.02319101733803788 -0.060718896735666696 -0.0069226921164735784 -0.0024715040910802716 -0.055334516213080748 -0.043164377962588756 -0.0037591787504339617 -0.0039323538537725626 -0.082101537109415784 -0.10077869187696237 0.036899062534814925 -0.058778190421661214 -0.026179725293194955 0.0072948339426618771 -0.0093533442258253822 -0.096195451687895839 0.0806710246937309 0.0078380923259452531 -0.094151756959363425 -0.0065470241219239876 -0.19713916098775452 0.018857713718376093 0.023092100385694821 -0.035518459204923122 -0.1399199388624334 0.021096600466237601 -0.042852738076693174 -0.086650480206487079 -0.14604370220501217 0.087734460517229426
leaf_weight=554792.18366152048 7960750.7588357925 93528.281285092235 912997.50819760561 646762.66877731681 1503876.2404243648 1736590.2697667181 101947.11895284057 2184925.7975777984 111093.03792747855 851202.02821159363 5387409.6126353741 94344.701205834746 4831625.4722668231 1292348.9443538487 1116169.1958366632 565226.0981708765 352438.54267144203 3413483.3167630732 260792.596663028 71300.214182376862 35551.858617275953 10597375.527724177 1023326.5865676701 256675.58163908124 667540.82160754502 227224.60006326437 941696.995115906 267434.76527249813 39787.007620304823 33861.700657039881
leaf_count=426971 2732145 185003 530508 647134 2373107 2647352 93952 1150521 120968 2410670 1491787 190753 5341191 828229 685349 1098046 54166 1854932 584794 120252 99870 4038861 558654 211904 2211086 130526 898069 585815 117452 30093
internal_value=-0.000263175 -0.0336545 0.0182579 -0.0213689 -0.0512496 -0.0761842 -0.013719 0.00888992 -0.0112678 -0.0636199 0.03006 -0.115672 -0.0202378 0.000218436 0.0144998 -0.0664967 0.0395868 0.00282601 -0.0498217 -0.0934955 -0.0754821 0.0168128 -0.00639608 0.0113391 -0.129872 -0.0131647 -0.0304217 -0.063773 -0.0509564 -0.0212583
internal_weight=4.81341e+07 1.71731e+07 3.0961e+07 1.33241e+07 2.71587e+06 3.84895e+06 1.06083e+07 1.72604e+07 1.02033e+07 2.91989e+06 1.37006e+07 929063 6.23507e+06 1.40344e+06 1.26265e+07 2.0691e+06 5.73985e+06 3.96828e+06 1.99738e+06 922502 404934 1.15104e+07 4.63385e+06 1.28e+06 761886 3.35385e+06 1.16892e+06 369382 167177 127390
internal_count=34450160 21967670 12482490 13470215 4118287 8497455 9351928 8204392 8572291 5763068 4278098 2734387 6290388 949197 5254718 3471153 1545953 2281903 3232146 2530922 779637 4569369 2949674 770558 2401839 2179116 1028595 679767 332548 215096
is_linear=0
shrinkage=0.1


Tree=17
num_leaves=31
num_cat=0
split_feature=4 3 2 9 9 7 11 2 8 11 8 11 11 3 10 9 10 10 8 11 2 7 10 10 3 2 8 11 11 6
split_gain=2.49947e+06 840452 298778 249017 194804 155078 102692 82874.4 82219.2 144765 87874.8 83933.6 80777.1 81247 68893.8 68136.9 64739 63620.5 56836 54646.7 54250.6 51463.6 79231.9 51132.7 50418.6 47628.1 43213.4 42879.8 42122.9 41441.6
threshold=1.0000000180025095e-35 15.500000000000002 78.456657409667983 16.200165748596195 13.470038414001467 19.570019721984867 0.97263757644091875 12.416235446929933 29.390223503112797 0.74298546529340237 18.616177558898929 -0.013976481981245173 -0.88620506325989179 112.50000000000001 -0.05695216311707673 10.809999942779543 0.52766072109828632 -0.92274349529687905 33.810024261474616 -0.91595872546125101 375.85374450683599 6.2799537181854257 0.57077594689671507 0.91248814248966237 279.50000000000006 10.087961673736574 34.307142257690437 0.99748108949426018 0.89309379682046119 22.880730628967289
decision_type=8 2 2 10 10 8 2 2 8 2 10 2 2 2 2 8 2 2 8 2 2 8 2 2 2 2 10 2 2 10
left_child=1 4 5 12 6 16 25 24 9 23 -11 -10 18 15 29 -14 -2 -4 -3 -9 -19 28 -23 -6 -7 -1 -21 -8 -17 -5
right_child=2 3 17 14 8 7 27 19 11 10 -12 -13 13 -15 -16 21 -18 20 -20 26 -22 22 -24 -25 -26 -27 -28 -29 -30 -31
leaf_value=-0.01313495087567167 -0.025053604787165264 -0.11777532162505738 0.0093135557745578842 -0.018903411213965764 -0.013384504671700093 0.0039680583246662271 -0.095774019939036503 0.027005603854597805 -0.033239740062649757 0.0019645473592796153 -0.082642739469683063 -0.076401830200676146 -0.014605779186565008 -0.10320096515363497 -0.088663335474469432 -0.083407165340801864 0.0034548069419930386 0.033316246919704078 0.019634413650395397 0.015945415567820736 0.070443795582984983 -0.075217640305794753 -0.03909842107333375 0.034043033694284762 -0.19489275299701467 0.0021535235943069982 -0.0068894000179713479 -0.015009097307873882 0.018070167672929231 -0.14945835234380264
leaf_weight=4648802.6869487762 1497975.6701664478 34717.31205406785 1072284.7978997827 26189.930480912328 631112.16330358386 5410768.1178029478 185916.53349515796 4584248.7675671577 1104549.8250775039 171714.96594178677 430566.32625293732 760904.60420814157 435445.82651036978 334027.42012369633 904500.95444914699 56014.784783750772 1701183.5217427611 7429103.4304974675 226405.33877715468 7847161.8079856038 415576.35743963718 1550777.0635213703 998284.06054824591 355293.11038565636 12779.597921922803 3627835.2327727675 926609.3145339489 101693.68548631668 151647.19870661199 339376.14761811495
leaf_count=3748522 1208147 53998 386836 54888 689065 3034509 276803 1527165 1308706 157118 795477 1406220 517905 848755 2503862 112967 1122181 2043009 179366 2936311 68535 3397126 1737238 255559 38450 1933395 465969 111027 188057 1342994
internal_value=-0.000247747 -0.0309518 0.016721 -0.0651519 -0.0165603 0.0104578 -0.00847494 0.0139244 -0.0366074 -0.0198892 -0.0585206 -0.0508452 -0.052302 -0.0562762 -0.10347 -0.051366 -0.00989398 0.0321602 0.00136523 0.0181571 0.0352831 -0.0571725 -0.0610723 0.00369841 0.00349948 -0.00643367 0.0135338 -0.067217 -0.00930235 -0.140105
internal_weight=4.79735e+07 1.70758e+07 3.08977e+07 5.05739e+06 1.20184e+07 2.19807e+07 8.56425e+06 1.87816e+07 3.45414e+06 1.58869e+06 602281 1.86545e+06 3.78732e+06 3.5262e+06 1.27007e+06 3.19217e+06 3.19916e+06 8.91696e+06 261123 1.3358e+07 7.84468e+06 2.75672e+06 2.54906e+06 986405 5.42355e+06 8.27664e+06 8.77377e+06 287610 207662 365566
internal_count=34450160 21619048 12831112 10937156 10681892 10332732 6069747 8002404 4612145 1897219 952595 2714926 7035412 6802048 3901744 5953293 2330328 2498380 233364 4929445 2111544 5435388 5134364 944624 3072959 5681917 3402280 387830 301024 1397882
is_linear=0
shrinkage=0.1


Tree=18
num_leaves=31
num_cat=0
split_feature=3 9 4 3 11 10 9 10 2 9 9 8 11 8 11 7 11 8 8 10 3 4 11 7 11 11 11 8 10 10
split_gain=2.03753e+06 575118 316293 226354 163264 149078 126141 101839 86091.1 83986 79952.4 72850.5 140422 67475.2 64666.3 61436.5 58403.3 108029 59557.4 53901.9 51699.4 59823.3 50396 48935.7 55397.3 48635.4 52594.4 48348.9 45044.1 44419.2
threshold=2.5000000000000004 15.73520088195801 6.1279971599578866 39.500000000000007 0.11478523713130605 -0.03977009085991149 11.194006919860842 -0.34235669412071207 102.14747238159181 18.275887489318851 13.330000400543215 22.794077873229984 0.2332836900311728 19.211283683776859 0.97062204580664158 16.090071678161625 0.79253265336324141 30.053479194641117 25.51222133636475 -0.0053757284505435614 405.00000000000006 1.0000000180025095e-35 0.92843842216862604 18.654123306274418 -0.54219087765047058 0.56191161272202661 0.53312596302726967 28.975737571716312 -0.99275805973510278 -0.97876850416056738
decision_type=2 10 8 2 2 2 8 2 2 8 10 8 2 8 2 8 2 8 8 2 2 10 2 8 2 2 2 10 2 2
left_child=2 3 4 6 10 27 22 -5 15 16 23 -8 28 -6 -15 -4 17 -7 -18 -11 21 -9 -2 24 -1 26 -19 -3 -13 -30
right_child=1 5 8 7 13 9 11 20 -10 19 -12 12 -14 14 -16 -17 18 25 -20 -21 -22 -23 -24 -25 -26 -27 -28 -29 29 -31
leaf_value=-0.048993891019251466 -0.00199220080228127 -0.086991060075681803 -0.016205862381555105 -0.12286523348770773 0.013754061853109413 0.0080170450681671789 0.00035339524200193347 -0.051147094294779087 0.036227786205626715 0.065923003641727443 -0.015683191166770676 -0.058613899442639054 -0.051419164130553412 -0.019287427674962429 -0.093299805157788351 0.02138736940314705 -0.043965523676671392 -0.057013651432343028 -0.12491236126918942 -0.11271765614675533 -0.19520910311999645 0.01942129208115103 -0.046270556581803679 0.012537072229468357 0.0081948332772502821 -0.1443674810011264 0.074569017847285798 -0.14258584737592267 0.028824519390660552 -0.017171142331504519
leaf_weight=279755.53276032209 4462106.5295419395 295509.86167125404 458084.6293361485 201597.41461157799 625695.18590205908 337407.28056517243 850251.44235093892 1318002.5659093261 4654448.683858633 17762.564862161875 1185242.1674606204 236867.23864607513 2030069.1538142115 2373830.2719498575 124228.77467226982 8522171.0423926115 175857.14637558162 805794.47671498358 188133.84412357211 344041.58726380765 23191.981817886233 132176.81619489193 272760.07854285836 14496946.120713353 429321.11257109046 61245.165469959378 31566.824133038521 332371.28058001399 230685.58497062325 2337008.3599800467
leaf_count=211007 2847338 873762 293412 589451 396666 427248 840445 2670828 1165940 20020 996999 328206 3400513 1825897 178770 2961509 357970 1658741 575054 1031980 73907 153217 329590 5935737 243687 199520 35837 1287763 208077 2331069
internal_value=-0.000231955 -0.0312414 0.0135044 -0.0220839 0.00533963 -0.07401 -0.016599 -0.056205 0.0251904 -0.0604364 0.00933258 -0.0266404 -0.0313877 -0.0156125 -0.0229681 0.0194697 -0.0505974 -0.0402295 -0.085804 -0.103947 -0.047084 -0.0447151 -0.00454293 0.0112824 -0.0143681 -0.058345 -0.0520533 -0.11642 -0.016888 -0.0130388
internal_weight=4.78341e+07 1.46844e+07 3.31497e+07 1.20947e+07 1.9515e+07 2.58969e+06 1.04197e+07 1.67497e+06 1.36347e+07 1.96181e+06 1.63913e+07 5.68488e+06 4.83463e+06 3.12375e+06 2.49806e+06 8.98026e+06 1.6e+06 1.23601e+06 363991 361804 1.47337e+06 1.45018e+06 4.73487e+06 1.5206e+07 709077 898606 837361 627881 2.80456e+06 2.56769e+06
internal_count=34450160 20240536 14209624 13772641 9788763 6467895 10285238 3487403 4420861 4306370 7387430 7108310 6267865 2401333 2004667 3254921 3254370 2321346 933024 1052000 2897952 2824045 3176928 6390431 454694 1894098 1694578 2161525 2867352 2539146
is_linear=0
shrinkage=0.1


Tree=19
num_leaves=31
num_cat=0
split_feature=4 3 2 9 11 7 9 8 10 8 11 10 11 3 10 9 8 11 10 2 8 4 11 11 6 11 11 6 8 7
split_gain=1.69288e+06 587067 205392 199049 147222 116170 100337 105302 96826.1 71711.4 66679.8 65971.5 65048.9 80651.6 58130.7 54367 55040.4 110048 53232.6 49122.4 46655.6 40165 39047.1 38916.5 37208.8 33973.2 34230.8 55805.6 33411.7 45994.6
threshold=1.0000000180025095e-35 15.500000000000002 66.742511749267592 16.350001335144047 0.87709077819680659 22.790231704711918 13.562074661254885 30.098591804504398 0.48314048284850658 18.616177558898929 -0.77243990499604276 0.91248814248966237 -0.84313311835787952 147.50000000000003 -0.05695216311707673 11.620683670043947 26.180333137512211 0.79773375822167203 -0.92274349529687905 260.54122924804693 33.810024261474616 3.4411041736602788 -0.92272482904738262 0.44312301391210612 22.880730628967289 0.9989598388634241 0.81800285027139286 30.669896125793461 21.580000877380375 18.560169219970707
decision_type=8 2 2 10 2 8 10 8 2 8 2 2 2 2 2 8 8 2 2 2 8 8 2 2 10 2 2 8 8 8
left_child=1 4 5 12 6 21 28 11 22 -6 -9 -8 20 15 24 -14 23 -18 -4 -20 -3 -2 -7 -17 -5 26 27 -16 -1 -30
right_child=2 3 18 14 9 8 7 10 -10 -11 -12 -13 13 -15 25 16 17 -19 19 -21 -22 -23 -24 -25 -26 -27 -28 -29 29 -31
leaf_value=0.025960071581656058 -0.0076762747533293931 -0.1038330185261126 0.0063607996517377231 -0.005532619563180621 -0.013704922297514502 0.0243441270623065 -0.019410765915088286 -0.004488180861823861 -0.011459763517721058 -0.067831272909467985 -0.053468260850360064 0.030241943560661358 -0.01905475766398454 -0.11761985084961786 -0.0040850561426153034 -0.14583896286934636 -0.043960383004068536 -0.095205509889973158 0.025166396894051146 0.048638482005043074 0.010931847677464484 0.0064739320964510468 0.012116265169295641 -0.020108001119768813 -0.1385269149691592 0.00083199043009396728 -0.12206130713246646 -0.085668226839482775 -0.02816531787308816 -0.0030874491829244498
leaf_weight=346676.53803321719 4538747.4532434344 40081.62151247263 1337859.6890508533 22707.333736330271 375867.79937380552 4453736.3732877374 893675.0694963932 354770.89645537734 1326426.3865929097 701831.60441838205 1283463.5969528258 381959.14538785815 665162.11854848266 158546.98816253245 101489.21955443919 25664.178793087602 1416983.1440964937 595040.09841017425 8257153.7979638577 999542.99315613508 304774.58035516739 3594667.9539776146 6313418.5536462218 603801.22224876285 285946.06627167761 51533.564971640706 173618.37967479229 482273.31067717075 819412.00981929898 6805230.2090689838
leaf_count=212236 3050888 64791 488982 47527 351013 1611785 1089001 318339 895954 1171761 2090499 284529 877504 480355 206255 65919 2812696 1621022 2390128 191934 265189 1711499 2489942 1085602 1259600 92142 608178 1450376 841389 4323125
internal_value=-0.000217524 -0.0256627 0.0137267 -0.054711 -0.0136974 0.00781865 -0.0102068 -0.0260865 0.0140336 -0.0489537 -0.0428613 -0.00454341 -0.0438259 -0.0479479 -0.091821 -0.0446073 -0.0510418 -0.0591157 0.0250061 0.0277009 -0.00240693 -0.00142241 0.0171742 -0.0252342 -0.128743 -0.0777329 -0.0830786 -0.0714847 -0.00440204 -0.00578254
internal_weight=4.77121e+07 1.68905e+07 3.08216e+07 4.92762e+06 1.19629e+07 2.0227e+07 1.08852e+07 2.91387e+06 1.20936e+07 1.0777e+06 1.63823e+06 1.27563e+06 3.81005e+06 3.4652e+06 1.11757e+06 3.30665e+06 2.64149e+06 2.01202e+06 1.05946e+07 9.2567e+06 344856 8.13342e+06 1.07672e+07 629465 308653 808914 757381 583763 7.97132e+06 7.62464e+06
internal_count=34450160 21619048 12831112 10937156 10681892 9760068 9159118 3782368 4997681 1522774 2408838 1373530 7273078 6943098 3664078 6462743 5585239 4433718 3071044 2582062 329980 4762387 4101727 1151521 1307127 2356951 2264809 1656631 5376750 5164514
is_linear=0
shrinkage=0.1


Tree=20
num_leaves=31
num_cat=0
split_feature=9 3 2 9 10 11 8 10 11 9 8 11 3 11 10 8 8 11 10 11 9 2 11 7 8 11 11 4 8 11
split_gain=1.38135e+06 397214 283274 148182 137239 112108 105662 100401 87277.1 79704.9 71278.5 87526.1 61247.7 59929.5 53148 68787.9 51712.5 113015 62518.4 50881.1 49655.6 47866.1 44918.5 41859.9 38996.9 38940.8 37304.7 36010.4 35543.4 35404.7
threshold=11.570000171661379 35.500000000000007 15.029420375823976 16.669999122619632 -0.37447345805034543 -0.73865259438682551 28.124351501464847 -0.065535378769913874 -0.14250536273956091 17.730000495910648 16.131060600280765 0.81800285027139286 295.50000000000006 -0.46800559042974538 0.57077594689671507 30.694287300109867 31.578572273254398 -0.85225707553516283 0.91596454896554913 0.88917497572200743 8.1899991035461444 122.15429306030275 -0.79382744783423187 19.31424713134766 32.413030624389656 0.70138038092733435 0.9989598388634241 5.6823246479034433 28.054287910461429 0.98005052076767474
decision_type=10 2 2 10 2 2 10 2 2 8 10 2 2 2 2 8 10 2 2 2 10 2 2 8 10 2 2 8 10 2
left_child=2 3 6 7 -3 21 -1 8 -2 22 -9 16 20 -5 26 -16 18 -18 -12 27 24 23 -6 -4 -8 -22 -15 -7 -23 -10
right_child=1 4 5 13 9 19 12 10 29 -11 11 -13 -14 14 15 -17 17 -19 -20 -21 25 28 -24 -25 -26 -27 -28 -29 -30 -31
leaf_value=-0.026963088293894863 0.004661029058102153 -0.13030660194729282 -0.032232226811265981 -0.0051724074122761225 0.0088377153156729057 0.0041527840629581175 0.0017786547147471171 0.02949492397286951 -0.038969662107903938 -0.10846297349084573 -0.011054602537591583 -0.048784901349897263 -0.18989115831530579 -0.11062591801783804 -0.0037083560463482303 -0.075572715481459732 0.006923984826792625 -0.028222045980879185 0.023859040294887758 -0.039086951602688907 -0.0015138867134475019 0.052875705966393162 -0.053495302661433736 0.019798581639844576 0.027195921471815449 -0.033860346218940789 0.030430409169108882 0.015698414229058665 0.027432446621904052 -0.09990844958977832
leaf_weight=1629686.0574213713 498508.1559830308 293138.60405617952 157094.13820981979 193090.38449165225 125014.83389918506 5630450.5506551862 1336806.4066007137 428338.77153989673 2012656.1309151947 258838.19524632394 1211651.8418785036 607254.96740207076 16816.077495396137 276923.27503938973 211719.0485816747 359118.27867119014 1423535.0083010197 2560745.9277207702 889325.55948452652 218149.04099470377 5893769.016435951 704395.57838946581 1536454.3749465495 9833737.9216472507 1100612.6365198046 397265.09520938993 20110.618706837296 5192922.5990433693 2489656.3972776532 100080.4148568809
leaf_count=1679617 365571 1150663 85073 239011 147951 2447756 691023 273216 3182657 977620 1166170 1020072 54914 905626 273914 800860 860840 2873802 634272 170077 3672822 135492 3806905 3240967 467294 469015 29022 1788594 618279 221065
internal_value=-0.000202572 -0.0279856 0.0102409 -0.0200716 -0.0665752 0.0161621 -0.00358544 -0.0162029 -0.0329758 -0.0568464 -0.0100522 -0.0125833 0.000771004 -0.0555593 -0.0667698 -0.0489188 -0.00897067 -0.0156648 0.00372404 0.0087285 0.00113833 0.0223873 -0.0488051 0.0189805 0.0132558 -0.0035565 -0.101076 0.00969224 0.0330435 -0.0418563
internal_weight=4.76079e+07 1.30065e+07 3.46014e+07 1.07931e+07 2.21345e+06 2.42264e+07 1.0375e+07 9.7321e+06 2.61124e+06 1.92031e+06 7.12085e+06 6.69251e+06 8.74527e+06 1.06096e+06 867871 570837 6.08526e+06 3.98428e+06 2.10098e+06 1.10415e+07 8.72845e+06 1.31849e+07 1.66147e+06 9.99083e+06 2.43742e+06 6.29103e+06 297034 1.08234e+07 3.19405e+06 2.11274e+06
internal_count=34450160 18929237 15520923 12846098 6083139 8486238 7034685 10597665 3769293 4932476 6828372 6555156 5355068 2248433 2009422 1074774 5535084 3734642 1800442 4406427 5300154 4079811 3954856 3326040 1158317 4141837 934648 4236350 753771 3403722
is_linear=0
shrinkage=0.1


Tree=21
num_leaves=31
num_cat=0
split_feature=4 3 9 9 11 3 10 10 7 9 11 7 10 10 11 0 8 11 6 9 10 8 6 9 10 3 11 8 11 8
split_gain=1.15661e+06 408969 174833 149164 96202.3 74378 94283.5 63929.4 57784.4 56020.9 53665.1 58898.7 49790.8 47198.6 47604.7 45528.6 43369.4 39276.5 86483.4 68855.8 41787.6 37316.2 36824.2 36377.5 36369.5 35314.2 34890.9 52011.4 34273.7 44384.9
threshold=1.0000000180025095e-35 9.5000000000000018 16.669999122619632 7.6500000953674325 0.97648852793709995 57.500000000000007 -0.05695216311707673 -0.03977009085991149 18.370016098022464 17.020001411437992 -0.67801649466304881 19.227850914001468 -0.0053757284505435614 -1.0000000180025095e-35 0.97062204580664158 22.525055885314945 34.513084411621101 0.029024409397335523 26.810079574584964 12.651477813720705 0.67802080537253961 27.753482818603519 40.370006561279304 19.22970008850098 0.70290292807158605 128.50000000000003 0.097680735332368748 19.805377960205082 0.81800285027139286 29.185841560363773
decision_type=8 2 10 10 2 2 2 2 8 10 2 10 2 2 2 2 10 2 10 8 2 10 10 8 2 2 2 10 2 10
left_child=1 4 5 8 9 17 -7 -4 -2 22 11 -5 -9 -8 24 25 26 -3 -19 -20 -21 -17 -1 28 -15 -10 -12 -28 29 -14
right_child=3 2 7 10 -6 6 13 12 15 -11 16 -13 23 14 -16 21 -18 18 19 20 -22 -23 -24 -25 -26 -27 27 -29 -30 -31
leaf_value=-0.004458128469149239 -0.023706319043461072 -0.013995405797238956 -0.11871109784500673 -0.026496208667968525 -0.064529262148405403 -0.12186741216273758 0.042923509939348604 0.054393174250008558 0.016981866088459287 -0.049668002301246149 0.0070264293870731537 0.012594540898112593 0.015355032589386404 -0.020738461407890652 -0.11558092564983401 0.053529806586609163 -0.019942152593039948 -0.010487557061482711 -0.021644866360808 -0.074196843839065427 -0.032822335415756097 0.025406577837999024 -0.035688135655698366 -0.12332354519564626 -0.061945105000416847 -0.14957893576631906 0.021669341127584747 -0.014161648661593237 -0.10240983991937658 -0.061248950267743442
leaf_weight=9180544.5331666768 308655.43536141515 1455180.8794708252 278101.4401858747 404834.27992293239 300293.41110174358 181824.27163144946 59274.172817587852 34497.566596776247 10181586.426976949 299427.01844781637 4950359.7984461337 8045933.0784432739 91560.880971208215 424319.62785561383 96627.611057624221 573168.00130295753 1012659.5451137275 996743.20167128742 674365.5233464241 815039.40250635147 348479.24631862342 2668022.0803542733 393756.40698626637 104344.96350795031 432525.84034447372 12745.212075576186 501638.65227675438 2105466.362717852 147893.16907538474 434893.51088215411
leaf_count=6871787 209549 1694134 1255045 280357 500972 613839 82717 43537 3401797 497920 2227386 3190137 157809 790259 291097 113414 797161 1518563 892254 2133845 632094 701068 425441 401737 1081078 37331 295873 1577039 515073 1219847
internal_value=-0.000187696 -0.0213326 -0.0407691 0.0113244 -0.00877039 -0.0334955 -0.0555639 -0.0773231 0.0190732 -0.00707457 0.00506732 0.0107219 -0.0631689 -0.0436601 -0.0490427 0.020056 -0.000508505 -0.0273502 -0.034206 -0.0470692 -0.061805 0.0303799 -0.00574251 -0.0683771 -0.0415391 0.0167736 0.0020955 -0.00726733 -0.059875 -0.047926
internal_weight=4.75148e+07 1.67497e+07 6.57567e+06 3.07651e+07 1.0174e+07 5.48438e+06 1.19457e+06 1.09129e+06 1.37442e+07 9.87373e+06 1.70209e+07 8.45077e+06 813190 1.01275e+06 953473 1.34355e+07 8.57012e+06 4.28981e+06 2.83463e+06 1.83788e+06 1.16352e+06 3.24119e+06 9.5743e+06 778693 856845 1.01943e+07 7.55746e+06 2.60711e+06 674348 526454
internal_count=34450160 21619048 13322928 12831112 8296120 9729880 2858990 3593048 4463159 7795148 8367953 3470494 2338003 2245151 2162434 4253610 4897459 6870890 5176756 3658193 2765939 814482 7297228 2294466 1871337 3439128 4100298 1872912 1892729 1377656
is_linear=0
shrinkage=0.1


Tree=22
num_leaves=31
num_cat=0
split_feature=2 9 11 11 8 10 3 4 9 8 9 10 8 8 11 11 10 3 11 10 6 11 8 2 10 3 11 10 11 11
split_gain=946723 352958 119161 118135 137467 100673 88450.4 82166.3 64600.2 61411.3 55417.2 49182.7 46096.2 44305 103450 55608.9 46389 43990.4 42650.2 51209.8 48069.2 42371.9 56916.9 41170.7 40865.8 40742.9 40297.2 39792 38020.7 37477.5
threshold=9.0299220085144061 15.204071044921877 -0.18493013702746822 0.7710868207630478 19.805377960205082 -0.082689790342551819 320.50000000000006 7.3196818828582773 18.275887489318851 25.795714378356937 9.9699997901916522 -0.30983472475487867 28.054287910461429 28.804286003112797 0.56191161272202661 0.53312596302726967 0.61237135649459018 35.500000000000007 0.97062204580664158 -0.46801505794253101 30.19007778167725 -0.88620506325989179 29.632857322692875 178.99919128417972 0.51297097409535064 133.50000000000003 0.98005052076767474 -0.0053757284505435614 0.99958851518450398 -0.46800559042974538
decision_type=2 10 2 2 8 2 2 8 8 10 8 2 8 10 2 2 2 2 2 2 10 2 8 2 2 2 2 2 2 2
left_child=1 3 7 6 24 9 10 -2 13 11 12 -3 -1 16 15 -15 27 -11 19 -6 -21 22 -12 -9 28 -23 -4 -7 -5 -10
right_child=2 5 26 4 18 8 -8 23 29 17 21 -13 -14 14 -16 -17 -18 -19 -20 20 -22 25 -24 -25 -26 -27 -28 -29 -30 -31
leaf_value=-0.037361644570872231 0.0088168719882712951 -0.00066768773482744188 -0.00087278433338439088 -0.010854867884604158 -0.076503160516272595 0.035755050603172502 -0.19446137038348701 0.017812488637018072 0.018121160533578595 -0.076133930880968828 -0.080814572666538784 -0.11848248555909649 0.0046902462495109227 -0.035520065182069321 -0.10667202165160761 0.076691102714885495 0.013582834880921716 -0.13532508028266926 -0.068496872744266468 -0.015547870863073288 -0.069397073867965092 -0.014595762266451213 0.0076324814394421363 0.034670047175954379 0.068349036028267904 -0.069568310756932719 -0.058897553436670906 -0.050286195123388805 0.075619714202048022 -0.090315741374937752
leaf_weight=278574.36579290032 13543419.459696561 138957.41563969851 5629419.7441373467 521712.21222408116 245941.80073140562 64283.822907164693 25233.373666733503 8521649.9969376922 35587.021402537823 353906.20148891211 76745.643805712461 47561.289000123739 4056148.9453947991 1269568.2955617607 213438.34324227273 45756.103065058589 358309.64146460593 194596.14461901784 551523.93874104321 863043.52329000831 205181.74331671 6006333.6018482596 1399926.2648796737 1745525.5879001021 94985.174787670374 137917.59183055162 122287.36039459705 328031.55364137888 56334.608283400536 305353.15539330244
leaf_count=241898 5420247 259075 3144556 579065 480970 97035 103390 2674073 55418 1146270 91152 178638 2236030 2379511 700471 50354 430110 996961 1163040 1314880 407864 6671449 877061 365797 51949 356606 138125 778632 37696 1021837
internal_value=-0.000173919 -0.0183416 0.0108112 -0.0115865 -0.0311816 -0.0475728 -0.00743431 0.0139316 -0.0383988 -0.0802779 -0.00703957 -0.0307098 0.00198775 -0.0323263 -0.0420955 -0.0316166 -0.0124298 -0.0971336 -0.0451578 -0.035363 -0.0258911 -0.0121742 0.00303571 0.0206784 0.00756136 -0.0158297 -0.00210645 -0.0361877 -0.00242733 -0.0789972
internal_weight=4.74373e+07 1.7875e+07 2.95623e+07 1.45196e+07 2.53872e+06 3.35535e+06 1.19809e+07 2.38106e+07 2.62033e+06 735021 1.19556e+07 186519 4.33472e+06 2.27939e+06 1.52876e+06 1.31532e+06 750625 548502 1.86569e+06 1.31417e+06 1.06823e+06 7.62092e+06 1.47667e+06 1.02672e+07 673032 6.14425e+06 5.75171e+06 392315 578047 340940
internal_count=34450160 22707362 11742798 14613050 4035464 8094312 10577586 8460117 5513368 2580944 10474196 437713 2477928 4436113 3130336 2429865 1305777 2143231 3366754 2203714 1722744 7996268 968213 3039870 668710 7028055 3282681 875667 616761 1077255
is_linear=0
shrinkage=0.1


Tree=23
num_leaves=31
num_cat=0
split_feature=4 3 10 9 9 8 11 9 10 6 11 8 6 10 11 11 11 11 11 3 8 11 7 8 10 8 10 3 11 10
split_gain=793639 298135 116385 108478 106944 79760.6 81667.9 68709.8 53214.8 51508 49427.8 58397.7 41576.1 57770.6 44536.3 41377.7 38763.9 34939.8 82162.7 41351.1 29241.1 38319.9 41572.9 38891.3 34929.9 29484.4 28664.1 28455.7 28452.2 28403.6
threshold=1.0000000180025095e-35 35.500000000000007 -0.37447345805034543 14.049999713897707 7.4200010299682626 27.515900611877445 -0.013976481981245173 17.730000495910648 0.57077594689671507 35.750190734863288 0.70138038092733435 17.882857322692875 35.351285934448249 0.66527693225344786 0.2332836900311728 -0.83375966452616657 -0.97507822412530132 0.96407344085605606 0.99748108949426018 128.50000000000003 34.307142257690437 0.097680735332368748 14.980174064636232 20.31369781494141 0.29342972903661901 32.73481750488282 0.63920241694561786 2.5000000000000004 -0.83375966452616657 0.54219432480460406
decision_type=8 2 2 10 10 8 2 8 2 10 2 8 10 2 2 2 2 2 2 2 10 2 10 10 2 10 2 2 2 2
left_child=1 3 -3 10 15 8 9 17 -5 -7 27 -12 13 14 -8 -2 -6 19 -19 -4 21 22 -18 -23 -24 -26 -11 -1 -21 -22
right_child=4 2 7 5 16 6 12 -9 -10 26 11 -13 -14 -15 -16 -17 20 18 -20 28 29 23 24 -25 25 -27 -28 -29 -30 -31
leaf_value=0.0030905299644385024 0.02248541157119471 -0.10737826174360716 -0.019428425905811366 -0.025284214014492414 0.01482645524520391 0.0210752064128376 0.01351472215095802 -0.08887762789633355 0.014963792830813305 -0.0034562383290138846 0.0076709478753246409 -0.033966917015957325 -0.092029481150568096 -0.020912617002563198 -0.076036139880354237 0.010933317794933272 -0.02544810327351224 -0.097666115429555445 -0.0038623112191938438 -0.0050205208480241861 0.00094681034178807774 0.018345037807028026 0.0056028826240028373 -0.011785002538594741 0.026300792524771757 -0.00234673461232527 -0.040820486485785595 -0.0085761748870509906 -0.078644327963588778 -0.018586807005625185
leaf_weight=3543699.3337014914 6014918.0303251296 309047.11660677195 1176608.9174571484 704910.78988498449 3036585.8799100518 264210.19264164567 61953.997941657901 269828.53069278598 615209.77879659832 301795.40518166125 464843.95633381605 1223178.0254809558 234668.93390214443 508571.8001524955 536097.43310639262 6399374.0292548388 362185.52810367942 241172.29937249422 152369.08585737646 68520.786054432392 2110514.7342011034 534884.22965577245 6813347.9625099301 2151987.8557324111 1693561.6787731349 456003.52701608837 642258.75529521704 5098424.0764604807 224365.00884339213 1150031.207532838
leaf_count=1972687 1724382 1257475 2476077 1240677 1115236 241945 95776 1059862 567992 315575 382071 1734002 625314 809733 1585599 2278369 268034 798985 299803 71780 991831 321940 2706552 1591148 662162 231235 1090629 4309262 683804 940223
internal_value=-0.000161308 -0.0177493 -0.0500257 -0.0121989 0.00936549 -0.0264794 -0.0368102 -0.0417154 -0.00652762 -0.0179531 -0.00684936 -0.0225008 -0.053797 -0.0456895 -0.0667593 0.0165305 0.00450734 -0.0348848 -0.0613477 -0.0277978 0.00245562 0.00473533 0.00776714 -0.00578692 0.00910935 0.0202236 -0.0288759 -0.00379225 -0.06142 -0.00594292
internal_weight=4.73651e+07 1.66417e+07 2.44191e+06 1.41998e+07 3.07234e+07 3.86968e+06 2.54956e+06 2.13286e+06 1.32012e+06 1.20826e+06 1.03301e+07 1.68802e+06 1.34129e+06 1.10662e+06 598051 1.24143e+07 1.83091e+07 1.86304e+06 393541 1.46949e+06 1.52725e+07 1.2012e+07 9.3251e+06 2.68687e+06 8.96291e+06 2.14957e+06 944054 8.64212e+06 292886 3.26055e+06
internal_count=34450160 21619048 6647786 14971262 12831112 6573240 4764571 5390311 1808669 1648149 8398022 2116073 3116422 2491108 1681375 4002751 8828361 4330449 1098788 3231661 7713125 5781071 3867983 1913088 3599949 893397 1406204 6281949 755584 1932054
is_linear=0
shrinkage=0.1


Tree=24
num_leaves=31
num_cat=0
split_feature=9 3 4 10 9 8 10 8 11 9 11 11 11 8 10 11 11 8 6 7 11 10 3 4 10 9 10 6 7 8
split_gain=650991 206118 139679 100127 80498.1 75526.7 63877.9 50834.8 96381.2 49589.1 45410.1 44340 37240.6 48981.3 87330.9 42778.6 40170.8 40053.2 36611.7 34395.2 42644.5 48360.5 33901.2 32888.6 32508.6 31959 31608.4 30467.4 29542.8 35138.5
threshold=11.410000324249269 35.500000000000007 2.7210719585418706 -0.37447345805034543 17.349999427795414 28.318849563598636 -0.42180583328916638 21.214999198913578 0.96849880583763492 17.730000495910648 -0.91595872546125101 0.69521084835931835 -0.93543596745397617 32.367830276489265 0.89404822654372251 -0.42958798411962301 0.11478523713130605 30.184420585632328 40.370006561279304 10.060648918151857 0.2332836900311728 -0.9905448150984083 405.00000000000006 1.0000000180025095e-35 -0.42180583328916638 8.2900962829589862 0.52766072109828632 34.630228042602546 15.990010738372805 17.080183029174808
decision_type=10 2 10 2 10 10 2 8 2 10 2 2 2 10 2 2 2 8 8 8 2 2 2 10 2 10 2 8 8 8
left_child=2 4 5 -3 6 26 11 -8 12 23 -4 19 17 14 -14 18 -16 -9 -15 -2 21 -21 25 -5 -6 -7 -1 -22 29 -12
right_child=1 3 10 9 24 22 7 8 -10 -11 28 -13 13 15 16 -17 -18 -19 -20 20 27 -23 -24 -25 -26 -27 -28 -29 -30 -31
leaf_value=-0.022809867427950659 0.024390839783898478 -0.10535915399706759 0.020273829245097533 -0.03666924391700669 -0.11678641957037922 0.0094923046004220558 0.013027353143215212 -0.057907637939094175 -0.067727427735956053 -0.082157563912458209 0.015844451071845237 -0.056284905731863705 -0.016011312963591966 -0.0020405931631282035 0.039928199155743652 -0.034387602808722773 -5.7043893089838502e-05 0.013924224679369027 -0.030893572876315396 -0.039677297759751658 -0.036851170296533148 0.0061506557780017998 -0.19746042880525022 0.023198228841811528 -0.04137351840558523 -0.0003040398532130372 0.0036877850269932018 -0.11893692260645734 0.010717837879053933 -0.038092354683010518
leaf_weight=1751496.401198104 161061.03623469174 261108.29902587831 6203149.5766813308 1544715.5985133648 64292.810861483216 5407972.09835428 1063674.2097014934 83867.065804511309 281712.67845362425 235753.62595748901 215564.26287198067 404639.84372350574 1517376.3790255636 1465539.7820684314 556834.13476416469 1198776.8287929446 457836.47414499521 1042993.8970873058 628336.52172848582 361387.06460304558 680891.91152745485 634645.46879701316 8402.8528968989849 97557.494007781148 515377.85560908914 8667484.2989110053 605919.95423094928 48433.082762733102 10862439.677679032 274711.46440133452
leaf_count=1521771 182176 1157218 1801291 3870543 287394 2204240 849193 77993 661263 977620 114002 818610 1927693 1112342 334459 1648636 447150 565060 757382 477477 1208561 566614 36250 128877 1126812 5037274 446818 145435 3759362 200644
internal_value=-0.000148773 -0.0188997 0.00719052 -0.0473366 -0.0134527 0.000567032 -0.0114662 -0.00738459 -0.0103862 -0.0392696 0.0133935 -0.0262474 -0.00806247 -0.0112818 -0.000824598 -0.0193234 0.0218862 0.00857811 -0.0106989 -0.0198043 -0.0239298 -0.0104769 0.00333997 -0.0331129 -0.0497378 0.00345984 -0.0159993 -0.0423023 0.00963408 -0.0143774
internal_weight=4.7304e+07 1.33068e+07 3.39971e+07 2.13914e+06 1.11677e+07 1.64413e+07 1.0588e+07 8.29695e+06 7.23327e+06 1.87803e+06 1.75559e+07 2.29106e+06 6.95156e+06 5.8247e+06 2.53205e+06 3.29265e+06 1.01467e+06 1.12686e+06 2.09388e+06 1.88642e+06 1.72536e+06 996033 1.40839e+07 1.64227e+06 579671 1.40755e+07 2.35742e+06 729325 1.13527e+07 490276
internal_count=34450160 19328508 15121652 6134258 13194250 9246353 11780044 8381171 7531978 4977040 5875299 3398873 6870715 6227662 2709302 3518360 781609 643053 1869724 2580263 2398087 1044091 7277764 3999420 1414206 7241514 1968589 1353996 4074008 314646
is_linear=0
shrinkage=0.1


Tree=25
num_leaves=31
num_cat=0
split_feature=4 9 3 2 11 10 11 8 7 8 11 3 10 11 11 11 3 10 10 11 9 10 11 3 8 3 11 2 8 11
split_gain=533878 206048 101287 84493.5 81180 60829.1 76891.2 72907.8 52829.8 49088.7 48892.9 47170.6 44559.8 39548.5 39029 39275.2 34093.3 48201.6 32270.4 40987.4 30446.3 30269.3 28612.7 27102.6 27060.2 26428.1 26376.9 26365.7 25501.5 26259.9
threshold=0.022948059253394607 16.350001335144047 9.5000000000000018 89.676486968994155 -0.46800559042974538 0.61237135649459018 0.99855310097228334 30.694287300109867 22.790231704711918 26.180333137512211 0.97648852793709995 405.00000000000006 0.75014288946266361 0.95436825032516992 0.56191161272202661 0.29958852271690523 55.500000000000007 -0.05695216311707673 1.0000000180025095e-35 0.97062204580664158 17.650444030761722 -0.92274349529687905 0.68274389090025245 64.500000000000014 36.928594589233406 320.50000000000006 0.90070004940655357 375.85374450683599 16.131060600280765 0.19969739736768838
decision_type=8 10 2 2 2 2 2 10 8 10 2 2 2 2 2 2 2 2 2 2 10 2 2 2 10 2 2 2 8 2
left_child=1 2 10 8 24 6 9 22 -2 13 28 16 25 26 15 -9 -4 23 -19 -20 -11 -5 -7 -18 -3 -10 -6 -23 -1 -30
right_child=3 4 11 21 5 7 -8 14 12 20 -12 -13 -14 -15 -16 -17 17 18 19 -21 -22 27 -24 -25 -26 -27 -28 -29 29 -31
leaf_value=0.021972204101037784 -0.0011868925615735506 0.055541608414708656 -0.017050869671417997 -0.00057016937819377147 -0.055252816114113923 -0.018732404102213912 0.022316896131409445 -0.067134000024667309 0.0099293005835443138 -0.087934138275845661 -0.046350965654257205 -0.1896994481194742 -0.018086795998620606 -0.10992800609113096 -0.14593303584669162 -0.0066950074796132105 -0.035576963999163498 0.045653486329363002 -0.025730224154795995 -0.098123759242785519 -0.14593432972841838 0.017765778229472805 0.047870987562403322 -0.11817102413753949 -0.016044224044138571 -0.19956405218676981 0.034358635755923413 0.044326126842858866 -0.0014455745996606868 -0.013843916965729605
leaf_weight=379016.94027787447 8997602.5651844442 79222.996147215366 4082690.016752407 860564.17426711321 81853.418352410197 202337.22330990434 68303.4366671592 395536.3485788703 13352475.752329767 222800.88037678599 273207.40461371839 16689.28421087563 597108.84979827702 74310.469129249454 46741.874031424522 147656.10167199373 64838.388073161244 55937.806955620646 824395.96118690073 86404.983948588371 152422.00138507783 6161422.8015235662 94684.407017722726 102593.46597151458 158354.36669825017 6024.5094976723194 54863.328324213624 397876.05434280634 6945354.6136209518 2265550.5923349559
leaf_count=231726 5019061 59072 6420151 308243 219713 319169 122698 1124366 5081575 958230 437971 83738 449396 295961 211894 354926 188336 77635 1767824 277236 861659 1671274 130413 385339 283857 27315 106479 68433 4528129 2378341
internal_value=-0.000136672 -0.0143973 -0.010604 0.00778675 -0.0465853 -0.0549713 -0.0780952 -0.0379064 0.00478798 -0.0897941 -0.00463744 -0.0218487 0.00864016 -0.0512086 -0.05825 -0.0507049 -0.0213117 -0.0366496 -0.0280702 -0.032598 -0.111495 0.0170634 0.00249939 -0.0861863 0.00782692 0.00983482 -0.0192925 0.0193769 -0.00344907 -0.00449512
internal_weight=4.72488e+07 1.68758e+07 1.50967e+07 3.03731e+07 1.77909e+06 1.54151e+06 654554 886956 2.29532e+07 586250 9.86313e+06 5.23355e+06 1.39556e+07 211027 589934 543192 5.21686e+06 1.13417e+06 966739 910801 375223 7.41986e+06 297022 167432 237577 1.33585e+07 136717 6.5593e+06 9.58992e+06 9.21091e+06
internal_count=34450160 21824863 16776426 12625297 5048437 4705508 2564740 2140768 10577347 2442042 7576167 9200259 5558286 622153 1691186 1479292 9116521 2696370 2122695 2045060 1819889 2047950 449582 573675 342929 5108890 326192 1739707 7138196 6906470
is_linear=0
shrinkage=0.1


Tree=26
num_leaves=31
num_cat=0
split_feature=9 3 4 10 8 11 8 9 11 10 6 11 7 8 11 6 10 6 11 11 8 6 11 10 8 11 10 10 3 9
split_gain=447848 140944 102218 67446.5 62068.1 104973 60307.8 38350.5 38123.5 36327 36890.2 38590.3 32528.9 31725.8 53913.5 55208.2 48810.6 42296.6 30826 58431.1 35331.4 32697.4 60829.9 30271.2 37064.4 29803.4 29320.3 29158.9 28722.6 28417.9
threshold=11.570000171661379 39.500000000000007 3.5779843330383305 -0.37447345805034543 18.616177558898929 0.7710868207630478 28.627143859863285 18.275887489318851 -0.79382744783423187 -0.42180583328916638 29.081247329711918 0.96849880583763492 16.200611114501957 25.204999923706058 -0.12545862287572049 34.770067214965827 0.99274428880883148 40.186279296875007 0.9989598388634241 0.96407344085605606 29.632857322692875 29.790269851684574 0.78192542922038288 -0.39826117949089107 32.927022933959968 0.99249573635719013 0.52766072109828632 0.056951373111866731 405.00000000000006 7.6500000953674325
decision_type=10 2 10 2 10 2 10 10 2 2 10 2 8 10 2 8 2 8 2 2 10 10 2 2 10 2 2 2 2 10
left_child=2 4 6 -3 -2 7 26 13 -5 -7 11 -11 27 -6 17 16 -16 -15 19 21 -21 -10 -23 -14 -25 -13 -1 -4 29 -8
right_child=1 3 12 8 5 9 28 -9 18 10 -12 25 23 14 15 -17 -18 -19 -20 20 -22 22 -24 24 -26 -27 -28 -29 -30 -31
leaf_value=-0.018007999980584301 0.015233431181827515 -0.096169561997443559 -0.069975570576990831 0.020460004378967729 0.010161938211430032 -0.076913301320563024 0.010545882998931796 -0.054828496057713762 -0.0084848521531424199 -0.0072217525688891802 -0.065506319354021653 -0.087203439021425744 0.0082408510117767276 0.00096848387877652943 -0.019266586242813161 -0.047925629093677688 0.026672751030865489 -0.022052377568140259 0.012773130976822727 -0.070872006209374505 -0.17522551810962533 -0.035091676356080063 -0.12092763069775958 0.021495324484906483 0.005731634447353545 -0.023302117554142548 0.0051089381820754358 -0.0031959815248709593 -0.19642378332777846 0.00073076313345081685
leaf_weight=2247876.8211112171 789110.43024408817 200901.62168759853 78454.349309295416 115958.92520017922 791748.56437116861 221779.8509048 3991097.5124133825 185795.89311991632 360327.2461322248 562452.90916100889 261318.05120392144 131982.24516633153 8375143.4266135395 3640157.6371437907 2197271.8395722434 615423.57678601891 258492.15937818587 1022234.897246778 107289.40691025555 208272.6738319844 38431.924864932895 760330.53923092782 92618.874541580677 5270637.5302887708 2080267.1215087175 163284.46391917765 725825.53877256811 392531.3998273164 7204.5286127254367 11306910.520213142
leaf_count=1840148 606406 965380 69561 136352 719176 584711 1538439 523228 870067 874564 696894 348227 2811247 2801978 3289118 1177786 205541 1194088 197066 739629 205506 2079981 387708 1516581 725063 325831 516835 229242 37098 6236709
internal_value=-0.000126645 -0.0161597 0.00579119 -0.0414044 -0.0117722 -0.0138923 0.000665554 -0.00988303 -0.034868 -0.0399397 -0.032612 -0.0225902 0.0115757 -0.00890351 -0.0108554 -0.0211429 -0.014431 -0.00407887 -0.0389616 -0.0427634 -0.0871283 -0.0337423 -0.0444123 0.0123512 0.0170343 -0.0518656 -0.0123656 -0.0143198 0.00319742 0.00329143
internal_weight=4.72011e+07 1.27252e+07 3.44759e+07 1.88413e+06 1.08411e+07 1.00519e+07 1.82789e+07 8.71112e+06 1.68323e+06 1.34082e+06 1.11904e+06 857720 1.6197e+07 8.52533e+06 7.73358e+06 3.07119e+06 2.45576e+06 4.66239e+06 1.56727e+06 1.45998e+06 246705 1.21328e+06 852949 1.5726e+07 7.3509e+06 295267 2.9737e+06 470986 1.53052e+07 1.5298e+07
internal_count=34450160 18929237 15520923 5581689 13347548 12741142 10169229 9910915 4616309 2830227 2245516 1548622 5351694 9387687 8668511 4672445 3494659 3996066 4479957 4282891 945135 3337756 2467689 5052891 2241644 674058 2356983 298803 7812246 7775148
is_linear=0
shrinkage=0.1


Tree=27
num_leaves=31
num_cat=0
split_feature=2 9 3 10 11 11 8 9 8 6 7 3 11 11 6 10 11 8 8 10 10 6 11 11 10 11 11 5 11 10
split_gain=370973 151746 77981.3 62293.2 59086.5 47399.8 77012.2 45126.9 41108.4 37499.1 36622.9 34628.7 41212.4 34565 33924.4 32691.5 35967 46320.1 43418.4 32682.2 32182.1 36992.8 29916.1 50980.5 29449.2 34248.6 33994.1 34670.4 28892.2 41434.2
threshold=9.6653552055358904 15.289999485015871 405.00000000000006 -0.37447345805034543 -0.73865259438682551 0.7710868207630478 19.805377960205082 19.22970008850098 25.795714378356937 12.928055286407472 18.850197792053226 58.500000000000007 0.9989598388634241 0.88917497572200743 34.130393981933601 -0.30983472475487867 0.81800285027139286 29.341427803039554 30.694287300109867 0.96234642434711437 -0.77245553105869302 31.370846748352054 0.56191161272202661 0.53312596302726967 0.51297097409535064 0.99748108949426018 0.9863035000474919 1.2766391634941103 0.96849880583763492 -0.53493989022977317
decision_type=2 10 2 2 2 2 8 10 10 8 8 2 2 2 10 2 2 10 10 2 2 10 2 2 2 2 2 10 2 2
left_child=1 2 5 8 10 9 24 11 -3 -1 -2 15 -13 14 19 -5 18 -18 -17 -6 21 -10 23 -20 25 26 -7 -28 29 -8
right_child=4 3 -4 7 13 6 28 -9 20 -11 -12 12 -14 -15 -16 16 17 -19 22 -21 -22 -23 -24 -25 -26 -27 27 -29 -30 -31
leaf_value=-0.11632055786978719 -0.024302648800512198 -0.010549416797824264 -0.19234779910491279 0.071247057021950569 0.0031630323200769889 0.00097516390186772246 -0.072468590814821252 -0.082594224775883893 0.005284313427500173 -0.0040725677299514266 0.011923796439204449 -0.054279083036546855 0.041553434893093232 -0.026710540741615718 -0.013444255917747602 0.012076976033844623 -0.031710560261938844 -0.13242674322122802 -0.023948292994082184 0.023075414922378648 -0.11294076293956481 -0.083959268847860535 -0.10933014708661078 0.10447603118846929 0.06056048708336817 0.048722756597825045 -0.10212542737032992 0.067681075470622867 -0.048770037655452528 -0.015365585054076304
leaf_weight=29834.260183334351 284460.9628405869 109668.85039032996 22711.074107594788 41706.264822348952 11709390.680686578 387275.44381798804 142807.73115991056 131011.96834984422 69981.076862953603 12309472.506222486 14703485.369482726 475412.56912630796 49552.007179155946 401138.25850954652 1140734.3549468815 512925.34591068327 292706.23602338135 54104.279273599386 1013262.5013560653 886676.20792242885 166430.66806694865 138120.46659266204 38911.851912021637 31883.363120660186 96532.303258687258 119514.97565548122 65007.445365518332 14752.77863663435 564233.55563309789 1153013.8404719234
leaf_count=38286 176176 228467 121162 76725 5036028 403915 301672 527074 162313 10775743 4816031 1698004 76113 357749 717550 634591 719503 250449 1856913 416464 901927 579423 139199 27207 53393 98048 119004 8443 1230299 1902289
internal_value=-0.000116826 -0.0113896 -0.00718859 -0.0314226 0.00686176 -0.00690603 -0.0193372 -0.0253784 -0.0643956 -0.00434396 0.0112362 -0.0223925 -0.0452333 0.00222427 0.00306922 -0.0163535 -0.018233 -0.0474228 -0.011894 0.00456473 -0.0801627 -0.0539481 -0.0232359 -0.0200306 0.00937861 0.000955292 -0.0112685 -0.0707173 -0.0298827 -0.0216587
internal_weight=4.71567e+07 1.80308e+07 1.49052e+07 3.12568e+06 2.91259e+07 1.48824e+07 2.54314e+06 2.64148e+06 484201 1.23393e+07 1.49879e+07 2.51046e+06 524965 1.41379e+07 1.37368e+07 1.9855e+06 1.94379e+06 346811 1.59698e+06 1.25961e+07 374532 208102 1.08406e+06 1.04515e+06 683083 586551 467036 79760.2 1.86006e+06 1.29582e+06
internal_count=34450160 22930162 15052254 7877908 11519998 14931092 4117063 6005778 1872130 10814029 4992207 5478704 1774117 6527791 6170042 3704587 3627862 969952 2657910 5452492 1643663 741736 2023319 1884120 682803 629410 531362 127447 3434260 2203961
is_linear=0
shrinkage=0.1


Tree=28
num_leaves=31
num_cat=0
split_feature=9 9 4 3 11 3 8 10 11 10 10 8 11 8 3 11 10 2 10 11 11 11 11 8 6 11 6 9 10 10
split_gain=313449 109014 66770.1 59853.5 50032.3 48927.3 46509.6 44720 40003.7 52598.1 39705.8 38329 62636 34971.8 33663.1 33618.6 35465.3 29463.4 29064.4 28315.4 27592.2 45163.2 26357.4 26287 25809.7 25637.9 28557.8 25014.6 24907.6 23779.6
threshold=11.194006919860842 17.349999427795414 7.0633015632629403 39.500000000000007 -0.46800559042974538 405.00000000000006 28.255781173706058 -0.42180583328916638 0.9989598388634241 0.58481550752069722 -0.36647417525074694 21.214999198913578 0.96849880583763492 25.045714378356937 19.500000000000004 0.2332836900311728 -0.99275805973510278 375.85374450683599 -0.108376950152639 -0.21022037796396451 0.98005052076767474 0.99611390731392835 0.16587474750015932 30.358491897583011 34.630228042602546 -0.15950993297387572 35.351285934448249 7.6500000953674325 -0.022576249993022688 0.67802080537253961
decision_type=10 8 10 2 2 2 10 2 2 2 2 10 2 10 2 2 2 2 2 2 2 2 2 8 10 2 10 10 2 2
left_child=2 3 5 7 -3 6 -1 15 9 13 22 14 -13 -6 20 16 -2 -4 -14 -18 -9 -22 -5 -11 -17 -21 -27 -8 -20 -16
right_child=1 4 17 10 8 -7 27 11 -10 23 -12 12 18 -15 29 24 19 -19 28 25 21 -23 -24 -25 -26 26 -28 -29 -30 -31
leaf_value=-0.009836868232695941 -0.03314374531715579 0.016855023448027601 0.010308024161415533 0.074102116112216662 -0.034120673006563206 -0.19232450553386607 0.0091983826486644882 0.013384421370803616 0.043594814116118319 -0.0021403122100123683 -0.023089870333531645 -0.0052085311669330279 -0.1109216056881332 -0.11765645362626925 0.076153285446611041 -0.027574596686166592 -0.014971191846709326 0.039034091570315045 0.015177779805813181 0.066002225162685321 -0.099743138118260202 0.01749314931745119 -0.084927224473024823 -0.054840420179280536 -0.1007540487218416 0.02031475408883868 -0.068277582442038395 0.0012975539121057849 -0.056501971878405145 -0.11869669329858884
leaf_weight=2892709.1020062566 360698.54534623772 109651.47042159736 11430686.624765784 11161.01214260608 67291.465244665742 12970.475307762623 5861657.9937938005 879910.1877091378 38927.993772312999 128870.28220926225 1435888.1967833266 7434954.9822652414 65233.141837023199 196342.56765179336 105880.4573404789 1310261.729962714 384172.98483026028 368564.09372782707 68672.252543985844 102820.8008813411 60003.898061275482 72637.15352730453 157382.61974059045 356435.35632504523 50035.787420719862 272305.18670155853 41997.566749691963 12666821.670118496 164845.4890640676 6657.0976963043213
leaf_count=2131240 468590 157864 3631709 17676 207564 76898 2163342 618782 61599 234713 3534575 7316658 208511 1140153 87811 2371562 310411 62446 127838 56233 103561 72953 717013 1141195 158377 260094 86927 6514147 395733 13985
internal_value=-0.000107687 -0.0127272 0.00516403 -0.0103975 -0.0464332 0.00183837 0.00195594 -0.00784846 -0.0552413 -0.0603785 -0.0284795 -0.00450366 -0.00701252 -0.0963343 0.0127419 -0.019596 -0.00710477 0.0112053 -0.051908 0.00461651 0.00697522 -0.035542 -0.0743963 -0.0408462 -0.0302664 0.0226569 0.00847692 0.00379706 -0.0354226 0.064627
internal_weight=4.71164e+07 1.3883e+07 3.32334e+07 1.29855e+07 897519 2.14342e+07 2.14212e+07 1.13811e+07 787868 748940 1.60443e+06 8.85879e+06 7.73371e+06 263634 1.12509e+06 2.52229e+06 1.162e+06 1.17993e+07 298751 801297 1.01255e+06 132641 168544 485306 1.3603e+06 417124 314303 1.85285e+07 233518 112538
internal_count=34450160 19870378 14579782 16927290 2943088 10885627 10808729 12658026 2785224 2723625 4269264 8945832 8048740 1347717 897092 3712194 1182255 3694155 732082 713665 795296 176514 734689 1375908 2529939 403254 347021 8677489 523571 101796
is_linear=0
shrinkage=0.1


Tree=29
num_leaves=31
num_cat=0
split_feature=4 3 9 10 10 2 10 6 7 11 10 11 9 11 8 11 7 11 11 11 8 3 10 10 10 11 10 8 7 7
split_gain=260893 109777 58191.6 58174.4 47475.5 47446.1 36508.2 33585.5 32169.4 31873.5 32305.7 29078 28557.6 28026.5 27825.8 38231.7 26972 26481.5 24196.9 30839.3 25974.4 24183.3 25451 23878.6 59694.2 25233.9 22755.2 30202.5 31068.9 23787.5
threshold=0.042893372476100929 57.500000000000007 15.820071220397951 -0.05695216311707673 0.54219432480460406 93.553295135498061 1.0000000180025095e-35 35.506147384643562 22.790231704711918 0.97832380634958016 0.91596454896554913 -0.91595872546125101 8.8997106552124041 -0.96687281075841669 22.794077873229984 0.76556758748011056 19.31424713134766 -0.013976481981245173 0.99681593486783593 0.2332836900311728 28.804286003112797 64.500000000000014 -0.35846811432664222 -0.99275805973510278 -0.97509794945709805 -0.074115882986646633 0.40614137006726808 32.974365234375007 16.302390098571781 18.850197792053226
decision_type=10 2 10 2 2 2 2 10 8 2 2 2 8 2 8 2 8 2 2 2 10 2 2 2 2 2 2 8 8 10
left_child=1 2 12 21 18 8 -5 17 26 10 -8 -10 -1 16 -15 23 -14 -6 19 -4 -21 22 -3 25 -25 -16 29 28 -28 -2
right_child=5 3 4 6 7 -7 9 -9 11 -11 -12 -13 13 14 15 -17 -18 -19 -20 20 -22 -23 -24 24 -26 -27 27 -29 -30 -31
leaf_value=0.0041546999991405389 -0.018924939025615227 -0.11233454973392726 -0.0052668734116896043 0.035553647769233157 0.038307958865705802 0.012786148246204002 -0.017569856154881131 -0.031065190339061945 0.012068787171990657 -0.088309818762892511 -0.057535648788622273 0.002712224239728828 -0.053836579141514879 0.0041407587111517066 -0.073890831290347778 -0.02728878106189004 0.0135252965661532 -0.0083419613357574897 0.014774000758092801 -0.042171626249640687 -0.088682800916501311 -0.10735241908634481 0.015301138528148085 0.023374383756581237 -0.0095736547118211515 -0.018409784857330087 -0.0022943118399636735 -0.016339231591488475 0.019781849476012674 -0.0020779337906216542
leaf_weight=2629349.5238382965 1014089.7652249634 25549.442765370011 116539.22386752814 84537.126059517264 157797.78493946791 6952812.9211565256 804922.08814910054 534449.26968584955 5437995.0953800231 94085.488924749196 270133.87302656472 8533966.0864317492 63713.303362429142 1403302.7020057887 98941.568410798907 1241364.3875730336 886406.69966799021 531731.68741864711 60646.864227674901 274394.51971399784 213486.19435910136 145606.30762024969 40210.870874747634 601142.68431317806 6449148.0157488734 478129.93690957129 1142629.5210730284 522455.89013536274 1442050.2142827064 4829787.4635180384
leaf_count=1363961 857741 145554 185646 132910 132787 1904528 1954521 1201005 1904928 351766 853955 3601584 67262 1359708 107835 2408538 496995 932966 120873 818310 1115804 711354 106516 454483 6601828 488751 792725 430065 654742 2190519
internal_value=-9.89383e-05 -0.0099081 -0.00747121 -0.0360902 -0.0239357 0.0055502 -0.0279081 -0.0122498 0.00335545 -0.0324968 -0.0276122 0.00635387 -0.00522581 -0.00742367 -0.00894354 -0.0110139 0.00900813 0.0023338 -0.0454421 -0.0514841 -0.0625239 -0.0846208 -0.0342884 -0.00836511 -0.00676434 -0.0279223 -0.0013249 0.00558982 0.0100225 -0.0050014
internal_weight=4.70814e+07 1.72056e+07 1.57405e+07 1.46505e+06 1.88905e+06 2.98758e+07 1.25368e+06 1.22398e+06 2.2923e+07 1.16914e+06 1.07506e+06 1.3972e+07 1.38515e+07 1.12221e+07 1.0272e+07 8.86873e+06 950120 689529 665067 604420 487881 211367 65760.3 7.62736e+06 7.05029e+06 577072 8.95101e+06 3.10714e+06 2.58468e+06 5.84388e+06
internal_count=34450160 22113328 17856752 4256576 4507391 12336832 3293152 2266758 10432304 3160242 2808476 5506512 13349361 11985400 11421143 10061435 564257 1065753 2240633 2119760 1934114 963424 252070 7652897 7056311 596586 4925792 1877532 1447467 3048260
is_linear=0
shrinkage=0.1


Tree=30
num_leaves=31
num_cat=0
split_feature=4 9 3 10 11 2 9 8 11 10 11 10 3 10 8 8 10 11 2 10 11 10 10 10 7 8 10 11 11 0
split_gain=213717 96205.5 57055.7 48017.5 37841.4 35344.9 33984 35021.5 54814 33999.3 31498.1 43395 29912.5 28195.8 24888.4 24039.1 23035.9 24968.1 21356.2 20744.8 20496.8 19108.5 38961.9 25786.7 45513.4 21122.4 50179.9 45362.8 19796.2 18884.1
threshold=0.22993141412734988 17.650444030761722 57.500000000000007 -0.05695216311707673 -0.46800559042974538 93.553295135498061 10.37527370452881 21.923569679260257 0.7710868207630478 -0.55657520495441892 0.99855310097228334 0.61237135649459018 279.50000000000006 -0.861146256326485 25.045714378356937 27.981488227844242 -0.01397611846945947 -0.94137724084408114 40.337198257446296 -0.92274349529687905 0.94636490295939868 -0.99275805973510278 -0.97876850416056738 -0.75015329512557205 12.240072727203371 33.328573226928718 0.99053107487289871 -0.77243990499604276 -0.15950993297387572 24.851124763488773
decision_type=10 10 2 2 2 2 10 8 2 2 2 2 2 2 10 8 2 2 2 2 2 2 2 2 8 8 2 2 2 2
left_child=1 2 6 -4 -3 12 -1 13 21 -10 11 14 15 -8 20 -2 -5 -18 -15 -7 -6 -9 28 24 -24 26 -25 -27 -23 -21
right_child=5 4 3 16 10 19 7 8 9 -11 -12 -13 -14 18 -16 -17 17 -19 -20 29 -22 22 23 25 -26 27 -28 -29 -30 -31
leaf_value=0.00019507942936745958 -0.006244645196839824 0.023112985162586284 -0.074876184863258019 0.044894035381740471 0.017854558111412754 -0.0036774378617069683 -0.13611845867798958 -0.028802274683850878 -0.09142656975057642 -0.025573441095773676 0.039703946417679853 -0.039152240771224686 -0.19630547447052044 0.0033592814962596675 -0.11802912854202047 0.0047555841781745795 0.0476837321949218 -0.025704571686862188 0.043632643794964988 0.0092662515740822328 -0.11625508649005159 0.059564722624855487 0.039426607883118969 -0.0030529011749713857 -0.026325268789331942 0.0023244133638677463 0.045257113248070281 -0.020932657153080653 0.0096001312470880562 0.020717866952089707
leaf_weight=6844713.3787215799 2223581.1196945012 71729.423969686031 179859.26028151065 53317.573111519217 28964.019764713943 766702.4641482234 13718.790640667081 412047.65858437121 83585.629332795739 1263730.4030914605 33980.408461466432 365634.07589264214 7489.1380837708712 1141780.8067210466 146711.59814886749 18641747.559024885 48524.522686898708 1038646.4884729609 148833.97762596607 3648081.0688850284 18789.295090354979 113533.08103317022 115031.95109612495 2127951.1721992493 1241099.4902383015 1523033.3327843249 239174.83103422821 1866422.1138964221 262963.35023316741 2379097.1992730498
leaf_count=3945964 1375655 108551 763158 75347 65708 271428 28532 519808 258836 2801811 56239 1113711 39269 1154837 945898 7770265 38183 2603549 69792 1020845 92478 62174 155520 2452625 1911180 1122504 166688 2630846 271101 557658
internal_value=-9.0534e-05 -0.00814242 -0.00681372 -0.0268548 -0.0454963 0.00555076 -0.00529275 -0.00885221 -0.0110156 -0.0296589 -0.0537802 -0.0594517 0.00351159 0.00648776 -0.0976189 0.00358331 -0.0192816 -0.022429 0.00800361 0.0118157 -0.034913 -0.00783659 -0.00668308 -0.00834253 -0.020748 -0.00542007 0.00182835 -0.0104822 0.024667 0.0137865
internal_weight=4.70505e+07 1.93838e+07 1.8718e+07 1.32035e+06 665809 2.76667e+07 1.73976e+07 1.05529e+07 9.24857e+06 1.34732e+06 594079 560099 2.08728e+07 1.30433e+06 194465 2.08653e+07 1.14049e+06 1.08717e+06 1.29061e+06 6.79388e+06 47753.3 7.90126e+06 7.48921e+06 7.11271e+06 1.35613e+06 5.75658e+06 2.36713e+06 3.38946e+06 376496 6.02718e+06
internal_count=34450160 23415040 21032455 3480237 2382585 11035120 17552218 13606254 12353093 3060647 2274034 2217795 9185189 1253161 1104084 9145920 2717079 2641732 1224629 1849931 158186 9292446 8772638 8439363 2066700 6372663 2619313 3753350 333275 1578503
is_linear=0
shrinkage=0.1


Tree=31
num_leaves=31
num_cat=0
split_feature=9 4 8 11 8 3 11 11 10 8 11 7 10 10 10 11 11 11 3 3 10 2 10 10 9 10 10 10 6 11
split_gain=179811 76325 64032.5 96079.7 44632.2 36718.1 36006.4 36625 33747.3 31744 62344.9 29695.2 38366.3 25024.2 37391 26666.7 42729.8 24544.6 24534.9 23078.4 22238.1 21491.2 21304.8 67829.1 30433.6 24516.7 37736.3 20661.1 20647.3 20255.6
threshold=13.830000400543215 0.72189500927925121 25.51222133636475 0.79773375822167203 28.744288444519047 405.00000000000006 0.98005052076767474 0.99349222267034787 -0.45274443793211405 30.694287300109867 0.011826144619637555 15.990010738372805 0.056951373111866731 0.59868201182722736 -0.82415615971448097 0.68274389090025245 0.42763731121559989 -0.46800559042974538 28.500000000000004 160.50000000000003 -0.24372957273992746 375.85374450683599 0.82899317702918729 0.9550229469509578 16.150000572204593 0.84313847884979054 0.89787622492179153 1.0000000180025095e-35 9.6149997711181658 0.99958851518450398
decision_type=10 10 8 2 10 2 2 2 2 10 2 8 2 2 2 2 2 2 2 2 2 2 2 2 8 2 2 2 8 2
left_child=1 5 29 9 8 6 28 -8 -5 13 -11 12 -3 14 -4 16 -15 -14 -6 21 -10 -13 24 25 -12 -24 -27 -9 -1 -2
right_child=2 11 3 4 18 -7 7 27 20 10 22 19 17 15 -16 -17 -18 -19 -20 -21 -22 -23 23 -25 -26 26 -28 -29 -30 -31
leaf_value=-0.068223798863020962 0.00078874838568772972 -0.053106692039343262 0.012064828580110713 -0.12381688162827867 -0.04840061413366404 -0.18345922436282236 -0.065292269013600135 0.014969698468288809 0.019431136687275207 -0.0098034091767506444 -0.037974352759096629 0.0063892405092303584 -0.06292740522099903 0.016856201717372194 -0.057520520076668351 0.044224304566072958 -0.038703510936101172 0.0028560314633051653 -0.10393032229010264 -0.12743061394495656 -0.03746601559018635 0.029850776828613958 0.067564280127273446 -0.058317786414296274 -0.090933209002664953 -0.0626064289038714 0.0181354231906443 -0.034947467419759702 -0.0017057645172929075 0.059951823999861667
leaf_weight=46802.623957842588 1360195.0280658454 176335.19103439152 145792.01489284635 35807.136957630515 132947.16628359258 11251.077695980668 179243.78041118383 171257.04382625222 94759.815690368414 2101381.7976462618 367103.52215273678 22681235.633122891 61099.938625812531 439631.26309125125 164180.35508614779 166980.22651322931 202037.9728410542 790899.08957077563 198167.2973132208 12817.063743583858 249725.39300637692 397272.21800094843 53639.027938887477 333741.50845864415 154045.88048060238 83104.904044434428 190738.02155761421 160751.03826569021 15798032.184138998 60440.152153894305
leaf_count=51635 2036715 173332 211606 188562 421978 77832 370592 235934 266662 3031822 912481 8130745 48129 408735 425511 231542 361804 497832 1031279 43421 771007 70569 72813 867535 824609 234000 351365 275938 11752588 71587
internal_value=-8.28346e-05 0.00240148 -0.0154755 -0.0206931 -0.0547911 -0.00286927 -0.00274504 -0.0288652 -0.0314191 -0.015183 -0.0201391 0.00597815 -0.0106489 -0.000634053 -0.0247918 0.00862613 -0.000637502 -0.00186154 -0.0816344 0.0067186 -0.0218149 0.00679311 -0.0385083 -0.0265913 -0.0536284 0.00574168 -0.00636783 -0.0091991 -0.00190225 0.00330581
internal_weight=4.70214e+07 4.0487e+07 6.53442e+06 5.11378e+06 711407 1.63673e+07 1.63561e+07 511252 380292 4.40238e+06 3.28375e+06 2.41197e+07 1.02833e+06 1.11862e+06 309972 808649 641669 851999 331114 2.30913e+07 344485 2.30785e+07 1.18237e+06 661223 521149 327482 273843 332008 1.58448e+07 1.42064e+06
internal_count=34450160 21728547 12721613 10613311 2679488 12764519 12686687 882464 1226231 7933823 6294625 8964028 719293 1639198 637117 1002081 770539 545961 1453257 8244735 1037669 8201314 3262803 1525713 1737090 658178 585365 511872 11804223 2108302
is_linear=0
shrinkage=0.1


Tree=32
num_leaves=31
num_cat=0
split_feature=2 9 3 9 11 1 8 11 10 3 8 7 10 8 11 10 10 3 9 11 11 11 8 1 2 10 10 11 3 11
split_gain=147569 67283.3 45386.8 39954.5 32741.2 34844.2 26679.9 67682.3 25442.5 24939.8 23560.9 23127.7 24441.6 22935.3 60823.1 54629.5 35197.1 29242.9 24864.4 22207.6 21367.3 23426.7 20436.8 20333.7 20285.2 20263.4 19204.4 32697.1 19287.8 17892.8
threshold=11.458796977996828 15.030000209808351 320.50000000000006 18.740000724792484 -0.20180761162458913 1.0000000180025095e-35 28.804286003112797 0.79253265336324141 0.99274428880883148 28.500000000000004 16.131060600280765 20.300239562988285 0.79904096188274243 31.775715827941898 -0.89404254237865755 0.54219432480460406 0.52766072109828632 111.50000000000001 8.7415904998779315 -0.7614016681079937 0.9989598388634241 0.44312301391210612 31.42004489898682 10.815105915069582 1.4360010623931887 0.90892735371523092 0.66527693225344786 0.68274389090025245 9.5000000000000018 0.41202506375868281
decision_type=2 8 2 10 2 8 8 2 2 2 8 10 2 8 2 2 2 2 8 2 2 2 8 10 2 2 2 2 2 2
left_child=1 2 13 6 5 -2 26 19 10 -9 23 12 -12 14 24 18 17 -16 -15 -8 21 25 29 -6 -1 -5 28 -28 -3 -21
right_child=4 3 -4 20 8 -7 7 9 -10 -11 11 -13 -14 15 16 -17 -18 -19 -20 22 -22 -23 -24 -25 -26 -27 27 -29 -30 -31
leaf_value=-0.067926382743209682 -0.0011654766308977606 -0.038765075076543962 -0.18048338128732067 0.02690988642532266 0.026317878598278024 0.0082889078058863419 0.0074270754152479124 -0.036804276046155639 0.021467617701964849 -0.1021845379310151 -0.025839211770267351 -0.0014916961369142497 0.00036321765263568723 0.016069311390906692 -0.0092920544498019727 -0.01244682680373951 0.0071184147322993253 -0.1314366870712263 0.0012035565044382166 0.028280155326861501 0.052748086400182963 -0.10220294447528649 -0.025985057962482475 -0.026683457942654726 -0.026907064311028184 -0.064294574396881521 -0.0013437702163978261 0.068972211061487917 -0.0038039603876141598 -0.019893702044994712
leaf_weight=172421.81409664452 5005360.8627640903 210983.3007324636 14544.41978931427 35193.712523810565 395068.87060853839 17623415.553354472 322261.57255429775 104908.07177074999 411905.77563944459 131450.32201868296 1000441.1673563272 3011571.1755419672 552655.09553796053 1526634.2487059236 4457627.4446021616 2549881.3744917661 1687237.9679247141 19687.287740603089 4278117.2487250343 142614.85348454118 15926.959274187684 101644.30233361572 1479250.7417737916 88621.310773938894 400818.3308441937 79136.026670068502 292884.08056444675 85416.636760272086 626031.86716050655 167835.58468282968
leaf_count=180194 2146864 388246 96221 78672 207677 5764450 332072 294966 196787 728603 823120 1395722 346265 685055 5371001 2963768 1619324 69750 3261635 173473 23513 589500 3499139 51809 250397 309632 350551 83133 1690764 477857
internal_value=-7.64765e-05 -0.00690766 -0.00391717 -0.0188104 0.00452056 0.00619765 -0.0161931 -0.0224177 -0.00242973 -0.0731654 -0.00437956 -0.00660338 -0.0165153 -0.00374701 -0.00808789 -0.000246212 -0.00519059 -0.00982914 0.00511321 -0.0167383 -0.0590303 -0.0672734 -0.0210896 0.016607 -0.039245 -0.0362194 -0.00416548 0.0145329 -0.0126165 0.00223642
internal_weight=4.69915e+07 1.89025e+07 1.5107e+07 3.79554e+06 2.8089e+07 2.26288e+07 3.56364e+06 2.34832e+06 5.46026e+06 236358 5.04836e+06 4.56467e+06 1.5531e+06 1.50924e+07 6.73779e+06 8.35463e+06 6.16455e+06 4.47731e+06 5.80475e+06 2.11196e+06 231901 215974 1.7897e+06 483690 573240 114330 1.21532e+06 378301 837015 310450
internal_count=34450160 23517466 14497345 9020121 10932694 7911314 8018804 5506110 3021380 1023569 2824593 2565107 1169385 14401124 7490666 6910458 7060075 5440751 3946690 4482541 1001317 977804 4150469 259486 430591 388304 2512694 433684 2079010 651330
is_linear=0
shrinkage=0.1


Tree=33
num_leaves=31
num_cat=0
split_feature=9 9 3 7 11 8 11 6 8 9 4 11 8 10 10 11 11 8 11 10 10 8 6 10 3 10 11 11 11 2
split_gain=124468 54091.7 43065.2 34293.9 33028.6 33444.5 51947.2 32855 30715.5 31099.9 29659 29110.9 28162.5 58257.5 27397.3 28321.8 23943.4 23732.3 23097.3 32896.7 21779.4 23651.7 21651 21643.8 21427.3 21272.4 25202.5 32615.6 26995.6 22162.8
threshold=10.809999942779543 17.650444030761722 405.00000000000006 18.470034599304203 -0.93543596745397617 18.616177558898929 0.79773375822167203 30.240080833435062 29.029999732971195 13.190001487731935 13.617078781127931 -0.46800559042974538 31.461536407470707 0.89404822654372251 0.91596454896554913 0.080547328232315238 -0.57077231802681661 27.674286842346195 0.99855310097228334 0.62587949062545845 -0.01397611846945947 33.277143478393562 19.600341796875004 0.9550229469509578 7.5000000000000009 -0.42180583328916638 0.96849880583763492 0.99249573635719013 0.95936279103287792 18.823777198791507
decision_type=10 8 2 8 2 10 2 8 10 10 10 2 10 2 2 2 2 10 2 2 2 10 8 2 2 2 2 2 2 2
left_child=2 4 3 16 7 -6 12 -2 25 -10 -5 -3 13 -7 -14 -16 -1 -12 19 -13 -19 -22 -15 -17 -11 29 28 -28 -27 -8
right_child=1 11 -4 10 5 6 8 -9 9 24 17 18 14 22 15 23 -18 20 -20 -21 21 -23 -24 -25 -26 26 27 -29 -30 -31
leaf_value=-0.043280939032575114 -0.055833427355035305 0.021183822471894639 -0.18870303869451321 0.0026242187069455214 0.010031618603020417 -0.0081015060206892087 -0.065154091234927491 0.010534003993944845 -0.016432561555242465 0.0033530930331496112 0.026245573185101428 -0.081891475080154957 -0.0068283122716216787 -0.082225016843440787 -0.013892770443831094 -0.011702219729729636 -0.0059179040797583413 0.0045683149961160668 0.037241246681300827 -0.03044597511300013 0.025521941583097358 -0.0036773957215142997 0.020518671649247339 -0.060201737231194034 -0.076203637149359613 -0.0087694692777710113 -0.060041693130984022 -0.0086207555469342487 0.045096387628072304 0.084753488043450648
leaf_weight=192470.77454671264 78430.697598338127 80036.860203266144 11655.726139217615 23110245.34767732 958445.78810931742 2572453.141259864 129267.22536848485 1523963.90395087 218147.19578810036 38847.818905904889 802888.42891716957 188729.32536628842 4701699.9255227298 20878.414251595736 1115369.9579844251 136516.6619868204 1575300.8848609775 4634122.6055414528 33719.144918054342 364071.68070884794 1139152.5029490292 366706.65105617046 1162749.3544407561 282273.35800740123 263373.37625069171 635853.49707057327 209379.03776647151 300221.50863590091 108986.15193472803 10676.858500391245
leaf_count=150683 80172 115742 88361 10129070 803557 3275121 406034 812690 398590 70111 183685 1118242 5528265 19299 1607494 226636 1276037 1382004 56346 1112328 283820 121860 878318 596334 1101222 1175459 635070 647605 163701 6304
internal_value=-7.00787e-05 -0.00753614 0.0034795 0.00354989 -0.0062529 -0.00793917 -0.00938575 0.00728559 -0.0244745 -0.0452073 0.00434609 -0.0353887 -0.00649429 0.000346265 -0.0106146 -0.0222183 -0.0099859 0.0100776 -0.0431087 -0.0480098 0.00796338 0.0184113 0.0187063 -0.0443919 -0.0659773 -0.0167373 -0.0126119 -0.029748 -0.000887729 -0.0537171
internal_weight=4.69666e+07 1.51341e+07 3.18325e+07 3.18209e+07 1.44675e+07 1.28651e+07 1.19067e+07 1.60239e+06 1.91475e+06 520368 3.00531e+07 666557 9.99194e+06 3.75608e+06 6.23586e+06 1.53416e+06 1.76777e+06 6.94287e+06 586520 552801 6.13998e+06 1.50586e+06 1.18363e+06 418790 302221 1.39438e+06 1.25444e+06 509601 744840 139944
internal_count=34450160 20834640 13615520 13527159 18431982 17539120 16735563 892862 4604096 1569923 12100439 2402658 12131467 4172738 7958729 2430464 1426720 1971369 2286916 2230570 1787684 405680 897617 822970 1171333 3034173 2621835 1282675 1339160 412338
is_linear=0
shrinkage=0.1


Tree=34
num_leaves=31
num_cat=0
split_feature=11 6 10 7 9 7 7 1 11 10 3 3 3 2 10 11 11 11 6 2 11 7 3 10 8 10 3 3 9 3
split_gain=102440 73897.6 71898.4 66590.5 52636.5 47916.5 45141.7 43243.7 52469.5 35954.3 45754.6 30526.5 31293.9 30049.2 27576.9 28261.8 38967.2 33962 27265.2 28065.4 27533.6 28997.1 27228 23980.6 28989.1 31452 23343.8 25534.8 23062.6 22094.8
threshold=-0.14250536273956091 31.030729293823246 0.52766072109828632 18.470034599304203 12.84999990463257 11.564236164093019 6.2799537181854257 0.10636131092906 -0.22700609751797865 0.82899317702918729 47.500000000000007 77.500000000000014 29.500000000000004 3.1396071910858159 0.48314048284850658 0.96849880583763492 0.93158198870884079 0.99249573635719013 28.280142784118656 1.5027573108673098 -0.42958798411962301 21.210034370422367 27.500000000000004 0.9550229469509578 32.235715866088874 0.9962888416657264 21.500000000000004 8.5000000000000018 9.6035952568054217 425.50000000000006
decision_type=2 8 2 10 10 8 8 8 2 2 2 2 2 2 2 2 2 2 8 2 2 8 2 2 10 2 2 2 8 2
left_child=5 2 3 6 -3 13 11 8 18 10 -6 12 -2 -1 15 16 22 -17 19 -7 29 -22 -8 -11 -25 -26 27 -18 -24 -20
right_child=1 4 -4 -5 9 7 14 -9 -10 23 -12 -13 -14 -15 -16 17 26 -19 20 -21 21 -23 28 24 25 -27 -28 -29 -30 -31
leaf_value=-0.12276799464196593 -0.001069646701695491 -0.0087142173029713024 0.011004589014002655 0.0051536662812106098 -0.034253388112251509 -0.069681395506816998 -0.016269808007377356 0.0061774484812070138 0.023403152149052101 0.0029506050177636723 -0.095900407553453096 -0.084026198341382571 0.054620964154996315 -0.02509164115510364 -0.081313314437367293 -0.063919980829359235 0.0082608569947606354 -0.01943312892584878 9.4661750584984052e-05 -0.013020905098436201 0.014561056735525189 -0.020870301682317002 0.081147714088746145 0.015074804372544937 -0.059309370128021427 -0.012479894487477447 0.029875004916866205 -0.066057223346334834 -0.05654087346331893 -0.19844347401247409
leaf_weight=43335.576970472932 832478.72870174795 3318696.1329864636 3022191.1183842197 2393038.7728213072 766012.20409762114 113720.77650503814 1174966.7176132798 20075676.619803488 799837.41600317508 387775.59865673631 142847.28518535942 39516.411097235978 114817.62234077603 115281.73860502243 78422.59461376816 298417.21603236347 151661.41398766637 403823.98268698901 9414201.9445972592 377989.24024435878 282493.94459596276 1266719.3687127307 12723.694918572903 127805.16218627989 308878.18396501243 267737.50051283836 262364.09957865626 66505.343102842569 277048.72383172065 5608.692615672946
leaf_count=74393 851808 2614942 2728082 1324349 2018118 156359 1788607 7090847 616390 758949 740389 144702 188481 76872 181133 957885 167650 921550 5963402 204983 231744 1197378 13310 153804 809409 560406 566658 157262 1146210 44088
internal_value=-6.4221e-05 -0.00707003 -0.00161026 -0.00785426 -0.0164382 0.00305067 -0.0162385 0.00331962 -0.00135985 -0.0292483 -0.0439426 0.00208811 0.00568037 -0.0517776 -0.0228729 -0.0211418 -0.014934 -0.0383378 -0.00308804 -0.0261251 -0.00205536 -0.0144095 -0.0230407 -0.0170207 -0.0280146 -0.0375652 0.00977632 -0.0143941 -0.0504951 -2.35508e-05
internal_weight=4.69426e+07 1.44477e+07 9.12798e+06 6.10579e+06 5.31975e+06 3.24949e+07 3.71275e+06 3.23362e+07 1.22606e+07 2.00106e+06 908859 986813 947296 158617 2.72593e+06 2.64751e+06 1.94527e+06 702241 1.14607e+07 491710 1.0969e+07 1.54921e+06 1.46474e+06 1.0922e+06 704421 576616 480531 218167 289772 9.41981e+06
internal_count=34450160 18793704 11137687 8409605 7656017 15656456 7085256 15505191 8414344 5041075 2758507 1184991 1040289 151265 5900265 5719132 3839697 1879435 7797954 361342 7436612 1429122 2948127 2282568 1523619 1369815 891570 324912 1159520 6007490
is_linear=0
shrinkage=0.1


Tree=35
num_leaves=31
num_cat=0
split_feature=9 3 8 11 7 10 11 9 8 8 11 11 11 9 6 10 10 11 10 10 10 8 6 3 10 11 11 11 10 11
split_gain=84934.6 44231.3 42737.6 53153.3 41945.3 52284.9 39917.9 30714.2 28275.4 26713.1 26807 24068.7 23480.6 22950.1 21018.7 21550.3 29062.2 20011.4 21978.7 19843.6 19677.4 30170.1 22715.1 18124.2 17765.9 17679.5 39454.6 18226.9 17215.3 17113.4
threshold=13.830000400543215 405.00000000000006 25.51222133636475 0.79773375822167203 18.470034599304203 0.52766072109828632 -0.4755978891912595 7.4200010299682626 17.882857322692875 29.288478851318363 0.8852232634113919 0.97062204580664158 -0.14250536273956091 19.22970008850098 31.6281852722168 0.96904697354198299 0.19337368024598436 -0.074115882986646633 -0.62588817255938378 0.89404822654372251 0.58481550752069722 19.805377960205082 12.928055286407472 64.500000000000014 -0.26037633224328088 0.99681593486783593 0.98005052076767474 -0.30982845708428081 0.3744682635859638 0.99958851518450398
decision_type=10 2 8 2 8 2 2 8 8 10 2 2 2 8 8 2 2 2 2 2 2 10 10 2 2 2 2 2 2 2
left_child=1 4 25 13 5 8 -7 19 29 10 -5 -10 -9 -4 15 16 -14 -16 -19 -6 21 -8 -22 -12 -11 26 27 -2 -18 -1
right_child=2 -3 3 9 7 6 20 12 11 24 23 -13 14 -15 17 -17 28 18 -20 -21 22 -23 -24 -25 -26 -27 -28 -29 -30 -31
leaf_value=-0.0015365252085620886 -0.055526163346209439 -0.18197672496802797 -0.0098559141785637874 -0.072620627322503822 0.0065469819709013596 -0.048081793100474758 0.079623564423626988 0.0024388043204524854 -0.016990441301673063 -0.033643690941567904 0.0020441385939761274 -0.046541627962423754 0.0033542440942967906 -0.060092304503796524 -0.031917808999902333 0.039866082801934447 -0.1230866599330738 -0.0015263322133135049 -0.021663875815869399 0.050435628094667985 -0.032530233320162159 -0.012750534884293991 0.0090575157869809061 -0.050197064774011702 -0.087248684570394225 0.038497330646908731 -0.058316566327880161 0.0087175196762338172 -0.02751561778931487 0.064947292837562634
leaf_weight=561253.99946670979 45965.261483296752 13114.40677164495 4279810.3824682534 94216.761748418212 12250174.410027161 132615.54848302901 90651.541295602918 18121556.064740397 1822169.2570726499 101876.83003047109 243027.75537693501 324732.45561698079 1840689.5776992738 92912.619334593415 385509.97375704348 142595.23898129165 21461.31216314435 1826500.3406394795 770672.05308505893 103892.49849048257 142806.86548241973 57965.518499299884 1635088.4798709452 91380.6847794801 157271.2963899672 139322.34941578656 103138.24465177953 1125923.7213870361 154773.29736271501 41585.984405115247
leaf_count=509499 51157 111100 7529110 399207 3939945 113654 35764 8534856 2229454 470502 661263 717128 1175972 404713 302378 62170 41532 1401539 981908 30097 99403 73344 1166856 388973 759543 206493 323554 1527098 174985 26963
internal_value=-5.9297e-05 0.00164325 -0.0106928 -0.0149879 0.00170281 -0.00706355 0.004986 0.00288639 -0.0160868 -0.0408297 -0.0255056 -0.0214602 0.000746451 -0.0109233 -0.00521755 0.00229614 -0.000360034 -0.0106576 -0.00750185 0.00691607 0.00863903 0.0435946 0.00571704 -0.0122313 -0.0661754 0.00467484 0.000979053 0.00619768 -0.039154 0.00304976
internal_weight=4.69147e+07 4.04398e+07 6.47485e+06 5.0605e+06 4.04267e+07 4.80887e+06 2.05913e+06 3.56178e+07 2.74974e+06 687773 428625 2.1469e+06 2.32638e+07 4.37272e+06 5.1422e+06 2.15952e+06 2.01692e+06 2.98268e+06 2.59717e+06 1.23541e+07 1.92651e+06 148617 1.7779e+06 334408 259148 1.41435e+06 1.27503e+06 1.17189e+06 176235 602840
internal_count=34450160 21728547 12721613 10613311 21617447 4972065 1489021 16645382 3483044 2679488 1449443 2946582 12675340 7933823 4140484 1454659 1392489 2685825 2383447 3970042 1375367 109108 1266259 1050236 1230045 2108302 1901809 1578255 216517 536462
is_linear=0
shrinkage=0.1


Tree=36
num_leaves=31
num_cat=0
split_feature=4 3 9 11 11 11 10 3 6 7 11 8 10 7 7 11 11 8 11 7 3 3 10 10 3 8 9 10 11 7
split_gain=70531.8 42830.2 37849.1 23440.9 22053.1 49432.3 26173.3 24687.5 23334.1 20644.7 20625.1 22387.8 20138.9 51957.1 19203 18912.2 20561.2 18758.2 18094 17808.7 17806 17348.6 16264.7 16261.3 16228.2 15766 14796.8 33140.1 42626.9 31302.5
threshold=0.40301407873630529 128.50000000000003 18.600001335144047 -0.83375966452616657 0.96849880583763492 0.99681593486783593 1.0000000180025095e-35 92.500000000000014 9.6149997711181658 2.7907195091247563 -0.92272482904738262 34.173860549926765 0.17646842360078763 3.543819904327393 17.510086059570316 0.99855310097228334 0.95178258287705175 28.744288444519047 0.99855310097228334 16.60019683837891 15.500000000000002 224.50000000000003 -0.39036798905311365 1.0000000180025095e-35 5.5000000000000009 24.531338691711429 12.402499675750734 -0.42180583328916638 0.69521084835931835 12.240072727203371
decision_type=10 2 10 2 2 2 2 2 8 8 2 10 2 10 10 2 2 10 2 8 2 2 2 2 2 10 8 2 2 8
left_child=1 2 4 -3 8 7 -7 12 -1 -8 19 18 14 -14 17 16 22 -6 21 -2 -13 -12 -4 -5 -11 -15 -10 28 29 -28
right_child=10 3 15 23 5 6 9 -9 26 24 11 20 13 25 -16 -17 -18 -19 -20 -21 -22 -23 -24 -25 -26 -27 27 -29 -30 -31
leaf_value=-0.080928373465012318 -0.069112301953522595 0.0092951499872202647 -0.12522168798749453 -0.18507700231950769 -0.041857953809698409 0.02813364859023796 0.047834191248326288 -0.13342819878663248 -7.7417727921086764e-05 -0.1013803902686497 0.0029026555554390585 -0.010284064069491798 0.077682964582246383 -0.0094339339977442625 0.0036405078856095174 0.053740747392311564 -0.14878964655682278 -0.10939690228217634 -0.073085551059325099 0.0077507010547934203 0.044377585246751144 -0.19600394199911367 -0.032221634126959879 -0.048091731269127899 -0.020137423463337151 -0.090946331076129261 0.024245985461655638 -0.0022405644702047619 -0.046152469671188773 -0.016348387460095665
leaf_weight=37916.598666474223 30253.343202024698 78790.134434953332 20979.893536560237 8955.0752787292004 355355.88830231875 270744.40912826359 34760.828418180346 24273.966347880661 11141009.371647805 31567.519802823663 16002605.683273241 1914196.8277183622 55969.247421480715 57425.611273430288 81211.614424139261 18550.113536208868 19736.661164738238 46504.548962287605 31442.554793342948 8327841.2199850157 61508.602221690118 4386.1721631288528 181422.32799486816 268222.27812787145 111181.2658777535 40438.132308848202 230530.87027508393 5916505.6757086702 409957.65011702478 1079177.5751204342
leaf_count=44079 27276 86683 192975 72619 884898 410009 27687 132212 7227514 69743 6411462 1099361 34369 102272 116061 27541 161474 251328 40144 2667484 58902 30949 651339 918976 260324 144163 339159 8529056 1339357 2090744
internal_value=-5.42149e-05 -0.00445073 -0.00384375 -0.0388358 -0.00336758 -0.0170683 0.0085678 -0.0344486 -0.00255971 -0.0212748 0.00336687 0.00146198 -0.0306763 0.000834723 -0.0407108 -0.0432615 -0.0513619 -0.0496738 0.00269929 0.00747248 -0.00858231 0.00284815 -0.0418615 -0.0525175 -0.0381035 -0.0431156 -0.00240147 -0.0057922 -0.0180116 -0.00920309
internal_weight=4.68934e+07 2.05212e+07 2.01652e+07 355967 1.99245e+07 1.10943e+06 448254 661179 1.88151e+07 177510 2.63722e+07 1.80141e+07 636905 153833 483072 240689 222139 401860 1.60384e+07 8.35809e+06 1.97571e+06 1.6007e+07 202402 277177 142749 97863.7 1.87772e+07 7.63617e+06 1.71967e+06 1.30971e+06
internal_count=34450160 24114582 23036304 1078278 22002975 2433066 767763 1665303 19569909 357754 10335578 7640818 1533091 280804 1252287 1033329 1005788 1136226 6482555 2694760 1158263 6442411 844314 991595 330067 246435 19525830 12298316 3769260 2429903
is_linear=0
shrinkage=0.1


Tree=37
num_leaves=31
num_cat=0
split_feature=9 3 9 8 11 3 10 11 6 10 6 11 10 8 10 10 7 11 2 10 7 10 11 8 10 3 11 3 10 8
split_gain=59302.3 39611.7 34319.3 32068.5 55371.4 28532.3 22593.1 22254.6 23418 19763.6 21440.2 18076.8 46582.9 18791 24177.7 23215.5 17224.2 17192.5 16265.7 16076.2 15727 15640.9 15571 15534.5 30852.9 20508.2 22499.1 19302.9 20296.6 36091.8
threshold=14.855237960815431 405.00000000000006 7.4200010299682626 28.804286003112797 0.56191161272202661 35.500000000000007 0.99053107487289871 -0.97507822412530132 31.330038070678714 -0.861146256326485 35.839796066284187 0.97832380634958016 -0.108376950152639 15.10928535461426 -0.022576249993022688 -0.05695216311707673 16.813553810119632 -0.77243990499604276 1.4360010623931887 0.76696112484652035 2.7907195091247563 0.9962888416657264 0.2332836900311728 34.725713729858406 -0.99940763397299126 25.500000000000004 -0.70289845916694649 147.50000000000003 0.52766072109828632 33.072200775146491
decision_type=10 2 10 8 2 2 2 2 10 2 10 2 2 10 2 2 10 2 2 2 8 2 2 10 2 2 2 2 2 8
left_child=1 2 -1 6 9 19 20 8 18 22 -11 23 -13 15 16 -14 -15 -12 -4 -6 -2 -8 -5 27 -25 26 -26 28 -9 -30
right_child=3 -3 7 4 5 -7 21 11 -10 10 17 12 13 14 -16 -17 -18 -19 -20 -21 -22 -23 -24 24 25 -27 -28 -29 29 -31
leaf_value=0.0053093917330397297 0.03261782634397619 -0.17803135697106767 -0.060276896785987522 -0.0086884022456784997 -0.017303520642852361 -0.075466705398106376 0.088573646141329024 -0.0018921514702836791 0.0094112551290903568 0.0051021327778044412 0.0053340067994551311 -0.084462246214234094 -0.13048677748464307 -0.0082035284992810053 -0.032607931677368418 0.032841467102576564 0.069918755331835766 -0.022598075874232449 -0.0063778050168242315 -0.098271096999388893 -0.0058334191957874273 -0.00081528737909706032 -0.072512800915201625 0.065631430312025354 -0.0039599864991228069 0.010022727922215289 -0.018570199088533364 -0.083434670226616839 0.0091030435238040035 -0.015838037792911524
leaf_weight=13405738.512312613 115216.84752670676 12345.534715458751 62385.486511290073 66171.168187916279 224039.85409131646 220083.37395431846 47146.351305887103 14604972.661185086 3369834.4370815456 722179.47196997702 282675.65352211893 91200.718343392015 9273.1439338475466 79475.756386972964 319253.67509604245 141479.79420655966 43762.235108338296 999602.8608732596 546167.35926353931 27536.270164385438 1385545.7934521586 33471.829239480197 90506.94379953295 58884.362217701972 2770401.3891147077 610361.32520344853 1701313.0960340053 27793.186564520001 4130798.9647341222 675011.46611270308
leaf_count=4685110 133524 118294 70036 160152 751622 1308033 21010 9512896 1357886 1225477 287300 241112 18457 154273 653912 117921 41415 2232237 233538 85033 2902508 28076 411336 40885 1592774 936172 1548018 91459 2873898 615796
internal_value=-5.00465e-05 0.00106787 0.00111972 -0.0113668 -0.0181276 -0.0491704 -0.000111113 -0.000800977 0.00615089 -0.0113526 -0.00867898 -0.00189571 -0.0179255 -0.00769666 -0.0180848 0.0227948 0.019538 -0.0164405 -0.0119032 -0.0261658 -0.00288143 0.0514603 -0.0455573 -0.00144934 -0.00633779 -0.00717167 -0.0095186 -0.00015648 -3.72388e-05 0.00559988
internal_weight=4.68746e+07 4.26605e+07 4.26481e+07 4.21418e+06 2.6328e+06 471659 1.58138e+06 2.92424e+07 3.97839e+06 2.16114e+06 2.00446e+06 2.5264e+07 684445 593245 442492 150753 123238 1.28228e+06 608553 251576 1.50076e+06 80618.2 156678 2.45795e+07 5.14096e+06 5.08208e+06 4.47171e+06 1.94386e+07 1.94108e+07 4.80581e+06
internal_count=34450160 24903852 24785558 9546308 6461190 2144688 3085118 20100448 1661460 4316502 3745014 18438988 1227090 985978 849600 136378 195688 2519537 303574 836655 3036032 49086 571488 17211898 4117849 4076964 3140792 13094049 13002590 3489694
is_linear=0
shrinkage=0.1


Tree=38
num_leaves=31
num_cat=0
split_feature=11 6 7 10 11 1 11 8 10 2 8 3 3 11 8 8 10 3 10 2 6 3 10 3 3 8 10 6 2 3
split_gain=53339.6 48386.4 39546.6 37087.8 29841 26218.3 43263.1 35181.4 26225.6 29081.4 25545.9 24738.8 23898.7 23049.8 25464.3 22395.4 28635.6 22511.7 19955.7 19329.4 19179.3 18917.3 18077.1 17661.1 17482.9 19390.9 24353.5 26777.7 19858.7 19177.1
threshold=-0.14250536273956091 31.6281852722168 10.534201145172121 0.99274428880883148 0.7710868207630478 1.2033764719963076 -0.23537842981696178 29.240000724792484 0.77244481603295057 2.8428689241409306 18.616177558898929 128.50000000000003 165.50000000000003 -0.42958798411962301 33.985715866088874 31.89927959442139 0.52766072109828632 111.50000000000001 0.88220160189607266 3.0359220504760747 40.730085372924812 5.5000000000000009 0.48314048284850658 51.500000000000007 91.500000000000014 21.923569679260257 0.58481550752069722 15.090717792510988 0.31113341450691229 13.500000000000002
decision_type=2 8 8 2 2 10 2 8 2 2 8 2 2 2 10 8 2 2 2 2 10 2 2 2 2 10 2 8 2 2
left_child=2 3 19 11 12 6 7 8 9 -4 -5 15 -3 -9 -15 16 17 22 -17 -1 21 -8 -2 -6 25 26 -18 29 -27 -28
right_child=1 4 5 10 23 -7 20 13 -10 -11 -12 -13 -14 14 -16 18 24 -19 -20 -21 -22 -23 -24 -25 -26 28 27 -29 -30 -31
leaf_value=-0.13507836046409899 -0.0058849509247755902 -0.011124998513610485 -0.051074234847985026 -0.076953221294243701 -0.034291426935315464 0.0052163270213712734 0.011545838706944174 0.0013881211701913723 0.016631673211489128 -0.013990194124652307 0.029226945806339555 -0.066303134518539322 -0.095218858008291135 -0.0014314974851207304 -0.026372144133840755 0.0238856391512993 0.056070602385073776 -0.093334784590735687 -0.047181955017129733 -0.03468509749902382 -0.10326974065206745 0.040829810889154376 -0.044194872993579035 -0.10153352309720586 0.053858480487194708 0.010283374925461913 -0.012591364412693498 0.022119435351923344 -0.012522191137600737 -0.17230125111009742
leaf_weight=25754.464630767703 6112483.8561685197 4199673.0643738806 264034.37024055049 23717.60922716558 191199.74667755514 16322948.234391153 690522.97986830771 11752502.24815743 210371.20611529425 1062133.0367159843 507514.01297681779 60708.403326779604 34068.67703730613 1071128.4490161464 662609.89378431439 474116.41301096976 128535.3184427321 30108.093217425048 43103.738366097212 75107.690773010254 12593.676802203059 324150.47146697715 125703.61916828156 49088.490362603217 72700.299615412951 672549.86650383472 247600.59897303581 518575.24695882201 883320.43511635065 7753.7367975562811
leaf_count=48141 8417401 5761319 312510 20840 434098 5482866 373451 6864167 136223 529999 268682 241577 165319 554800 901992 357623 69945 126949 57103 51878 49480 350949 215211 285113 125402 1002032 150021 327078 750568 17423
internal_value=-4.57979e-05 -0.00511559 0.00219959 -0.00121805 -0.0137473 0.00239438 -0.000475557 -0.00183321 -0.0161701 -0.0213735 0.0244864 -0.00267424 -0.0118017 -0.000199749 -0.0109635 -0.00225962 -0.0034483 -0.00707326 0.0179631 -0.0603198 0.0193787 0.020901 -0.00665692 -0.0480283 0.00552918 0.00409993 0.0157613 0.0090667 -0.00266412 -0.0174409
internal_weight=4.68564e+07 1.43825e+07 3.24739e+07 9.90849e+06 4.47403e+06 3.2373e+07 1.605e+07 1.50228e+07 1.53654e+06 1.32617e+06 531232 9.37726e+06 4.23374e+06 1.34862e+07 1.73374e+06 9.31655e+06 8.79933e+06 6.2683e+06 517220 100862 1.02727e+06 1.01467e+06 6.23819e+06 240288 2.53104e+06 2.45834e+06 902465 773930 1.55587e+06 255354
internal_count=34450160 18793704 15656456 12147855 6645849 15556437 10073571 9299691 978732 842509 289522 11858333 5926638 8320959 1456792 11616756 11202030 8759561 414726 100019 773880 724400 8632612 719211 2442469 2317067 564467 494522 1752600 167444
is_linear=0
shrinkage=0.1


Tree=39
num_leaves=31
num_cat=0
split_feature=9 3 9 10 11 11 9 8 11 11 3 11 8 6 11 11 2 11 3 8 11 10 11 6 3 11 6 6 10 10
split_gain=44838.9 36162.3 27891.9 21618.4 29534.4 22509.6 22185.4 19792.3 33319.9 25963.5 19506.6 18189.3 17558 16873.6 15830.9 23273.6 15427.4 15384.9 15352.8 15089.8 29834.7 23088.6 21907.1 17880.6 16963.7 16144.6 43512.1 22666 30483.5 15883.2
threshold=15.820071220397951 405.00000000000006 8.1899991035461444 0.57077594689671507 -0.77243990499604276 0.99748108949426018 18.275887489318851 30.694287300109867 0.56191161272202661 0.29958852271690523 13.500000000000002 -0.97507822412530132 25.045714378356937 32.94041824340821 0.68274389090025245 0.42763731121559989 0.47109581530094152 -0.013976481981245173 17.500000000000004 16.131060600280765 0.96849880583763492 -0.05695216311707673 0.99024581825578073 9.6149997711181658 67.500000000000014 0.95936279103287792 28.070371627807621 24.171957015991214 0.24372619187392155 0.26037272046371446
decision_type=10 2 10 2 2 2 8 10 2 2 2 2 10 8 2 2 2 2 2 10 2 2 2 8 2 2 10 10 2 2
left_child=1 2 -1 5 -5 6 -2 14 9 17 -7 13 -8 16 15 -6 -4 -9 -12 21 25 -13 24 -23 -22 -21 27 28 -27 -25
right_child=3 -3 11 4 7 10 12 8 -10 -11 18 19 -14 -15 -16 -17 -18 -19 -20 20 22 23 -24 29 -26 26 -28 -29 -30 -31
leaf_value=0.0037233976503121694 -0.025037720904005335 -0.17263992654978291 -0.058520229516490191 0.060127580918735296 0.013694148585676 -0.11020237343527231 -0.0010501980901540314 -0.012263788976559857 -0.092642706177706424 0.020131048415356609 0.12515444321886779 -0.028996928724877521 -0.10190105413639677 0.010140925029824326 0.033985451605807626 -0.040270636134993071 -0.002958054572265157 -0.044332349091877665 0.015020454560920006 -0.0024349953627088891 -0.038607888021942871 -0.031507178565728967 -0.0097389158587693498 0.047539354673891004 -0.1280926342311822 -0.11645125985308172 -0.074063508829198182 0.098198405530266375 0.054076117247764621 0.012926084432175548
leaf_weight=18354339.756672509 715034.55100044608 12033.136572480202 53503.517102047801 64754.350096940994 239022.14235096425 10663.499289214611 22923.11561832577 552274.58943395317 55027.207588531077 193046.98982478678 15033.8439874053 126415.94722850621 69913.85441429168 2312470.7456205487 153898.05757238716 120059.75374542922 757276.69089278579 205181.28850886226 80074.594147890806 21144301.412639536 227914.7282416597 68454.730743020773 428721.5034122169 180462.90511037409 23355.563879258931 14024.002787277102 31604.957340084016 64399.702507175505 41514.378828704357 499563.95251247287
leaf_count=6609605 2470701 124093 61767 55756 237716 31733 81355 1166931 283734 429129 10291 162037 562563 990773 236550 244674 328291 646429 175509 17299467 530082 63980 870791 134695 122546 31827 80561 59011 39961 307602
internal_value=-4.18816e-05 0.00069235 0.000739402 -0.0130804 -0.00601203 -0.0253294 -0.0310089 -0.00883245 -0.0169868 -0.0126069 0.0180498 -0.00136922 -0.0769992 0.00578868 0.00715158 -0.00434909 -0.00662461 -0.0209506 0.0324294 -0.00234756 -0.0028603 0.0105315 -0.0234801 0.0172077 -0.0469255 -0.0022019 0.0303214 0.0578279 0.0110162 0.0221116
internal_weight=4.68373e+07 4.43404e+07 4.43283e+07 2.49691e+06 1.58326e+06 913643 807872 1.51851e+06 1.00553e+06 950503 105772 2.5974e+07 92837 3.12325e+06 512980 359082 810780 757456 95108.4 2.28507e+07 2.19758e+07 874898 679992 748482 251270 2.12958e+07 151543 119938 55538.4 680027
internal_count=34450160 27817089 27692996 6633071 3300919 3332152 3114619 3245163 2526223 2242489 217533 21083391 643918 1380831 718940 482390 390058 1813360 185800 19702560 19034246 668314 1523419 506277 652628 17510827 211360 130799 71788 442297
is_linear=0
shrinkage=0.1


Tree=40
num_leaves=31
num_cat=0
split_feature=11 6 9 3 6 2 10 10 3 8 11 10 7 6 10 10 3 10 8 10 2 10 9 8 10 7 7 6 2 9
split_gain=38524.3 33449.1 28094.3 28516.7 25836 24658.5 21953.9 31966.4 20781.2 22460.6 22392.2 20168.2 19814 31241.6 31986.3 18968 18047.9 16680.7 22148.3 41775 51751.7 40136.2 24978.9 20488.6 16465.7 24760.2 21844.7 15735.7 16686.1 15339.2
threshold=0.097680735332368748 23.780468940734867 15.870000362396242 147.50000000000003 39.520650863647468 6.1459491252899179 -0.39036798905311365 -0.30983472475487867 160.50000000000003 33.985715866088874 -0.94703994556331683 -0.05695216311707673 9.3503532409667987 23.570285797119144 0.24372619187392155 0.21022171450811275 13.500000000000002 -0.41398024697495356 33.380012512207038 0.29342972903661901 13.160539150238039 0.3744682635859638 11.465310096740724 30.65152740478516 0.95242846126021108 17.708258628845218 21.979481697082523 27.850315093994144 0.91383785009384166 19.690001487731937
decision_type=2 8 8 2 10 2 2 2 2 8 2 2 10 10 2 2 2 2 10 2 2 2 10 8 2 10 10 8 2 10
left_child=1 5 3 12 8 -1 -4 -8 17 -10 -11 -9 -2 14 -14 -6 -16 -3 19 20 23 -20 -23 -19 25 27 -26 28 -21 -13
right_child=2 4 6 -5 15 -7 7 11 9 10 -12 29 13 -15 16 -17 -18 18 21 24 -22 22 -24 -25 26 -27 -28 -29 -30 -31
leaf_value=-0.086208691417667696 0.0056670286022709442 0.00021820616387002151 -0.039086830555676154 -0.10450612437269846 0.02074168436795518 -0.016305787680743495 0.062577285745921737 -0.061434077224091901 -0.1524879477482769 0.061679433333265601 -0.044082307496347999 -0.0088928094549058766 -0.069468509229258221 -0.0036159609948197033 -0.023188864596737468 -0.013815783388659514 0.04433842689072675 -0.037518372788046081 0.0071108177007825641 -0.10276003294584966 0.0063238000410160856 -0.018781288691569406 -0.00087098933484241873 -0.0066128404528729978 0.031174816978641946 0.017035547242858943 -0.035352051333125696 0.004493331929693512 -0.017984661714251619 -0.071205340793253288
leaf_weight=66372.153793860227 2150523.3995224275 15726438.97690092 357327.48160796613 27627.318501479924 177357.08406087011 210535.85333096981 56298.799652379006 85153.306247200817 14860.712222177535 25211.349732965231 97199.222912151366 1142680.7451590039 145949.10011979192 6800212.7331529558 235202.90701404214 1520593.9940560833 47587.061282724142 371759.82269000262 4081070.818441093 27747.424976631999 5904013.8672015667 1261471.3721404225 2034698.0830519497 507111.50401747227 895761.05973311514 2214405.6075560749 52235.651931896806 400221.19835030288 142213.82626914978 40919.562791422009
leaf_count=92549 2138001 6713618 1494877 139839 106252 116859 150385 464080 79216 18860 266041 2723976 275291 8293283 208494 2146763 55613 293703 1661280 52020 1751680 793146 2220962 269808 480099 810669 32447 289325 102007 209017
internal_value=-3.8229e-05 0.00155978 -0.00518716 -0.00305859 0.00183018 -0.0330608 -0.0170891 -0.011157 0.0024356 -0.0363938 -0.0222999 -0.0144288 -0.00275978 -0.00526665 -0.0314481 -0.0102061 -0.0118256 0.00259415 0.00468244 0.00762933 0.00295369 0.000481954 -0.00772541 -0.0196858 0.016126 0.0122506 0.0275091 -0.00633248 -0.0318249 -0.0110471
internal_weight=4.68208e+07 3.57313e+07 1.10895e+07 9.4071e+06 3.54544e+07 276908 1.68238e+06 1.32505e+06 3.37564e+07 137271 122411 1.26875e+06 9.37948e+06 7.22895e+06 428739 1.69795e+06 282790 3.36191e+07 1.78927e+07 1.05155e+07 6.78289e+06 7.37724e+06 3.29617e+06 878871 3.73258e+06 2.78459e+06 947997 570182 169961 1.1836e+06
internal_count=34450160 18297304 16152856 11110521 18087896 209408 5042335 3547458 15834881 364117 284901 3397073 10970682 8832681 539398 2253015 264107 15470764 8757146 4081758 2315191 4675388 3014108 563511 1766567 1254021 512546 443352 154027 2932993
is_linear=0
shrinkage=0.1


Tree=41
num_leaves=31
num_cat=0
split_feature=11 6 7 10 3 7 9 11 10 3 8 3 8 9 8 11 10 3 11 10 6 11 7 11 2 11 3 6 10 11
split_gain=31989.9 37194.4 31428.3 30523.9 31716.5 26987.6 26740.5 22520.6 34360 36684 30910.9 32056.4 28099.3 25535.7 23175.4 21376.4 21139.2 34159.8 19458 20385.6 18950 19001.3 25603.9 27718.2 24989 20076.7 21696.8 18399.7 17679 27391.2
threshold=-0.14250536273956091 31.030729293823246 8.8005638122558612 0.52766072109828632 111.50000000000001 18.750151634216312 11.992140769958498 0.90070004940655357 -0.71504373327588355 4.5000000000000009 29.490000724792484 14.500000000000002 17.882857322692875 17.08029937744141 11.574999809265138 0.97263757644091875 0.82899317702918729 47.500000000000007 -0.074115882986646633 -0.70291267844185523 40.186279296875007 -0.26867065956352881 18.850197792053226 -0.62587551141915865 0.40000002086162573 -0.43733099657705293 104.50000000000001 30.390104293823246 -0.03977009085991149 0.96177147954086928
decision_type=2 8 8 2 2 10 10 2 2 2 10 2 10 10 8 2 2 2 2 2 10 2 8 2 2 2 2 10 2 2
left_child=2 3 -1 4 5 7 18 8 9 -2 11 12 28 -10 -13 -14 17 -8 -3 -20 21 22 23 24 -4 -24 -27 -26 -9 -30
right_child=1 6 20 -5 -6 -7 16 10 13 -11 -12 14 15 -15 -16 -17 -18 -19 19 -21 -22 -23 25 -25 27 26 -28 -29 29 -31
leaf_value=-0.088341083584469765 -0.028350692561338153 -0.024675654093244504 -0.076809624351351927 0.008156227187771049 -0.090108671881447028 0.0049183957367702818 -0.021750347220640436 -0.027543703559806343 -0.029000708031156036 0.014796915915519404 -0.046543652455288027 -0.11176161213543108 -0.0097979061956541703 -0.11257501884330011 0.015979409883051989 -0.049862733466420735 -0.0093706117987249291 -0.073916347464724336 0.0042280246305233448 -0.016579427800434879 -0.010189758341821254 0.011258434541198944 0.0031608592638914558 0.003254337932037275 -0.029278259433423576 -0.0050683055421960653 -0.11348755767958713 0.010915320792148143 -0.022369846084295666 0.036591054754290503
leaf_weight=38715.843798149377 343363.58705116808 401187.69740680605 84993.878081560135 3007404.9656022266 42640.683825261891 2311652.3749585599 1003968.8939895481 115508.19465515018 720108.73146153986 462396.38660980389 146307.14637235552 14416.593525782228 314024.17382033914 38515.128603987396 956735.92960064113 231229.87613645941 1221490.0825219452 143465.43182047084 1887958.7688302509 627302.71218984947 1264500.6841665804 2199520.1368146576 24875999.254416976 612586.68208601698 437884.04732224345 2766948.2923617959 18581.850701712072 153929.56471145153 116722.42286190391 242467.22473916411
leaf_count=42821 356453 257919 150658 2728082 205239 1234040 2341622 126155 1464827 789355 535848 28553 424107 289091 2159723 524062 2453452 769660 1151801 681563 1712182 1285775 10044689 441046 328540 1466584 78030 106131 92882 179270
internal_value=-3.50478e-05 -0.00396688 0.00170335 -7.89385e-05 -0.00416846 -0.00355906 -0.010634 -0.00885296 -0.0179701 -0.00358985 -0.00218011 0.00107974 -0.0113015 -0.0332438 0.0140831 -0.0267885 -0.0185262 -0.0282727 -0.00422348 -0.000961325 0.0018109 0.00229804 0.00161729 -0.0121569 -0.0261059 0.00225935 -0.00579155 -0.018824 0.00648738 0.0174311
internal_weight=4.68025e+07 1.43489e+07 3.24537e+07 9.06349e+06 6.05609e+06 6.01345e+06 5.28537e+06 3.7018e+06 1.56438e+06 805760 2.13741e+06 1.9911e+06 1.01995e+06 758624 971153 545254 2.36892e+06 1.14743e+06 2.91645e+06 2.51526e+06 3.24149e+07 3.11504e+07 2.89509e+07 1.28939e+06 676807 2.76615e+07 2.78553e+06 591814 474698 359190
internal_count=34450160 18793704 15656456 11137687 8409605 8204366 7656017 6970326 2899726 1145808 4070600 3534752 1346476 1753918 2188276 948169 5564734 3111282 2091283 1833364 15613635 13901453 12615678 1026375 585329 11589303 1544614 434671 398307 272152
is_linear=0
shrinkage=0.1


Tree=42
num_leaves=31
num_cat=0
split_feature=3 10 9 9 11 11 8 10 11 8 8 3 10 10 7 8 11 10 7 11 11 3 11 6 6 11 11 11 10 11
split_gain=28894.4 26940.3 25058.1 21210.7 15849.5 33137.5 16940.3 16390.1 12607.1 15477.5 13286.2 33270.6 26151.8 21355.3 33734.6 24318.1 21122.9 19700.2 19489 16763.8 24948.9 25581.8 16493.4 37273.7 35961.1 24714.4 15676 32409.6 16189 15539.9
threshold=128.50000000000003 -0.11692013674435776 7.4200010299682626 18.740000724792484 0.45847758937963173 0.39629089145655322 33.867166519165046 0.55656748448714433 -0.97507822412530132 42.150119781494148 34.725713729858406 25.500000000000004 -0.99940763397299126 0.52766072109828632 18.95037937164307 33.072200775146491 -0.70289845916694649 0.95242846126021108 3.543819904327393 0.99681593486783593 0.9863035000474919 1.5000000000000002 0.11478523713130605 24.171957015991214 30.990071296691898 -0.28519997588938989 0.96633974041180493 0.94909129669788206 0.19337368024598436 0.21652257995689161
decision_type=2 2 10 8 2 2 8 2 2 10 8 2 2 2 10 8 2 2 8 2 2 2 2 10 10 2 2 2 2 2
left_child=2 -2 -1 8 5 6 -3 -8 9 -4 13 12 -12 14 18 22 -14 -17 19 20 26 -22 23 25 -24 -15 27 -10 -28 -19
right_child=1 4 3 -5 -6 -7 7 -9 10 -11 11 -13 16 15 -16 17 -18 29 -20 -21 21 -23 24 -25 -26 -27 28 -29 -30 -31
leaf_value=0.003840561638447617 -0.17636723806089213 -0.09791128610022963 0.0035409870448361146 -0.033473899275168396 -0.066542584946980593 0.097541116626165825 0.022850541667850863 -0.033176412902775877 0.0084444244920316002 0.065307036806105098 0.056711719506367858 0.013001045213437224 -0.0039823131554933321 -0.082720880189290691 0.00024346382993555073 -0.00025045384131058037 -0.016641315488156849 -0.024086481611313767 -0.012268251028257368 0.045925245098872663 0.018414423886305435 -0.12012859249801387 0.0070527932144013837 0.016861720349976513 -0.022054141509440729 -0.0067096304262423872 -0.0034946868401761477 -0.094698437667528251 0.073348348423299098 -0.096463385130411319
leaf_weight=13374868.800488517 11839.547935895622 27221.680246464908 3953775.6513969712 203509.24686505273 67749.899572793394 24872.864298298955 78132.907653935254 157400.18601481244 257195.47145598382 40990.326741874218 60396.129732914269 810048.08233642951 3045960.2648226768 56632.486701086164 11914185.530596107 549321.32306196541 2323678.5169855431 259278.58049896359 4030414.6152692698 95195.666514284909 22593.547147154808 32499.089285895228 2290137.5985281467 2220179.6470966414 521033.93603025377 174820.48377259076 48145.798718370497 34557.925981573761 63676.832930907607 33497.831155322492
leaf_count=4632773 99617 117295 1657203 913530 291271 38848 72872 518240 262392 19654 48553 1559264 1894661 60343 5969027 572862 2707997 315674 7969357 75356 17937 71736 2158512 1146619 923776 120420 55692 47747 34245 76687
internal_value=-3.24309e-05 -0.0279729 0.000188616 -0.00128965 -0.0230291 -0.0127796 -0.0232228 -0.0145907 -0.00109019 0.00417477 -0.00181938 -0.00590415 -0.00872441 -0.000691698 -0.00256145 0.0043613 -0.00946042 -0.0114167 -0.0098512 0.00773743 -0.000188372 -0.063312 0.00688593 0.0128806 0.001658 -0.0253083 0.0084287 -0.00377275 0.0402632 -0.0323674
internal_weight=4.67838e+07 367217 4.64166e+07 3.30417e+07 355378 287628 262755 235533 3.28382e+07 3.99477e+06 2.88434e+07 6.24008e+06 5.43003e+06 2.26034e+07 1.64985e+07 6.1049e+06 5.36964e+06 842098 4.58428e+06 553864 458669 55092.6 5.2628e+06 2.45163e+06 2.81117e+06 231453 403576 291753 111823 292776
internal_count=34450160 1138143 33312017 28679244 1038526 747255 708407 591112 27765714 1676857 26088857 6210475 4651211 19878382 14503489 5374893 4602658 965223 8534462 565105 489749 89673 4409670 1327382 3082288 180763 400076 310139 89937 392361
is_linear=0
shrinkage=0.1


Tree=43
num_leaves=31
num_cat=0
split_feature=3 10 9 9 11 11 8 10 11 8 10 10 6 6 11 3 10 10 8 7 10 10 3 10 8 3 3 3 9 10
split_gain=23670.3 24325.7 20543.2 17413.9 13299.9 32513.2 14599.9 11827.3 11815.8 36818.6 22356.1 22987.7 41154.9 24916.5 19017.3 28559.6 18284 20060.2 18115.8 25340.4 30485.6 21328.1 29757.6 24685.9 23655 23248 21845.4 19520.5 19264 17636.9
threshold=128.50000000000003 -0.11692013674435776 7.2500004768371591 19.22970008850098 0.44312301391210612 0.39629089145655322 33.867166519165046 0.55656748448714433 0.79253265336324141 18.616177558898929 -0.55657520495441892 -0.0053757284505435614 29.695860862731937 22.880730628967289 0.9980355542543059 64.500000000000014 0.51297097409535064 0.34235194516023087 24.531338691711429 6.880033254623414 -0.30983472475487867 -0.35846811432664222 24.500000000000004 -0.24372957273992746 31.737156867980961 24.500000000000004 8.5000000000000018 1.5000000000000002 15.160000324249269 -0.34235669412071207
decision_type=2 2 10 8 2 2 10 2 2 10 2 2 8 10 2 2 2 2 10 10 2 2 2 2 10 2 2 2 10 2
left_child=2 -2 -1 8 5 6 -3 -8 -4 16 -11 14 13 -13 15 18 17 -10 19 20 -12 22 27 25 -24 26 -23 -20 -29 -28
right_child=1 4 3 -5 -6 -7 7 -9 9 10 11 12 -14 -15 -16 -17 -18 -19 21 -21 -22 23 24 -25 -26 -27 29 28 -30 -31
leaf_value=0.0036723925643897155 -0.17212667452537112 -0.081941565315847259 -0.00034048871759274663 -0.039953253847671198 -0.060022906410311605 0.10641148516501726 0.020888014910185951 -0.027732324988906071 0.013806212597109138 -0.063231642481085856 0.072707507710661298 -0.033798276566883403 -0.055212515699009007 -0.00064720840248635135 0.033334732458250742 -0.059761577405245347 0.046833320853898734 -0.028490642058805367 -0.052657208278548612 -0.062882226322823684 -0.079901461652231165 0.038917608864452655 -0.08336671127236156 -0.0076804747192134454 0.0496655401174124 0.072628244686735274 0.059926682285774441 0.027543544883897039 -0.068430974985571977 -0.094525085724150512
leaf_weight=12303322.280582786 10963.733537949622 34181.06317602098 30578047.267860826 114933.85917639732 69661.086395461112 21686.798636756837 74311.554171144962 153133.73897396401 568770.59886056185 83924.349852375686 38359.171443127096 329600.07953172177 262890.20844682306 726364.39278355986 145063.26465127617 88167.028248615563 125833.63068109751 139662.60574097931 48205.211527839303 96624.07715600729 19870.591674424708 85653.78836170584 77300.350217938423 171675.83530205116 16160.576987054199 122326.18802348897 10141.738236285746 200030.65002711117 23355.841220386326 27280.95370849967
leaf_count=4245203 99617 144704 21886193 560625 300923 29196 65791 497912 569309 245330 39073 571506 815439 1526850 224646 476118 61969 128959 50003 232196 59216 76108 387992 447996 48949 211371 13785 249329 108561 75291
internal_value=-2.97253e-05 -0.0254331 0.000169511 -0.00109432 -0.0208767 -0.0112514 -0.0210047 -0.011847 -0.000962909 -0.00654874 -0.012468 -0.0107563 -0.0198087 -0.0109947 -0.000554124 -0.00534954 0.0117069 0.00546769 -0.000229555 -0.0314789 0.0206305 0.00595749 -0.0116934 0.0214066 -0.0603638 0.0417551 0.0110701 0.00505516 0.0175091 -0.0526679
internal_weight=4.67675e+07 363938 4.64036e+07 3.41002e+07 352974 283313 261626 227445 3.39853e+07 3.40726e+06 2.57299e+06 2.48907e+06 1.31885e+06 1.05596e+06 1.17022e+06 1.02515e+06 834267 708433 936985 154854 58229.8 782131 365053 417079 93460.9 245403 123076 271592 223386 37422.7
internal_count=34450160 1138143 33312017 29066814 1038526 737603 708407 563703 28506189 6619996 5859759 5614429 2913795 2098356 2700634 2475988 760237 698268 1999870 330485 98289 1669385 844834 824551 436941 376555 165184 407893 357890 89076
is_linear=0
shrinkage=0.1


Tree=44
num_leaves=31
num_cat=0
split_feature=9 3 11 4 7 8 9 6 11 11 10 10 8 9 8 11 11 11 8 11 3 3 10 8 10 9 7 6 10 10
split_gain=20577.9 24997.4 23272.1 15972.8 16333.6 14844.3 14243.2 13555.7 12514.3 12295.4 12169.8 22015.9 12494 12094.3 11479.1 18800.3 19433.4 18695.2 45071.6 17174.5 18194.5 14851.2 14667.9 11415 23941.5 12820.4 11311.9 10887.8 26153.4 11225
threshold=16.350001335144047 405.00000000000006 -0.49065906150552346 10.716073513031008 14.760055065155031 28.744288444519047 19.690001487731937 9.6149997711181658 0.50370931781787065 0.097680735332368748 -0.814291907305839 -0.79384350655589164 31.66068267822266 9.0407443046569842 16.131060600280765 0.96849880583763492 0.99249573635719013 0.95936279103287792 29.390223503112797 0.99958851518450398 41.500000000000007 86.500000000000014 -0.0053757284505435614 29.084286689758304 0.61237135649459018 14.689999103546144 5.5702970027923593 24.171957015991214 0.24372619187392155 0.24372619187392155
decision_type=10 2 2 10 8 10 8 8 2 2 2 2 10 10 8 2 2 2 10 2 2 2 2 8 2 10 10 10 2 2
left_child=1 3 -2 7 8 9 10 -1 -5 -6 -4 12 -12 -11 19 17 21 23 27 20 -9 -17 -18 24 -16 -25 -26 28 -19 -29
right_child=2 -3 6 4 5 -7 -8 14 -10 13 11 -13 -14 -15 15 16 22 18 -20 -21 -22 -23 -24 25 26 -27 -28 29 -30 -31
leaf_value=-0.034558452880330132 0.01645124941867793 -0.15693809951503557 -0.050205828290284117 -0.048130317058132213 0.015064914112169299 0.002742745194571709 -0.061598501124006923 0.010453604127876517 -0.0024148640923803612 -0.031506959079421457 0.14040543355444896 -0.012540199595197733 -0.10436287390478126 0.038867665886299696 -0.0083884679490800716 -0.029180151940226353 0.017600671247061061 -0.088757170242361488 -0.097875785132645443 0.07572374855835462 -0.087272052512265455 -0.12981151396979645 -0.018204376405113087 0.00090942882834869833 -0.030605845137285745 -0.0084445588604967481 0.0064326999563814428 0.097287478266803812 0.056616551473792291 0.017648604303275261
leaf_weight=116746.99134093896 269010.18289414048 10097.068561375141 84662.873894557357 101836.3123793602 1726284.7432554141 7192116.2631191239 64145.762704387307 762763.96897796169 145340.65548326075 108833.34014990926 13985.674283783883 1328928.5888078175 2450.8564678430557 31484.641739279032 4439914.3432396017 332300.55863586813 205368.72375752032 16351.329352837056 23231.105210166425 39343.740450337529 19539.230198003352 15342.507678642869 258337.44606515765 25766635.896028329 86201.549363911152 1553577.6780666113 1898305.6592611521 62678.046620726585 50893.376522704959 24662.318766504526
leaf_count=116762 354763 126859 411360 65585 430493 2233480 366355 546153 88678 51823 14810 4022145 19707 14384 3912430 803248 353744 37375 67053 22134 62017 89831 549402 15081457 73571 2903820 1487631 53819 47630 41641
internal_value=-2.72661e-05 0.000388073 -0.0106248 0.000423391 0.00411296 0.00480501 -0.0154995 -0.000539117 -0.0212495 0.012751 -0.0134317 -0.0111175 0.103908 -0.0157163 -0.000427414 -0.000703768 -0.0157472 -0.000343963 0.0319959 0.011255 0.00801275 -0.0336213 -0.00234684 -0.000514377 -0.00430718 0.00037751 0.00482385 0.0515131 0.0212672 0.0747998
internal_weight=4.67514e+07 4.49882e+07 1.76318e+06 4.49781e+07 9.3059e+06 9.05872e+06 1.49417e+06 3.56722e+07 247177 1.8666e+06 1.43003e+06 1.34537e+06 16436.5 140318 3.55554e+07 3.47338e+07 811349 3.39225e+07 177816 821647 782303 347643 463706 3.37446e+07 6.42442e+06 2.73202e+07 1.98451e+06 154585 67244.7 87340.4
internal_count=34450160 29261020 5189140 29134161 2884443 2730180 4834377 26249718 154263 496700 4468022 4056662 34517 66207 26132956 25502652 1796225 23706427 247518 630304 608170 893079 903146 23458909 5473632 17985277 1561202 180465 85005 95460
is_linear=0
shrinkage=0.1


Tree=45
num_leaves=31
num_cat=0
split_feature=3 10 11 7 6 10 8 7 3 11 10 8 10 11 11 10 10 3 3 3 3 3 3 11 3 6 6 8 5 2
split_gain=17941.8 21338.3 15405.2 34519.5 26988.2 17080.9 16314 16288.3 14705.3 17679.6 13998.9 12861.1 12113.3 21083.1 11671 46304.4 20638.7 16487 13130.8 23454.8 12852.3 16999.6 14551.2 20003.4 24744.4 18264.9 11008.3 10841.1 10849.9 10568.8
threshold=128.50000000000003 -0.20180236284700911 -0.7614016681079937 16.60019683837891 34.700023651123054 0.99274428880883148 18.616177558898929 20.70006084442139 25.500000000000004 0.19969739736768838 0.27694220057652758 35.275363922119148 0.77788564761185042 0.18281312110578132 0.97832380634958016 -0.108376950152639 1.0000000180025095e-35 54.500000000000007 14.500000000000002 9.5000000000000018 45.500000000000007 26.500000000000004 8.5000000000000018 0.99855310097228334 2.5000000000000004 31.760016441345218 28.730081558227543 32.594411849975593 0.11106529086828233 375.85374450683599
decision_type=2 2 2 8 10 2 8 10 2 2 2 10 2 2 2 2 2 2 2 2 2 2 2 2 2 10 10 10 10 2
left_child=2 -2 3 10 5 14 -7 -8 9 12 -1 -10 -6 -14 -4 -16 18 20 19 -17 21 22 23 24 -18 -26 -23 -3 -29 -5
right_child=1 27 4 29 8 6 7 -9 11 -11 -12 -13 13 -15 15 16 17 -19 -20 -21 -22 26 -24 -25 25 -27 -28 28 -30 -31
leaf_value=-0.091728066206416992 -0.17638047681478428 -0.049592836995961065 -0.00012925314394506224 0.002477984550740461 -0.0041887638444448698 -0.067719553532495549 0.023911771068185247 -0.016590790048565167 -0.031484225366297115 -0.045321087103434882 -0.025808045755374667 0.009700900734696434 -0.018914359050139815 0.078737555527840689 -0.065798408092188843 0.010843443967585345 0.024870525340121116 -0.054803357584890855 0.029313951557934655 -0.093874291340563687 0.060028356308324538 -0.042722803269309169 0.018393904218117142 -0.07770801579477099 -0.062259846414857573 0.13666705404633503 -0.16265732623029874 -0.015240510519285747 0.051981710095802672 0.020911104460747513
leaf_weight=42344.29348564893 8764.1749498471618 84651.333737507463 22324408.57265573 18134329.60085164 1445684.3263260201 23276.490037500858 610536.03383226693 118574.9938159883 87545.810087326914 154461.4107400924 134671.31347045302 566213.84879458323 1347359.8077890575 22478.097059324384 134098.89075346291 109444.48036801815 107627.72752437741 88632.125944174826 238439.07591827214 26584.50745588541 26427.11836258322 28860.946388065815 153899.45101656765 49410.252424940467 71756.421626120806 4932.9343980923295 10414.579662106931 240191.16400492564 26677.144107762724 316475.59174841642
leaf_count=55038 93157 352565 17976487 7340563 1227199 20831 379945 96954 277340 381873 130904 1289020 1790650 23665 468241 135225 101155 364528 459135 60013 51593 82804 237758 89998 157530 3118 56702 663158 29263 53748
internal_value=-2.46774e-05 -0.0222542 0.000148008 0.00237251 -0.00134518 -0.000136615 0.0146939 0.0173249 -0.00939197 -0.0123807 -0.0415769 0.00418575 -0.0105736 -0.017312 -0.000613975 -0.0109146 -0.00288361 -0.0153579 0.0151702 -0.00962182 -0.00764572 -0.011835 -0.00548305 -0.021205 -0.00605813 -0.0494642 -0.0745255 -0.0184115 -0.00852073 0.00279416
internal_weight=4.67392e+07 360284 4.63789e+07 1.86278e+07 2.77511e+07 2.41273e+07 752388 729111 3.62374e+06 2.96998e+06 177016 653760 2.81552e+06 1.36984e+06 2.33749e+07 1.05053e+06 916430 541962 374468 136029 453329 426902 387627 233727 184317 76689.4 39275.5 351520 266868 1.84508e+07
internal_count=34450160 1138143 33312017 7580253 25731764 20742017 497730 476899 4989747 3423387 185942 1566360 3041514 1814315 20244287 2267800 1799559 1145186 654373 195238 780658 729065 589559 351801 261803 160648 139506 1044986 692421 7394311
is_linear=0
shrinkage=0.1


Tree=46
num_leaves=31
num_cat=0
split_feature=3 9 11 11 11 11 10 6 4 7 8 10 9 8 11 11 6 6 11 8 7 8 11 11 11 8 10 2 3 11
split_gain=16499.4 15463 15585.8 12795.2 18921.1 12981.8 17615 13815.6 12539 12823.6 12313.9 20763.3 14621.5 12600.8 16473.1 10820.4 10814.4 10064.5 11493.4 10528.6 9921.28 9856.79 15888.8 14316.3 16552.9 13320.4 13175.1 19095 12280 12442.6
threshold=941.50000000000011 17.650444030761722 -0.46800559042974538 0.9989598388634241 0.95178258287705175 0.92519182738459482 0.62587949062545845 39.681097030639656 10.716073513031008 14.760055065155031 33.924226760864265 -1.0000000180025095e-35 12.551109313964846 27.674286842346195 -0.14250536273956091 0.64414586362404946 9.6149997711181658 25.630223274230961 0.29958852271690523 30.271428108215336 3.543819904327393 17.882857322692875 0.2332836900311728 0.96849880583763492 0.99024581825578073 30.568573951721195 -0.49813634056773481 34.998832702636726 67.500000000000014 0.98332250088165762
decision_type=2 10 2 2 2 2 2 10 10 8 10 2 10 10 2 2 8 8 2 10 10 8 2 2 2 10 2 2 2 2
left_child=1 8 -3 4 5 6 20 -8 16 15 11 12 13 14 -11 -10 -1 -15 -19 -20 -4 22 -18 -23 25 28 27 -24 29 -25
right_child=-2 2 3 -5 -6 -7 7 -9 9 10 -12 -13 -14 17 -16 -17 21 18 19 -21 -22 23 26 24 -26 -27 -28 -29 -30 -31
leaf_value=-0.031064773237299087 -0.17862819070384964 0.025869110949447473 0.081191062713545217 0.041166384121872929 -0.084773927214749273 0.048923227841417033 -0.0046336940396285971 -0.061362532377786383 -0.039538713188966443 0.019022129128334224 -0.0063628845678610811 0.014783625067039192 0.11113057769193596 -0.038543054794203592 -0.03633235317430282 0.0022901528409030422 -0.054567778409869067 0.0002546027845758858 0.0030803290499821423 0.044901764237008132 -0.067655410772705163 -0.00049795921337053247 -0.086311740188010425 -0.0032809430503317897 -0.0030866528946045611 -0.10442778725545926 0.01323078937133064 0.063918754082853413 -0.081687173059918128 -0.051182780498357706
leaf_weight=116297.11141651124 5171.6594349369407 79801.290208771825 4703.5497402772307 30896.782481998205 48188.822974447161 26550.560504883528 304240.50350850821 49983.013446487486 125767.98640285432 683682.95472320914 1000015.1640635394 1824937.8085673936 12401.440176635981 64311.480803906918 58349.582884605974 121672.57468266785 38272.677710026503 5173687.4647438638 129273.6420892179 112654.27419332415 93411.484225492924 34696249.19465676 30052.662396594882 171838.6597278975 541995.84269218147 23511.233873270452 1032484.5719498321 11775.898298293352 34920.864331889898 79227.026201091707
leaf_count=116792 76284 115742 6780 50545 346359 91870 901932 210104 80530 156898 379036 510111 3367 26518 28503 74395 33266 1544888 49658 35811 678628 25981588 56244 369477 1180034 101623 804581 5359 198279 234958
internal_value=-2.28285e-05 -3.05835e-06 -0.0154673 -0.0213792 -0.0250456 -0.0190353 -0.0230242 -0.0126385 0.000210961 0.00348999 0.00410347 0.00540215 0.00265598 0.00243978 0.0146693 -0.0189704 -0.000618837 0.00078378 0.00125079 0.0225546 -0.0605198 -0.000522254 0.00874623 -0.000812342 -0.0136227 -0.0320735 0.0110018 -0.0440177 -0.0261251 -0.018397
internal_weight=4.67263e+07 4.67212e+07 637776 557975 527078 478889 452339 354224 4.60834e+07 9.30675e+06 9.05931e+06 8.0593e+06 6.23436e+06 6.22196e+06 742033 247441 3.67766e+07 5.47993e+06 5.41562e+06 241928 98115 3.66603e+07 1.11259e+06 3.55477e+07 851494 309498 1.07431e+06 41828.6 285987 251066
internal_count=34450160 34373876 2401960 2286218 2235673 1889314 1797444 1112036 31971916 2889715 2734790 2355754 1845643 1842276 185401 154925 29082201 1656875 1630357 85469 685408 28965409 899450 28065959 2084371 904337 866184 61603 802714 604435
is_linear=0
shrinkage=0.1


end of trees

feature_importances:
cos_doy=359
sin_doy=236
tmax_1deg_roll7=174
diurnal_range_1deg=168
days_since_rain=158
rf_roll7_sum=91
tmin_1deg_lag1=82
tmax_1deg_lag1=71
neighbor_mean_lag1=52
neighbor_max_lag1=11
rf_lag_1=4
rf_lag_2=4

parameters:
[boosting: gbdt]
[objective: tweedie]
[metric: tweedie]
[tree_learner: serial]
[device_type: cpu]
[data_sample_strategy: bagging]
[data: ]
[valid: ]
[num_iterations: 100]
[learning_rate: 0.1]
[num_leaves: 31]
[num_threads: -1]
[seed: 42]
[deterministic: 0]
[force_col_wise: 0]
[force_row_wise: 0]
[histogram_pool_size: -1]
[max_depth: -1]
[min_data_in_leaf: 20]
[min_sum_hessian_in_leaf: 0.001]
[bagging_fraction: 1]
[pos_bagging_fraction: 1]
[neg_bagging_fraction: 1]
[bagging_freq: 0]
[bagging_seed: 400]
[bagging_by_query: 0]
[feature_fraction: 1]
[feature_fraction_bynode: 1]
[feature_fraction_seed: 30056]
[extra_trees: 0]
[extra_seed: 12879]
[early_stopping_round: 0]
[early_stopping_min_delta: 0]
[first_metric_only: 0]
[max_delta_step: 0]
[lambda_l1: 0]
[lambda_l2: 0]
[linear_lambda: 0]
[min_gain_to_split: 0]
[drop_rate: 0.1]
[max_drop: 50]
[skip_drop: 0.5]
[xgboost_dart_mode: 0]
[uniform_drop: 0]
[drop_seed: 17869]
[top_rate: 0.2]
[other_rate: 0.1]
[min_data_per_group: 100]
[max_cat_threshold: 32]
[cat_l2: 10]
[cat_smooth: 10]
[max_cat_to_onehot: 4]
[top_k: 20]
[monotone_constraints: ]
[monotone_constraints_method: basic]
[monotone_penalty: 0]
[feature_contri: ]
[forcedsplits_filename: ]
[refit_decay_rate: 0.9]
[cegb_tradeoff: 1]
[cegb_penalty_split: 0]
[cegb_penalty_feature_lazy: ]
[cegb_penalty_feature_coupled: ]
[path_smooth: 0]
[interaction_constraints: ]
[verbosity: -1]
[saved_feature_importance_type: 0]
[use_quantized_grad: 0]
[num_grad_quant_bins: 4]
[quant_train_renew_leaf: 0]
[stochastic_rounding: 1]
[linear_tree: 0]
[max_bin: 255]
[max_bin_by_feature: ]
[min_data_in_bin: 3]
[bin_construct_sample_cnt: 200000]
[data_random_seed: 175]
[is_enable_sparse: 1]
[enable_bundle: 1]
[use_missing: 1]
[zero_as_missing: 0]
[feature_pre_filter: 1]
[pre_partition: 0]
[two_round: 0]
[header: 0]
[label_column: ]
[weight_column: ]
[group_column: ]
[ignore_column: ]
[categorical_feature: ]
[forcedbins_filename: ]
[precise_float_parser: 0]
[parser_config_file: ]
[objective_seed: 16083]
[num_class: 1]
[is_unbalance: 0]
[scale_pos_weight: 1]
[sigmoid: 1]
[boost_from_average: 1]
[reg_sqrt: 0]
[alpha: 0.9]
[fair_c: 1]
[poisson_max_delta_step: 0.7]
[tweedie_variance_power: 1.5]
[lambdarank_truncation_level: 30]
[lambdarank_norm: 1]
[label_gain: ]
[lambdarank_position_bias_regularization: 0]
[eval_at: ]
[multi_error_top_k: 1]
[auc_mu_weights: ]
[num_machines: 1]
[local_listen_port: 12400]
[time_out: 120]
[machine_list_filename: ]
[machines: ]
[gpu_platform_id: -1]
[gpu_device_id: -1]
[gpu_device_id_list: ]
[gpu_use_dp: 0]
[num_gpu: 1]

end of parameters

pandas_categorical:null
