tree
version=v4
num_class=1
num_tree_per_iteration=1
label_index=0
max_feature_idx=11
objective=tweedie
feature_names=rf_lag_1 rf_lag_2 rf_roll7_sum days_since_rain neighbor_mean_lag1 neighbor_max_lag1 tmax_1deg_lag1 tmin_1deg_lag1 tmax_1deg_roll7 diurnal_range_1deg sin_doy cos_doy
feature_infos=[0:385.5301513671875] [0:467.57992553710938] [0:1484.6839599609375] [0:6930] [0:356.41162109375] [0:435.11480712890625] [2.3299999237060547:48.46484375] [-7.6100001335144043:32.610000610351562] [3.3942859172821045:46.181095123291016] [1.0200004577636719:23.680000305175781] [-0.9999994220246925:0.99998555065071859] [-0.99997919295908233:0.9999907524084426]
tree_sizes=3622 3747 3756 3734 3739 3750 3739 3740 3732 3773 3766 3770 3764 3783 3747 3756 3763 3744 3758 3759 3766 3738 3736 3759 3739 3768 3725 3752 3726 3748 3757 3719 3742 3696 3753 3758 3742 3697 3630 3715 3712 3721 3626 3654 3664 3693 3726 3654 3657 3654 3701 3721 3635 3635

Tree=0
num_leaves=31
num_cat=0
split_feature=2 9 9 2 11 3 11 11 3 11 9 11 2 11 7 11 9 4 8 8 3 8 11 10 8 2 11 7 3 6
split_gain=5.04417e+07 6.08977e+06 5.21562e+06 1.75619e+06 1.44077e+06 1.01641e+06 1.00415e+06 856705 743916 578099 492850 456352 335064 310699 239194 237373 208573 190358 151999 147687 146142 135040 140349 129124 117867 106420 102852 101191 93438.4 89569.6
threshold=4.2857587337493905 10.170001029968263 12.099998950958254 43.690019607543952 0.36447543099728863 14.500000000000002 -0.86974577485258975 0.47369649395226454 14.500000000000002 -0.18493013702746822 12.702729225158693 -0.84313311835787952 155.22714996337893 0.14888728888808328 22.500025749206547 -0.83375966452616657 9.8100008964538592 0.10435572266578676 17.882857322692875 17.882857322692875 14.500000000000002 19.805377960205082 1.0000000180025095e-35 0.49812943072827093 29.240000724792484 17.201185226440433 -0.73865259438682551 19.130130767822269 37.500000000000007 38.780782699584968
decision_type=2 10 8 2 2 2 2 2 2 2 10 2 2 2 10 2 10 10 10 10 2 10 2 2 8 2 2 8 2 8
left_child=2 3 4 7 8 11 27 14 16 12 13 -4 26 -8 25 -7 24 -16 -12 -15 -6 -13 -23 -20 -1 -2 -5 -3 -10 -29
right_child=1 6 5 9 20 15 10 -9 28 -11 18 21 -14 19 17 -17 -18 -19 23 -21 -22 22 -24 -25 -26 -27 -28 29 -30 -31
leaf_value=1.0554988709144548 1.1227757514007355 1.0832276629325965 1.0650915381221384 1.2191494786979533 1.008437778344013 1.020952553699239 1.1212677243184255 1.0572766089771004 1.0313586657024245 1.1614170983355729 1.1162859060415504 1.0242989273932825 1.2457206374336671 1.1175567231561674 1.1505231137284504 0.92819644160014414 1.0766016854199532 1.1888107859235293 0.98681332975560454 1.0330173917607524 0.95611972377394017 0.99221549021046462 0.9560758273088299 1.0450441500313739 1.1290800712535283 1.1623707820057978 1.1996804220205064 1.1693746535217424 0.96820982390531052 1.1130517273664575
leaf_weight=243603.07461225986 1107692.4659209251 187289.89869058132 625235.63260525465 8062697.1804920435 1238649.6791647077 284549.0493555665 2193537.4209634662 695624.41730076075 516628.60726219416 1815311.3627402782 236923.09912616014 493986.86753970385 4078964.7765504718 280960.08609551191 1641476.1273437142 9072774.7377876043 1924864.8672043085 6215437.8906951547 491170.99439030886 781259.88595753908 938416.35643517971 1694474.2121756077 2937378.0159572363 1694728.2296520472 2047324.3246129155 1753120.4430760741 4089885.1002165079 1702083.6382035017 428782.1715053916 338504.67818379402
leaf_count=173931 576276 118768 429142 1956909 1052258 231475 1150712 493110 404785 742407 127687 397088 677890 150392 722811 9804038 1257363 2051598 447847 608395 938591 1518651 2938296 1261049 1027949 712158 1221970 657095 413933 185586
internal_value=1.10343 1.17461 0.984945 1.19552 1.05411 0.951351 1.09668 1.16482 1.08289 1.21494 1.07436 0.984436 1.22092 1.09977 1.1718 0.931017 1.10087 1.18081 1.04021 1.05538 0.985886 0.974597 0.969297 1.03196 1.12126 1.14704 1.2126 1.15357 1.00272 1.16003
internal_weight=5.98133e+07 3.73667e+07 2.24467e+07 2.94602e+07 7.33827e+06 1.51084e+07 7.90646e+06 1.14134e+07 5.1612e+06 1.80469e+07 5.67858e+06 5.75107e+06 1.62315e+07 3.25576e+06 1.07177e+07 9.35732e+06 4.21579e+06 7.85691e+06 2.42282e+06 1.06222e+06 2.17707e+06 5.12584e+06 4.63185e+06 2.1859e+06 2.29093e+06 2.86081e+06 1.21526e+07 2.22788e+06 945411 2.04059e+06
internal_count=34450160 13862660 20587500 9155129 5268810 15318690 4707531 4555953 3277961 4599176 3746082 5283177 3856769 1909499 4062843 10035513 2459243 2774409 1836583 758787 1990849 4854035 4456947 1708896 1201880 1288434 3178879 961449 818718 842681
is_linear=0
shrinkage=1


Tree=1
num_leaves=31
num_cat=0
split_feature=2 9 9 2 11 3 11 11 3 11 9 11 2 11 2 7 7 5 2 9 4 3 3 11 3 10 10 11 3 4
split_gain=4.26293e+07 5.37979e+06 4.5887e+06 1.54141e+06 1.17311e+06 1.00896e+06 988834 637589 617710 584482 531659 393117 351113 247098 220865 212082 193375 187910 181977 134645 133477 124944 112082 107311 100143 98975.9 84658.9 81794 89206.7 78899.7
threshold=3.7912069559097294 9.9699997901916522 12.099998950958254 36.725057601928718 0.42763731121559989 14.500000000000002 -0.18493013702746822 0.48877522411129348 15.500000000000002 -0.41399101439218416 13.239999294281008 -0.83375966452616657 125.71569824218751 -0.87810534180523914 33.859777450561531 19.040272712707523 22.500025749206547 0.12544821202754977 25.692635536193851 15.030000209808351 0.047191143035888679 22.500000000000004 1.5000000000000002 0.86869874770991873 34.500000000000007 0.49812943072827093 0.65233619298682533 -0.83375966452616657 37.500000000000007 1.3579741120338442
decision_type=2 10 8 2 2 2 2 2 2 2 10 2 2 2 2 8 10 10 2 10 10 2 2 2 2 2 2 2 2 8
left_child=2 3 4 7 8 11 10 16 15 12 18 -4 29 -7 22 -1 -2 -17 -3 25 -18 -6 -8 -11 -15 -13 -12 -10 -29 -5
right_child=1 6 5 9 21 13 14 -9 27 23 26 19 -14 24 -16 17 20 -19 -20 -21 -22 -23 -24 -25 -26 -27 -28 28 -30 -31
leaf_value=-0.086696057532209048 0.034922297327176915 0.019961704787514405 -0.03760986106983831 0.082440468979294759 -0.095987388321784661 -0.055841800903888128 -0.038664779597837463 -0.04730839445400678 -0.053796097082442089 0.068247324320379152 -0.0097375072274331707 -0.12730302261789314 0.13206746083715279 -0.15696848232501792 -0.0026031721623209821 -0.019590167194346846 0.03940297387534096 0.024926822019890771 0.061629775157589377 -0.14188759423989397 0.075543168525915652 -0.15046391149898014 -0.080771887048338209 -0.04239435123769484 -0.17914209306052215 -0.089212398247477828 -0.063968871826211957 -0.082792603800981884 -0.16033909761511256 0.10429753797752217
leaf_weight=297702.82407850027 2372900.2115935683 2268207.7023994923 617789.0351370573 2065280.1265226603 1321826.0287937522 192876.05905914307 1191391.8574524522 599207.78467434645 289043.05088251829 3448263.235794723 563517.19397687912 1338425.6058193445 5066899.0713810325 3386203.8525992036 869264.34915870428 2056221.5853459835 1276255.8817797899 1759618.2089916468 1948501.4521762133 2031917.259950757 5128527.8102011085 617786.79543930292 1346756.4529318213 89947.879340052605 5111110.8553865552 1391282.4891458154 588435.37105232477 321217.19520682096 275642.76226991415 8244253.0263029337
leaf_count=250348 1107387 1161870 431671 664597 1187666 148089 837728 437141 222782 1261598 343978 1348150 928124 3797872 514806 1306576 576810 888433 760842 2138600 1763433 671171 1123410 61603 6089552 1232330 461180 271702 306126 2154585
internal_value=-7.21236e-05 0.0644274 -0.113875 0.0856456 -0.0473267 -0.146696 -0.00397371 0.0524943 -0.0217164 0.10208 0.0227681 -0.11266 0.110513 -0.167765 -0.0461077 -0.00540403 0.0593073 0.000938185 0.0392161 -0.122397 0.0683417 -0.113339 -0.0610071 0.0654346 -0.170306 -0.107889 -0.0374397 -0.09746 -0.118605 0.099919
internal_weight=5.80763e+07 3.70676e+07 2.10087e+07 2.82915e+07 6.93906e+06 1.40696e+07 8.77607e+06 9.37689e+06 4.99945e+06 1.89146e+07 5.36866e+06 5.37941e+06 1.53764e+07 8.69019e+06 3.40741e+06 4.11354e+06 8.77768e+06 3.81584e+06 4.21671e+06 4.76163e+06 6.40478e+06 1.93961e+06 2.53815e+06 3.53821e+06 8.49731e+06 2.72971e+06 1.15195e+06 885903 596860 1.03095e+07
internal_count=34450160 14159092 20291068 8955278 5104804 15186264 5203814 3884771 3245967 5070507 2727870 5150751 3747306 10035513 2475944 2445357 3447630 2195009 1922712 4719080 2340243 1858837 1961138 1323201 9887424 2580480 805158 800610 577828 2819182
is_linear=0
shrinkage=0.1


Tree=2
num_leaves=31
num_cat=0
split_feature=2 9 9 2 7 11 3 11 3 11 2 2 11 2 9 11 7 3 11 5 8 10 3 11 8 3 5 10 9 4
split_gain=3.59474e+07 4.97911e+06 3.78942e+06 1.55359e+06 1.09789e+06 810256 791794 729816 582615 456488 437365 287186 275033 231807 199227 190178 172615 164565 149754 136117 134605 130354 127341 126774 106117 99660.6 95985.8 93889.4 88306.2 82134.4
threshold=2.8428689241409306 10.170001029968263 12.509542465209963 47.950311660766609 19.820332527160648 -0.87810534180523914 16.500000000000004 0.097680735332368748 12.500000000000002 -0.41399101439218416 19.815279006958011 178.99919128417972 -0.84313311835787952 17.201185226440433 12.999998569488527 -0.83375966452616657 19.820332527160648 14.500000000000002 0.19969739736768838 1.0000000180025095e-35 20.31369781494141 0.54219432480460406 1.5000000000000002 -0.87810534180523914 29.781458854675297 37.500000000000007 1.0847337841987612 0.21022171450811275 15.73520088195801 1.7232653498649599
decision_type=2 10 8 2 10 2 2 2 2 2 2 2 2 2 10 2 10 2 2 10 10 2 2 2 10 2 8 2 10 8
left_child=2 3 4 7 17 26 12 13 19 11 14 29 -4 24 18 -8 -9 -1 -7 -6 -14 -22 -12 -10 -2 -25 -3 -16 -17 -5
right_child=1 5 6 9 8 10 15 16 23 -11 22 -13 20 -15 27 28 -18 -19 -20 -21 21 -23 -24 25 -26 -27 -28 -29 -30 -31
leaf_value=-0.088884493572627288 0.0062593195042255322 0.014677528270074148 -0.041093217789277749 0.07990648453681104 -0.022256520180005134 -0.0092415429466446482 -0.073994269650349095 -0.055182146302594416 -0.025232160261786058 0.061910550687680616 0.01898353920196362 0.1342491749895359 -0.070205945840627212 0.070446539586259224 -0.12345773867993731 -0.15732562072817402 0.013489915870898893 -0.14558361679595766 -0.067107100927365229 0.017427342237787261 -0.14872783353633265 -0.11202313290179995 -0.027578736923234023 -0.075187861086719182 0.048177362770374099 -0.13905742572532614 0.056897295692026478 -0.064186243747138938 -0.17960482898455904 0.10234813501955649
leaf_weight=1206629.2894333601 740843.20009803772 863450.58522027731 472008.96386915445 2026421.1974227428 1963411.3306503296 1301684.7852537632 220134.09439867735 611606.08881425858 308918.07815223932 2924745.5623677373 1705202.0197383165 2762150.6344636083 460702.3545294404 7183395.1685169339 332547.79924499989 3589398.6896973252 911606.27180284262 889085.93746095896 681330.97315567732 1544089.2552143335 1657404.9351852536 2324659.4602598548 895967.00809895992 683990.66535753012 3267738.4054836631 380053.84873127937 1430795.9646090865 1361161.6078352928 3527397.4207409024 8354639.9619879723
leaf_count=1095813 403100 449462 341170 633924 1293837 788573 190011 463787 214299 1085866 894747 456045 399145 2493310 340454 4390947 483212 1021994 559085 813148 1919307 2371720 606245 593447 1350840 430519 567985 1107179 4587624 2103365
internal_value=-0.000134545 0.0570501 -0.111231 0.0769741 -0.0523995 -0.00984962 -0.14473 0.0508574 -0.0264035 0.0976412 -0.0284353 0.105592 -0.113669 0.0596958 -0.0506361 -0.165537 -0.0140836 -0.112939 -0.0291232 -0.00478669 -0.12138 -0.1273 0.00294526 -0.0816277 0.0404303 -0.0980007 0.0410077 -0.0758238 -0.168368 0.0979674
internal_weight=5.65832e+07 3.73553e+07 1.92279e+07 2.87831e+07 6.97618e+06 8.57214e+06 1.22517e+07 1.27152e+07 4.88046e+06 1.6068e+07 6.27789e+06 1.31432e+07 4.91478e+06 1.1192e+07 3.67673e+06 7.33693e+06 1.52321e+06 2.09572e+06 1.98302e+06 3.5075e+06 4.44277e+06 3.98206e+06 2.60117e+06 1.37296e+06 4.00858e+06 1.06404e+06 2.29425e+06 1.69371e+06 7.1168e+06 1.03811e+07
internal_count=34450160 14787179 19662981 9473449 5463057 5313730 14199924 5194249 3345250 4279200 4296283 3193334 5031342 4247250 2795291 9168582 946999 2117807 1347658 2106985 4690172 4291027 1500992 1238265 1753940 1023966 1017447 1447633 8978571 2737289
is_linear=0
shrinkage=0.1


Tree=3
num_leaves=31
num_cat=0
split_feature=2 9 9 2 7 11 3 11 9 3 8 11 11 2 8 2 11 2 11 3 10 10 11 8 11 8 11 11 6 9
split_gain=3.0227e+07 4.44474e+06 3.22372e+06 1.23951e+06 950143 920289 724931 612265 580118 485287 351846 302048 288209 256837 199184 187333 174567 167834 160537 147322 134719 127443 120279 131635 111118 108349 107699 105188 104861 103684
threshold=2.2681553363800053 9.7019462585449237 12.702729225158693 64.552051544189467 19.73261642456055 0.14888728888808328 24.500000000000004 0.097680735332368748 12.608390808105471 21.500000000000004 19.211283683776859 -0.70289845916694649 -0.7614016681079937 20.183384895324711 20.790689468383793 21.671146392822269 0.8511460603353429 215.81109619140628 -0.16799793862756093 15.500000000000002 0.17646842360078763 0.55656748448714433 -0.86974577485258975 32.191465377807624 -0.83375966452616657 29.240000724792484 -0.82413948779581736 -0.16799793862756093 30.990071296691898 10.070032119750978
decision_type=2 10 8 2 8 2 2 2 8 2 10 2 2 2 10 2 2 2 2 2 2 2 2 8 2 8 2 2 10 10
left_child=2 3 4 7 19 8 12 13 15 18 20 17 -4 25 -14 -3 -9 -5 -6 -1 -7 -16 -10 -24 -8 -2 -11 -13 -23 -20
right_child=1 5 6 11 9 10 24 16 22 26 -12 27 14 -15 21 -17 -18 -19 29 -21 -22 28 23 -25 -26 -27 -28 -29 -30 -31
leaf_value=-0.086424458182446887 -0.00032372828955310514 0.011701620897050917 -0.052948629264190986 0.10024953940693107 0.00045260631650581855 -0.077917944839389214 -0.07923279977118837 0.010061748786698176 0.0078453148139135554 -0.040292205002414358 -0.074599903355355116 0.083508572316789237 -0.066377823114886492 0.07000189697193103 -0.14865017479530485 0.048113438039868998 -0.075282575627409087 0.1363369381508478 -0.011124877126300474 -0.14022131080920336 0.030281871381624949 -0.081317222857427096 -0.0088820056883557735 -0.06749186140376498 -0.16921901316453863 0.046432791457511377 -0.11960199333440327 0.046702756177570762 -0.12793629768429585 -0.069577063757866944
leaf_weight=1192644.1420301795 569437.07492882013 2738906.1631524563 649619.17090642452 6442991.6435204744 2656809.3440409899 145460.7961127758 140915.92586815357 1271397.5181295276 611227.6824131608 239075.25601696968 2049364.4621433616 3000576.6624028683 540444.5419395566 8758776.627723515 2094440.7557381392 2918646.273326993 295343.86081796885 1610987.5804225206 551480.50350594521 888101.95102995634 550856.65584766865 670476.8134495616 634245.88976019621 968143.97742658854 5238515.93665874 3822706.7399486303 603269.73280435801 1047574.2425867915 1720829.6005170345 674788.02845007181
leaf_count=1130511 318165 1454104 525924 1569114 1563395 124895 128820 686881 331633 185396 1786722 870731 489758 2908600 2640093 1194871 249648 240777 353915 1085314 281067 663525 414223 813535 7220550 1561927 678243 422378 1984083 571362
internal_value=-0.000187598 0.0508808 -0.107224 0.0725601 -0.0530801 -0.00388435 -0.140559 0.0530658 0.0135044 -0.0282869 -0.0537336 0.0962676 -0.115629 0.0601057 -0.12373 0.0304859 -0.00602637 0.107468 -0.0133612 -0.109386 0.00767892 -0.13064 -0.0298967 -0.0442933 -0.166862 0.0403709 -0.0970922 0.073984 -0.114865 -0.0432898
internal_weight=5.52981e+07 3.74366e+07 1.78614e+07 2.68198e+07 6.80617e+06 1.06169e+07 1.10552e+07 1.47177e+07 7.87117e+06 4.72542e+06 2.74568e+06 1.21021e+07 5.67581e+06 1.31509e+07 5.02619e+06 5.65755e+06 1.56674e+06 8.05398e+06 3.88308e+06 2.08075e+06 696317 4.48575e+06 2.21362e+06 1.60239e+06 5.37943e+06 4.39214e+06 842345 4.04815e+06 2.39131e+06 1.22627e+06
internal_count=34450160 15229271 19220889 8828221 5568136 6401050 13652753 5725221 4208366 3352311 2192684 3103000 6303383 4788692 5777459 2648975 936529 1809891 2488672 2215825 405962 5287701 1559391 1227758 7349370 1880092 863639 1293109 2647608 925277
is_linear=0
shrinkage=0.1


Tree=4
num_leaves=31
num_cat=0
split_feature=2 9 9 2 7 3 11 11 11 2 3 2 3 11 4 8 10 7 4 9 4 11 10 2 8 5 11 10 11 11
split_gain=2.53516e+07 3.95792e+06 2.76535e+06 1.51716e+06 869323 600993 567116 521872 515418 394795 386585 272011 202437 190414 184207 167881 150179 123499 120833 114730 113508 112644 110685 105986 89960.2 85370.4 85291.7 83834 83564.4 77860.8
threshold=1.790350139141083 10.809999942779543 13.139999866485597 30.781850814819339 20.460153579711918 24.500000000000004 -0.18493013702746822 0.50370931781787065 -0.8611288361322974 115.63498306274415 21.500000000000004 19.13187408447266 22.500000000000004 -0.7614016681079937 0.58089429140090953 21.580000877380375 0.78857998149907527 22.193128585815433 0.014398725237697365 13.69999933242798 0.54716232419013988 -0.83375966452616657 0.55656748448714433 260.54122924804693 30.314291954040531 2.6248539686203007 0.91852788691372023 0.42179998225932674 -0.78324956448884031 0.29958852271690523
decision_type=2 10 8 2 8 2 2 2 2 2 2 2 2 2 10 10 2 8 10 8 8 2 2 2 10 8 2 2 2 2
left_child=2 3 4 7 12 13 9 14 25 20 16 19 -1 -4 -2 -15 18 -16 -6 29 -5 -12 -17 -11 -24 -3 -8 -21 -7 -10
right_child=1 8 5 6 10 28 26 -9 11 23 21 -13 -14 15 17 22 -18 -19 -20 27 -22 -23 24 -25 -26 -27 -28 -29 -30 -31
leaf_value=-0.081326868386809387 0.018451519809004207 0.0025923099619141977 -0.055420144898320145 0.051126809433746416 -0.021486253981582631 -0.091498111418955544 0.035573877578342121 -0.048426118969765446 -0.02342760750850742 0.097691187364868023 -0.032084531898612836 -0.0068344360067903471 -0.14004931598796863 -0.066932930879787425 0.021897576448021941 -0.14615394785309369 -0.071386229652138575 0.05580407390304231 0.019051344331983869 -0.12205795424368736 0.077394981571638433 -0.11152042377583948 -0.078578931151080555 0.13030103588881103 -0.12488398982828382 0.045558570035571067 -0.067378842355381899 -0.062564794685296174 -0.16566668890688563 -0.064949703641335274
leaf_weight=1766081.4492306709 3592646.5663734674 901382.21239602566 511356.43186306953 1964237.4088943601 1973187.7173188329 157089.64821344614 2379858.1841136813 790393.78051275015 1304938.6211376786 4320420.2423861027 252105.64949411154 1971614.0790358782 879367.51323616505 524067.03017455339 1432019.1352496147 1709549.6798512936 400655.45450311899 4299579.2162996531 1172083.3655544519 297457.4060895443 10121633.881035805 611557.39339065552 585625.81019586325 1295531.7970102429 1479560.448994875 949621.88819146156 83285.572612464428 1162613.3774787188 4605629.7493254542 690609.58548051119
leaf_count=1745492 1763640 499249 430841 724048 1352468 164373 1029272 623394 887397 1019758 192447 1216137 1165273 498089 698232 2307179 346677 1590976 616751 336818 2988253 718093 600714 200355 1803629 395456 65254 1016161 6844533 609201
internal_value=-0.000230832 0.0452814 -0.10303 0.061197 -0.0555266 -0.13804 0.0770502 0.0295914 -0.0209319 0.0833058 -0.0283377 -0.0364729 -0.100847 -0.113108 0.0362047 -0.11997 -0.013725 0.0473327 -0.00637994 -0.0533833 0.0731258 -0.0883329 -0.127333 0.105214 -0.111753 0.0246353 0.0320928 -0.0746852 -0.16322 -0.0377974
internal_weight=5.41858e+07 3.75578e+07 1.66279e+07 3.02796e+07 7.05504e+06 9.57288e+06 2.0165e+07 1.01146e+07 7.27824e+06 1.77018e+07 4.40959e+06 5.42723e+06 2.64545e+06 4.81016e+06 9.32424e+06 4.2988e+06 3.54593e+06 5.7316e+06 3.14527e+06 3.45562e+06 1.20859e+07 863663 3.77474e+06 5.61595e+06 2.06519e+06 1.851e+06 2.46314e+06 1.46007e+06 4.76272e+06 1.99555e+06
internal_count=34450160 15663601 18786559 10703182 6137201 12649358 6026940 4676242 4960419 4932414 3226436 4065714 2910765 5640452 4052848 5209611 2315896 2289208 1969219 2849577 3712301 910540 4711522 1220113 2404343 894705 1094526 1352979 7008906 1496598
is_linear=0
shrinkage=0.1


Tree=5
num_leaves=31
num_cat=0
split_feature=3 2 9 7 11 3 3 10 2 11 9 7 11 5 8 8 8 11 9 2 9 9 10 11 7 2 11 10 3 8
split_gain=2.13592e+07 3.41349e+06 2.67398e+06 1.00823e+06 781609 751469 600083 536407 481445 297561 222927 196753 182771 176067 168598 148012 146579 144039 142749 124878 112028 111292 94744.9 85842.1 83170.5 80809.3 72337.2 67031.5 64694.8 62135.5
threshold=3.5000000000000004 24.404079437255863 13.139999866485597 20.460153579711918 -0.19337245081799007 14.500000000000002 24.500000000000004 0.63920241694561786 99.821884155273452 -0.14250536273956091 15.689999103546144 23.614005088806156 0.6174544326165855 0.19899417459964755 18.616177558898929 33.380012512207038 19.805377960205082 0.011826144619637555 9.1900014877319354 234.51544952392581 9.0900011062622088 10.593381404876711 0.55656748448714433 -0.79382744783423187 22.300631523132328 6.8111932277679452 -0.75013812021657655 -0.2270106897347694 39.500000000000007 19.211283683776859
decision_type=2 2 8 8 2 2 2 2 2 2 10 10 2 10 8 10 10 2 10 2 10 10 2 2 10 2 2 2 2 10
left_child=1 3 5 12 8 9 10 13 18 -2 16 28 25 -5 -14 -9 -4 -18 26 -10 -6 27 -13 -8 -15 -1 -3 -11 -7 -23
right_child=2 4 6 7 20 11 23 15 19 21 -12 22 14 24 -16 -17 17 -19 -20 -21 -22 29 -24 -25 -26 -27 -28 -29 -30 -31
leaf_value=-0.044884178568650707 -0.0047976874089212425 0.073867029675237991 -0.034222863163187636 0.0037667105126224956 0.03690949068278928 -0.098759881310880607 -0.082009107534606787 0.019073071411137899 0.086928084513583179 -0.010137266170888951 -0.13317675952432201 -0.02593834553925381 -0.018029493688392031 0.012888579217095615 -0.098025293747665318 -0.056298868925824308 -0.067177278298888476 -0.11725119102097321 0.042627384309823928 0.11916073656442777 0.00095202654634120309 -0.018342204985801771 -0.096308523199214957 -0.16002503098598603 0.043130900317641441 -0.010252038233277113 0.056254933888853199 -0.073033169793435881 -0.1396100389071542 -0.084176079973472442
leaf_weight=1255069.2936402559 2706248.1569387913 6254964.0422559381 420330.52750343084 2045139.152359426 2069653.7443732619 961847.15394842625 145804.97889703512 345653.60084968805 5230142.5219168663 610525.9810923934 1869380.041883707 472870.6506126523 384281.9866039753 1110599.148399353 837975.77273339033 1058103.3170449734 928173.40067690611 1507418.2736394405 3065647.5978687406 1560627.5843200088 1490425.3762450218 166570.19043445587 321349.10001701117 4313228.8546450734 5018770.9223969579 1454655.849247098 3718405.6200722456 234542.69719475508 649464.39787274599 1029054.3172245026
leaf_count=1050376 1610989 1831234 344915 1150778 870749 1131104 153246 178864 1320068 392914 2487438 361710 278575 582065 886941 885341 909007 1923060 1236475 263962 849433 126207 372268 6855660 2057176 919599 1262919 216448 917846 1022793
internal_value=-0.000262564 0.0418834 -0.0954581 0.00186429 0.0649989 -0.0496132 -0.131161 0.0193672 0.0727444 -0.026539 -0.10633 -0.0951465 -0.0407726 0.0291738 -0.0728743 -0.0377397 -0.0887572 -0.0981687 0.0614996 0.0943357 0.0218559 -0.0553711 -0.0544108 -0.157474 0.0376512 -0.0262927 0.0673007 -0.0275936 -0.115225 -0.0750043
internal_weight=5.32369e+07 3.69001e+07 1.63368e+07 1.35102e+07 2.33899e+07 7.15247e+06 9.18434e+06 9.57827e+06 1.98298e+07 4.74694e+06 4.7253e+06 2.40553e+06 3.93198e+06 8.17451e+06 1.22226e+06 1.40376e+06 2.85592e+06 2.43559e+06 1.3039e+07 6.79077e+06 3.56008e+06 2.04069e+06 794220 4.45903e+06 6.12937e+06 2.70973e+06 9.97337e+06 845069 1.61131e+06 1.19562e+06
internal_count=34450160 15624555 18825605 7989715 7634840 6152279 12673326 4854224 5914658 3369351 5664420 2782928 3135491 3790019 1165516 1064205 3176982 2832067 4330628 1584030 1720182 1758362 733978 7008906 2639241 1969975 3094153 609362 2048950 1149000
is_linear=0
shrinkage=0.1


Tree=6
num_leaves=31
num_cat=0
split_feature=2 9 9 2 7 11 3 11 9 3 11 4 8 11 9 3 2 7 9 11 2 11 10 11 8 6 6 11 7 9
split_gain=1.78403e+07 2.97325e+06 2.09092e+06 830293 671688 662275 485438 395258 389004 304297 206504 188067 179108 229808 159345 149777 144096 138226 129093 129308 121143 110222 101005 94229.8 134232 92636 85780 85756.3 83191.3 78214.9
threshold=1.2435640096664431 9.5500144958496112 13.470038414001467 73.001110076904311 19.570019721984867 -0.18493013702746822 26.500000000000004 0.097680735332368748 13.239999294281008 24.500000000000004 -0.70289845916694649 1.7232653498649599 17.882857322692875 0.21652257995689161 16.200165748596195 25.500000000000004 37.383714675903327 19.486653327941898 9.9153079986572283 -0.6905596507703472 200.97452545166018 0.8511460603353429 0.15951094710994371 0.011826144619637555 27.674286842346195 35.130153656005866 29.589116096496586 -0.82413948779581736 22.748162269592289 15.640093803405763
decision_type=2 10 8 2 8 2 2 2 8 2 2 10 10 2 10 2 2 10 10 2 2 2 2 2 10 8 10 2 8 8
left_child=2 3 4 7 15 8 14 11 16 18 20 28 22 25 23 -1 26 -9 -6 -20 -5 -15 -7 -4 -25 -14 -3 -11 -2 -8
right_child=1 5 6 10 9 12 29 17 -10 27 -12 -13 13 21 -16 -17 -18 -19 19 -21 -22 -23 -24 24 -26 -27 -28 -29 -30 -31
leaf_value=-0.078453623996555408 0.0098305199371826607 -0.032885067371556991 -0.066029853809748684 0.080600497931834117 0.0040483196889925625 -0.066808833531252762 -0.1362913553307965 -0.044875735229362147 -0.032629206792694369 -0.032794982300094325 0.05775750040187945 0.056000051172463296 -0.0073713597618768377 -0.053969124918789912 -0.13255401027846889 -0.13224075858262443 0.04872820108750614 0.015972104145272611 -0.0019075631349634217 -0.053269291204640891 0.11197067275161483 -0.11202327199389404 0.032152428919217074 -0.074866962248555255 -0.12937662336326283 -0.074951417745947782 0.019172923320328876 -0.10235182244649199 0.03901397681100887 -0.16554071745572482
leaf_weight=1567484.7664481997 1274867.8557185531 345254.4570505023 993629.00831228495 5059491.1880543232 1574363.189185977 127499.50773841143 1529274.4974119067 571038.08104109764 1452891.5955412388 245622.16656285524 3331152.5951927304 8472346.9817589521 1542930.4950598478 1727667.4466162324 1353509.9220801592 773027.11096400023 1798842.3406262398 1078328.6170695424 787343.7349665761 1298678.1912910342 1626834.7033333778 403404.97135901451 539743.84849256277 835989.52454227209 982919.52318924665 233535.65228134394 3804160.5677293539 636758.19364696741 4177823.6107016802 2273196.656442523
leaf_count=1703852 627693 231631 1030192 1291445 924895 113482 2426659 442123 1104798 197707 1082134 2860184 971190 1520632 1958921 1157853 666346 549009 494237 1145058 281375 464291 275678 946606 1419216 220387 1877744 825427 1657212 3982183
internal_value=-0.00028539 0.0363952 -0.0930694 0.0556399 -0.0526983 -0.00472965 -0.127942 0.0411942 0.0137588 -0.030276 0.0780989 0.0466769 -0.0346405 -0.0428169 -0.104362 -0.0962185 0.0250893 -0.00509443 -0.0175687 -0.0338834 0.0882331 -0.0649586 0.0132425 -0.0907949 -0.104323 -0.0162555 0.0148414 -0.0829898 0.0321907 -0.153777
internal_weight=5.24196e+07 3.75678e+07 1.48518e+07 2.55919e+07 6.88328e+06 1.19759e+07 7.96852e+06 1.55744e+07 7.40115e+06 4.54277e+06 1.00175e+07 1.3925e+07 4.57478e+06 3.90754e+06 4.16605e+06 2.34051e+06 5.94826e+06 1.64937e+06 3.66039e+06 2.08602e+06 6.68633e+06 2.13107e+06 667243 2.81254e+06 1.81891e+06 1.77647e+06 4.14942e+06 882380 5.45269e+06 3.80247e+06
internal_count=34450160 16237354 18212806 8791175 6449029 7446179 11763777 6136221 3880519 3587324 2654954 5145089 3565660 3176500 5354935 2861705 2775721 991132 2564190 1639295 1572820 1984923 389160 3396014 2365822 1191577 2109375 1023134 2284905 6408842
is_linear=0
shrinkage=0.1


Tree=7
num_leaves=31
num_cat=0
split_feature=3 2 9 9 11 3 2 3 11 11 11 9 11 9 4 8 2 8 11 9 4 9 11 8 9 4 9 8 2 3
split_gain=1.49751e+07 2.7239e+06 1.8115e+06 746334 649071 538146 409888 396282 358497 277768 194499 141371 139928 132046 124442 110714 96632.2 96347.8 102084 89032.2 87636.9 87103.1 86356.7 84124.7 92865.4 82816.5 68755.9 68093.3 67464.1 64197.5
threshold=4.5000000000000009 21.671146392822269 13.69999933242798 11.300007820129396 -0.18493013702746822 23.500000000000004 91.522487640380874 27.500000000000004 0.36447543099728863 0.28313308994381592 -0.84313311835787952 16.200165748596195 -0.82413948779581736 11.519999027252199 6.9322068691253671 29.240000724792484 260.54122924804693 21.923569679260257 0.011826144619637555 9.0407443046569842 0.21905469149351123 9.9153079986572283 0.97648852793709995 19.805377960205082 10.809999942779543 0.16524341702461245 16.009999275207523 33.867166519165046 5.9818756580352792 139.50000000000003
decision_type=2 2 8 8 2 2 2 2 2 2 2 10 2 10 8 8 2 10 2 10 8 10 2 10 10 10 8 10 2 2
left_child=1 3 5 8 6 9 13 11 15 21 -5 17 27 20 -8 -1 -16 -4 -19 -6 -3 -2 28 -11 -25 -17 -9 -7 -12 -14
right_child=2 4 7 10 19 12 14 26 -10 23 22 -13 29 -15 16 25 -18 18 -20 -21 -22 -23 -24 24 -26 -27 -28 -29 -30 -31
leaf_value=-0.010562801903400573 0.0023892256947387527 0.031194389039180415 -0.044198812423512535 0.0011757521007650694 0.028683165491898734 -0.13924100174781029 0.05901287642247266 -0.13355204884073543 -0.041095128639530742 -0.021470055605743207 -0.054669053168890508 -0.12844807494510388 -0.10319100116714019 0.011590025016762361 0.080198094620192992 0.010429231898766713 0.11487848335167546 -0.067214008601620551 -0.11381773662081698 -0.001898608820313584 0.055069223856169414 -0.031056965045786273 -0.122643767082614 -0.042464160262228094 -0.097373047952480751 0.034165395799664065 -0.16221632292187221 -0.010395333950528572 -0.027322707076048638 -0.17127221772535223
leaf_weight=928394.387778759 1295090.5651017427 1805655.4483854175 421160.68345797062 1170567.5422077179 2069116.1184208989 49861.541819632053 2305318.6202706099 1539758.7689332962 1030252.9965567589 318486.07262766361 2028120.0877050161 1307553.9638254941 1404640.6746452749 888578.01690763235 4081345.8761233091 2197505.7347302437 1000370.4935794473 741236.73597639799 1284579.9171804786 1763173.3412370086 10351499.464130402 1952618.2378439903 139604.06744843721 468819.43412995338 897987.74134463072 4439618.5781492591 1832981.7462954223 231237.59768843651 1624939.7253510356 153655.45285335183
leaf_count=558307 739799 723252 403038 670849 890229 63759 678331 2607584 852894 270346 1962328 1990022 2009949 462773 1001154 1140260 158529 802988 1856565 1042019 3345929 1533617 181903 409678 1108419 1858847 3458579 171635 1231611 264967
internal_value=-0.00030017 0.0323178 -0.089061 -0.00358165 0.052378 -0.0520264 0.0594611 -0.124252 0.0142459 -0.0348133 -0.0344571 -0.101903 -0.0981897 0.0488032 0.0782832 0.0217821 0.0870252 -0.0877181 -0.0967657 0.014613 0.0515232 -0.0177196 -0.0454548 -0.0677542 -0.0785391 0.0263065 -0.14913 -0.0332501 -0.042505 -0.109904
internal_weight=5.17237e+07 3.78241e+07 1.38997e+07 1.3559e+07 2.42651e+07 6.7724e+06 2.04328e+07 7.12727e+06 8.59577e+06 4.933e+06 4.96323e+06 3.75453e+06 1.8394e+06 1.30457e+07 7.38703e+06 7.56552e+06 5.08172e+06 2.44698e+06 2.02582e+06 3.83229e+06 1.21572e+07 3.24771e+06 3.79266e+06 1.68529e+06 1.36681e+06 6.63712e+06 3.37274e+06 281099 3.65306e+06 1.5583e+06
internal_count=34450160 16759215 17690945 8456999 8302216 6572169 6369968 11118776 4410308 4061859 4046691 5052613 2510310 4531954 1838014 3557414 1159683 3062591 2659553 1932248 4069181 2273416 3375842 1788443 1518097 2999107 6066163 235394 3193939 2274916
is_linear=0
shrinkage=0.1


Tree=8
num_leaves=31
num_cat=0
split_feature=3 2 9 7 3 11 3 10 2 11 7 11 9 8 9 8 10 5 8 10 7 11 3 3 9 8 11 7 8 10
split_gain=1.2451e+07 1.96885e+06 1.92807e+06 625584 614039 480047 418406 381816 218136 212119 193323 156672 153453 132638 119579 104359 101582 95010.7 85339.3 88697 91199 83746.5 82486.9 80306 79874.8 110501 73757.6 72568.2 72300.1 94966.6
threshold=3.5000000000000004 27.458478927612308 13.69999933242798 21.28015232086182 14.500000000000002 -0.6905596507703472 19.500000000000004 0.49812943072827093 138.374626159668 -0.14250536273956091 23.456635475158695 0.6174544326165855 8.490000247955324 17.882857322692875 16.009999275207523 33.924226760864265 -0.082689790342551819 0.11106529086828233 33.025739669799812 0.54219432480460406 19.040272712707523 0.87709077819680659 40.500000000000007 90.500000000000014 10.860001564025881 19.805377960205082 -0.17646730165275518 19.31424713134766 23.063058853149418 0.51297097409535064
decision_type=2 2 10 8 2 2 2 2 2 2 10 2 10 8 8 10 2 10 8 2 10 2 2 2 8 8 2 8 10 2
left_child=1 3 4 11 9 8 16 17 27 -2 22 18 -7 -13 -8 -9 26 -5 19 20 -1 24 -6 -12 -11 -26 -4 -3 29 -18
right_child=2 5 6 7 10 12 14 15 -10 21 23 13 -14 -15 -16 -17 28 -19 -20 -21 -22 -23 -24 -25 25 -27 -28 -29 -30 -31
leaf_value=-0.052532487446759916 -0.0049882551173305598 -0.0056028874679546758 0.035050874953941588 0.0064661850214403072 -0.081706815077104075 0.042953140868517335 -0.11908193031550721 0.016713727467927691 0.086291369480324703 -0.010929305699064151 -0.025096524362590439 -0.0063667385089095866 0.015517211479645049 -0.077351908994634552 -0.15421209056543081 -0.039660339498141947 -0.097793337105134215 0.032799409422333566 -0.061545555038145551 0.0076060263287734201 -0.0056705321802714365 -0.082527866301048275 -0.12383044412945424 -0.093978882622273788 0.045173865527296485 -0.063545907627689718 -0.12220485125872999 0.056855008810990953 -0.083998069698974623 0.011078565020318724
leaf_weight=733187.13523000479 2906669.2229053378 189623.76895195246 30915.25477001071 1762003.7720274925 1160373.1053448915 5277664.880141139 1904278.5809335709 442672.55849486589 3032286.353308022 760365.10048878193 671894.39664968848 371996.75923877954 3321708.685804069 900264.5660123229 1972660.7084014714 1271793.3383318186 135516.8908803761 6160748.0221993923 363425.69352853298 1468222.5841048956 957799.03958940506 483712.97059208155 775591.58724892139 226241.86896440387 103323.10023856163 981987.09035092592 846463.70475664735 9802486.7022688389 1920068.8357845843 195994.71503570676
leaf_count=607303 1773967 94174 21762 951087 1506503 1845421 3239387 224653 642017 516542 598122 265124 1583869 976563 3905522 1018177 173550 2562386 346949 949452 559545 538311 1288852 289116 57063 1023251 1314529 2997835 2432987 146141
internal_value=-0.000307282 0.0316016 -0.0766205 0.00299807 -0.0433002 0.0506921 -0.115002 0.0176837 0.0627989 -0.0230064 -0.0807933 -0.0265184 0.0323554 -0.0565965 -0.136957 -0.0251046 -0.0877997 0.026943 -0.0156551 -0.010376 -0.0259892 -0.04549 -0.0985825 -0.0424481 -0.0357831 -0.0531956 -0.116664 0.0556697 -0.0765522 -0.0334266
internal_weight=5.11319e+07 3.60559e+07 1.50761e+07 1.44321e+07 8.07016e+06 2.16238e+07 7.0059e+06 9.63722e+06 1.30244e+07 5.23606e+06 2.8341e+06 4.7949e+06 8.59937e+06 1.27226e+06 3.87694e+06 1.71447e+06 3.12896e+06 7.92275e+06 3.52263e+06 3.15921e+06 1.69099e+06 2.32939e+06 1.93596e+06 898136 1.84568e+06 1.08531e+06 877379 9.99211e+06 2.25158e+06 331512
internal_count=34450160 15624555 18825605 8461239 7591727 7163316 11233878 4756303 3734026 3909134 3682593 3704936 3429290 1241687 7144909 1242830 4088969 3513473 2463249 2116300 1166848 2135167 2795355 887238 1596856 1080314 1336291 3092009 2752678 319691
is_linear=0
shrinkage=0.1


Tree=9
num_leaves=31
num_cat=0
split_feature=2 9 9 2 7 7 3 4 11 4 3 3 2 10 8 11 9 11 11 8 11 10 11 9 10 7 10 10 10 10
split_gain=1.03301e+07 1.90748e+06 1.32813e+06 764289 486999 365367 305585 263039 214508 202291 191324 155371 120871 117029 113762 142019 112544 107519 103966 97060.4 90668.5 82816.9 79853 79612.8 76428.2 73991.3 72613.7 71388.3 67852.2 66296.5
threshold=0.63130483031272899 10.980000019073488 14.130311965942385 55.59076118469239 19.31424713134766 19.486653327941898 34.500000000000007 1.0000000180025095e-35 -0.75013812021657655 1.0181207656860354 37.500000000000007 25.500000000000004 215.81109619140628 0.79904096188274243 16.131060600280765 0.76556758748011056 16.200165748596195 -0.16799793862756093 -0.87810534180523914 19.805377960205082 -0.82413948779581736 -0.074117382312902977 -0.6391983530350368 10.860001564025881 0.48314048284850658 23.114223480224613 0.76696112484652035 -0.0053757284505435614 0.51297097409535064 -0.43733984355855576
decision_type=2 10 10 2 10 8 2 8 2 8 2 2 2 2 10 2 8 2 2 10 2 2 2 8 2 10 2 2 2 2
left_child=2 3 4 5 11 13 16 14 12 25 17 19 -5 -2 -3 -16 29 24 -9 -1 -12 -8 -11 -19 -6 -7 -21 -23 -18 -4
right_child=1 7 6 8 10 9 21 18 -10 22 20 -13 -14 -15 15 -17 28 23 -20 26 -22 27 -24 -25 -26 -27 -28 -29 -30 -31
leaf_value=-0.025354295469379576 -0.039424463868949433 0.023319223576738934 -0.10978526277502793 0.06007354546470204 0.0045928575004563835 -0.00076003186557103974 -0.17150964943218977 0.02538687483265973 0.039664511760266315 0.044812703966370396 -0.021674450736873782 -0.11409562647916967 0.093630940243528499 0.022032660645350605 -0.034565558785360009 -0.097288829263177223 -0.14384406543420913 -0.017012666706493103 -0.010966037192473774 -0.089320242451511156 -0.10160521542280035 -0.045817251314552047 0.025582705251902895 -0.065236940555674583 -0.035713325781288573 0.021924014681030224 -0.022359558149093406 -0.13534388187790489 -0.098536482251176477 -0.068643005054825332
leaf_weight=462880.98348855972 1150113.6581142545 292372.04371011257 538681.89443415403 6645630.6635761857 1670302.5856865048 2213310.6625561714 688961.79634645581 1149231.931373477 5410190.730407536 5517555.1161824465 202509.38438686728 999459.33826714754 1280112.5488146544 424104.11591333151 3268539.8765460849 405802.0463064909 562619.42402327061 659001.37411752343 2493940.3403707743 1050986.0338000059 474287.70179152489 94607.53605145216 3547956.4686946273 712419.12464129925 654901.45690625906 4104597.9652875662 191450.20159956813 1521217.1699977517 801303.06718850136 1435088.7412369847
leaf_count=422184 890278 170211 887914 1823873 1012538 1213176 1537464 521333 1876447 1909600 171153 1723077 230482 213430 2699566 510750 1071249 504556 1740086 1387526 749460 139711 1491136 819142 575192 1819399 183995 3047020 1252833 1855379
internal_value=-0.000308853 0.0258603 -0.0782843 0.0371039 -0.0494348 0.023018 -0.114475 -0.0188983 0.0550151 0.0277136 -0.0288067 -0.0827887 0.0654935 -0.0228675 -0.0367158 -0.0414928 -0.0951361 -0.0198572 0.000501421 -0.0644403 -0.0776885 -0.14248 0.0372867 -0.042064 -0.00675951 0.0139773 -0.0790021 -0.130102 -0.117226 -0.0798716
internal_weight=5.06241e+07 3.79035e+07 1.27207e+07 3.02936e+07 7.0782e+06 1.69576e+07 5.64248e+06 7.60989e+06 1.33359e+07 1.53834e+07 4.37342e+06 2.70478e+06 7.92574e+06 1.57422e+06 3.96671e+06 3.67434e+06 3.33769e+06 3.69662e+06 3.64317e+06 1.70532e+06 676797 2.30479e+06 9.06551e+06 1.37142e+06 2.3252e+06 6.31791e+06 1.24244e+06 1.61582e+06 1.36392e+06 1.97377e+06
internal_count=34450160 17109767 17340393 11467821 7548823 7537019 9791570 5641946 3930802 6433311 3832041 3716782 2054355 1103708 3380527 3210316 5067375 2911428 2261419 1993705 920613 4724195 3400736 1323698 1587730 3032575 1571521 3186731 2324082 2743293
is_linear=0
shrinkage=0.1


Tree=10
num_leaves=31
num_cat=0
split_feature=3 2 9 11 3 9 4 3 11 2 11 8 10 11 9 11 11 10 9 8 11 4 8 8 3 10 9 10 8 11
split_gain=8.57413e+06 1.59263e+06 1.29838e+06 518655 451354 337469 315770 266225 215537 190296 189500 124440 116820 93635.1 91468.6 82723 82639.4 82047.6 80519.9 102687 90491.9 79052.5 72968.2 70913.2 66972.3 64507.5 63381.5 59421.8 58448.1 58864.3
threshold=4.5000000000000009 15.029420375823976 14.389999866485597 -0.19337245081799007 25.500000000000004 11.680000782012941 5.0894865989685067 34.500000000000007 -0.12545862287572049 162.00595855712893 0.42763731121559989 32.54969787597657 -0.43733984355855576 0.98005052076767474 16.841410636901859 -0.7614016681079937 -0.83375966452616657 -0.074117382312902977 10.593381404876711 20.31369781494141 0.76556758748011056 1.0000000180025095e-35 27.981488227844242 28.975737571716312 140.50000000000003 -0.0053757284505435614 8.948179244995119 0.48314048284850658 23.063058853149418 0.81800285027139286
decision_type=2 2 10 2 2 8 8 2 2 2 2 10 2 2 10 2 2 2 8 8 2 8 10 8 2 2 10 2 10 2
left_child=1 5 4 6 8 10 21 12 23 -8 22 -6 -4 26 28 -7 -13 -9 -10 -20 -21 -3 -1 -2 -18 -19 -5 -25 -14 -30
right_child=2 3 7 13 11 15 9 17 18 -11 -12 16 14 -15 -16 -17 24 25 19 20 -22 -23 -24 27 -26 -27 -28 -29 29 -31
leaf_value=-0.03486938719338388 -0.077927688256954022 0.013588754685834037 -0.12487309559822929 0.020524094802539694 -0.10573296424389259 -0.008498512472747171 0.048383301660818501 -0.16776753883258244 -0.021953553175993887 0.08024622654138884 -0.038821919316977857 -0.00570357894938699 -0.022015887318940958 -0.10009350548358625 -0.10866885714253399 -0.041546060222171985 -0.059985452504607295 -0.041829243808670202 -0.0074134381756824604 -0.054261040779586524 -0.10376897318530623 0.035173145449410283 0.013708169744118252 0.0029991130368045992 -0.14413001458473468 -0.12945805438143579 -0.0029856224448964368 -0.030687493279587325 -0.063910723052979332 -0.11596152192195358
leaf_weight=327129.26662582159 145783.6626984477 2173195.0243149996 753346.58278098702 2300187.3524361253 1184313.2526091337 1044306.6357246041 9660512.0483026505 609503.44588935375 808061.44926822186 2325608.9313220382 873347.24030071497 236932.65565502644 252656.80410471559 80343.087339162827 740045.86705183983 2757361.9119870663 547272.39902561903 89482.922709435225 327283.73491090536 1306348.3003975153 514647.50977340341 7740794.0751654506 5646919.9381311536 1902479.1844652891 114354.37886455655 1372807.4974074066 2286843.6929676533 722498.93195149302 1075221.5920993388 272290.11929169297
leaf_count=236251 149611 983632 1409431 997828 2078897 667823 3007710 1469612 653088 478008 772086 183193 261742 81211 1270251 2643960 769433 133262 275241 1500590 767412 2755955 2752381 1144899 221990 2897453 1382370 609861 1410817 484162
internal_value=-0.000306795 0.0240977 -0.070305 0.0371946 -0.0445793 -0.00857685 0.0436449 -0.109202 -0.0300817 0.0545655 0.00468749 -0.0844423 -0.0906232 0.0069289 -0.0795977 -0.032468 -0.056381 -0.136944 -0.0488626 -0.0589842 -0.0682529 0.0304417 0.0110481 -0.0100429 -0.0745288 -0.124096 0.00880343 -0.00627279 -0.0661529 -0.0744286
internal_weight=5.01919e+07 3.72165e+07 1.29753e+07 2.65675e+07 7.80998e+06 1.06491e+07 2.19001e+07 5.16535e+06 5.7271e+06 1.19861e+07 6.8474e+06 2.08287e+06 3.09356e+06 4.66737e+06 2.34021e+06 3.80167e+06 898559 2.07179e+06 2.95634e+06 2.14828e+06 1.821e+06 9.91399e+06 5.97405e+06 2.77076e+06 661627 1.46229e+06 4.58703e+06 2.62498e+06 1.60017e+06 1.34751e+06
internal_count=34450160 16759215 17690945 9686714 8354215 7072501 7225305 9336730 5100702 3485718 3760718 3253513 4836403 2461409 3426972 3311783 1174616 4500327 3196331 2543243 2268002 3739587 2988632 1904371 991423 3030715 2380198 1754760 2156721 1894979
is_linear=0
shrinkage=0.1


Tree=11
num_leaves=31
num_cat=0
split_feature=3 2 9 11 9 2 11 11 3 9 3 11 8 11 0 3 8 11 8 4 11 10 10 4 2 11 0 8 10 4
split_gain=7.13435e+06 1.82788e+06 673603 496531 453072 306169 252252 227401 148494 121930 115764 98715.7 96246.8 111308 95005.8 92773.9 101934 87890.5 84878.6 83163.3 77025.8 76283.5 75950.8 72523.2 71729.5 70396.4 68999.3 68137.5 68078.6 67715.3
threshold=8.5000000000000018 13.70097064971924 14.98644542694092 -0.16799793862756093 13.190001487731935 89.676486968994155 0.2332836900311728 0.16587474750015932 34.500000000000007 11.620683670043947 90.500000000000014 0.86869874770991873 27.427142143249515 -1.0000000180025095e-35 10.056910991668703 38.500000000000007 21.580000877380375 0.98005052076767474 29.131464004516605 1.0000000180025095e-35 0.69521084835931835 -0.39826117949089107 -0.074117382312902977 1.0000000180025095e-35 298.86936950683599 -0.84313311835787952 1.0000000180025095e-35 16.131060600280765 0.26037272046371446 2.6606502532958989
decision_type=2 2 8 2 10 2 2 2 2 10 2 2 10 2 2 2 10 2 8 10 2 2 2 10 2 2 2 8 2 8
left_child=1 4 6 5 7 9 10 18 12 29 19 26 -4 -14 -7 16 -8 21 -1 -2 -18 -6 -10 -20 -16 -12 27 -5 -17 -3
right_child=2 3 8 11 17 14 15 -9 22 -11 25 -13 13 -15 24 28 20 -19 23 -21 -22 -23 -24 -25 -26 -27 -28 -29 -30 -31
leaf_value=-0.025688178552872067 -0.036317927538488864 0.024952100471992991 -0.05788675600975747 0.057619144029501967 -0.08040815852566402 0.041924338560087003 -0.016773542857735756 -0.030171974873980087 -0.16625722974868759 0.0014683617669791747 -0.028551343349844632 -0.046278593242430784 -0.067765735572975105 -0.12835458377410028 0.059586175607681424 -0.12945200071389235 -0.053624211195545279 -0.13174334807337387 -0.0034703850100677642 0.012521975752206656 -0.097010548608846531 -0.035941366993132842 -0.12060224067648767 0.0175510465930321 0.095749697194161015 -0.12218191046176828 0.017545573258490103 -0.013975851331930432 -0.075776663434330982 0.039048844070691389
leaf_weight=768067.45287886262 1856580.7795700133 5758799.4796065092 539077.40915235877 144845.89446735382 451892.19684031606 3035534.2264614105 350732.50383907557 2272382.9107708931 515334.24389606714 1316179.1384199262 124635.89838582277 374745.1914254427 458333.26879870892 895862.92877051234 3612179.9110919833 493090.84224903584 787384.96439030766 114296.59698823094 2689687.3448138535 429252.52180343866 851936.11698788404 2637693.8509169817 1243949.7176365554 4209942.1544291973 646664.43704414368 225736.39535844326 2603165.754853785 1615768.6982838511 453739.0577223599 8346271.5463218093
leaf_count=543992 1870137 2250314 780716 59370 627563 898571 352028 1989771 1347614 743360 113079 311517 677539 1805463 909857 1021865 1018376 194342 1629332 302684 1364111 2603647 2727355 1985506 105028 433241 1214459 1038328 777719 2753276
internal_value=-0.000300967 0.0177377 -0.0796814 0.0324195 -0.0129287 0.0385618 -0.0578061 -0.0023881 -0.113059 0.0305772 -0.0353506 0.00297466 -0.0936224 -0.107848 0.0554422 -0.0779626 -0.0657031 -0.0456309 0.00584587 -0.0271464 -0.0761716 -0.0424452 -0.133976 0.00935625 0.0650773 -0.0888753 0.00720435 -0.00808573 -0.10373 0.0332934
internal_weight=4.98238e+07 4.05981e+07 9.22565e+06 2.74542e+07 1.3144e+07 2.27156e+07 5.57309e+06 9.94008e+06 3.65256e+06 1.54213e+07 2.63621e+06 4.73853e+06 1.89327e+06 1.3542e+06 7.29438e+06 2.93688e+06 1.99005e+06 3.20388e+06 7.6677e+06 2.28583e+06 1.63932e+06 3.08959e+06 1.75928e+06 6.89963e+06 4.25884e+06 350372 4.36378e+06 1.76061e+06 946830 1.41051e+07
internal_count=34450160 19858233 14591927 10284080 9574153 7660406 7253240 6148601 7338687 5746950 2719141 2623674 3263718 2483002 1913456 4534099 2734515 3425552 4158830 2172821 2382487 3231210 4074969 3614838 1014885 546320 2312157 1097698 1799584 5003590
is_linear=0
shrinkage=0.1


Tree=12
num_leaves=31
num_cat=0
split_feature=5 3 2 9 9 7 10 11 8 11 11 11 3 2 10 8 11 10 10 10 11 9 9 9 8 10 11 6 3 11
split_gain=5.89735e+06 1.85671e+06 643795 486760 352235 278337 179191 174873 174680 220122 148682 142772 145387 97434.5 85927 84107.9 159863 130114 80701.2 74070.1 66112.6 63497.1 56210.7 55714.6 55683.2 55160.4 51602.2 51432 50269.6 49688.9
threshold=1.0000000180025095e-35 14.500000000000002 37.955892562866218 11.992140769958498 15.373739242553713 21.979481697082523 0.54219432480460406 -0.75013812021657655 20.31369781494141 0.76556758748011056 0.86439018870140905 -0.83375966452616657 38.500000000000007 200.97452545166018 0.49812943072827093 30.611430168151859 -0.42179730054635828 0.90162119223771331 -0.074117382312902977 -0.0053757284505435614 0.2499757677084001 14.602698802948 9.1400251388549822 17.987498283386234 19.805377960205082 -0.35846811432664222 0.96849880583763492 25.037912368774418 137.50000000000003 0.96407344085605606
decision_type=8 2 2 10 10 10 2 2 8 2 2 2 2 2 2 10 2 2 2 2 2 10 8 8 8 2 2 10 2 2
left_child=1 3 5 10 11 20 -7 13 14 15 22 -3 -13 -4 -5 17 -17 -10 27 -20 -2 -18 -1 -21 -22 -14 -26 -6 29 -27
right_child=2 4 7 8 18 6 -8 -9 9 -11 -12 12 25 -15 -16 16 21 -19 19 23 24 -23 -24 -25 26 28 -28 -29 -30 -31
leaf_value=0.010563295335651814 4.506209375111265e-05 -0.01505255207498982 0.04469618444900017 -0.034348695808053907 -0.084047178185196969 0.026210450621452011 -0.015762591251974215 0.02792787670996388 -0.044634590587074648 -0.10535567269625751 -0.058872220081375895 -0.059628984485170206 -0.15030041459029189 0.073594071858031532 0.037562498402542305 -0.028061200367764355 -0.056722448103573533 0.01939103101738477 -0.020529257514142543 -0.10163865868570637 0.0080240188614261986 -0.098717430735170864 -0.0085674058101333564 -0.14518009038251251 -0.028958563632162385 -0.072548960174696725 -0.10477250296078183 -0.15841455565880092 -0.14397647586432044 -0.12158503556415051
leaf_weight=2476257.867944777 3308749.4564459026 406774.3657181561 8151074.7909085155 319461.35903978348 108891.71392536163 8373825.6423360109 1157751.7468107939 6907083.8326246738 961740.48152020574 657750.83332636952 481752.06794160604 1888969.1813302338 202281.97334256768 1361669.411221981 346273.84235963225 1311317.7240867019 773623.0098862052 473763.15443655849 91761.992403030396 1121735.0824550688 399431.17006850243 673492.62516203523 4044359.4320968091 398196.66346925497 1150569.1580165029 769067.16503304243 97376.251238673925 637100.93393084407 172437.18057495356 282572.88987630606
leaf_count=1189544 1956683 346646 2370121 311592 223686 3438503 841076 2505527 1055531 1089379 504967 2711051 482282 261838 194619 1141869 873205 351650 135534 2339924 278681 1049046 2586044 981874 1042655 1346438 136028 1698010 393949 612208
internal_value=-0.000291873 -0.0447832 0.0264822 -0.0227658 -0.0901225 0.0111174 0.0211122 0.040039 -0.0449791 -0.0515702 -0.00526308 -0.0709658 -0.0778261 0.0488327 0.00305501 -0.0431348 -0.0533507 -0.023504 -0.120365 -0.107778 -0.00810452 -0.0762671 -0.00130237 -0.113046 -0.0244729 -0.101925 -0.0348743 -0.147559 -0.0939308 -0.0857248
internal_weight=4.95071e+07 1.85996e+07 3.09075e+07 1.25198e+07 6.07979e+06 1.44877e+07 9.53158e+06 1.64198e+07 5.51742e+06 4.85169e+06 7.00237e+06 3.7221e+06 3.31533e+06 9.51274e+06 665735 4.19394e+06 2.75843e+06 1.4355e+06 2.35769e+06 1.61169e+06 4.95613e+06 1.44712e+06 6.52062e+06 1.51993e+06 1.64738e+06 1.42636e+06 1.24795e+06 745993 1.22408e+06 1.05164e+06
internal_count=34450160 21619048 12831112 10347446 11271602 7693626 4279579 5137486 6066891 5560680 4280555 5892574 5545928 2631959 506211 4471301 3064120 1407181 5379028 3457332 3414047 1922251 3775588 3321798 1457364 2834877 1178683 1921696 2352595 1958646
is_linear=0
shrinkage=0.1


Tree=13
num_leaves=31
num_cat=0
split_feature=3 9 9 5 4 11 9 7 2 3 11 11 7 3 8 11 10 8 11 8 11 10 10 10 3 9 2 7 3 7
split_gain=4.90369e+06 1.29996e+06 532754 342060 296660 197901 160708 149107 147456 125156 113452 111600 109628 107494 92222.7 94355.3 88962.1 81220.9 100908 76509.9 82584.2 75959.8 66076.5 63082.1 62609.2 53527.2 50944.4 50415.8 50163.8 49949
threshold=8.5000000000000018 9.4000000953674334 15.249999523162844 1.0000000180025095e-35 4.3132574558258066 0.029024409397335523 15.204071044921877 22.140053749084476 112.50811767578126 34.500000000000007 -0.92272482904738262 0.98005052076767474 18.470034599304203 38.500000000000007 17.080183029174808 -0.16799793862756093 0.48314048284850658 28.318849563598636 -1.0000000180025095e-35 21.580000877380375 0.69521084835931835 -0.074117382312902977 -0.35846811432664222 -0.01397611846945947 452.00000000000006 11.358915328979494 42.983318328857429 18.560169219970707 88.500000000000014 16.910005569458011
decision_type=2 10 8 8 8 2 10 10 2 2 2 2 8 2 8 2 2 10 2 10 2 2 2 2 2 8 2 10 2 10
left_child=1 4 5 6 7 16 11 -1 12 17 29 14 -6 19 -3 -16 24 -4 -19 -7 25 -11 -15 -23 27 -21 -12 -2 -18 -5
right_child=2 3 9 10 8 13 -8 -9 -10 21 26 -13 -14 22 15 -17 28 18 -20 20 -22 23 -24 -25 -26 -27 -28 -29 -30 -31
leaf_value=-0.0032639635484356978 -0.085788825817304362 0.031874449473518474 -0.050045380438624554 -0.078759652659291135 -0.023902846688829235 -0.011595733953329433 -0.056918062534560179 0.023335799573064274 0.054436165015220833 -0.15757405491343618 -0.0060887187037463189 -0.091944515494103082 0.033915970848809478 -0.15045660661167284 -0.0063907149305103619 -0.032582658304882654 -0.037355675390258296 -0.057135621807597785 -0.12053458248016627 -0.0080908575937460019 -0.083954999412227033 -0.019684930578069523 -0.080824098650303114 -0.11420832472138052 -0.19994555484064452 -0.056483863552011661 0.016856698483003554 -0.00095967541640665623 -0.091748323947557262 0.027471273801372473
leaf_weight=2758013.3462700546 74594.498050242662 394943.48313370347 543578.21973651648 45187.404703378677 340812.29750519991 374384.58047777414 1224563.6811209917 8932958.8119977117 4188952.4270729423 422476.15134683251 4646617.7957748473 193716.20156633854 8676272.1989999413 161400.09039121866 3067454.7764460742 2493422.0291443467 866517.80184745789 395162.41234311461 688400.75706827641 315628.55249962211 874343.02442762256 75962.940071851015 875500.53887313604 1000749.7235646248 16893.952620565891 828606.98456242681 1222114.7122335434 1152808.4657078981 210803.44622159004 2159883.7590768933
leaf_count=1529986 105397 223864 836649 37335 214434 379957 1505678 3441948 1023737 1263986 3037446 266923 2876381 414130 1962408 2344294 1008016 612417 1539183 272764 1459237 113853 1694450 2431866 33407 1200215 529497 828027 398373 864302
internal_value=-0.000283196 0.0145228 -0.0675685 -0.00826541 0.0286622 -0.0495077 -0.0238358 0.0170607 0.0389328 -0.100795 0.00595564 -0.0172481 0.0317306 -0.0647689 -0.0148186 -0.0181348 -0.0269613 -0.0815894 -0.0974137 -0.0531155 -0.0608161 -0.121639 -0.0916628 -0.10754 -0.00874676 -0.043135 -0.00131053 -0.0061151 -0.0479989 0.0252943
internal_weight=4.92227e+07 4.03449e+07 8.87781e+06 1.54479e+07 2.4897e+07 5.75148e+06 7.3741e+06 1.1691e+07 1.3206e+07 3.12633e+06 8.0738e+06 6.14954e+06 9.01708e+06 3.42986e+06 5.95582e+06 5.56088e+06 2.32162e+06 1.62714e+06 1.08356e+06 2.39296e+06 2.01858e+06 1.49919e+06 1.0369e+06 1.07671e+06 1.2443e+06 1.14424e+06 5.86873e+06 1.2274e+06 1.07732e+06 2.20507e+06
internal_count=34450160 19858233 14591927 10771747 9086486 7793973 6303167 4971934 4114552 6797954 4468580 4797489 3090815 5420753 4530566 4306702 2373220 2988249 2151600 3312173 2932216 3809705 2108580 2545719 966831 1472979 3566943 933424 1406389 901637
is_linear=0
shrinkage=0.1


Tree=14
num_leaves=31
num_cat=0
split_feature=3 9 2 3 11 3 7 2 10 11 11 7 10 3 10 9 9 7 10 9 8 8 11 10 8 10 10 9 8 8
split_gain=4.05533e+06 1.00278e+06 557899 324196 266594 222813 136999 108279 107116 103230 94167.9 90803.7 105502 87765.6 85256.7 83660.2 72552.1 72033.3 69236.9 68012 71264.8 63188.1 67468.4 56300.1 52109.9 75024.7 51248.5 51188.4 50529.6 47101.6
threshold=2.5000000000000004 14.602698802948 12.416235446929933 11.500000000000002 -0.75013812021657655 34.500000000000007 24.350087165832523 102.14747238159181 -0.082689790342551819 0.87709077819680659 0.85561368268953431 21.420004844665531 0.7210268013660811 52.500000000000007 -0.074117382312902977 8.030001640319826 17.900000572204593 19.570019721984867 0.48314048284850658 10.860001564025881 16.131060600280765 27.160102844238285 -0.039769286347669845 0.24372619187392155 28.687313079833988 0.55656748448714433 -0.022576249993022688 17.987498283386234 27.907335281372074 34.798601150512702
decision_type=2 10 2 2 2 2 10 2 2 2 2 10 2 2 2 10 10 8 2 8 8 10 2 2 8 2 2 10 10 8
left_child=2 3 11 9 7 8 13 17 21 19 15 -1 -13 -5 -7 -6 24 -4 -8 -2 -21 -3 -23 -15 25 -10 -16 -28 -9 -17
right_child=1 5 4 6 10 14 18 28 16 -11 -12 12 -14 23 26 29 -18 -19 -20 20 -22 22 -24 -25 -26 -27 27 -29 -30 -31
leaf_value=-0.018830327526241128 0.00098827364758276716 -0.055335834550717361 -0.015932254910143544 -0.048851101723865392 0.025464033670182275 -0.14641416924753661 0.007311865823959574 0.073628438148686776 -0.065926083248356179 -0.05389039564482876 -0.039102439871443802 0.0098053137984233409 -0.037110541779520854 -0.1243789416118988 -0.010478452935549533 0.011116124758159091 -0.096311306451457662 0.031830463483473272 -0.043734668546858757 0.058432811255287875 -0.022911266848328019 0.045253397163335082 -0.12090849937889275 -0.067258381579643201 -0.05824259702685404 0.00026226251619210255 -0.089707588070178312 -0.14148780745897413 0.044478132412305686 -0.023625903435293791
leaf_weight=2837668.0728888214 3462636.5767504275 276459.64907869697 326801.8996822834 2247048.080512315 5925718.1539449692 453317.54532083869 560115.73608928919 721989.70599913597 274591.97913736105 543196.13890039921 306150.71370539069 3910580.0289493203 546269.77217888832 275607.06575733423 66819.811110675335 5479789.6597302258 333465.01071044803 9344279.8251569867 505515.43909534812 112028.57818967104 2788610.373003155 25574.243718266487 549238.23815599084 461480.17054352164 1257103.434658289 455061.80654531717 911116.93101483583 241526.23927071691 3371453.6153939962 420154.37785840034
leaf_count=2342035 1924158 432654 178660 3179968 2085066 1409672 394680 138319 441353 642446 247291 1930438 472700 654163 97200 2556827 642634 3142600 655776 52684 2463727 21431 1274736 856541 1850494 449614 2101032 695573 850167 265521
internal_value=-0.000270542 -0.0419697 0.0195803 -0.0252183 0.0264613 -0.079856 -0.0476822 0.0359868 -0.0642805 -0.012046 0.0156538 -0.00484777 0.0040549 -0.0586732 -0.109386 0.0170714 -0.0531487 0.0302165 -0.0169037 -0.008474 -0.0197696 -0.0946212 -0.113516 -0.0886165 -0.0459041 -0.0246465 -0.0956218 -0.100558 0.0496196 0.00864203
internal_weight=4.89914e+07 1.58005e+07 3.31909e+07 1.09562e+07 2.58963e+07 4.84427e+06 4.04977e+06 1.37645e+07 3.17149e+06 6.90647e+06 1.21318e+07 7.29452e+06 4.45685e+06 2.98414e+06 1.67278e+06 1.18257e+07 2.32022e+06 9.67108e+06 1.06563e+06 6.36328e+06 2.90064e+06 851272 574812 737087 1.98676e+06 729654 1.21946e+06 1.15264e+06 4.09344e+06 5.89994e+06
internal_count=34450160 20240536 14209624 10824143 9464451 9416393 5741128 4309746 5112916 5083015 5154705 4745173 2403138 4690672 4303477 4907414 3384095 3321260 1050456 4440569 2516411 1728821 1296167 1510704 2741461 890967 2893805 2796605 988486 2822348
is_linear=0
shrinkage=0.1


Tree=15
num_leaves=31
num_cat=0
split_feature=4 3 2 9 9 7 10 8 11 3 11 11 10 2 10 10 11 11 3 3 10 8 11 10 9 6 7 8 11 8
split_gain=3.3603e+06 1.11863e+06 367558 276532 271229 215977 128826 124922 157002 104126 93670.6 90376 87145.4 86534.2 81829.9 73688 56632.4 55315.5 54902.1 53968.9 62442.9 51892 118177 89855.8 55273.4 51801.4 50484.3 70048.2 49515.2 45680.3
threshold=1.0000000180025095e-35 14.500000000000002 61.342947006225593 11.992140769958498 15.870000362396242 21.979481697082523 0.54219432480460406 21.923569679260257 0.76556758748011056 39.500000000000007 -0.82413948779581736 0.86439018870140905 0.49812943072827093 298.86936950683599 -0.05695216311707673 -0.022576249993022688 -0.85225707553516283 0.2499757677084001 295.50000000000006 140.50000000000003 0.58481550752069722 30.611430168151859 -0.7614016681079937 0.90162119223771331 14.602698802948 22.880730628967289 23.740042686462406 20.790689468383793 0.7710868207630478 19.805377960205082
decision_type=8 2 2 10 10 8 2 8 2 2 2 2 2 2 2 2 2 2 2 2 2 8 2 2 10 10 10 8 2 8
left_child=1 3 5 11 9 17 18 12 21 26 -11 -1 -5 16 25 -16 -4 -2 -7 20 -12 23 -23 -9 -24 -6 27 28 -3 -19
right_child=2 4 13 7 14 6 -8 8 -10 10 19 -13 -14 -15 15 -17 -18 29 -20 -21 -22 22 24 -25 -26 -27 -28 -29 -30 -31
leaf_value=-0.0013202952443542803 0.0019834245476346955 -0.14292699065442938 0.039415479836478633 -0.033597044039480072 -0.027050399505715444 0.022019111970425297 -0.010511059914444228 -0.03577941512002563 -0.09095731796160654 -0.010081559971216542 -0.096252383925043261 -0.046627689365399856 0.03098835309522013 0.066554067869690717 0.029528794436654727 -0.094605575205549311 0.024816435491544296 0.0076879514475024571 -0.19777799440217714 -0.13536700700729951 -0.051824745672791654 -0.0086926788381498834 -0.039684998055667685 0.020284784425533619 -0.073563075746859871 -0.14554893731364657 -0.016655935951175354 -0.058234815489620131 0.022896190740739557 -0.028440314627446825
leaf_weight=6510503.6743749678 4061669.7455020547 20099.209748834372 5084043.2932192087 390623.12190020084 39899.152628660202 12004034.313654304 1374141.9900358617 893130.0087428093 553325.06930163503 192928.53040325642 730667.96759995818 472197.75460922718 449124.02485105395 767410.29763567448 49850.527788877487 1174210.3599724174 5566409.3628810048 473496.19603991508 11375.136645793915 180742.91099339724 557917.27097374201 762020.24924308062 1053907.9759708345 420453.16785559058 886839.97608795762 489241.27596238256 560845.43765556812 1548508.1500483155 173014.81776541471 1341543.8996114135
leaf_count=3775588 2244009 38796 1370793 424527 74401 4678190 949290 1001161 983937 180383 1726731 504967 272756 146774 59612 2851269 1862705 320419 27241 474156 1009314 565034 1130709 320390 1368377 1561120 569138 2559349 167333 1231691
internal_value=-0.00025575 -0.0344145 0.0199051 -0.0175323 -0.0710024 0.0114795 0.0184939 -0.0345044 -0.0410188 -0.0565194 -0.0755925 -0.00438416 0.000945322 0.0341222 -0.103755 -0.0895501 0.0317854 -0.00450213 0.021811 -0.0841943 -0.0770166 -0.0341389 -0.0420632 -0.0178343 -0.0551659 -0.136614 -0.0427497 -0.0511526 0.0056374 -0.0190154
internal_weight=4.87942e+07 1.81101e+07 3.06841e+07 1.23921e+07 5.71793e+06 1.92663e+07 1.33896e+07 5.40942e+06 4.56968e+06 3.96472e+06 1.66226e+06 6.9827e+06 839747 1.14179e+07 1.7532e+06 1.22406e+06 1.06505e+07 5.87671e+06 1.20154e+07 1.46933e+06 1.28859e+06 4.01635e+06 2.70277e+06 1.31358e+06 1.94075e+06 529140 2.30247e+06 1.74162e+06 193114 1.81504e+06
internal_count=34450160 21619048 12831112 10347446 11271602 9450840 5654721 6066891 5369608 6725200 3390584 4280555 697283 3380272 4546402 2910881 3233498 3796119 4705431 3210201 2736045 4385671 3064120 1321551 2499086 1635521 3334616 2765478 206129 1552110
is_linear=0
shrinkage=0.1


Tree=16
num_leaves=31
num_cat=0
split_feature=2 9 9 3 7 11 11 9 10 8 8 10 3 10 4 4 11 11 10 11 6 9 2 10 8 9 8 11 11 10
split_gain=2.7842e+06 763170 317258 276612 232266 121979 109558 100513 99669 96678.1 96119.8 95164 90763.6 73557.8 68013.4 67496.6 61209.9 59084.3 54924.6 64567.9 54543.4 52428.4 51693.6 50486.6 49801.3 49566.4 47420.4 76287.7 46695.7 46488.4
threshold=6.1459491252899179 13.69999933242798 8.790006637573244 34.500000000000007 19.040272712707523 -0.75013812021657655 0.14888728888808328 16.558690071105961 0.51297097409535064 19.211283683776859 16.131060600280765 -0.39036798905311365 157.50000000000003 0.54219432480460406 9.586954593658449 1.0000000180025095e-35 -0.77243990499604276 0.8511460603353429 -0.43733984355855576 -0.15950993297387572 37.010103225708015 18.275887489318851 260.54122924804693 -0.98523971305672675 30.975587844848636 10.170001029968263 21.214999198913578 0.96177147954086928 0.97263757644091875 0.55656748448714433
decision_type=2 8 10 2 8 2 2 10 2 8 8 2 2 2 8 10 2 2 2 2 10 8 2 2 8 10 8 2 2 2
left_child=1 4 5 7 8 14 20 18 9 -1 -8 -5 15 -9 -2 25 -13 -7 19 -3 23 -18 -16 -4 -15 -6 -20 -28 -12 -22
right_child=2 3 6 11 12 17 10 13 -10 -11 28 16 -14 24 22 -17 21 -19 26 -21 29 -23 -24 -25 -26 -27 27 -29 -30 -31
leaf_value=-0.0086623107101211922 0.025159968372530917 0.026471990079331154 -0.010259027367128991 -0.14185639377898723 -0.00027602769929263577 0.017642582501997777 0.026719737973360771 -0.1063666214566793 -0.010995225159743674 -0.063829353883326875 -0.021779487132810048 0.0024049068361889324 -0.084123692550118007 -0.0134391778927702 0.037040305441979608 0.0060591388590700949 -0.07743493533571072 -0.037498924288211777 0.0065786423716285604 -0.069050576467724042 0.0033084574439187671 -0.12675989597428855 0.067493005996011088 0.01485958247719558 -0.070056488919430934 -0.022071827117240841 -0.030427879046977743 -0.098246456699167317 -0.10361061527936533 -0.037479034007612676
leaf_weight=398442.84912535548 6019559.3031837344 78094.321781039238 896213.8587475121 301979.20664297044 1756207.9270221889 8473083.4622488022 445841.74682986736 397620.60311129689 811918.48869970441 1566893.7144244611 1794570.1109285355 83784.045574337244 148371.54852944613 222237.54242438078 4235357.4073377848 3126511.1773299575 1358775.224627316 198879.75754332542 302697.24881750345 753745.86489748955 849860.32520785928 256110.27398233116 641906.01884055138 7467078.3451810181 516282.35259139538 2570583.9022640288 2275476.7560468614 178907.0398992002 72552.487942874432 416336.43136692047
leaf_count=404610 2000223 61999 511084 1033307 1148768 3167665 238092 957255 837092 2372329 1433813 106065 258766 292854 1158761 1742732 3289806 159462 275854 1386169 424141 789368 109608 3257950 944747 2476446 2792146 366548 105859 346641
internal_value=-0.000241802 -0.0327234 0.0173896 -0.0589632 -0.0157196 0.0252282 0.0045453 -0.045767 -0.0404689 -0.0526451 -0.0149977 -0.0901295 -0.00667746 -0.0716894 0.0322713 -0.00513575 -0.0809337 0.016378 -0.0375608 -0.0600828 0.00923945 -0.0852576 0.0410482 0.0121679 -0.053019 -0.0132251 -0.0307657 -0.0353714 -0.0249593 -0.0101028
internal_weight=4.86159e+07 1.71046e+07 3.15112e+07 6.72571e+06 1.03789e+07 1.95688e+07 1.19425e+07 4.72506e+06 2.77726e+06 1.96534e+06 2.31296e+06 2.00065e+06 7.60167e+06 1.13614e+06 1.08968e+07 7.4533e+06 1.69867e+06 8.67196e+06 3.58892e+06 831840 9.62949e+06 1.61489e+06 4.87726e+06 8.36329e+06 738520 4.32679e+06 2.75708e+06 2.45438e+06 1.86712e+06 1.2662e+06
internal_count=34450160 21536861 12913299 12296118 9240743 6595719 6317580 7077572 3614031 2776939 1777764 5218546 5626712 2194856 3268592 5367946 4185239 3327127 4882716 1448168 4539816 4079174 1268369 3769034 1237601 3625214 3434548 3158694 1539672 770782
is_linear=0
shrinkage=0.1


Tree=17
num_leaves=31
num_cat=0
split_feature=4 3 2 9 9 7 10 8 11 11 3 6 10 11 10 11 10 8 11 10 10 2 3 11 7 8 11 11 8 9
split_gain=2.28588e+06 790619 260272 212549 188373 162289 106153 93343.9 112308 92991.5 105732 79575.3 79008 78241.7 75774.1 72476.6 69377.5 65436 65110.2 68442.3 65091 58808.5 52058.5 49548.7 59244.1 48950.1 54522.6 52303.4 51101.4 46877
threshold=1.0000000180025095e-35 14.500000000000002 70.387599945068374 16.730000495910648 12.402499675750734 19.989834785461429 0.42179998225932674 23.542143821716312 0.21652257995689161 -0.77243990499604276 56.500000000000007 35.060447692871101 0.49812943072827093 0.97263757644091875 0.76696112484652035 -0.7614016681079937 0.59868201182722736 32.782857894897468 0.9980355542543059 0.54219432480460406 -0.074117382312902977 375.85374450683599 295.50000000000006 -0.92272482904738262 22.840133666992191 19.805377960205082 0.75438814418115718 0.7710868207630478 27.251429557800297 11.992140769958498
decision_type=8 2 2 10 10 8 2 10 2 2 2 8 2 2 2 2 2 10 2 2 2 2 2 2 8 8 2 2 10 8
left_child=1 4 5 9 13 6 -2 12 11 -3 25 -9 -6 -1 22 -13 -10 -16 19 -5 -12 -4 23 24 -7 27 -27 -11 -28 -30
right_child=2 3 21 18 7 14 -8 8 16 10 20 15 -14 -15 17 -17 -18 -19 -20 -21 -22 -23 -24 -25 -26 26 28 -29 29 -31
leaf_value=-0.0027834844559861977 -0.02962147897448817 -0.010561483513278618 0.028104647272556696 -0.13433197137890193 -0.03349156347264013 -0.00043927727035243045 0.005834221659870284 0.00049235227917569216 -0.078691569328550204 -0.1476864734812679 -0.13414680064412607 -0.0098024378689623888 0.023604437864377461 -0.062407653631009113 0.022872539222277048 -0.054600210560247747 -0.034827919139555664 -0.028116973359319321 -0.0018450257171672329 -0.082481846665834274 -0.070379893899774684 0.066607267532660497 -0.19745025393741955 0.011870874323334326 0.028081461921985434 -0.037581739595339211 -0.039993959731494944 0.02009359013725423 -0.039196919739869364 -0.1042992921553056
leaf_weight=7270470.577198118 1518105.55585666 521327.98582746089 9485439.277864337 457807.34034512937 443852.92077603936 864939.64870893955 1902864.7521747053 871695.82340160012 796223.94574582577 20731.482347473502 192396.1931989193 586666.85115668178 533873.02187609673 226956.93098896742 377994.5109885335 939493.66106617451 659049.86103752255 753183.16138386726 64384.164556115866 573491.04645317793 952954.52799388766 414011.96405649185 11450.652006626129 10646037.633847669 4611106.9416374564 1634767.308266446 394432.72656172514 179049.627341941 150939.72828045487 413873.84054072201
leaf_count=4447919 1227284 510867 2805955 1556837 536840 375100 1277498 779202 1431243 47426 612047 456522 357548 279266 173552 1248949 809957 637776 107345 1477512 2142053 73755 31702 4593477 1635013 2656188 711537 187531 229636 1032623
internal_value=-0.000226309 -0.0286257 0.0163801 -0.0599449 -0.0145107 0.00999847 -0.00989976 -0.02991 -0.0369122 -0.0502511 -0.0555038 -0.023612 -0.00231512 -0.00458839 0.0139413 -0.0373796 -0.058827 -0.0110783 -0.0994079 -0.105499 -0.0810915 0.0297149 0.0156955 0.0158469 0.0235766 -0.0450139 -0.0486873 0.00268289 -0.0676136 -0.0869015
internal_weight=4.84696e+07 1.78844e+07 3.05851e+07 5.55616e+06 1.23283e+07 2.06857e+07 3.42097e+06 4.83086e+06 3.85313e+06 4.46047e+06 3.93915e+06 2.39786e+06 977726 7.49743e+06 1.72647e+07 1.52616e+06 1.45527e+06 1.13118e+06 1.09568e+06 1.0313e+06 1.14535e+06 9.89945e+06 1.61335e+07 1.61221e+07 5.47605e+06 2.79379e+06 2.59401e+06 199781 959246 564814
internal_count=34450160 21619048 12831112 11271602 10347446 9951402 2504782 5620261 4725873 8129908 7619041 2484673 894388 4727185 7446620 1705471 2241200 811328 3141694 3034349 2754100 2879710 6635292 6603590 2010113 4864941 4629984 234957 1973796 1262259
is_linear=0
shrinkage=0.1


Tree=18
num_leaves=31
num_cat=0
split_feature=2 9 11 11 3 4 8 11 3 8 10 8 10 2 10 9 11 9 1 7 7 10 9 11 10 8 8 7 10 6
split_gain=1.89715e+06 567522 217693 211471 136508 135070 114047 121769 93251.9 88351.3 73998.4 133783 73003 70000.8 68168.2 66194.6 63876.2 49796.4 49590.2 47109.6 42779.7 42422.4 44853.4 41128.6 40865.2 57756.6 42831.9 73000.7 40597.7 39110.8
threshold=7.1278321743011483 14.98644542694092 -0.18493013702746822 0.2332836900311728 34.500000000000007 6.3459246158599862 19.805377960205082 0.79773375822167203 344.50000000000006 28.318849563598636 0.48314048284850658 32.927022933959968 -0.43733984355855576 188.68995666503909 -0.074117382312902977 11.089108467102053 0.98005052076767474 18.740000724792484 0.10636131092906 13.650062561035158 23.740042686462406 -0.0053757284505435614 18.170379638671879 0.96849880583763492 0.99053107487289871 31.66068267822266 16.131060600280765 20.300239562988285 0.78857998149907527 22.880730628967289
decision_type=2 10 2 2 2 8 8 2 2 8 2 8 2 2 2 8 2 10 8 8 8 2 10 2 2 10 8 8 2 10
left_child=1 3 5 8 12 18 -5 15 9 -1 20 -12 -3 -7 29 -8 24 -14 -2 -17 -11 -16 -23 -9 26 -26 -4 28 -28 -6
right_child=2 4 16 6 14 13 7 23 -10 10 11 -13 17 -15 21 19 -18 -19 -20 -21 -22 22 -24 -25 25 -27 27 -29 -30 -31
leaf_value=-0.047779947133242018 0.0038972395376845187 -0.080416316299358873 0.024451345503654603 0.0011538062889842331 -0.01604425460866515 0.023865177749718709 -0.0015436876607088058 -0.049588977855745175 -0.19775381537998782 -0.0085776152006402685 0.034727799675049631 -0.028274506859891663 -0.034524028731873706 0.046404090552955475 -0.00028324992521720614 -0.0040307218811516006 -0.070088053397973735 -0.094624313375049382 0.016615533293251366 -0.04559956818623985 0.0094061426620149283 -0.067120920069744697 -0.12299098436971614 -0.082997446469579017 0.041584792704059584 -0.037877215600771154 -0.034324447785267054 0.0027455520382933208 -0.0018532275456569565 -0.13416563081356778
leaf_weight=488675.6406814754 4648968.2218244374 508471.99186500907 502312.255956918 809518.24108545482 30801.145650759339 9430916.3420739174 770994.14370331168 1074237.6555431336 25567.020204126835 2160436.7574695647 400963.42006140947 2114270.7631611377 2103360.2612382323 1613747.4255422354 76439.319711953402 343761.74648329616 135590.6992700994 147532.04758404195 9002384.3950416446 1317544.3286270648 3411427.2779492587 753263.32641412318 177566.35573574901 560897.93000681698 441364.78421190381 115383.43863090873 1101865.2704723775 3164663.1865030527 591859.660133183 311683.17581273615
leaf_count=501350 2148549 1200307 255307 775075 71272 3012442 642694 1806005 75688 1514132 254920 2320532 3147160 336597 118004 409408 160939 338740 3381327 2015451 1905017 1913941 607518 1126906 190217 90703 942762 1556960 406687 1223550
internal_value=-0.000212255 -0.0264079 0.0147707 -0.0164893 -0.0589416 0.0189364 -0.0331241 -0.0399462 -0.00705742 -0.0064889 -0.00399382 -0.0182311 -0.046194 0.0271584 -0.085002 -0.0257597 -0.00222474 -0.0384632 0.0122843 -0.036998 0.00243311 -0.0718978 -0.0777788 -0.061049 -0.00066974 0.0251167 -0.00334785 -0.00622203 -0.0229776 -0.123542
internal_weight=4.83365e+07 1.75874e+07 3.07491e+07 1.34783e+07 4.10912e+06 2.4696e+07 4.87695e+06 4.06744e+06 8.60134e+06 8.57577e+06 8.0871e+06 2.51523e+06 2.75936e+06 1.10447e+07 1.34975e+06 2.4323e+06 6.05304e+06 2.25089e+06 1.36514e+07 1.66131e+06 5.57186e+06 1.00727e+06 930830 1.63514e+06 5.91745e+06 556748 5.3607e+06 4.85839e+06 1.69372e+06 342484
internal_count=34450160 21967670 12482490 13347178 8620492 8878915 6775539 6000464 6571639 6495951 5994601 2575452 4686207 3349039 3934285 3067553 3603575 3485900 5529876 2424859 3419149 2639463 2521459 2932911 3442636 280920 3161716 2906409 1349449 1294822
is_linear=0
shrinkage=0.1


Tree=19
num_leaves=31
num_cat=0
split_feature=4 3 7 9 4 11 10 9 10 10 3 6 8 10 10 11 8 2 8 3 7 8 7 11 11 3 11 10 11 11
split_gain=1.56291e+06 553736 182856 172867 130815 121745 101825 93728.8 81123.4 79612.8 79101.7 70526 60787.7 98396.6 60333.5 58421.3 68684.1 57106.2 54804.1 50965.7 44800.1 49755.3 43962.8 43114.4 40956.7 45302.1 40684.2 38187.3 37526 33661.9
threshold=1.0000000180025095e-35 10.500000000000002 19.130130767822269 15.960000514984133 7.1928875446319589 0.97648852793709995 0.42179998225932674 13.872105598449709 -0.05695216311707673 -0.022576249993022688 52.500000000000007 25.630223274230961 32.367830276489265 0.89787622492179153 -0.082689790342551819 -0.92272482904738262 34.725713729858406 129.38776397705081 15.10928535461426 56.500000000000007 24.260179519653324 22.794077873229984 22.840133666992191 0.94353349168649059 -0.82413948779581736 123.50000000000001 0.45847758937963173 -0.074117382312902977 0.75438814418115718 -0.16799793862756093
decision_type=8 2 8 10 10 2 2 10 2 2 2 10 10 2 2 2 10 2 8 2 10 8 8 2 2 2 2 2 2 2
left_child=1 5 6 10 15 7 -2 29 11 -10 20 23 13 -9 -12 22 -17 -6 27 -11 21 26 -4 -5 -16 -26 -3 -7 -23 -1
right_child=2 3 4 8 17 18 -8 12 9 19 14 -13 -14 -15 24 16 -18 -19 -20 -21 -22 28 -24 -25 25 -27 -28 -29 -30 -31
leaf_value=0.0019146931975110104 -0.032356038325800134 -0.13950137069151131 -0.0016246002884457323 0.013719850910394144 0.020033301337035431 -0.139895147291314 0.0049122955604393023 -0.030863970088325355 0.055743659681805502 -0.050192442723766266 -0.10999770670566461 -0.12750042221091262 -0.04454862467264329 0.024695729084999122 -0.00095223997639820286 0.0096167667586225195 -0.012270262612312217 0.036026001881005396 -0.092546966647881257 -0.09276137234953967 -0.0096077206271234714 -0.032082935434492532 0.023513547199363778 -0.12452120842063337 -0.044578495739675955 -0.097538356026931339 0.0032122987454500404 0.023436380449946354 -0.058199008626163812 -0.011230659264744709
leaf_weight=5117628.6657937467 1198144.8333891779 21027.129913672805 835547.08947733045 66143.98275847733 8275431.0459030271 17330.910900443792 1888871.3470740616 954331.50266844034 56639.388473004103 780327.55953302979 195073.31243781745 386818.75131483376 987857.68159216642 478622.94369876385 149533.97670212388 9403804.4714540243 1691712.4527413398 3057742.4548581243 253423.83596107364 439746.02913078666 857688.29213348031 1576697.0024615377 4156418.8752352297 34238.633737444878 656825.40868668258 214190.91988633573 399345.02043069899 82247.420553952456 845093.37975467741 3145266.0605814159
leaf_count=2800598 1026648 42209 366024 119401 2820421 26716 1235598 1191980 60405 1695202 601465 1463383 1293050 365295 137657 4004950 1181429 732761 452209 1348483 833248 2351420 1463281 118614 1353811 570172 463304 65957 1691562 2572907
internal_value=-0.00019742 -0.0238216 0.0135214 -0.0465474 0.016119 -0.010068 -0.00955244 -0.00815887 -0.0734028 -0.060155 -0.0369103 -0.108119 -0.0254634 -0.0123064 -0.0590414 0.0103218 0.00627969 0.0243482 -0.0678481 -0.0655354 -0.0296389 -0.0356838 0.019306 -0.0334316 -0.0493014 -0.0576018 -0.00392628 -0.00499033 -0.0411962 -0.00308908
internal_weight=4.82238e+07 1.77161e+07 3.05077e+07 6.67939e+06 2.74207e+07 1.10367e+07 3.08702e+06 1.06837e+07 1.76391e+06 1.27671e+06 4.91547e+06 487201 2.42081e+06 1.43295e+06 1.21562e+06 1.60875e+07 1.10955e+07 1.13332e+07 353002 1.22007e+06 3.69985e+06 2.84216e+06 4.99197e+06 100383 1.02055e+06 871016 420372 99578.3 2.42179e+06 8.26289e+06
internal_count=34450160 21619048 12831112 12850336 10568866 8768712 2262246 8223830 4805488 3104090 8044848 1701398 2850325 1557275 2663105 7015684 5186379 3553182 544882 3043685 5381743 4548495 1829305 238015 2061640 1923983 505513 92673 4042982 5373505
is_linear=0
shrinkage=0.1


Tree=20
num_leaves=31
num_cat=0
split_feature=3 9 2 3 10 6 8 11 11 3 11 11 11 8 9 10 10 9 8 8 4 8 10 6 10 7 11 10 11 3
split_gain=1.28988e+06 382243 203807 137680 102521 94837 84789.3 96778.4 80947.9 80318.7 75616.7 72615.5 70040 63171.6 76296.5 63006.3 62721.4 58854.8 57004.3 56123.4 46780.2 46044.2 45195.8 55037.9 43788.7 39781.1 37102.1 58032.5 37001 38178.2
threshold=2.5000000000000004 15.419999599456789 33.260227203369148 38.500000000000007 0.51297097409535064 31.167242050170902 25.51222133636475 1.0000000180025095e-35 0.57605713708605399 320.50000000000006 0.14888728888808328 -0.84313311835787952 -0.14250536273956091 19.211283683776859 11.570000171661379 -0.39826117949089107 0.90892735371523092 13.280001640319826 28.744288444519047 33.025739669799812 1.0000000180025095e-35 27.981488227844242 0.55656748448714433 30.990071296691898 -0.97113884758256674 16.60019683837891 0.9980355542543059 -0.32614396506100213 -0.82413948779581736 112.50000000000001
decision_type=2 10 2 2 2 10 10 2 2 2 2 2 2 8 10 2 2 10 8 10 10 8 2 10 2 8 2 2 2 2
left_child=2 3 10 12 6 -6 26 -8 16 15 17 19 18 -14 25 -5 -7 21 -2 -4 28 -1 -16 -24 -20 -15 27 -3 -17 -30
right_child=1 4 11 9 5 8 7 -9 -10 -11 -12 -13 13 14 22 20 -18 -19 24 -21 -22 -23 23 -25 -26 -27 -28 -29 29 -31
leaf_value=-0.019171420610093443 -0.046495124806987892 0.001332850463178362 0.029165597068716156 -0.10125655170109767 -0.0042946310878694332 -0.020371011613566477 0.0032172537189330041 -0.10427061207782978 -0.1343038155280121 -0.1856344865441707 -0.013247000009826407 0.012080804060533802 0.0081649836645821677 -0.054646732833965997 -0.044496702260868229 0.0024579775974930807 -0.066094859361877104 -0.014954002224651687 0.037086066257286276 0.010135129573489629 0.02314356043506674 0.0095346368620984889 0.0058839534516775312 -0.043514726323314511 -0.0034577214690806042 -0.0041884960915065782 0.031728168920849308 -0.084515901831415552 -0.036729220653998029 -0.083192941293167511
leaf_weight=592130.08648794889 293440.97639207542 128312.50537066162 6527609.1880088449 150919.06312768161 531082.37995673716 521237.96466128528 93292.660048440099 820149.54994468391 115353.53179743886 38711.913276091218 2643949.0340649188 9934799.8859592378 687908.68503317237 172114.59357407689 1767222.2187018096 183366.71915009618 706837.0837161839 1260071.5907537937 282684.36421455443 2032128.8977008462 133091.04708357155 9915853.3917279243 486114.97530853748 420769.09487301111 4620708.6655973196 1694857.9529791772 64136.410881727934 203818.29774156213 881056.08130902052 221251.47479179502
leaf_count=371265 278170 208603 1781135 447780 774843 903078 96722 2711391 372779 135324 2200095 3676566 577591 237069 2864323 163904 1602966 1042250 146046 689464 151500 4448849 498694 603619 3100937 1387984 86122 526213 1795854 569024
internal_value=-0.000183648 -0.0242575 0.0109499 -0.0161052 -0.0550675 -0.0400689 -0.076534 -0.0932925 -0.0542112 -0.0433376 0.00203473 0.0178971 -0.0119041 -0.0200751 -0.0243531 -0.0398282 -0.0466881 0.00546811 -0.00368244 0.0246477 -0.0332938 0.00791704 -0.0351837 -0.0170357 -0.00112034 -0.0088402 -0.0379036 -0.0513498 -0.0391362 -0.0460553
internal_weight=4.8125e+07 1.52184e+07 3.29065e+07 1.20342e+07 3.18422e+06 1.87451e+06 1.30971e+06 913442 1.34343e+06 1.6084e+06 1.4412e+07 1.84945e+07 1.04258e+07 5.22899e+06 4.54108e+06 1.56968e+06 1.22808e+06 1.17681e+07 5.19683e+06 8.55974e+06 1.41877e+06 1.0508e+07 2.67411e+06 906884 4.90339e+06 1.86697e+06 396267 332131 1.28567e+06 1.10231e+06
internal_count=34450160 20240536 14209624 12957819 7282717 3653666 3629051 2808113 2878823 3263386 8062459 6147165 9694433 6169280 5591689 3128062 2506044 5862364 3525153 2470599 2680282 4820114 3966636 1102313 3246983 1625053 820938 734816 2528782 2364878
is_linear=0
shrinkage=0.1


Tree=21
num_leaves=31
num_cat=0
split_feature=2 9 11 11 9 8 11 10 8 3 7 8 8 11 6 9 8 11 10 8 11 7 10 4 8 8 6 8 8 10
split_gain=1.06518e+06 331645 136790 124616 98670.9 87528.2 98521.8 85961.4 89094 76067 75159.6 68581.2 66651.9 101510 61781 60215 58464 57867.8 53929.1 95812.3 52518.2 41445.9 41352.1 37245.6 37176.3 37045.9 35255.1 35065.8 34318.8 32922.6
threshold=7.7000012397766122 15.289999485015871 -0.6523320455745395 0.2332836900311728 18.740000724792484 19.805377960205082 0.96849880583763492 0.55656748448714433 30.010023117065433 405.00000000000006 19.31424713134766 34.798601150512702 25.51222133636475 1.0000000180025095e-35 34.98017883300782 11.089108467102053 28.318849563598636 0.57605713708605399 0.3744682635859638 32.927022933959968 0.98005052076767474 24.530105590820316 0.90892735371523092 11.145262718200685 27.753482818603519 29.029999732971195 9.6149997711181658 27.907335281372074 31.69715785980225 0.95752911693909493
decision_type=2 10 2 2 8 8 2 2 8 2 8 10 10 2 10 8 8 2 2 8 2 8 2 8 8 10 10 10 10 2
left_child=1 3 10 9 7 26 15 12 -9 16 -2 23 -3 -14 20 -7 -1 22 21 -20 29 -18 -10 -12 -17 -15 -5 -25 -24 -4
right_child=2 4 14 5 -6 6 -8 8 17 -11 11 -13 13 25 -16 24 18 -19 19 -21 -22 -23 28 27 -26 -27 -28 -29 -30 -31
leaf_value=-0.037584281014278659 -0.021445862802059113 -0.027902783581038121 0.0039696384722404674 -0.067292001746878854 -0.10140279155812577 -0.0053205558833257236 -0.069352064254361315 0.0079098739941925594 -0.01554813339811591 -0.19687002328868877 0.017006613799063527 0.0036179238243877958 -0.0016798255180235388 -0.063866589651216069 -0.028244117927718904 -0.016133154657703274 -0.0056209371010463261 -0.11860260988100467 0.027821468965918403 -0.021058012021666805 -0.059158199411102133 0.011962136113246553 0.014403011076045236 0.047964344483762224 -0.041489585081325782 -0.10799173568089993 0.0097040543145796038 0.024317585140154224 -0.059812409422812199 0.022473220535277755
leaf_weight=529446.0004632473 494445.6363286674 421866.92153932154 11058449.82880342 64285.734455987811 306126.72104112804 1091308.0025827587 580848.72468993068 505296.18713884056 556558.17816822231 20783.615475997329 9018045.9248006046 2739657.8371302187 154913.73788687587 318781.76947374642 589157.50657323003 856444.13516825438 2815780.1576563716 90521.693359196186 471718.51776963472 2675795.3618631363 126626.56923010945 2558817.0002720803 69353.443949759007 729118.78465116024 1779867.7242775857 471968.79710367322 793563.44451981783 4482079.652431488 613339.47340965271 1053149.4649420977
leaf_count=543679 291168 838530 5197096 79950 996796 1016527 1223372 647649 894200 75654 3059683 1212703 155334 907641 437162 1243852 1900937 287551 305362 2825056 153025 1372998 92730 153317 3061279 1650020 741467 1229228 1339943 516251
internal_value=-0.000171043 -0.0196249 0.011227 -0.012839 -0.0471627 -0.0252361 -0.0310441 -0.041978 -0.027835 -0.00577932 0.0169864 0.0181063 -0.0609564 -0.0757018 0.00338607 -0.0250748 -0.00534055 -0.0414176 -0.00333737 -0.0137324 0.00490878 0.00275027 -0.0357796 0.0208958 -0.0332522 -0.0902032 0.0039341 0.0276261 -0.052273 0.0055786
internal_weight=4.80381e+07 1.77474e+07 3.02907e+07 1.42387e+07 3.50873e+06 5.16632e+06 4.30847e+06 3.2026e+06 1.83507e+06 9.07234e+06 1.74633e+07 1.69689e+07 1.36753e+06 945664 1.28274e+07 3.72762e+06 9.05156e+06 1.32977e+06 8.52211e+06 3.14751e+06 1.22382e+07 5.3746e+06 1.23925e+06 1.42292e+07 2.63631e+06 790751 857849 5.2112e+06 682693 1.21116e+07
internal_count=34450160 22200527 12249633 14390133 7810394 7366447 6545030 6813598 3262073 7023686 5946099 5654931 3551525 2712995 6303534 5321658 6948032 2614424 6404353 3130418 5866372 3273935 2326873 4442228 4305131 2557661 821417 1382545 1432673 5713347
is_linear=0
shrinkage=0.1


Tree=22
num_leaves=31
num_cat=0
split_feature=4 3 2 9 9 7 8 11 10 8 3 10 10 11 11 11 6 6 10 11 3 7 2 10 10 7 8 8 6 11
split_gain=898412 317995 112450 106977 86635.6 85461.8 59516.9 83026.8 57144 53237.2 48105.8 73437.8 49941 52960.4 47513.8 43643.2 50174.7 48438.7 43790.2 41169.7 40198.3 38426.3 34090 33628 32926.4 48744 45090 35821.2 32840.8 50549.5
threshold=1.0000000180025095e-35 19.500000000000004 84.560729980468764 17.810787200927738 11.992140769958498 22.500025749206547 17.882857322692875 0.76556758748011056 0.54219432480460406 25.650713920593265 56.500000000000007 -0.082689790342551819 -0.39826117949089107 0.69521084835931835 0.57605713708605399 -0.12545862287572049 36.590269088745124 35.060447692871101 0.79383249484937135 0.029024409397335523 24.500000000000004 17.900031089782718 375.85374450683599 -0.46801505794253101 0.96687895796550427 18.95037937164307 32.974365234375007 19.805377960205082 21.742390632629398 0.96407344085605606
decision_type=8 2 2 10 10 8 8 2 2 8 2 2 2 2 2 2 10 8 2 2 2 8 2 2 2 8 10 8 10 2
left_child=1 4 5 10 21 24 -6 9 -7 -8 12 -12 13 14 19 16 -11 -17 -18 -3 23 -1 -4 -15 25 27 -26 -2 -14 -30
right_child=2 3 22 -5 6 8 7 -9 -10 15 11 -13 28 20 -16 17 18 -19 -20 -21 -22 -23 -24 -25 26 -27 -28 -29 29 -31
leaf_value=-0.024408258637294119 0.0070147620310117053 0.0012795916105258452 0.018959962837131542 -0.089303753182669587 0.014469712314564771 0.013082020296604125 0.010218413790427398 -0.051202516518675682 -0.0091706767414819462 0.010388692027448871 -0.10579407806223817 -0.041738440993991585 0.021028350436600264 -0.074057207406824338 0.012899738604143722 -0.024322473931316271 -0.010407105157771553 -0.064163981496825534 -0.048223666618327332 -0.077504495594934594 -0.11036296185242148 -0.00065309940703719733 0.048846716732850348 0.069184697617809238 0.029540587904814054 0.0017224579011983665 -0.031998981535191033 -0.022995811946983871 -0.015815250212228162 -0.067144392485840657
leaf_weight=760878.71405082941 516821.70174653828 95978.452268645167 7517479.1283907294 426780.38864371181 476950.52678829432 13341084.728643611 617727.46027040482 844493.10042577982 1263271.9039099067 703668.82105943561 209319.58452807367 1234826.5866200626 186434.34087567031 45067.715107604861 167572.28701128066 1526816.0334505588 977414.86997139454 381379.33404843509 445895.64825072885 214709.69666685164 188002.04394175112 6481986.8564673066 402066.1852504015 25755.573593989015 626583.82634572685 4892704.8395183533 146992.45357382298 1726091.0340083688 1290098.0981873721 225380.26918376982
leaf_count=753626 345403 105502 2171898 1537139 343719 5034247 551498 1551739 869980 548783 776165 2771066 234905 101222 302744 2092119 857000 698108 635928 551268 623227 3822656 73755 27663 314032 2396128 147880 1477789 2157456 575515
internal_value=-0.000158405 -0.0181933 0.0102283 -0.0417813 -0.0105017 0.00662309 -0.019416 -0.0223559 0.0111572 -0.0171203 -0.0365583 -0.0510229 -0.0279937 -0.0497373 -0.0300182 -0.0213055 -0.011455 -0.0322854 -0.0222543 -0.0531663 -0.0861746 -0.00314863 0.0204773 -0.0219659 -0.0017491 -0.00387353 0.017847 -0.0160806 -0.0185767 -0.0234489
internal_weight=4.79602e+07 1.75271e+07 3.04331e+07 4.30993e+06 1.32172e+07 2.25136e+07 5.97435e+06 5.4974e+06 1.46044e+07 4.6529e+06 3.88314e+06 1.44415e+06 2.439e+06 737086 478260 4.03517e+06 2.12698e+06 1.9082e+06 1.42331e+06 310688 258825 7.24287e+06 7.91955e+06 70823.3 7.90919e+06 7.13562e+06 773576 2.24291e+06 1.70191e+06 1.51548e+06
internal_count=34450160 21619048 12831112 9763872 11855176 10585459 7278894 6935175 5904227 5383436 8226733 3547231 4679502 1711626 959514 4831938 2041711 2790227 1492928 656770 752112 4576282 2245653 128885 4681232 4219320 461912 1823192 2967876 2732971
is_linear=0
shrinkage=0.1


Tree=23
num_leaves=31
num_cat=0
split_feature=5 3 10 9 7 4 10 11 8 11 10 9 7 11 2 10 8 11 10 3 11 2 11 8 10 3 10 10 11 3
split_gain=729700 261768 108310 107386 93093.8 78468.8 69354.9 51481.6 56361.8 54347.3 50847.5 46849.1 43037.9 42829.9 41551.7 41543.4 58464.4 38468.8 43576.3 35692.8 34516.7 33976.3 33791.9 36058.7 32463 32395.2 34383.9 36086.6 50316.8 31773.7
threshold=1.0000000180025095e-35 34.500000000000007 -0.39826117949089107 15.289999485015871 18.750151634216312 3.5112662315368657 0.42179998225932674 -0.16799793862756093 17.882857322692875 0.97263757644091875 -0.97113884758256674 18.740000724792484 17.990000724792484 0.99249573635719013 200.97452545166018 0.54219432480460406 31.66068267822266 0.41202506375868281 0.76696112484652035 57.500000000000007 -0.82413948779581736 2.2681553363800053 -0.99052477729077237 34.870746612548835 -0.26866367175705824 139.50000000000003 -0.074117382312902977 -0.0053757284505435614 0.97461712852231652 153.50000000000003
decision_type=8 2 2 10 8 10 2 2 8 2 2 10 8 2 2 2 8 2 2 2 2 2 2 10 2 2 2 2 2 2
left_child=1 3 -3 7 6 -6 -2 10 -9 -10 -1 19 21 -11 29 -5 17 -17 -19 24 -21 -12 -14 -24 -4 26 -22 -28 -29 -7
right_child=4 2 11 15 5 14 -8 8 9 13 12 -13 22 -15 -16 16 -18 18 -20 20 25 -23 23 -25 -26 -27 27 28 -30 -31
leaf_value=0.036622082863933487 -0.028475852652032181 -0.099170398557871381 0.040538992462496454 -0.047681730897813634 0.0047849641885252736 0.01398662232663208 0.0039686820336665282 0.011015982252382921 -0.015168219099735947 -0.097636246842246976 -0.081198654483237112 -0.097804983798898626 0.018595093431220955 -0.026659691049261199 0.030985310066032713 0.024467663173430756 -0.038008426740774419 0.005972989281908446 -0.069246316201755365 0.0017007440602553056 -0.092181850502076002 -0.012447751965000746 0.0028754390795390143 -0.014202897478108073 -0.024377100083148213 -0.084607032195545148 0.031753599642546336 -0.031716890691112734 -0.10224106756752349 -0.17677941789684051
leaf_weight=335262.7602956593 1048632.1716871709 328280.11826768517 86885.366224110126 893203.3206218034 11742894.275021598 14267020.857287481 1772589.1191818267 773623.61992460489 4873441.6182406247 144635.96801657975 121304.22099784017 123171.63182628155 732858.78130945563 206265.42478044331 1574932.2568562627 349806.60916733742 845985.06063997746 197461.20616109669 126267.19326418638 149419.52219831944 120795.88102054596 176429.89210519195 2909767.9317457378 2149595.8293215632 679437.98117381334 213873.10966812074 73529.471948087215 751845.57641483843 116895.81230424345 8736.3918634057045
leaf_count=166507 936405 1266738 149550 1982393 5438000 4912016 1175555 583814 5333423 300559 168721 492557 355353 329357 342299 305768 1496829 247542 214191 144546 456987 123735 1511860 1704999 1402829 657990 109783 1731943 381074 26837
internal_value=-0.000145921 -0.0164276 -0.0454145 -0.0112614 0.00921151 0.0109805 -0.00809077 -0.00751207 -0.0141748 -0.017905 -0.0012924 -0.0377945 -0.00337965 -0.0559151 0.0155705 -0.0305668 -0.0205063 0.00147705 -0.0233656 -0.0344234 -0.0437752 -0.0404586 -0.00147371 -0.00438071 -0.0170169 -0.0490965 -0.0419523 -0.0355131 -0.0412065 0.0138699
internal_weight=4.78948e+07 1.748e+07 2.64413e+06 1.48359e+07 3.04148e+07 2.75936e+07 2.82122e+06 1.24232e+07 5.99797e+06 5.22434e+06 6.42522e+06 2.31585e+06 6.08996e+06 350901 1.58507e+07 2.41272e+06 1.51952e+06 673535 323728 2.19268e+06 1.42636e+06 297734 5.79222e+06 5.05936e+06 766323 1.27694e+06 1.06307e+06 942271 868741 1.42758e+07
internal_count=34450160 21619048 6793997 14825051 12831112 10719152 2111960 10578328 6547153 5963339 4031175 5527259 3864668 629916 5281152 4246723 2264330 767501 461733 5034702 3482323 292456 3572212 3216859 1552379 3337777 2679787 2222800 2113017 4938853
is_linear=0
shrinkage=0.1


Tree=24
num_leaves=31
num_cat=0
split_feature=2 9 3 11 11 3 8 10 11 8 11 10 11 11 11 6 11 8 6 6 11 8 7 10 10 11 10 10 8 7
split_gain=599225 206396 94715.7 88863 72487.2 72119.8 57138.2 112677 53113.5 68422.7 51220 50216.9 47530.4 64798.3 44735.2 41240.7 40212.4 46462.4 39336.1 39206.7 36399.9 34372.9 36986.5 32119.9 31404.4 31026.7 36770.5 41903.1 30913.7 30228.8
threshold=9.6653552055358904 16.350001335144047 38.500000000000007 -0.75013812021657655 -0.4755978891912595 405.00000000000006 29.131464004516605 0.81428061195174062 0.2332836900311728 20.790689468383793 0.79773375822167203 -0.39826117949089107 0.75438814418115718 0.9980355542543059 0.31595530242620651 34.630228042602546 0.96407344085605606 28.448573112487797 23.350302696228031 34.500131607055671 0.86869874770991873 34.798601150512702 19.130130767822269 -0.90163369914317015 0.69056404122701587 0.95436825032516992 -0.39036798905311365 -0.32614396506100213 23.785716056823734 22.650074005126957
decision_type=2 10 2 2 2 2 8 2 2 8 2 2 2 2 2 10 2 10 8 10 2 10 8 2 2 2 2 2 10 10
left_child=1 2 8 21 -3 11 12 -8 18 -10 19 -4 -6 25 -9 20 24 -18 -1 29 23 22 -2 -5 -13 26 28 -28 -14 -11
right_child=3 4 5 15 6 -7 7 14 9 10 -12 16 13 -15 -16 -17 17 -19 -20 -21 -22 -23 -24 -25 -26 -27 27 -29 -30 -31
leaf_value=-0.068154117049838467 -0.016755184596235369 0.0055916403893979012 -0.079318081255662642 -0.00075164847770127041 0.0071795384241129792 -0.18756331351264016 -0.11118652810742405 -0.058937296427772901 0.0069293456011639554 -0.014275194059674852 -0.037897699763179568 -0.0019674119344762946 0.016648455982715103 0.036281265511938186 -0.0032498446969900308 -0.018133562626783985 -0.036088772939811962 -0.13117186274455814 -0.0029267640185123944 -0.067391280512350646 -0.023803599965989852 0.0032198671515557423 0.017296290758166234 0.0094801416496378028 -0.03229198475112028 -0.10616488946189835 0.07725572618963028 -0.046621407017127636 -0.16725726942373184 0.027898543122812144
leaf_weight=93333.789543300867 327618.41098213196 251591.08983139694 180045.90896254778 4984313.9894517958 235875.49161748588 29188.534329041839 365926.75457826257 493882.61937128007 1021914.278022334 2333256.8509933203 1352298.7790674418 715306.37380586565 12168.632093027234 74343.705215364695 203776.86374635994 849296.86972361803 236470.41125227511 65662.303365334868 9822080.5628776848 130632.36031171679 436787.4391900897 2353559.5198025703 12106138.304308563 7980553.4197445512 653516.87865486741 126374.1888435185 33474.167310386896 148197.96016578376 36728.198797926307 183308.72116237879
leaf_count=107003 190804 337714 617673 2221797 356444 126859 1498794 1208148 918720 2936102 2302457 1182742 19883 112151 420358 561562 592072 240892 7099271 254271 397666 997217 3703965 3446987 1403535 469157 56836 373905 189666 105509
internal_value=-0.000134468 -0.0140444 -0.0104469 0.0088708 -0.044563 -0.0315996 -0.0518538 -0.0662443 -0.00778431 -0.0161638 -0.0220643 -0.0291402 -0.0289125 -0.0486516 -0.0426717 0.00323574 -0.0237335 -0.0567531 -0.00354075 -0.013976 0.00458997 0.0143015 0.0163991 0.00554655 -0.0164453 -0.0663414 -0.0445142 -0.0237963 -0.12149 -0.0112032
internal_weight=4.78376e+07 1.87994e+07 1.6817e+07 2.90383e+07 1.98234e+06 1.88019e+06 1.73075e+06 1.06359e+06 1.49368e+07 5.02141e+06 3.9995e+06 1.851e+06 667162 431287 697659 1.4251e+07 1.67096e+06 302133 9.91541e+06 2.6472e+06 1.34017e+07 1.47873e+07 1.24338e+07 1.29649e+07 1.36882e+06 356943 230569 181672 48896.8 2.51657e+06
internal_count=34450160 22930162 17887106 11519998 5043056 4163773 4705342 3127300 13723333 6517059 5598339 4036914 1578042 1221598 1628506 6628012 3419241 832964 7206274 3295882 6066450 4891986 3894769 5668784 2586277 1109447 640290 430741 209549 3041611
is_linear=0
shrinkage=0.1


Tree=25
num_leaves=31
num_cat=0
split_feature=5 3 10 9 6 11 2 6 11 7 10 10 9 7 10 10 11 10 9 8 10 8 7 7 7 11 10 3 10 8
split_gain=502454 180397 80702.1 75413.6 72540.6 77057.1 69957.7 57397.4 58238 56860.9 52771.4 41822.7 38521.8 34164.3 40559.5 33727 32495.4 31261.7 30580.4 30201.5 28803.9 49755.3 36418.7 40566.6 34393.2 31554.7 28199.2 27415.2 27372 30265.1
threshold=1.0000000180025095e-35 34.500000000000007 -0.39826117949089107 12.999998569488527 26.021056175231937 0.21652257995689161 81.599227905273452 35.130153656005866 -0.013976481981245173 22.500025749206547 0.65233619298682533 0.48314048284850658 18.275887489318851 18.082599639892582 0.49812943072827093 0.51297097409535064 0.7254836971458194 0.22700754078277605 16.508025169372562 30.314291954040531 0.42179998225932674 32.881446838378913 17.211653709411625 6.880033254623414 16.090071678161625 0.2499757677084001 0.7210268013660811 57.500000000000007 -0.92274349529687905 31.775715827941898
decision_type=8 2 2 10 10 2 2 10 2 8 2 2 10 8 2 2 2 2 10 10 2 10 10 10 10 2 2 2 2 10
left_child=1 3 16 13 15 7 9 -6 17 20 18 -11 27 14 -1 -5 -3 -9 -7 26 22 24 23 -2 -22 -26 -12 -4 -8 -30
right_child=6 2 12 4 5 10 28 8 -10 11 19 -13 -14 -15 -16 -17 -18 -19 -20 -21 21 -23 -24 -25 25 -27 -28 -29 29 -31
leaf_value=-0.029424832629809917 0.010016759202225299 -0.054159298057786943 -0.012217164681287355 -0.01234768650547298 0.0091715592960277797 -0.046011280658328851 -0.00037075748796755719 0.029908914963300372 -0.074322998241906316 0.010270331333062682 0.055727260607768447 -0.0075158776476708343 -0.076227674930082978 -0.001130144367825169 0.0062363547749087209 0.019098590340368329 -0.11855099951750879 -0.021404738631589867 -0.087177957592558294 -0.042399699964940113 -0.0015657248303379428 -0.023940048859143241 -0.0035060174469532801 -0.045056846216160878 0.028014913557539319 -0.017831555765060042 -0.013951259922646668 -0.036086005505505475 0.02108556714968968 0.005760291690230443
leaf_weight=982127.03414912522 188849.87036527693 160856.04425290227 742715.69130577147 780338.14985209703 771871.77756729722 827743.3347799629 961796.10747927427 130062.67078529298 200583.85076263547 12856684.317892119 70027.446470081806 1473569.0622083247 177186.05191746354 7683276.7312574983 472312.50165203214 605881.98232029378 152837.77970592678 1362145.3994413316 230751.43291994929 338893.91409045458 1123489.8445059359 476790.48066937923 4205506.8175872117 458372.61505830288 1171824.0260054469 172183.54461067915 340477.31857068837 1366653.7396630496 5627438.8251755238 1671338.7138347626
leaf_count=1206675 145097 535945 1493307 1128048 761402 1734978 363306 104212 452157 4843742 63254 978395 701456 4964760 375136 482688 730793 1732073 773323 628876 798354 414737 2141307 508218 482018 154401 417469 3332496 1502258 499279
internal_value=-0.000124888 -0.0136774 -0.0379688 -0.00940859 -0.0184806 -0.0249297 0.0076338 -0.0134278 -0.0237326 0.00470217 -0.04061 0.00844139 -0.0314436 -0.00379051 -0.0178443 0.00139669 -0.0855322 -0.0169322 -0.0549856 -0.0203051 -0.00217018 0.00563287 -0.00690451 -0.0289872 0.0113472 0.0221414 -0.0020649 -0.0276817 0.0154866 0.0175762
internal_weight=4.77846e+07 1.73967e+07 2.60025e+06 1.47965e+07 5.65878e+06 4.27256e+06 3.03878e+07 2.46466e+06 1.69279e+06 2.21273e+07 1.80789e+06 1.43303e+07 2.28656e+06 9.13772e+06 1.45444e+06 1.38622e+06 313694 1.49221e+06 1.05849e+06 749399 7.79702e+06 2.94429e+06 4.85273e+06 647222 2.4675e+06 1.34401e+06 410505 2.10937e+06 8.26057e+06 7.29878e+06
internal_count=34450160 21619048 6793997 14825051 8278480 6667744 12831112 3049844 2288442 10466269 3617900 5822137 5527259 6546571 1581811 1610736 1266738 1836285 2508301 1109599 4644132 1849510 2794622 653315 1434773 636419 480723 4825803 2364843 2001537
is_linear=0
shrinkage=0.1


Tree=26
num_leaves=31
num_cat=0
split_feature=9 7 9 4 10 11 11 8 11 8 3 10 11 11 8 10 11 10 7 8 11 11 11 7 2 8 3 2 3 11
split_gain=408796 120812 113834 90963.1 71981.2 102531 71782.9 67643.4 75254.5 72601.6 52288 48039.7 40993.5 40769.7 49660 45714.4 38721.6 57797.9 36832.9 36808.1 83041.3 54479 36364.5 35642.3 35300.3 34829.9 31541.4 30520.2 27280.5 27236.2
threshold=11.940001487731935 16.710239410400394 17.650444030761722 2.6606502532958989 -0.099819732675876835 0.96407344085605606 -0.17646730165275518 17.882857322692875 0.83258597624099873 28.862753868103031 405.00000000000006 -0.074117382312902977 -0.25206183926700709 0.89309379682046119 29.490000724792484 -0.72696319516528884 0.9980355542543059 0.58481550752069722 11.979791641235353 31.13634014129639 -0.6905596507703472 -0.62587551141915865 0.063390085881955341 14.390172004699709 0.81423595547676098 13.993053913116457 147.50000000000003 298.86936950683599 127.50000000000001 -0.22700609751797865
decision_type=10 8 10 10 2 2 2 8 2 10 2 2 2 2 10 2 2 2 10 8 2 2 2 10 2 8 2 2 2 2
left_child=1 11 4 10 5 6 29 -6 19 -10 -3 -1 -13 15 -15 18 17 -4 22 21 -21 24 -8 25 -9 -17 27 -5 -23 -2
right_child=2 3 16 26 7 -7 13 8 9 -11 -12 12 -14 14 -16 23 -18 -19 -20 20 -22 28 -24 -25 -26 -27 -28 -29 -30 -31
leaf_value=-0.049645074839631063 0.0061112317883230093 0.0015766177318685482 -0.095507034416106501 0.011045740423429779 0.024941011330978518 -0.096136648972033736 -0.1371324887127269 -0.11825312513939593 -0.021977652696211013 -0.085647858136145269 -0.19453689357725334 -0.071054449054125182 -0.0060255692800080512 0.02111009843461626 -0.07555667268309979 0.092363440330160473 0.039876318707953724 -0.037617828304256418 -0.032364316477601733 0.0021311669646779234 -0.024084551994518311 0.010529763168300147 0.021446984753030945 -0.032257080603887593 -0.022427858777775016 -0.093621310489163168 -0.17761153940561841 0.032722146598716383 -0.083637608773953945 0.07542813541202717
leaf_weight=417135.83504150808 277674.33728133142 16644506.24324666 260345.97463543713 16347384.15689753 556303.46693946421 200622.0938347429 15478.376908272505 47230.378813654184 777966.84144675732 232647.29357722402 13606.367743134499 104867.56994141638 1282327.6133230627 282738.47751788795 65444.784091591835 10495.217027410865 43441.561342909932 510979.77369748056 1161250.4961565137 2195695.7111742646 2686867.0824896544 1906540.851788342 219892.63063007593 234814.39773361385 206625.21121647954 248104.80716705322 8786.2045549452305 676428.24069708586 31269.123427063227 71225.192843362689
leaf_count=535429 206324 8974038 1085089 5527199 376798 599127 31353 81323 1526266 683888 66053 92522 1109655 469301 198461 5554 69872 1247697 2005667 1631026 4083369 1839460 282022 528258 154123 740813 30860 131380 99631 37602
internal_value=-0.000114389 0.00532049 -0.0158704 0.00667061 -0.0132959 -0.0272682 -0.0219276 -0.00878826 -0.0111091 -0.0366348 0.00141643 -0.0198893 -0.0109415 -0.0285042 0.00294054 -0.034297 -0.0519836 -0.0571572 -0.0250531 -0.00746255 -0.0122953 0.00330381 0.0110185 -0.0604623 -0.0402564 -0.0860732 0.0118093 0.011907 0.00901025 0.0202618
internal_weight=4.77387e+07 3.5495e+07 1.22437e+07 3.36907e+07 1.14289e+07 2.78774e+06 2.58712e+06 8.64115e+06 8.08484e+06 1.01061e+06 1.66581e+07 1.80433e+06 1.3872e+06 2.23822e+06 348183 1.89004e+06 814767 771326 1.39662e+06 7.07423e+06 4.88256e+06 2.19167e+06 235371 493414 253856 258600 1.70326e+07 1.70238e+07 1.93781e+06 348900
internal_count=34450160 16467136 17983024 14729530 15580366 5104482 4505355 10475884 10099086 2210154 9040091 1737606 1202177 4261429 667762 3593667 2402658 2332786 2319042 7888932 5714395 2174537 313375 1274625 235446 746367 5689439 5658579 1939091 243926
is_linear=0
shrinkage=0.1


Tree=27
num_leaves=31
num_cat=0
split_feature=3 9 3 11 8 9 11 10 10 8 11 11 11 8 3 7 10 9 8 7 7 11 2 4 10 11 11 11 10 11
split_gain=342830 128038 75634 56507.4 66627.7 52568.9 48961.1 68294.9 41656.8 42097.6 51400.5 40008.9 35438 60231.3 38849.8 33473 34785.1 30146 33183.9 28579.8 27851.4 31183.9 26703.9 24860.9 24717.5 23244.6 27942.2 23098.1 29833.8 22627.2
threshold=1.5000000000000002 15.59999990463257 405.00000000000006 -0.91595872546125101 34.655714035034187 18.740000724792484 0.97648852793709995 -0.12546116083924153 0.55656748448714433 27.251429557800297 1.0000000180025095e-35 0.097680735332368748 -0.9292178835113839 30.975587844848636 112.50000000000001 3.543819904327393 -1.0000000180025095e-35 9.3500013351440447 23.063058853149418 16.710239410400394 13.650062561035158 0.57605713708605399 1.4360010623931887 1.0000000180025095e-35 0.90892735371523092 0.96633974041180493 0.95436825032516992 0.9980355542543059 -0.75015329512557205 0.99932962452255414
decision_type=2 10 2 2 10 8 2 2 2 8 2 2 2 8 2 8 2 8 8 8 10 2 2 10 2 2 2 2 2 2
left_child=3 2 6 19 11 8 12 -8 9 27 -11 -5 13 22 17 -9 -17 -14 25 -1 -10 24 -2 -20 -22 26 -19 28 -3 -13
right_child=1 5 -4 4 -6 -7 7 15 20 10 -12 29 14 -15 -16 16 -18 18 23 -21 21 -23 -24 -25 -26 -27 -28 -29 -30 -31
leaf_value=-0.059116787925753103 -0.080498542600226985 0.025572000154713351 -0.18543210072903349 0.0075892654275515285 -0.014430912022852372 -0.071394308775132073 -0.11057536079762174 0.022146324399927197 0.0069364249163505129 0.0047162494498796045 -0.072380248888031837 -0.0035845837267901161 0.0023446545511099713 0.012417884066964972 -0.043024835035988612 -0.0018739546505120886 -0.055172000237121724 0.0059073041380890189 -0.014242825345874541 0.013264065486769861 -0.0010903004467553729 -0.08061016667156945 -0.016150172780382568 0.0012461583603277208 -0.031955041737393892 0.054426273046425201 -0.083195475582663256 0.032183904540844757 -0.041637518915155949 -0.090021154980007748
leaf_weight=54868.806063681841 91083.152428746223 82341.76433968544 23795.54596182704 14872551.955245107 1880142.9763818681 279654.45318374038 96384.191464990377 144090.93322762847 413011.00586725771 105050.69133199751 489089.39571434259 3430779.8347597271 2694355.5529334396 1931400.5239101052 306134.43525876105 212807.9440549314 288409.53940817714 897891.15094928443 6787867.2073772848 9449971.6659514308 457406.45213826001 87831.462058469653 220895.44271224737 1222966.8359014839 599578.86246192455 94626.299776047468 36630.542386949062 74328.345733031631 333727.82833417505 30555.32890406251
leaf_count=48459 104730 120942 122942 5611494 1224237 1003158 263277 133082 544867 108008 1883945 2305413 1467690 988559 705353 376019 620175 851574 8330109 3100916 749540 277212 117669 906058 1292389 82026 61937 109848 892431 46101
internal_value=-0.000106038 -0.0110091 -0.00728984 0.0064872 0.00349713 -0.0301648 -0.00700772 -0.0320585 -0.0258012 -0.0408494 -0.0587487 0.00533565 -0.00570696 0.00583243 -0.00785697 -0.0203311 -0.0325426 -0.00693949 -0.00970661 0.0128462 -0.0153249 -0.023356 -0.0349369 -0.0118782 -0.0185984 0.007197 0.00241473 -0.0191636 -0.0283365 -0.00434761
internal_weight=4.76902e+07 1.79714e+07 1.50493e+07 2.97189e+07 2.0214e+07 2.92202e+06 1.50255e+07 741693 2.64237e+06 1.08454e+06 594140 1.83339e+07 1.42839e+07 2.24338e+06 1.20405e+07 645308 501217 1.17343e+07 9.03998e+06 9.50484e+06 1.55783e+06 1.14482e+06 311979 8.01083e+06 1.05699e+06 1.02915e+06 934522 490398 416070 3.46134e+06
internal_count=34450160 22113540 15131200 12336620 9187245 6982340 15008258 1392553 5979182 3115174 1991953 7963008 13615705 1210958 12404747 1129276 996194 11699394 10231704 3149375 2864008 2319141 222399 9236167 2041929 995537 913511 1123221 1013373 2351514
is_linear=0
shrinkage=0.1


Tree=28
num_leaves=31
num_cat=0
split_feature=5 3 10 9 2 7 11 10 7 11 7 10 10 11 6 3 10 11 3 11 3 11 8 10 8 7 7 11 11 11
split_gain=278429 110721 58520.2 46799.3 45234 37940.1 31218.1 67494.6 40437.9 30980.7 29908.2 28872.8 28836 39714.9 97224.2 37702.9 28768.3 28492.3 26030.3 25984.1 31532.9 25841 25529.3 25196.2 36202.1 25154.4 24850.2 23499 23125.6 22843.8
threshold=1.0000000180025095e-35 38.500000000000007 -0.39826117949089107 16.789999961853031 86.163890838623061 22.550026893615726 0.97263757644091875 -0.12546116083924153 3.543819904327393 0.97062204580664158 9.3503532409667987 -0.0053757284505435614 0.90892735371523092 0.81304046271159414 29.250081062316898 110.50000000000001 0.75014288946266361 -0.99052477729077237 1.5000000000000002 0.14888728888808328 85.500000000000014 -0.4755978891912595 23.785716056823734 0.42179998225932674 33.025739669799812 16.090071678161625 19.570019721984867 0.2499757677084001 0.78192542922038288 0.7254836971458194
decision_type=8 2 2 10 2 8 2 2 10 2 10 2 2 2 10 2 2 2 2 2 2 2 8 2 8 10 8 2 2 2
left_child=1 3 19 6 5 23 9 -8 -9 17 -11 -10 13 29 15 -15 -7 -1 -19 20 -3 -5 -21 26 25 28 -2 -27 -25 -4
right_child=4 2 12 21 -6 16 7 8 11 10 -12 -13 -14 14 -16 -17 -18 18 -20 22 -22 -23 -24 24 -26 27 -28 -29 -30 -31
leaf_value=0.014034859835200357 -0.0182744891933244 0.079623173699660654 -0.011760669524992431 0.010947637247059877 0.012295451635246262 0.0074328595461156041 -0.10693519176062523 0.025786742090548393 0.0046989404154772242 0.1110590156653104 -0.10149521137243718 -0.052236313785244015 -0.048518011386334006 -0.0084053028237385669 -0.098915760344614967 -0.092923353349053106 -0.01414648592880338 0.0033702917165327273 -0.0082028244976366117 -0.0038440537192336436 -0.18874406296452612 -0.035223591026972478 -0.10300561836872622 -0.0078352989218245482 -0.02046979216956751 0.023769845813655668 -0.0022572374220392803 -0.015097021427506624 0.029516452052284228 0.031096104502771102
leaf_weight=753116.91553071141 1300938.1590513587 19340.624761603773 692260.25632334501 142224.56023868918 7698933.1540399194 13911710.163220778 90818.420204371214 175560.6657614857 138069.53475603461 39881.403750658035 7937.4144236445427 250970.23007141054 422400.2221345827 567657.84211810678 184211.03116859496 58191.356238648295 646493.61519640684 2402913.1913629174 10164636.511064939 30268.222162231803 5659.4646767675877 820702.54383670539 182526.64872996509 931280.52701328695 464365.06042575836 1226528.6818078309 3791891.1512957215 178152.11319386959 201646.99976083636 151613.6262190789
leaf_count=377015 1111628 22399 1358527 176620 2184433 5384200 220636 149118 214084 18779 18705 480722 1185148 1413513 725286 207685 496541 1431685 10358678 81415 28611 1938515 931214 665192 407624 506259 1777010 159481 138744 280693
internal_value=-9.75561e-05 -0.010222 -0.0305803 -0.00707844 0.00567348 0.00342292 -0.00561415 -0.0269225 -0.0140521 -0.00456946 0.0757773 -0.0320301 -0.0251987 -0.0192431 -0.0350592 -0.0162638 0.00647457 -0.00485789 -0.00599005 -0.0775704 0.0188708 -0.0284041 -0.0889007 -0.00206537 0.00520138 0.00989904 -0.00634877 0.0188405 -0.00118715 -0.00406086
internal_weight=4.76529e+07 1.7301e+07 2.31413e+06 1.49868e+07 3.03519e+07 2.2653e+07 1.40239e+07 655419 564600 1.33685e+07 47818.8 389040 2.07633e+06 1.65393e+06 810060 625849 1.45582e+07 1.33207e+07 1.25675e+07 237795 25000.1 962927 212795 8.0948e+06 3.00197e+06 2.53761e+06 5.09283e+06 1.40468e+06 1.13293e+06 843874
internal_count=34450160 21619048 6234491 15384557 12831112 10646679 13269422 1064560 843924 12204862 37484 694806 5170852 3985704 2346484 1621198 5880741 12167378 11790363 1063639 51010 2115135 1012629 4765938 1877300 1469676 2888638 665740 803936 1639220
is_linear=0
shrinkage=0.1


Tree=29
num_leaves=31
num_cat=0
split_feature=2 9 3 11 9 8 11 8 10 11 11 10 11 8 10 3 6 11 8 8 7 11 10 10 10 6 9 8 11 10
split_gain=229808 86272.4 53896.4 50019.3 41419.4 38525.8 33320.3 64027.7 42623.3 40397 29693.3 27610.4 25495.1 49821.7 49477.3 37516.9 31504.9 31368.7 29088.9 24704.7 24290.2 37856.4 25125.1 24530.1 23174.2 21821.1 24163 25194 41661.6 20295.8
threshold=10.087961673736574 15.59999990463257 320.50000000000006 -0.92272482904738262 18.740000724792484 34.236398696899421 0.97461712852231652 15.10928535461426 -0.091260668982868151 0.99138911339924218 -0.16799793862756093 0.9916835347852474 -1.0000000180025095e-35 28.862753868103031 0.81428061195174062 37.500000000000007 36.010091781616218 0.31595530242620651 31.69715785980225 13.993053913116457 21.420004844665531 0.28313308994381592 -0.19337636264337835 -0.99630266176052629 0.79904096188274243 9.6149997711181658 10.123434066772463 31.978569030761722 -0.88620506325989179 0.65233619298682533
decision_type=2 8 2 2 10 10 2 8 2 2 2 2 2 8 2 2 8 2 10 8 8 2 2 2 2 8 8 10 2 2
left_child=1 2 6 -2 12 10 25 8 -8 -9 -5 19 16 -14 15 -15 -3 18 -16 -12 24 23 -23 -22 -21 -1 27 28 -27 -18
right_child=3 4 -4 5 -6 -7 7 9 -10 -11 11 -13 13 14 17 -17 29 -19 -20 20 21 22 -24 -25 -26 26 -28 -29 -30 -31
leaf_value=-0.078909872149696983 0.011754958357522761 0.02762859774323791 -0.17456306485743756 0.0066515047234108329 -0.060831226082447482 -0.011422892724648505 -0.11289006672571966 -0.076451191225195766 0.043608910382010327 -0.022421639897316305 0.020970947021839589 0.022302415247992632 -0.0093115269554405241 -0.043199143101292171 0.013589456273784712 -0.097484809614852883 0.0070133313159585669 0.0078958019814894635 -0.0639761230523756 -0.020809616089117133 0.0061266733592969733 0.028277756935610344 -0.038138843580147214 -0.018806163250362232 0.002755511884897162 -0.035077120402473363 -0.0071056230574981357 0.0075247723198090038 -0.00014981684605968207 -0.027122056229595872
leaf_weight=39116.88070859015 8930289.5765087008 206348.91995041817 18855.431219428778 12974766.803223014 273098.77733453363 1750799.3750658333 19485.715520635247 208076.65715785325 162821.10142189264 413165.25483171642 350314.70947003365 416533.57668587565 883113.8457506299 378291.72244300693 66203.357997074723 191884.16447107494 256194.19505913556 237922.88685467839 179280.18345466256 1523359.8914895654 720775.67708906531 560770.94125458598 63397.187608778477 871973.6394982338 574770.8892249167 416815.79051810503 9580264.0522365868 2916944.3720414639 1890316.438328743 544091.25728355348
leaf_count=49416 2862110 201360 100777 4601867 999898 972241 37164 522751 125361 788417 187277 189367 1883727 1042830 84580 938739 245990 435656 485842 1168636 310838 232699 46330 438165 363600 279482 10975856 1528614 1290637 1059933
internal_value=-8.94033e-05 -0.00865951 -0.00559671 0.00554163 -0.0235771 0.00274032 -0.0053931 -0.0252267 0.0268816 -0.0405181 0.00411361 -0.00236598 -0.0201205 -0.0268303 -0.0415146 -0.0614682 -0.00721113 -0.0179795 -0.0430578 -0.00456843 -0.00664183 0.000657186 0.0215318 -0.00752317 -0.0143541 -0.00431941 -0.00412232 0.00134865 -0.00645992 -0.0161943
internal_weight=4.762e+07 1.88823e+07 1.56659e+07 2.87378e+07 3.21643e+06 1.98075e+07 1.5647e+07 803549 182307 621242 1.80567e+07 5.0819e+06 2.94333e+06 1.9367e+06 1.05358e+06 570176 1.00663e+06 483406 245484 4.66536e+06 4.31505e+06 2.21692e+06 624168 1.59275e+06 2.09813e+06 1.48435e+07 1.48043e+07 5.22408e+06 2.30713e+06 800285
internal_count=34450160 23077030 15698475 11373130 7378555 8511020 15597698 1473693 162525 1311168 7538779 2936912 6378657 4871374 2987647 1981569 1507283 1006078 570422 2747545 2560268 1028032 279029 749003 1532236 14124005 14074589 3098733 1570119 1305923
is_linear=0
shrinkage=0.1


Tree=30
num_leaves=31
num_cat=0
split_feature=4 3 10 9 8 11 11 9 6 3 6 10 9 11 6 10 3 8 10 10 10 10 2 10 10 3 6 3 11 11
split_gain=191207 82753.4 48908.5 41171.5 50747.1 84091.5 36389.4 32914 43059.8 31595.5 31480.1 31452.1 35555.5 32496.4 28967.6 27203.8 25064.4 25048.7 29222.3 24733 24585 24157.5 23912.8 23882.3 36650.8 23584 22535.3 24037.7 28733.9 25190.4
threshold=0.042893372476100929 56.500000000000007 -0.082689790342551819 12.94999933242798 28.744288444519047 0.011826144619637555 0.7710868207630478 7.9299988746643075 22.880730628967289 62.500000000000007 36.900154113769538 -0.01397611846945947 17.570000648498539 0.98174098242282837 35.060447692871101 0.90162119223771331 128.50000000000003 28.511646270751957 0.21022171450811275 0.39036257410962044 0.22700754078277605 -0.30983472475487867 4.5492591857910165 -0.97509794945709805 -0.86976336936302323 52.500000000000007 17.65082931518555 12.500000000000002 0.98005052076767474 0.42763731121559989
decision_type=8 2 2 10 8 2 2 10 8 2 10 2 10 2 10 2 2 8 2 2 2 2 2 2 2 2 10 2 2 2
left_child=1 3 9 17 15 10 14 8 -2 -3 -6 -4 13 19 23 26 21 18 -1 -13 -12 -10 -20 -7 -25 -16 -5 28 -28 -29
right_child=7 2 11 4 5 6 -8 -9 16 -11 20 12 -14 -15 25 -17 -18 -19 22 -21 -22 -23 -24 24 -26 -27 27 29 -30 -31
leaf_value=-0.025794773135555768 -0.036176374044498832 -0.013852960879771725 0.035233528567814767 0.019172855361518089 0.015147297421324158 0.028818777492402595 -0.06348120414176954 0.0015596878647009356 0.0060009744555631177 -0.098772829875765467 0.033010292888646188 0.0165191459791959 -0.072986361852852552 -0.079107157231340264 -0.058226052012203794 0.021963588420669384 -0.14662953069339618 0.00012003467956112899 -0.017345111412111588 -0.023366388862539444 -0.016311919229122802 0.014583196610864047 0.01935092169955244 -0.064104372695313536 -0.016106729480273134 0.072829386846569241 -0.015273773766237245 -0.076884458015694435 -0.075038075421327177 0.0067031427877945401
leaf_weight=877063.69877192378 215161.08356870711 61357.135081268847 86492.542097300291 306645.92656490207 547945.54620014131 90901.701943717897 353409.60025581717 14952185.109153733 9375526.2080905139 153231.66818094254 108820.61151744425 190628.62305423617 148987.75877033174 88622.554632231593 341538.16668964177 422650.53474324942 10355.383925996721 8350052.1249929219 346028.10989928246 842952.58810375631 1417363.0841608644 5044580.6937120259 364783.09023013711 192861.11379562318 908540.64862815291 14306.313407666981 892141.49221718311 37853.980717644095 88420.384925588965 758117.3323392421
leaf_count=1014136 173636 220999 135366 248455 533406 108328 1149317 7420359 3205258 746380 82328 332377 630333 309971 871734 318929 39308 5629622 398578 1959154 1929987 1532971 216892 490025 1806305 24074 1125327 91752 219944 1484909
internal_value=-8.19419e-05 -0.00821192 -0.0301285 -0.00611327 -0.0123138 -0.0193386 -0.0345278 0.00486006 0.00822951 -0.0744918 -0.00541327 -0.0231166 -0.0270868 -0.020993 -0.0279183 -0.00116835 0.00889161 -0.00206928 -0.0135821 -0.0160101 -0.0127951 0.00900329 0.00148702 -0.0204455 -0.0245114 -0.0529571 -0.00586152 -0.0101827 -0.0206629 0.00272797
internal_weight=4.75895e+07 1.79917e+07 1.57227e+06 1.64194e+07 6.48152e+06 3.97569e+06 1.90156e+06 2.95978e+07 1.46456e+07 214589 2.07413e+06 1.35768e+06 1.27119e+06 1.1222e+06 1.54815e+06 2.50583e+06 1.44305e+07 9.93793e+06 1.58787e+06 1.03358e+06 1.52618e+06 1.44201e+07 710811 1.1923e+06 1.1014e+06 355844 2.08318e+06 1.77653e+06 980562 795971
internal_count=34450160 22078628 4334580 17744048 10484820 6995504 4449783 12371532 4951173 967379 2545721 3367201 3231835 2601502 3300466 3489316 4777537 7259228 1629606 2291531 2012315 4738229 615470 2404658 2296330 895808 3170387 2921932 1345271 1576661
is_linear=0
shrinkage=0.1


Tree=31
num_leaves=31
num_cat=0
split_feature=1 9 3 8 11 7 10 11 4 8 10 11 10 3 11 11 11 11 11 11 10 8 10 10 8 10 10 9 3 6
split_gain=160830 77420.9 61997.8 41530.5 93094.1 30098.4 46147.6 25896.3 25398.7 28475.5 24510.5 22932 42067.8 21817.9 20855.4 38572.7 23342 36366.9 20855 26349.7 44607.6 33205.6 30868.1 23000.2 21548.5 21714 28434.8 23358.3 20122.7 19641.2
threshold=0.10636131092906 14.519999980926515 405.00000000000006 28.744288444519047 0.6174544326165855 19.130130767822269 0.77788564761185042 0.51849435583340198 11.567081451416017 28.918571472167972 0.91248814248966237 0.97648852793709995 -0.12546116083924153 27.500000000000004 0.9980355542543059 0.96177147954086928 0.89309379682046119 0.86869874770991873 -1.0000000180025095e-35 0.31595530242620651 -0.92274349529687905 31.69715785980225 0.89017062131308955 0.22700754078277605 35.02721023559571 0.83849049182116964 0.81428061195174062 16.508025169372562 112.50000000000001 36.010091781616218
decision_type=10 10 2 10 2 8 2 2 8 10 2 2 2 2 2 2 2 2 2 2 2 10 2 2 8 2 2 10 2 8
left_child=1 2 11 10 18 6 -2 -8 -7 -10 14 -1 -13 -6 15 16 17 -3 23 21 -21 -20 24 -5 25 26 27 -22 -18 -25
right_child=5 3 -4 4 13 8 7 -9 9 -11 -12 12 -14 -15 -16 -17 28 -19 19 20 22 -23 -24 29 -26 -27 -28 -29 -30 -31
leaf_value=-0.0021637384267009494 -0.017160366218451111 -0.0086347935248639179 -0.18822650081016454 0.04776298371467122 -0.037174549123048108 0.004479993747825298 0.0045139218568013917 0.050292762493453297 0.023301272822741342 0.0082879022166984957 0.024559748055205152 -0.089130195448464011 -0.011747742569930761 -0.077831331037082896 0.027192853224542787 -0.047455428122949353 0.023655293475028219 -0.097606590683805838 0.0078326666553740053 -0.14475084693947735 -0.014555897198678126 -0.057819061299065382 0.023305991737301919 0.016639005640089324 0.028075048190764978 -0.08373973645689968 0.050941132069592145 -0.09531988247642495 -0.1262911436139387 -0.016204222985484809
leaf_weight=17975833.341034137 1354508.6699791402 810965.61295791715 18055.190459214151 69347.401962518692 220516.88591094315 14517057.488913193 947566.29377293587 142099.53322327137 1647997.4613564312 5412269.3144281209 241565.17252081633 80102.666128158569 571333.74590487778 328791.21094562113 139755.29641191661 268156.08856579661 285173.99388731271 48699.983809277415 96867.694403402507 24483.975290052593 116912.16990672797 376389.83583194017 211258.37282085419 214648.22187381983 62437.039055429399 73217.504332870245 44049.77773758769 51621.715989887714 9239.8106331452727 1200303.733741045
leaf_count=13538011 1056429 1320921 116095 52700 584928 5747729 539573 72888 410898 1649677 191666 212097 928164 1491847 221375 797376 545714 168199 127513 107222 278127 1041212 363460 215004 145981 202036 64851 241425 41383 1975659
internal_value=-7.51916e-05 -0.00594949 -0.00301121 -0.0171429 -0.0241795 0.00568129 -0.00483601 0.0104838 0.00687264 0.0117923 -0.00508403 -0.00283168 -0.0212629 -0.0615099 -0.0096685 -0.0132907 -0.00535231 -0.013675 -0.0161112 -0.0268444 -0.0126326 -0.0443813 -0.00685098 -0.00846609 -0.0251457 -0.0367724 -0.0205961 -0.0392938 0.0189494 -0.0112219
internal_weight=4.75612e+07 2.35397e+07 1.86453e+07 4.8944e+06 3.09085e+06 2.40215e+07 2.44417e+06 1.08967e+06 2.15773e+07 7.06027e+06 1.80356e+06 1.86273e+07 651436 549308 1.56199e+06 1.42224e+06 1.15408e+06 859666 2.54154e+06 1.05724e+06 583981 473258 559497 1.4843e+06 348238 285801 212584 168534 294414 1.41495e+06
internal_count=34450160 24972966 14794367 10178599 6891965 9477194 1668890 612461 7808304 2060575 3286634 14678272 1140261 2076775 3094968 2873593 2076217 1489120 4815190 2571827 1403102 1168725 1295880 2243363 932420 786439 584403 519552 587097 2190663
is_linear=0
shrinkage=0.1


Tree=32
num_leaves=31
num_cat=0
split_feature=11 9 3 1 8 10 6 10 7 7 9 11 11 3 11 11 10 8 11 11 11 7 11 7 8 10 7 10 11 11
split_gain=132321 66362.9 51464.5 49494.2 44537.1 37548.5 37182.3 78461.4 62254.9 52098.1 44709.1 35901.7 31444.4 31150 28974.7 38362.3 81023.2 33596 31823.6 30718.7 26847.1 26097.3 25463.6 48632.4 33255.6 25091.2 23157.4 22861.1 22731.3 33302.5
threshold=-0.15950993297387572 18.170379638671879 168.50000000000003 0.78154155611991893 28.448573112487797 -0.97113884758256674 30.84027194976807 0.51297097409535064 17.990000724792484 5.5702970027923593 10.540481567382814 0.93469109537144635 0.9980355542543059 405.00000000000006 0.97461712852231652 0.8852232634113919 -0.71504373327588355 29.632857322692875 -0.022575793296316496 0.98770287048522643 0.99681593486783593 19.227850914001468 -0.75013812021657655 22.790231704711918 29.919923782348636 0.17646842360078763 9.7100672721862811 0.90892735371523092 0.98332250088165762 0.96633974041180493
decision_type=2 10 2 10 8 2 8 2 10 8 10 2 2 2 2 2 2 10 2 2 2 8 2 8 8 2 10 2 2 2
left_child=3 2 6 4 26 21 7 8 9 20 -8 -12 -3 22 15 16 18 -17 -11 -16 28 -6 24 -24 -7 -10 -1 -25 29 -2
right_child=1 12 -4 -5 5 13 10 -9 25 14 11 -13 -14 -15 19 17 -18 -19 -20 -21 -22 -23 23 27 -26 -27 -28 -29 -30 -31
leaf_value=-0.10003206156123751 -0.0094639420294625708 -0.056871870910550071 -0.11110161868716253 0.0071876083981982156 0.11251307076509998 -0.018609606077797002 -0.0020346625179109941 0.010798025476900931 0.0052457254599545117 -0.084272551923439465 -0.018290280420136317 -0.084384788530889279 0.04945864924367889 -0.19439664002459667 -0.083875481501910321 0.0016458740379949989 -0.065926455720483584 -0.070290204889411997 -0.0031602416516666484 -0.031179876685180064 0.042622633667199622 0.020755747568659021 0.008569391602053748 -0.0086175794070272559 0.0053165292311393528 -0.071643690515467234 -0.0186441813677744 -0.032159700887960829 -0.044057442403813929 0.04603954781675558
leaf_weight=36382.21899317205 453925.94508760422 358578.73760627955 47118.223213419318 17228185.974987626 32939.308137342334 630013.78281569481 2359805.900067687 3001422.0214156806 2217731.7033250332 52574.05834440887 3352796.3276750967 84248.438736855984 30150.118968129158 8261.7577897459269 144145.33482908458 857891.47413866967 418705.50385035574 70237.684982344508 604890.49843974411 475718.13716138154 147565.43893349171 525555.44112144411 1762860.7742393613 3510695.4955327213 7455692.2328253388 43269.344240114093 894243.09600397199 467400.02561235428 119359.24234388769 141895.14076711237
leaf_count=46326 512652 1384404 216232 5890509 11769 339037 1407225 2603003 1303170 70494 5393604 293845 49155 53937 460843 1502501 1093646 228261 859185 1110826 129014 240715 1263481 2497010 3796844 71183 642623 685573 175602 117491
internal_value=-6.92687e-05 -0.00784635 -0.00676011 0.0035101 -0.00062437 0.000746448 -0.00642213 -0.00230682 -0.00914986 -0.0175302 -0.0126335 -0.0199104 -0.0486248 -0.00027976 -0.0245389 -0.0186953 -0.0315433 -0.00379801 -0.00964638 -0.0434339 0.0037877 0.0261675 -0.000163771 -0.0052567 0.00345228 0.00377427 -0.021826 -0.0113836 -0.00422523 0.00375425
internal_weight=4.75343e+07 1.4982e+07 1.45933e+07 3.25522e+07 1.5324e+07 1.43934e+07 1.45462e+07 8.74933e+06 5.74791e+06 3.48691e+06 5.79685e+06 3.43704e+06 388729 1.38349e+07 2.62416e+06 2.0043e+06 1.07617e+06 928129 657465 619863 862746 558495 1.38267e+07 5.74096e+06 8.08571e+06 2.261e+06 930625 3.9781e+06 715180 595821
internal_count=34450160 18982336 17548777 15467824 9577315 8888366 17332545 10237871 7634868 6260515 7094674 5687449 1433559 8635882 5325756 3754087 2023325 1730762 929679 1571669 934759 252484 8581945 4446064 4135881 1374353 688949 3182583 805745 630143
is_linear=0
shrinkage=0.1


Tree=33
num_leaves=31
num_cat=0
split_feature=4 9 11 11 11 3 2 8 10 11 10 11 11 7 8 3 11 3 7 11 10 11 7 10 7 11 10 10 6 11
split_gain=110133 50705.5 33162.9 32862.2 43180.5 30306.7 25428.4 25309.4 54497.9 39804.5 25176.1 24850 39281.2 25919.3 24680.8 22664.4 21975.2 21758.5 21018 21021.9 24021.2 19759.9 38267.1 19514.4 38539 18541.6 24952.1 33584.9 21777 18301.1
threshold=0.36252953112125402 16.730000495910648 -0.4755978891912595 0.9980355542543059 0.95436825032516992 119.50000000000001 375.85374450683599 31.014376640319828 0.81428061195174062 0.31595530242620651 -0.099819732675876835 0.97263757644091875 0.99530134160901229 5.5702970027923593 36.177145004272468 295.50000000000006 -0.82413948779581736 86.500000000000014 15.990010738372805 -0.031174269516803289 0.056951373111866731 0.97062204580664158 10.230504989624025 0.15951094710994371 2.7907195091247563 0.75438814418115718 -0.39036798905311365 -0.32614396506100213 31.209923744201664 -0.98521978256641018
decision_type=8 10 2 2 2 2 2 10 2 2 2 2 2 8 10 2 2 2 8 2 2 2 10 2 10 2 2 2 10 2
left_child=1 5 -3 4 7 11 15 25 14 -10 -7 21 17 -14 -9 18 -12 23 19 -2 -21 29 -23 -13 -25 -4 28 -28 -27 -1
right_child=6 2 3 -5 -6 10 -8 8 9 -11 16 12 13 -15 -16 -17 -18 -19 -20 20 -22 22 -24 24 -26 26 27 -29 -30 -31
leaf_value=0.008193599184201688 -0.030808968601650218 0.016296776423657695 0.0065134932022781677 0.036047279655343496 -0.090612043372981371 -0.1792774620192254 0.029661243745528899 -0.1108415202486486 -0.042186185789825789 0.020408556004892008 0.013862422091533747 -0.048385321123126178 0.036223563023436177 -0.014530211977657923 0.022973490465185688 -0.19263293591142749 -0.042872639938430344 -0.13229610195503747 0.0045762080298146273 -0.035677770937725603 0.0055715340631823096 0.093491843006508035 -0.11703253726532276 0.066342329579575351 -0.042715142231878694 -0.12076819439848507 0.074674490393881243 -0.036489816895058133 0.084699752031788117 -0.0038053291520220157
leaf_weight=1374666.9365921915 316765.5272167623 188206.01217138767 293404.93268024176 74397.754089102149 115542.72317717224 11348.593560427427 387979.98936486244 121405.30698212981 358683.00927753747 141735.72053575516 92628.23500585556 314975.18666231632 146030.37390045822 323577.28458403051 15548.373728394508 5868.2523755133152 259611.67215602845 23969.895052887499 24628139.320373908 169418.75439849496 846872.6905837059 47741.875537291169 10540.437218293548 50516.204142704606 90371.706648483872 42171.973597772419 34105.123286299407 133803.09373613447 5877.2075851485133 16877785.460626833
leaf_count=671837 227228 247563 509354 124034 545940 74665 72003 676423 994825 303543 86253 747646 130433 662632 46740 40260 754385 112934 9395018 194636 586953 30709 33445 30318 200809 259545 70951 402247 14651 16202180
internal_value=-6.37432e-05 -0.00543882 -0.0230043 -0.0285379 -0.0323445 -0.00407389 0.0042495 -0.0264736 -0.0397545 -0.0244572 -0.0326763 -0.00353394 -0.0193083 0.00125231 -0.0956495 0.00386982 -0.0279531 -0.0394308 0.00391423 -0.00831572 -0.00130485 -0.00271601 0.0554182 -0.0345478 -0.00361193 -0.00985509 -0.0320938 -0.0139104 -0.0956361 -0.00290164
internal_weight=4.75037e+07 2.11486e+07 1.52488e+06 1.33668e+06 1.26228e+06 1.96238e+07 2.6355e+07 1.14673e+06 637372 500419 363589 1.92602e+07 949441 469608 136954 2.59671e+07 352240 479833 2.59612e+07 1.33306e+06 1.01629e+06 1.83107e+07 58282.3 455863 140888 509362 215957 167908 48049.2 1.82525e+07
internal_count=34450160 23934062 4195816 3948253 3824219 19738246 10516098 3278279 2021531 1298368 915303 18822943 1884772 793065 723163 10444095 840638 1091707 10403835 1008817 781589 16938171 64154 978773 231127 1256748 747394 473198 274196 16874017
is_linear=0
shrinkage=0.1


Tree=34
num_leaves=31
num_cat=0
split_feature=11 9 8 11 3 7 3 6 10 7 7 11 10 8 10 8 9 11 6 10 10 1 8 11 2 11 6 3 7 10
split_gain=93174.9 48913.8 43217 57220.1 39210.8 38689.8 32904.4 30124.3 61221.4 45872.5 38142.7 37169.4 28562.3 30581.9 27371.1 38135.7 27034 26641.4 27595.3 24625.7 29859.1 23910.4 46477.7 23785.2 23447.9 22468.4 22193.1 25336.1 21063.3 20652.5
threshold=-0.15950993297387572 18.170379638671879 34.870746612548835 -0.9292178835113839 168.50000000000003 16.302390098571781 206.50000000000003 30.84027194976807 0.51297097409535064 17.990000724792484 7.9205369949340829 0.76556758748011056 0.3261394409934788 17.882857322692875 0.30983042691905771 32.504289627075202 10.540481567382814 -0.62587551141915865 27.930821418762211 0.22700754078277605 0.46800856592688472 3.3314841985702519 31.381426811218265 -0.41399101439218416 0.81423595547676098 0.9980355542543059 23.975421905517582 63.500000000000007 10.534201145172121 0.9916835347852474
decision_type=2 10 10 2 2 8 2 8 2 10 8 2 2 10 2 8 10 2 10 2 2 10 8 2 2 2 10 2 10 2
left_child=2 4 5 -4 7 17 14 8 9 10 12 16 -2 -14 21 -16 -9 24 -19 26 -21 22 -7 -17 -1 -3 28 -28 -12 -10
right_child=1 25 3 -5 -6 6 -8 11 29 -11 19 -13 13 -15 15 23 -18 18 -20 20 -22 -23 -24 -25 -26 -27 27 -29 -30 -31
leaf_value=-0.10781414153305113 0.0058615065429821365 -0.048999749108361031 0.0070925783224400855 -0.010981827212287748 -0.099077191519896787 -0.0062977518782838223 -0.12960781828125553 -0.0001744638193378917 0.0060695981491042696 0.0033501221717518546 -0.033637403279775331 -0.038607633221669747 -0.011568096748497028 -0.09703930946497813 0.021810731147443134 0.0060182006877473907 -0.014623412283202498 -0.022540544430288505 0.02745045594052677 0.0067923713759474626 -0.066015309041621312 0.0078197955228463244 0.0068552970628463598 -0.031593014333795841 -0.029575145623108229 0.04135237961066545 -0.019462142672068784 -0.067483078420640399 -0.090611382892456557 0.027868131565218442
leaf_weight=47983.072176635265 1037499.8834522739 351859.02803149074 2900992.8417745233 4420563.2354872301 44802.23831383884 4783271.753145799 17992.157173134387 2207332.3492000848 2473063.5781561285 2260413.1686571985 180552.90270675719 449010.1789836511 158322.17280383408 56910.276912674308 2194833.726531893 946253.20484299958 3132614.0703717172 304216.48179005086 173336.94594354928 420658.25187321007 65036.366380862892 10225762.000574887 6128750.4983821958 204473.70219287276 189916.6719173789 29858.544540673494 1326432.6752347723 119792.26520076394 101293.59747818112 527297.51557417214
leaf_count=88831 1354568 1384404 1321359 4263193 216232 2152777 83257 1222343 2325338 1374353 355634 1038154 134855 133488 809290 463348 4834177 248680 131184 702411 143562 3106302 2475686 171918 151999 49155 2728723 504792 202482 277665
internal_value=-5.87274e-05 -0.00659562 0.00294324 -0.00382027 -0.00566927 0.00490699 0.00557634 -0.00538098 -0.00167082 -0.00773314 -0.0149603 -0.0109743 -0.00101595 -0.0341678 0.00567568 0.0140801 -0.00865076 -0.0180153 -0.00439538 -0.0228511 -0.00295686 0.00434548 0.00108967 -0.00066497 -0.0453555 -0.0419323 -0.0284426 -0.0234398 -0.0541134 0.00990057
internal_weight=4.74811e+07 1.49427e+07 3.25383e+07 7.32156e+06 1.4561e+07 2.52168e+07 2.45013e+07 1.45162e+07 8.72727e+06 5.72691e+06 3.4665e+06 5.78896e+06 1.25273e+06 215232 2.44833e+07 3.34556e+06 5.33995e+06 715453 477553 2.21377e+06 485695 2.11378e+07 1.0912e+07 1.15073e+06 237900 381718 1.72807e+06 1.44622e+06 281847 3.00036e+06
internal_count=34450160 18982336 15467824 5584552 17548777 9883272 9262578 17332545 10237871 7634868 6260515 7094674 1622911 268343 9179321 1444556 6056520 620694 379864 4637604 845973 7734765 4628463 635266 240830 1433559 3791631 3233515 558116 2603003
is_linear=0
shrinkage=0.1


Tree=35
num_leaves=31
num_cat=0
split_feature=11 9 7 8 11 3 6 10 8 7 10 11 3 10 11 7 10 10 8 3 10 3 11 3 4 8 8 3 11 2
split_gain=75634.7 42022.3 36495.9 35568.1 45287.5 32293.8 29804.3 52126.9 28270.4 40473.5 46914.5 31442.5 27819.8 27374.9 26894.4 31552.3 27369.2 26313.3 24486.2 22685.9 22510 21811.4 21207.5 20973.9 20839.2 36832.8 20511.2 20214.8 19738.1 21712.1
threshold=-0.14250536273956091 18.740000724792484 9.7100672721862811 34.870746612548835 -0.9292178835113839 168.50000000000003 33.190118789672859 0.9916835347852474 21.214999198913578 18.750151634216312 0.59868201182722736 0.7254836971458194 344.50000000000006 0.12545942051955489 0.28313308994381592 22.650074005126957 -0.99630266176052629 -0.86976336936302323 19.211283683776859 23.500000000000004 0.96904697354198299 110.50000000000001 0.74298546529340237 75.500000000000014 13.890883445739748 29.084286689758304 27.753482818603519 20.500000000000004 -0.28519997588938989 2.9455707073211674
decision_type=2 10 8 10 2 2 10 2 8 10 2 2 2 2 2 8 2 2 8 2 2 2 2 2 8 8 10 2 2 2
left_child=2 5 -1 12 27 6 7 8 17 10 21 -12 24 14 16 -16 -11 -2 -9 20 -15 -10 -8 -13 25 28 -26 -5 29 -4
right_child=1 -3 3 4 -6 -7 22 18 9 13 11 23 -14 19 15 -17 -18 -19 -20 -21 -22 -23 -24 -25 26 -27 -28 -29 -30 -31
leaf_value=-0.071409039980994071 -0.16644967212457637 -0.050021888912192239 -0.034482850222849019 0.0044987488697423531 -0.0096587035059222861 -0.090528617985188325 -0.014303429027162194 -0.056568935936822995 -0.019086373065305098 0.0074865978334808922 -0.006561752378017878 0.014398431076975748 -0.19321937135859457 -0.054869774350817115 0.004628206509259972 0.036735859334532356 -0.015296062993459179 0.0068718931004491729 0.027822445122887653 0.010726640554878481 0.01645789483270935 -0.086019018905673927 -0.10346611708184193 0.074513701910284419 0.024600354138253771 0.0049494785768135173 0.0074501865538967585 0.043347940230417117 0.017090781990344108 -0.0063730148468467487
leaf_weight=66469.043237343431 8798.2367235869169 213928.52328321338 307433.76900134981 2759875.927675873 4473135.5852853432 44398.454337187111 2363011.2018777803 36265.575960233808 3257168.6595721543 970198.26611332595 1375585.1372957751 277193.19471713901 7111.2617012560368 222071.51856140792 1367741.438824445 394298.90168812871 1155056.3857690841 1979956.6163633019 661803.89374494553 124481.44873377681 55252.788052767515 49425.07298181951 26980.700487054884 73407.36177533865 806756.85398668051 16195210.025676876 5142587.8958669603 140770.32100306451 312617.44316624105 2587029.1884007454
leaf_count=67832 18172 887178 346677 1237125 4332342 219589 3432725 29450 6880844 444098 1641519 335994 58716 251688 1065206 160553 642862 1778946 377946 194332 31757 190440 107300 103105 191847 6571659 1483333 84234 170612 1112079
internal_value=-5.38824e-05 -0.00602592 0.00261487 0.00276518 -0.00334789 -0.00537426 -0.00511168 -0.003082 -0.00471877 -0.00702797 -0.0131109 0.000251857 0.00454273 0.000109665 0.00267815 0.0118131 -0.00489557 0.00610512 0.0234382 -0.0247393 -0.0406588 -0.0200868 -0.01531 0.0269851 0.00459821 0.00301059 0.00977582 0.00638413 -0.00678046 -0.00935869
internal_weight=4.7456e+07 1.4657e+07 3.2799e+07 3.27325e+07 7.37378e+06 1.44431e+07 1.43987e+07 1.20087e+07 1.13106e+07 9.32188e+06 5.03278e+06 1.72619e+06 2.53587e+07 4.2891e+06 3.88729e+06 1.76204e+06 2.12525e+06 1.98875e+06 698069 401806 277324 3.30659e+06 2.38999e+06 350601 2.53516e+07 1.94023e+07 5.94934e+06 2.90065e+06 3.20708e+06 2.89446e+06
internal_count=34450160 18793704 15656456 15588624 5653701 17906526 17686937 14146912 13739516 11942398 9151902 2080618 9934923 2790496 2312719 1225759 1086960 1797118 407396 477777 283445 7071284 3540025 439099 9876207 8201027 1675180 1321359 1629368 1458756
is_linear=0
shrinkage=0.1


Tree=36
num_leaves=31
num_cat=0
split_feature=11 9 3 8 10 7 3 6 10 8 11 10 3 9 8 9 11 10 1 9 6 10 3 10 6 3 10 2 3 8
split_gain=61475.7 35289 28676.5 28552.7 39320.9 27697.7 24664.3 23915.3 41798.3 23028.6 36549.3 21603.6 20745.1 20695.5 19732.6 18230 18147.9 18100.1 22355.3 19398 17588.6 32583.7 22425.4 42419.5 31068.3 20506.8 17727.9 17251.5 17139.9 16877.1
threshold=-0.15950993297387572 19.040639877319339 168.50000000000003 34.798601150512702 0.55656748448714433 15.550929069519045 206.50000000000003 33.300041198730476 0.9916835347852474 19.211283683776859 0.79773375822167203 -0.39826117949089107 110.50000000000001 13.69999933242798 19.211283683776859 13.280001640319826 0.74298546529340237 -0.51297808981038739 10.815105915069582 10.320081710815431 29.250081062316898 1.0000000180025095e-35 12.500000000000002 -0.45274443793211405 24.550377845764164 56.500000000000007 0.35846314187849709 95.680320739746108 5.5000000000000009 33.277143478393562
decision_type=2 10 2 10 2 8 2 10 2 8 2 2 2 10 8 10 2 2 10 10 10 2 2 2 8 2 2 2 2 10
left_child=3 2 7 5 -5 13 11 8 9 17 28 15 20 -1 -10 -7 -9 18 -2 -19 22 25 24 -24 -12 -22 -23 -21 -11 -16
right_child=1 -3 -4 4 -6 6 -8 16 14 10 12 -13 -14 -15 29 -17 -18 19 -20 27 21 26 23 -25 -26 -27 -28 -29 -30 -31
leaf_value=-0.038626915447156851 -0.063067321701658755 -0.052716747159026446 -0.084199800158273858 0.0022496546033715609 -0.013005389134926307 0.0016051601322399211 -0.11812348591977062 -0.012959331159489468 -0.051324038953090227 -0.0057099351582426102 -0.043381021330394218 0.0077525811328728964 -0.078160179452103115 -0.00072079884062407722 0.028358266336221433 0.074451071658392293 -0.1039650578598323 -0.0087582649589869575 0.096653303434935389 0.013780286595340164 -0.004524356805134867 -0.079459092435624573 -0.067243121928188529 0.0054418346248807682 -0.0049137828230770121 -0.085630902219341845 -0.031063637834439224 0.078645833866073059 0.004651527938528935 -0.044149507060785215
leaf_weight=258724.49845409393 64256.717491269112 155745.01220498234 45421.995569966733 4869588.934996061 2587438.4899487644 12917764.361831546 16387.036889310926 2354404.0757968798 35989.916019007564 4888212.4910967499 374594.58895455301 11511490.448232934 52368.259481795132 324905.84906418622 634467.00841328502 34445.535282179713 22118.183692574501 430106.57887810096 10146.893947958946 1048899.4007540718 420479.14285043627 137161.01003120095 87124.517893858254 1023961.4412014633 477719.54894566536 33669.768737249076 168896.15752448142 42669.283630013466 2370788.9749928564 33812.506804525852
leaf_count=230095 104681 671808 229272 2511607 3140460 4945219 82457 3474932 29450 3180163 597805 4252632 205543 285881 348524 19473 95067 349891 3281 840453 765618 426129 332626 2290715 644383 192048 390223 13212 3759111 37401
internal_value=-4.91179e-05 -0.00536537 -0.00486563 0.00238875 -0.00304354 0.00400498 0.00451827 -0.00462069 -0.00285099 -0.00428339 -0.00605796 0.00460042 -0.0158171 -0.0175247 0.0208051 0.00179889 -0.0138063 0.00687381 -0.0412852 0.00922858 -0.0146184 -0.027533 -0.00961801 -0.000257672 -0.0218202 -0.0105374 -0.0527523 0.0163159 -0.00232588 0.0246896
internal_weight=4.74338e+07 1.4913e+07 1.47573e+07 3.25207e+07 7.45703e+06 2.50637e+07 2.44801e+07 1.47118e+07 1.23353e+07 1.16311e+07 1.0035e+07 2.44637e+07 2.77597e+06 583630 704269 1.29522e+07 2.37652e+06 1.59608e+06 74403.6 1.52168e+06 2.72361e+06 760206 1.9634e+06 1.11109e+06 852314 454149 306057 1.09157e+06 7.259e+06 668280
internal_count=34450160 18982336 18310528 15467824 5652067 9815757 9299781 18081256 14511257 14095882 12784364 9217324 5845090 515976 415375 4964692 3569999 1311518 107962 1203556 5639547 1774018 3865529 2623341 1242188 957666 816352 853665 6939274 385925
is_linear=0
shrinkage=0.1


Tree=37
num_leaves=31
num_cat=0
split_feature=1 9 3 9 8 11 8 10 10 2 2 9 7 10 11 10 11 10 6 11 7 10 10 3 11 10 8 10 10 3
split_gain=52789.1 29503.1 29108.7 22519.9 25447.3 35441.5 23091.3 30437.9 30815.6 17407.5 17323.2 14536.5 14493.5 28206 21046.1 14625 14077.1 22414.6 22602.2 13879.8 21638.2 14916.4 23491.5 22056.2 17503.7 22193.9 18223.4 18501 16861.5 20707.7
threshold=0.1649255305528641 20.016410827636722 405.00000000000006 14.130311965942385 26.180333137512211 0.79773375822167203 29.288478851318363 -0.37447345805034543 -0.26037633224328088 375.85374450683599 1.0000000180025095e-35 16.300000190734867 19.31424713134766 0.77788564761185042 0.51849435583340198 0.65233619298682533 0.9980355542543059 -0.27694604220087021 31.760016441345218 -1.0000000180025095e-35 19.401484489440922 0.89017062131308955 0.94425825643485939 125.50000000000001 0.21652257995689161 -0.91597725483594616 35.107219696044929 0.83849049182116964 0.81428061195174062 12.500000000000002
decision_type=10 10 2 10 8 2 8 2 2 2 2 10 8 2 2 2 2 2 10 2 10 2 2 2 2 2 10 2 2 2
left_child=1 2 3 -1 -5 19 7 11 -9 12 16 -7 13 15 -15 -2 17 18 -8 -6 21 23 -23 24 -21 -26 27 28 -27 -30
right_child=9 -3 -4 4 5 6 10 8 -10 -11 -12 -13 -14 14 -16 -17 -18 -19 -20 20 -22 22 -24 -25 25 26 -28 -29 29 -31
leaf_value=-0.0014021925945072551 -0.01000692627359071 -0.0773999892302797 -0.13732165844828093 0.0033398135900876676 -0.0026342900421749025 -0.047328871836430114 -0.071620448169237003 0.060681855943454113 -0.020350954828395638 0.024308905215417603 0.032638564997502471 -0.1469690408480645 0.0038346688973118696 0.0024428438920127103 0.044339378618195369 -0.041680846711603492 0.0058482451909109435 -0.10045778753114987 0.03264255659315126 0.040013663565969276 -0.038465726051777921 0.029089253256217626 -0.014705122177283723 -0.096534118547222339 -0.073348744380486205 -0.015364590548585242 0.059417093301492488 -0.060317134590362122 -0.059952575706559576 0.083358580995052861
leaf_weight=18309557.912222877 1203318.995702967 53684.740391097963 16166.988036245108 1337764.1580614671 1846465.2171264738 47658.656150065362 59649.065478898585 58811.543764345348 232290.59049341083 388710.28857928514 19845.917890921235 21134.649817384779 20638214.076785147 954678.22567760944 137119.96775251627 165872.67977362871 25412.976574890316 124489.9884428829 31916.924888938665 55624.825411528349 322379.17298721522 215026.46304574609 284588.94273608923 33856.154041022062 66480.282522425056 595408.57072667032 33142.442682228982 84788.658200487494 13830.157342523336 37209.123147442937
leaf_count=13823726 914661 252049 132845 2124921 2605445 165985 301236 113589 681690 72962 33800 151842 7488629 536731 70382 134139 68101 613064 99570 81614 824575 322935 544803 145797 228050 1582838 72221 194566 23001 44393
internal_value=-4.48927e-05 -0.0033508 -0.00318428 -0.00309338 -0.00867489 -0.0124927 -0.0345458 -0.0181172 -0.00397985 0.00332284 -0.0571719 -0.0779403 0.00296969 -0.00428417 0.00770467 -0.0138441 -0.0645533 -0.072834 -0.0352778 -0.00867533 -0.0150774 -0.00976746 0.00414328 -0.017319 -0.0142937 -0.0179295 -0.0131095 -0.0163967 -0.0106361 0.0445254
internal_weight=4.74151e+07 2.39272e+07 2.38735e+07 2.38573e+07 5.54777e+06 4.21001e+06 621210 359895 291102 2.34879e+07 261315 68793.3 2.30992e+07 2.46099e+06 1.0918e+06 1.36919e+06 241469 216056 91566 3.5888e+06 1.74233e+06 1.41996e+06 499615 920340 886484 830859 764379 731237 646448 51039.3
internal_count=34450160 25232656 24980607 24847762 11024036 8899115 2228877 1113106 795279 9217504 1115771 317827 9144542 1655913 607113 1048800 1081971 1013870 400806 6670238 4064793 3240218 867738 2372480 2226683 2145069 1917019 1844798 1650232 67394
is_linear=0
shrinkage=0.1


Tree=38
num_leaves=31
num_cat=0
split_feature=4 9 3 10 11 10 10 6 11 9 10 7 8 7 10 7 11 11 3 11 3 3 3 7 11 2 10 9 3 3
split_gain=44931.3 24046.4 19126.9 21459 17985.6 37804.4 40266.8 47050.2 25567.8 25527.7 21751.1 20541.8 17954.8 34040.9 17766.8 44240.1 17485.6 26908.2 17320.9 16807.8 16658.8 19340.1 17128.9 15736.8 15087.3 14525.7 14499.8 13202.3 13073.7 12965.2
threshold=1.1233995556831362 20.016410827636722 127.50000000000001 -0.18492532721306487 0.95691861501572195 -0.091260668982868151 -0.0053757284505435614 28.420183181762699 0.98174098242282837 10.170001029968263 0.17646842360078763 12.380525112152101 27.427142143249515 10.534201145172121 0.26037272046371446 8.3628058433532733 0.45847758937963173 0.41202506375868281 16.500000000000004 -0.82413948779581736 80.500000000000014 7.5000000000000009 1.5000000000000002 7.9205369949340829 0.99932962452255414 234.51544952392581 -0.26037633224328088 13.69999933242798 344.50000000000006 28.500000000000004
decision_type=8 10 2 2 2 2 2 10 2 8 2 10 10 10 2 8 2 2 2 2 2 2 2 8 2 2 2 10 2 2
left_child=1 2 4 -4 -1 9 23 8 11 -6 18 14 13 -11 -8 -16 17 19 -9 -5 21 22 -10 29 25 28 27 -15 -2 -7
right_child=24 -3 3 16 5 6 7 10 20 12 -12 -13 -14 26 15 -17 -18 -19 -20 -21 -22 -23 -24 -25 -26 -27 -28 -29 -30 -31
leaf_value=-0.0018145668843627301 0.0026592420612665171 -0.070272420173938796 -0.18189628871934146 0.016016021635705719 0.011808458370204843 0.024664828166524704 0.044012354752736904 0.0038623366947056295 0.0047972951951656597 -0.067137805083088489 -0.11897701308726892 -0.097478679553598999 -0.094788902667705358 -0.060536137195111618 -0.13804179094840452 0.046266779589330634 -0.065388230612395931 0.099106235647718477 -0.081352132624006854 -0.036009038185973369 -0.077482165676198742 0.0055083080004561351 -0.069457752353865448 0.006219236515101605 -0.099493240988308085 0.013838784109696113 -0.0057693104095519702 0.15705963479841994 -0.1931967983247258 0.086940236444443639
leaf_weight=22787174.436649133 21489850.851936594 53014.784908205271 8523.8108966238797 92446.85723336041 71722.434715330601 74291.011293545365 175514.62763720751 48025.30199752748 48778.517186447978 139226.40447051823 51749.975567914546 13748.647684693336 80953.140980169177 3659.9586858004332 20424.483376324177 35940.31539554894 72928.500885650516 20734.930895552039 47391.184615813196 189171.0889159441 44333.67161770165 223747.61133826524 85548.301622837782 158261.90464414656 14306.683392524719 1221473.8258703351 50198.275032870471 11708.674955658615 3408.7455190345645 60783.092706680298
leaf_count=21446025 8335923 252090 73539 87012 88321 72764 211072 79515 56055 397535 206660 37928 356684 8114 46111 47112 285478 27508 192661 597775 170738 394707 160188 309243 22648 262340 121967 4900 34228 63319
internal_value=-4.12609e-05 -0.00299652 -0.00285164 -0.0250007 -0.00250084 -0.0133156 -0.0040498 -0.0157312 -0.00413953 -0.0415311 -0.0667743 0.0212843 -0.0549194 -0.0391593 0.028326 -0.0205197 -0.0214371 -0.0108359 -0.0384617 -0.0189307 -0.0196581 -0.0124988 -0.0424933 0.0276173 0.00316637 0.00323102 0.0202509 0.10524 0.00262818 0.0526886
internal_weight=4.7399e+07 2.467e+07 2.4617e+07 383805 2.42332e+07 1.44601e+06 1.08854e+06 795203 648036 357469 147166 245628 285746 204793 231879 56364.8 375281 302353 95416.5 281618 402408 358074 134327 293336 2.2729e+07 2.27147e+07 65566.9 15368.6 2.14933e+07 135074
internal_count=34450160 25795021 25542931 1071312 24471619 3025594 2048073 1602747 1123911 977521 478836 342223 889200 532516 304295 93223 997773 712295 272176 684787 781688 610950 216243 445326 8655139 8632491 134981 13014 8370151 136083
is_linear=0
shrinkage=0.1


Tree=39
num_leaves=31
num_cat=0
split_feature=11 7 6 10 8 8 7 8 10 6 3 11 6 10 6 7 10 3 3 11 11 10 10 6 2 2 10 11 9 10
split_gain=39854.8 41608.1 39503 27961.7 33626.8 36988 27927.8 36102.4 23868.5 22038.6 20356.7 19619.3 23995 31936.4 23553.5 21654.4 19040 18711.3 18003.9 17950.7 17457.9 16752.4 35175 25884.3 34105.9 16049.9 15494.3 15196.6 22401.4 16338.9
threshold=-0.75013812021657655 18.654123306274418 34.010030746459968 0.96687895796550427 32.367830276489265 19.805377960205082 18.850197792053226 21.214999198913578 -0.86976336936302323 30.579602241516117 148.50000000000003 0.79773375822167203 29.250081062316898 -0.46801505794253101 23.570285797119144 13.150031089782717 0.99939377080793557 169.50000000000003 27.500000000000004 0.79253265336324141 -0.28519997588938989 0.51297097409535064 0.58481550752069722 12.928055286407472 9.6653552055358904 0.72123903036117565 0.3261394409934788 0.57605713708605399 15.870000362396242 0.90892735371523092
decision_type=2 8 10 2 10 8 10 8 2 10 2 2 10 2 8 8 2 2 2 2 2 2 2 10 2 2 2 2 10 2
left_child=1 9 3 6 5 -5 7 8 -2 25 -8 17 13 15 -15 -13 -6 19 -14 -9 -10 26 -23 24 -24 -1 -22 29 -29 -4
right_child=2 -3 27 4 16 -7 10 11 20 -11 -12 12 18 14 -16 -17 -18 -19 -20 -21 21 22 23 -25 -26 -27 -28 28 -30 -31
leaf_value=-0.085803953939815936 -0.16163751414846056 0.0041982102909072436 -0.0059566150331712021 -0.039137159480432122 -0.033994679161955366 0.024245555935764562 0.0012815064556091092 -0.006377380891686036 -0.11469670911550611 0.010898026785285789 -0.17015523079737091 -0.10773023862089851 -0.017480397579206174 -0.029800247008787934 -0.0010560796890621853 -0.025334300024778864 0.042794724999137369 -0.15153535182753594 -0.056864115466867676 0.049718106890670966 0.0052280048698063325 0.061907551781581409 -0.11722083743621653 0.018714651517492232 -0.0024982498564623552 -0.028473674875275152 -0.023724028277589158 -0.012267263208323413 -0.1397373984511501 -0.01824596322291373
leaf_weight=57883.101406618953 8494.5793313533068 18890997.288526502 3393370.1176751927 100100.71840204298 201703.84895331413 1147653.6994040683 13377069.947148755 3937317.2777549326 11840.788932263851 126582.73008383811 6929.8710976243019 54460.697321653366 224418.3897299543 377933.7431524843 1160214.4959531613 76981.561330609024 38443.929592847824 8800.9087053611875 240427.76210613549 57884.719634823501 883802.18725229055 149255.11713069677 33724.231711655855 511979.59814890474 111892.60863119364 312284.98638361692 233733.23173127323 35885.485910862684 22387.556687444448 1588173.4042861313
leaf_count=98640 18552 7503307 3445850 79661 230202 681754 6532630 5214035 14028 91957 48179 254628 542791 774587 2570829 150786 30117 66966 1076230 70450 1008134 78983 44309 313114 55953 228640 247718 75420 134756 2766954
internal_value=-3.80372e-05 0.00344699 -0.00245158 -0.000691452 0.0125655 0.0191607 -0.0016103 -0.00625153 0.00562194 -0.0251212 0.00119274 -0.0100132 -0.0177563 -0.0121617 -0.00811872 -0.0594736 -0.0217019 -0.00588549 -0.0378504 -0.00556464 0.00635573 0.00710057 0.0180812 0.00813387 -0.0290675 -0.0374384 -0.000827331 -0.0104685 -0.0612392 -0.0098746
internal_weight=4.73826e+07 1.93877e+07 2.79949e+07 2.29551e+07 1.4879e+06 1.24775e+06 2.14672e+07 8.08316e+06 1.94472e+06 496751 1.3384e+07 6.13844e+06 2.13444e+06 1.66959e+06 1.53815e+06 131442 240148 4.004e+06 464846 3.9952e+06 1.93623e+06 1.92439e+06 806852 657596 145617 370168 1.11754e+06 5.03982e+06 58273 4.98154e+06
internal_count=34450160 7922544 26527616 20104636 1021734 761415 19082902 12502093 1780791 419237 6580809 10721302 5369851 3750830 3345416 405414 260319 5351451 1619021 5284485 1762239 1748211 492359 413376 100262 327280 1255852 6422980 210176 6212804
is_linear=0
shrinkage=0.1


Tree=40
num_leaves=31
num_cat=0
split_feature=9 6 9 3 11 6 8 2 10 3 7 8 10 10 10 6 11 11 2 11 11 7 11 10 6 10 7 7 7 10
split_gain=33342 24334.7 19805.4 18158.7 16878.8 24185.8 18558.5 16118.9 15940 24305.3 25960.6 22558.2 43049.6 24539.8 23749.8 25186.5 19501.3 30841.3 16461.6 15729.7 38862.4 18658.8 15725.5 31563.6 15893.2 24560.9 15628.5 14987 37093.9 31233.1
threshold=8.2900962829589862 22.880730628967289 17.987498283386234 405.00000000000006 -0.97507822412530132 32.641307830810554 39.778711318969734 0.47109581530094152 0.29342972903661901 78.500000000000014 10.230504989624025 32.367830276489265 0.90892735371523092 0.97508442350096236 0.95752911693909493 21.742390632629398 0.31595530242620651 0.2332836900311728 0.63130483031272899 0.18281312110578132 0.097680735332368748 23.194662094116214 0.9980355542543059 0.58481550752069722 29.081247329711918 -0.73866753694953124 22.250313758850101 17.211653709411625 11.979791641235353 0.091259403071267925
decision_type=10 8 8 2 2 10 10 2 2 2 10 8 2 2 2 10 2 2 2 2 2 10 2 2 10 2 10 10 8 2
left_child=1 -1 4 -3 5 7 8 -2 9 27 -11 14 -13 16 26 18 17 -14 -16 20 -15 -21 23 24 25 -4 -10 28 -6 -30
right_child=2 3 22 -5 6 -7 -8 -9 11 10 -12 12 13 19 15 -17 -18 -19 -20 21 -22 -23 -24 -25 -26 -27 -28 -29 29 -31
leaf_value=-0.02414892343175384 -0.06706324673584195 0.0037925442500850171 0.11213739631933491 -0.17853576026074675 0.00053604305735069076 0.0096094944923179274 -0.013554177226907872 -0.0075476905668276657 0.0001890173850944987 -0.01076534964063959 -0.091664277765413277 0.00258360121324357 -0.029658433304897702 -0.0015971502191024505 -0.10435556727434543 0.022960594731305791 0.003343640348968615 -0.096105024798965627 -0.0074015493952444139 0.0038506043253269577 -0.061995359046344595 0.11406625703231697 0.045318977378343422 -0.0087986634740966959 -0.093732114606807374 -0.05197373230465259 0.023745330165234595 -0.0020551423462990457 -0.01893043409375901 -0.086149262153993947
leaf_weight=318354.75224361941 49235.543450310826 18296423.153253235 10465.284020476043 5463.9514326788485 1456776.3387158588 2484992.2968460843 1473367.7609573901 600876.19959020615 4203167.1064901873 101827.0224346295 64980.27079193294 3283643.7323031351 513246.23054775596 751539.33531311899 19986.890615358949 1073339.9348031953 135465.4369308874 80858.250177584589 141436.62504118681 48434.20222312212 124127.68138630688 22493.713325738907 33825.772799000144 366225.79725927114 79515.047732330859 70912.752449214458 301873.14939284325 9962110.2504456416 1216338.9401004389 73289.865707568824
leaf_count=285893 57761 6603343 11305 63275 2392699 1022406 1730135 271314 4391925 293139 305201 2550739 647415 1035448 33049 677316 207658 186143 82949 84303 263393 10850 55868 997891 504602 323760 111697 6411687 2602681 234315
internal_value=-3.51754e-05 0.00326132 -0.0021706 0.00373811 -0.00180028 0.00511702 -0.00266607 -0.012055 -0.00198559 -0.004356 -0.0422798 0.000866826 -0.00407269 -0.0171125 0.0051351 0.0174219 -0.0308949 -0.0387019 -0.0194061 -0.00648998 -0.0101587 0.0388038 -0.0207766 -0.025018 -0.0619366 -0.0308689 0.00176748 -0.00385823 -0.0103986 -0.0227505
internal_weight=4.73646e+07 1.86202e+07 2.87444e+07 1.83019e+07 2.81834e+07 3.1351e+06 2.50483e+07 650112 2.35749e+07 1.28753e+07 166807 1.06996e+07 4.95981e+06 1.67616e+06 5.7398e+06 1.23476e+06 729570 594104 161424 946595 875667 70927.9 560945 527119 160893 81378 4.50504e+06 1.27085e+07 2.74641e+06 1.28963e+06
internal_count=34450160 6952511 27497649 6666618 25604223 1351481 24252742 329075 22522607 12239722 598340 10282885 4985949 2435210 5296936 793314 1041216 833558 115998 1393994 1298841 95153 1893426 1837558 839667 335065 4503622 11641382 5229695 2836996
is_linear=0
shrinkage=0.1


Tree=41
num_leaves=31
num_cat=0
split_feature=11 7 6 10 7 11 10 8 7 10 9 10 11 3 9 11 11 10 10 0 3 3 6 3 10 11 9 3 8 11
split_gain=28284.4 22378.4 22048.9 26425.7 26016.7 30582.2 45547 28467.9 27191.2 40146.5 23957.8 34998.9 29122.8 24393.7 23545.2 22930.4 48493.1 22310.4 20848 19370.3 18296.9 17584.6 17553.3 17372.2 19729 18511.6 17307.8 17206.9 17199 25534
threshold=-0.15950993297387572 9.5300178527832049 31.030729293823246 0.51297097409535064 16.813553810119632 0.89309379682046119 -0.71504373327588355 29.490000724792484 9.8800859451293963 -0.88622299073327826 12.651477813720705 0.81428061195174062 0.5475998096715059 41.500000000000007 17.020001411437992 0.98005052076767474 0.99611390731392835 -0.14250824554987665 -0.0053757284505435614 0.38492938876152044 405.00000000000006 111.50000000000001 20.117623329162601 3.5000000000000004 0.17646842360078763 0.94066717844141279 11.620683670043947 13.500000000000002 34.798601150512702 -0.9292178835113839
decision_type=2 8 8 2 10 2 2 10 10 2 10 2 2 2 10 2 2 2 2 2 2 2 10 2 2 2 10 2 10 2
left_child=1 -1 3 4 5 6 8 15 9 27 -4 13 -13 -12 -8 21 17 -17 -18 -19 28 26 -11 -6 -25 -26 -7 -2 -3 -30
right_child=2 20 10 -5 23 7 14 -9 -10 22 11 12 -14 -15 -16 16 18 19 -20 -21 -22 -23 -24 24 25 -27 -28 -29 29 -31
leaf_value=-0.061485946952243478 -0.014798888271155242 0.0030159884456014731 -0.0032525165455762396 0.0069223989539611303 -0.0021073537290655997 -0.010718601016939109 -0.038072114635928543 -0.05356872196307997 -0.020064203918354978 0.0070787419437067902 -0.022921332460917654 -0.0085776893326469459 0.063721362970663747 -0.06308508754293235 -0.11566794954679388 -0.10155540198473841 0.031012985566689147 -0.040133011027438249 -0.012192806220685531 0.038667358876757728 -0.18593570998320841 -0.081848457361450286 0.082803933362150306 0.020453693103221871 0.00063435622319049504 -0.12086215646138057 0.01641918301379992 -0.15009237590390634 0.0047470096312781686 -0.0072130623525529852
leaf_weight=56098.028175845742 57470.606767773628 24988397.494573995 3452730.0295162089 3092063.5881782174 1986029.7732866555 318100.38224366307 521348.50407438725 107580.46101357043 369779.26276566088 46562.58159764111 848929.06709433347 1190111.0732039735 58450.716904088855 183995.04215533659 42275.369444008917 52571.875835597515 209443.15526364744 269743.49844014645 239264.55145863444 35273.935478374362 5194.5032339505851 21525.339989729226 89354.156561631709 686598.52005336061 36031.124144479632 19235.338027358055 899753.43685273826 11238.778479762375 2963290.874973312 4489441.9776430279
leaf_count=58261 75012 9699697 2560474 2819574 1070045 362641 1168567 444073 636284 53325 1929493 2345205 79675 875508 279035 204171 284593 688817 448582 28354 59830 94342 84382 732773 59824 55710 1557561 44316 1344754 4305282
internal_value=-3.24382e-05 0.00161938 -0.0036489 -0.000591557 -0.00445149 -0.0104368 -0.0236962 -0.00342905 -0.00387915 0.0253688 -0.0085068 -0.0164585 -0.00519305 -0.0300757 -0.0438923 -0.00079224 -0.0139185 -0.04139 0.00797435 -0.0310201 0.00172849 0.00774727 0.0568619 0.00276999 0.015827 -0.0416522 0.00933086 -0.0369288 0.00175854 -0.0024576
internal_weight=4.73479e+07 3.25024e+07 1.48455e+07 9.11124e+06 6.01918e+06 3.29129e+06 1.13803e+06 2.15326e+06 574405 204626 5.73422e+06 2.28149e+06 1.24856e+06 1.03292e+06 563624 2.04568e+06 806297 357589 448708 305017 3.24463e+07 1.23938e+06 135917 2.72789e+06 741865 55266.5 1.21785e+06 68709.4 3.24411e+07 7.45273e+06
internal_count=34450160 15467824 18982336 11191981 8372407 6454055 2340921 4113134 893319 257035 7790355 5229881 2424880 2805001 1447602 3669061 1654517 921342 733175 717171 15409563 2014544 137707 1918352 848307 115534 1920202 119328 15349733 5650036
is_linear=0
shrinkage=0.1


Tree=42
num_leaves=31
num_cat=0
split_feature=11 7 3 10 6 11 8 11 10 11 3 8 11 3 10 3 7 2 3 8 10 11 3 7 10 8 10 7 11 3
split_gain=23937.9 30163.6 24108.5 19858 18355.6 15294.3 29184.3 46796.8 17980.4 25666.3 22928.6 21427.6 19812.5 18789 19839.6 17436.3 15111.1 19075.6 13573.5 12666 12383.2 11009.1 10754.3 10695 10574.2 9846.93 23474.1 14582.7 9686.49 9650.86
threshold=-0.91595872546125101 16.910005569458011 139.50000000000003 -0.03977009085991149 40.186279296875007 0.95691861501572195 29.538571357727054 0.98332250088165762 -0.091260668982868151 0.97648852793709995 63.500000000000007 15.10928535461426 0.96633974041180493 13.500000000000002 -0.022576249993022688 80.500000000000014 18.082599639892582 0.63130483031272899 22.500000000000004 28.687313079833988 -0.0053757284505435614 0.9989598388634241 16.500000000000004 19.900044441223148 -0.05695216311707673 11.574999809265138 0.17646842360078763 1.0000000180025095e-35 0.99855310097228334 90.500000000000014
decision_type=2 8 2 2 10 2 10 2 2 2 2 10 2 2 2 2 10 2 2 10 2 2 2 10 2 10 2 8 2 2
left_child=1 -1 4 -4 5 -2 8 -8 9 10 16 12 -10 21 -15 -16 17 -7 28 -12 24 -13 -11 29 -20 26 27 -14 -9 -24
right_child=2 -3 3 -5 -6 6 7 18 11 22 19 13 25 14 15 -17 -18 -19 20 -21 -22 -23 23 -25 -26 -27 -28 -29 -30 -31
leaf_value=-0.054162011828018143 -0.00024454128366725199 0.004275729329020264 -0.1805458068416298 -0.025940048072735714 -0.014334411016128396 0.028172768526465143 -0.11761926630286797 0.033243352652857786 -0.0884923020298541 -0.07710162304972254 -0.18026973252057085 -0.017762470395471425 -0.070254977366148066 0.039358318834147449 0.0056275975647144053 -0.047979225846004114 0.086486418963553802 -0.056612262788538259 -0.070459195817353465 0.065380424025011957 -0.10755623332661474 -0.06774194570826024 -0.025452757273383482 0.16857656459191084 0.040071974432249184 0.049329535723404198 0.062358947936541613 0.022648004769742582 -0.052503906675771608 -0.17674297775394379
leaf_weight=88990.391426205635 32520113.214660563 11857594.645338483 8573.1874155774713 268356.7880589664 1018347.4808766022 80708.638040013611 62770.995809800923 60044.046907268465 14508.077110826969 86347.3950657323 9681.5601921975613 255848.56502237171 37085.037835821509 125795.72950016707 252075.91913612187 79910.163705080748 24483.017222598195 39535.114566117525 16473.605642728508 2680.001661375165 22557.06647862494 53244.666115939617 79124.068881690502 2703.3952651321888 18236.750147566199 141948.2358134836 49882.223502010107 31035.414132937789 16877.285053059459 4453.758389391005
leaf_count=98149 24352574 4429019 91067 809850 1459530 144145 263777 86396 19122 194290 63645 422509 48400 200404 535674 291326 12297 55807 89366 8020 117461 102941 290106 585 36202 98677 29206 33416 31314 34885
internal_value=-2.99469e-05 0.00384043 -0.00133671 -0.0307263 -0.00110488 -0.000709658 -0.010356 -0.0463507 -0.0051852 -0.0255368 0.00371122 0.00125871 0.0252368 -0.00732288 0.00553902 -0.00727574 0.0148767 0.000296177 -0.0130126 -0.127012 -0.0498728 -0.026372 -0.0521518 -0.0271828 -0.0123863 0.0315841 0.0102378 -0.0279287 0.0144296 -0.0335148
internal_weight=4.733e+07 1.19466e+07 3.53834e+07 276930 3.51065e+07 3.40881e+07 1.56801e+06 196960 1.37105e+06 329717 157088 1.04133e+06 274459 766875 457782 331986 144727 120244 134189 12361.6 57267.4 309093 172629 86281.2 34710.4 259951 118003 68120.5 76921.3 83577.8
internal_count=34450160 4527168 29922992 900917 29022075 27562545 3209971 624516 2585455 803780 283914 1781675 228821 1552854 1027404 827000 212249 199952 360739 71665 243029 525450 519866 325576 125568 209699 111022 81816 117710 324991
is_linear=0
shrinkage=0.1


Tree=43
num_leaves=31
num_cat=0
split_feature=9 6 9 8 11 11 7 11 10 10 3 3 10 11 6 3 3 11 11 3 3 10 4 11 3 6 7 10 10 3
split_gain=21239.5 19443.3 17269.1 13613.5 23337.8 24542 40222.6 35741.6 16828.4 16472.9 13941.9 15559.7 16740.4 13668.9 13883.5 13379.9 13249.7 12980.5 20095.3 33508.4 18161.9 14685 14675.7 14086.5 15824.9 18486 12778.8 13196.5 18877.3 11913.6
threshold=8.030001640319826 22.880730628967289 20.016410827636722 16.131060600280765 0.95691861501572195 0.99138911339924218 12.766604423522951 0.98005052076767474 -0.022576249993022688 -0.074117382312902977 19.500000000000004 49.500000000000007 -0.2270106897347694 0.2332836900311728 9.6149997711181658 405.00000000000006 405.00000000000006 0.91852788691372023 0.79773375822167203 24.500000000000004 21.500000000000004 -0.32614396506100213 1.0000000180025095e-35 0.88917497572200743 13.500000000000002 28.420183181762699 2.0038683414459233 -0.46801505794253101 -0.51297808981038739 10.500000000000002
decision_type=10 8 8 8 2 2 8 2 2 2 2 2 2 2 10 2 2 2 2 2 2 2 10 2 2 10 10 2 2 2
left_child=1 -1 3 9 16 6 7 10 -7 26 29 -12 -13 -11 -15 -3 17 18 -5 23 21 -19 -21 -20 -25 -26 27 28 -2 -6
right_child=2 15 -4 4 5 8 -8 -9 -10 13 11 12 -14 14 -16 -17 -18 20 19 22 -22 -23 -24 24 25 -27 -28 -29 -30 -31
leaf_value=-0.023381499709410659 -0.10668374377292973 0.0032925191849430577 -0.059446221370736255 -0.0010627800151550351 0.0026367782341623022 0.017633164039630198 -0.071420642731088002 -0.059669187705994137 -0.016974826752394947 -0.086518132421778832 0.064612820679303309 -0.11843647973938061 0.017929486879380896 -0.023500168399599453 0.021832814796455435 -0.17016249768201031 -0.14993216592182798 0.026610263684930236 -0.011879997145331516 -0.044725302480175977 0.030367916011856622 -0.021286915631895418 0.052779555085827434 -0.0020167740010434416 0.081915226764618418 -0.025253304829240604 0.019222713172284595 -0.067419600653462905 0.10809831396315486 -0.067350836581952095
leaf_weight=278808.4767107442 6426.7375721186399 16665548.347852968 51539.595862865448 26591232.208721425 88519.737660333514 252518.82204993069 171318.17407657206 112897.44710114226 316744.06097406149 12840.606690898538 66211.905460320413 10680.625129804015 57289.348546594381 74694.957528054714 706949.36872115731 4448.3049730062485 5998.754157319665 97598.392360940576 520838.410437271 336659.02738214284 304406.89015100896 186002.95588989556 16178.16840697825 142882.80608325452 59895.552041791379 22010.42574994266 46351.767062701285 64514.614122331142 11264.404427632689 33536.856686830521
leaf_count=251803 11893 5954122 252369 21020849 126500 487491 575321 406314 736286 12435 106149 65157 165022 67379 458469 60842 62087 116353 768468 1257649 655589 290646 20701 180141 59233 51569 42360 103650 5970 77343
internal_value=-2.77694e-05 0.00280821 -0.00161057 -0.00151224 -0.00188776 -0.0161132 -0.0313757 -0.0127907 -0.0016231 0.0104458 0.00786378 0.0301109 -0.00349871 0.0158196 0.0175007 0.00324623 -0.00132962 -0.0012981 -0.00161031 -0.0148648 0.0134044 -0.00480361 -0.0402545 -0.00285022 0.0180719 0.053116 -0.0227642 -0.0464385 0.0300735 -0.0165934
internal_weight=4.73168e+07 1.69488e+07 3.0368e+07 3.03165e+07 2.93934e+07 1.10972e+06 540454 369136 569263 923042 256238 134182 67970 794485 781644 1.667e+07 2.82837e+07 2.82777e+07 2.76897e+07 1.09846e+06 588008 283601 352837 745627 224789 81906 128558 82205.8 17691.1 122057
internal_count=34450160 6266767 28183393 27931024 27228868 2745583 1521806 946485 1223777 702156 540171 336328 230179 538283 525848 6014964 24483285 24421198 23358610 2337761 1062588 406999 1278350 1059411 290943 110802 163873 121513 17863 203843
is_linear=0
shrinkage=0.1


Tree=44
num_leaves=31
num_cat=0
split_feature=11 7 6 8 10 3 11 11 8 7 11 11 11 6 11 3 2 10 7 8 10 10 10 7 10 10 10 9 7 3
split_gain=18859.3 28689.1 23508.7 19078.4 16661.2 19142.2 15191.9 15521.7 13696.2 15958.3 13072.3 16510.5 22097.1 17370.6 19270.1 14887.8 12719.7 12315.9 12096.6 11961.6 22847.1 11229.1 23083.3 15675.7 14553.3 20109.2 10667.9 10590.6 10466.7 10415.7
threshold=-0.75013812021657655 18.654123306274418 34.700023651123054 29.538571357727054 0.99374995976406788 127.50000000000001 0.57605713708605399 0.5475998096715059 21.214999198913578 20.300239562988285 0.029024409397335523 -0.25206183926700709 -0.41399101439218416 40.940166473388679 -0.12545862287572049 23.500000000000004 1.2435640096664431 -0.05695216311707673 20.140455245971683 34.584287643432624 -0.99866806308218525 0.98372640911059162 0.97696484778429815 22.193128585815433 0.9550229469509578 0.89017062131308955 0.9916835347852474 10.759998798370363 19.130130767822269 11.500000000000002
decision_type=2 8 10 8 2 2 2 2 8 8 2 2 2 10 2 2 2 2 10 10 2 2 2 10 2 2 2 8 10 2
left_child=1 3 4 16 5 -2 7 10 -6 -10 11 12 -4 14 15 -13 27 -7 -8 -16 -21 22 24 -24 25 -12 -23 -1 -9 -5
right_child=2 -3 6 29 8 17 18 28 9 -11 21 13 -14 -15 19 -17 -18 -19 -20 20 -22 26 23 -25 -26 -27 -28 -29 -30 -31
leaf_value=-0.024278107863068062 -0.00077395024801942686 0.0029936825472266777 -0.0052877697751149153 0.0077818034663413712 -0.029732976685494118 -0.18254531026075954 -0.15526966658628791 0.10968578412287694 0.027504498220215404 -0.0092914822663247992 -0.029650651717985532 0.01000520141162143 -0.028300515793734899 -0.085505347959865918 -0.048428782788998884 0.049583546631534664 -0.027430444339698185 -0.033284088692057928 -0.012162741386534228 0.048823607197258312 -0.013972639561773144 -0.084504400651060962 -0.0019086951602155381 0.10326003149580448 -0.071574787576065751 0.022898615275618033 -0.028784688591808001 -0.11381531357313315 -0.043744018187986441 -0.099816269113526757
leaf_weight=21141.813254673034 23190662.714243036 18885554.615001727 1724127.4483078457 188248.78615021706 63793.365617185831 5801.5978688932955 12688.080312963575 18037.738393038511 498937.78720840067 154320.63943325728 258168.32365830615 345850.84634763002 550470.84894248471 20727.609348863363 63510.607510987669 131057.09512807429 239922.22804063559 117235.23076594621 11051.390734933317 72486.353194881231 288675.84822463989 46177.030610434711 31206.446757733822 25964.887794874609 51690.115385942161 101432.98106243461 134276.30848375708 35212.743552848697 5900.7368252053857 9448.131224155426
leaf_count=27922 20151143 7503307 1799827 124161 48973 76241 82808 21722 311488 128549 559347 313188 746522 73896 80216 211675 178139 418439 24305 62801 514247 138414 72071 17730 156437 187731 315393 70386 14453 18629
internal_value=-2.53947e-05 0.00237142 -0.00168879 -0.0214189 -0.00052088 -0.000982664 -0.00889716 -0.00840791 0.0144932 0.0188121 -0.00890758 -0.00628088 -0.010857 0.00500484 0.00708569 0.0208816 -0.0374724 -0.0403223 -0.0886494 -0.00840708 -0.00136924 -0.0218481 -0.0136837 0.0458547 -0.0219598 -0.014828 -0.0430431 -0.0802248 0.071866 0.00263959
internal_weight=4.73038e+07 1.93795e+07 2.79243e+07 493974 2.40308e+07 2.33137e+07 3.8935e+06 3.86976e+06 717052 653258 3.84582e+06 3.19691e+06 2.2746e+06 922308 901581 476908 296277 123037 23739.5 424673 361162 648916 468463 57171.3 411291 359601 180453 56354.6 23938.5 197697
internal_count=34450160 7922544 26527616 419237 21134833 20645823 5392783 5285670 489010 440037 5249495 3802372 2546349 1256023 1182127 524863 276447 494680 107113 657264 577048 1447123 993316 89801 903515 747078 453807 98308 36175 142790
is_linear=0
shrinkage=0.1


Tree=45
num_leaves=31
num_cat=0
split_feature=3 7 10 8 11 11 11 6 11 10 3 3 10 3 10 1 9 6 2 10 7 10 6 10 7 8 9 11 11 3
split_gain=17897.2 16734.3 29432 31457.4 26506.5 29333.6 24510.8 29210.9 20491.8 42511.1 29773.2 19806.1 18430.7 23269.9 21690 17089.2 16000.5 15822.6 26414.5 15692.6 35843 17969.7 43118.4 37051 25184.7 15842.9 15644.3 15597.7 14858.8 14826.2
threshold=941.50000000000011 17.211653709411625 0.51297097409535064 29.919923782348636 -0.58481178939031186 -0.48313741114591585 0.7254836971458194 31.246928215026859 0.89309379682046119 -0.71504373327588355 31.500000000000004 3.5000000000000004 0.89404822654372251 55.500000000000007 0.8697513045430848 1.9301408529281618 10.123434066772463 18.414566040039066 1.3085516691207888 -0.32614396506100213 9.3503532409667987 -0.074117382312902977 24.550377845764164 -0.26037633224328088 10.534201145172121 15.10928535461426 15.330000400543215 0.3484035575467645 -0.031174269516803289 2.5000000000000004
decision_type=2 8 2 8 2 2 2 10 2 2 2 2 2 2 2 10 10 10 2 2 8 2 10 2 10 10 8 2 2 2
left_child=1 2 3 4 -1 -6 12 15 9 11 26 -7 13 14 16 -8 -4 18 -14 20 25 22 -21 24 -24 -10 -11 -19 -20 -18
right_child=-2 -3 6 -5 5 8 7 -9 19 10 -12 -13 17 -15 -16 -17 29 27 28 21 -22 -23 23 -25 -26 -27 -28 -29 -30 -31
leaf_value=-0.04957206639045527 -0.18225100924450172 0.0008173632986020426 -0.038267034275352996 -0.033680365871478803 0.078478010767644893 -0.019547737562658381 0.026594000379039046 -0.076576382533373816 -0.029039069673676768 -0.018448667782886119 -0.089781440121505698 0.015258266221826603 -0.12830562193663869 -0.066053548870084966 -0.044866655355934142 -0.019740343238218713 0.013279546095130983 0.0033316600514458985 -0.10042961874061032 -0.05261226030840839 -0.013586258825471513 0.0019339511168704655 -0.10003182576230303 -0.026174787090162157 0.078489339343864581 0.07559354820355528 -0.069943398885933344 0.03000726938674177 0.0040481950365300447 -0.011384479478699571
leaf_weight=139506.00867898762 5388.9859965071082 39738908.50247021 114632.25406467915 501100.15349612013 41492.265765622258 290030.47277964652 694262.13299961388 31738.288476884365 16721.941753521562 354953.1954490412 91859.594391774386 374717.38869243115 21329.55377560854 72281.944043874741 139031.79303441197 89909.258928656578 498793.27796009183 1041931.3906679004 15434.765953361988 216457.04738556966 130145.36090111732 1423739.1755952761 8783.7174657993019 112501.48995932937 78756.835546996444 107506.00848059729 70758.039757080376 277594.72042934597 115297.21304172277 476618.16848906875
leaf_count=152526 76284 22608053 91812 1769135 22357 283386 799242 146060 20449 517118 494158 560649 35980 277104 164932 62649 340192 930903 12409 492086 305912 2369148 40947 412115 97944 118980 230424 294782 59095 663329
internal_value=-2.32624e-05 -2.495e-06 -0.00431897 -0.0102644 -0.00687107 -0.00507593 0.00223966 0.0174749 -0.00613388 -0.0166593 -0.0381489 7.23554e-05 -0.00224316 -0.0109127 -0.00766985 0.0212815 -0.00292551 0.0054235 -0.0251218 -0.00019271 0.023088 -0.00341077 -0.0216809 0.0117886 0.0605767 0.0615093 -0.0270077 0.00894353 -0.00828689 0.00122789
internal_weight=4.72922e+07 4.72868e+07 7.54788e+06 3.95903e+06 3.45793e+06 3.31842e+06 3.58885e+06 815910 3.27693e+06 1.18232e+06 517571 664748 2.77295e+06 1.30136e+06 1.22908e+06 784171 1.09004e+06 1.47159e+06 152062 2.09461e+06 254373 1.84024e+06 416499 200042 87540.6 124228 425711 1.31953e+06 130732 975411
internal_count=34450160 34373876 11765823 7887334 6118199 5965673 3878489 1007951 5943316 2085735 1241700 844035 2870538 1537369 1260265 861891 1095333 1333169 107484 3857581 445341 3412240 1043092 551006 138891 139429 747542 1225685 71504 1003521
is_linear=0
shrinkage=0.1


Tree=46
num_leaves=31
num_cat=0
split_feature=3 4 9 8 6 10 6 10 7 8 0 11 7 11 9 10 7 10 10 11 11 6 6 2 10 3 10 10 8 10
split_gain=15881.1 15797 13328.1 13043.5 15790.9 14304.3 13707.2 15963.3 11522.2 10522.3 13199.5 11987.5 15547 14613.9 14933.1 9944.9 9620.72 32852.3 27930.6 18254.4 16615.6 42871.9 26451.9 24502.3 20165.7 19724.4 19200.2 18567.8 17406 15617.7
threshold=941.50000000000011 3.9264073371887211 20.016410827636722 34.048574447631843 31.580005645751957 0.12545942051955489 23.975421905517582 1.0000000180025095e-35 6.5913624763488778 27.674286842346195 22.525055885314945 0.28313308994381592 22.140053749084476 0.080547328232315238 5.5652065277099618 -0.72696319516528884 23.194662094116214 0.51297097409535064 0.55656748448714433 0.2499757677084001 0.029024409397335523 30.290039062500004 23.350302696228031 6.4706437587738046 0.7210268013660811 4.5000000000000009 0.66527693225344786 0.78857998149907527 33.328573226928718 0.94978112945126536
decision_type=2 8 10 10 8 2 8 2 8 10 2 2 10 2 10 2 10 2 2 2 2 10 10 2 2 2 2 2 10 2
left_child=1 2 16 6 5 -5 8 9 15 10 -8 13 -13 -11 -15 -3 17 -1 19 -18 22 24 23 -19 25 -22 -27 -26 -24 -23
right_child=-2 3 -4 4 -6 -7 7 -9 -10 11 -12 12 -14 14 -16 -17 18 20 -20 -21 21 29 28 -25 27 26 -28 -29 -30 -31
leaf_value=-0.006015318368134407 -0.17888997532335987 0.11290114926089367 -0.052612319839621828 -0.010227484646025227 -0.002324285021742306 -0.071014460876868718 0.0026377601085021828 0.010486442349359384 -0.026350392793387495 0.001223061028361645 0.025697950512741288 -0.0014999848152015063 0.035359569161911929 -0.095237685662074023 -0.014690067241499211 0.0002787707840816353 0.0023028898045736037 -0.077515178916569685 -0.0089104081600513817 0.032106688443167344 0.00018424679798540551 -0.006806485382766252 0.018718600356603245 0.00041994714440133567 -0.025534923036045633 0.019319168028975389 0.061879068392391448 0.0053620122684801454 0.0010014922173652956 -0.028722191860451163
leaf_weight=11225037.988973074 4963.262864343822 8149.9640071392059 50587.207906994969 95138.303331002593 1954385.6768081114 65270.996539965272 615501.8940301463 3125096.7902177572 275358.73901895061 8738229.3262710534 415967.59331336617 226907.36420017481 230854.0723522976 25288.845547199249 256181.34217948839 206578.53496886417 10997220.111623645 64090.64456166327 2458350.8492619656 209419.88407113776 313600.82326054573 865568.1218110323 1474002.0638718493 108859.31538650393 235576.83987765759 352180.5633604452 151641.18285444379 1115604.0811093971 888926.81328207254 520822.63450976461
leaf_count=13234033 76284 2771 252240 32722 825221 32554 218376 1045822 200595 2778974 90967 126706 81178 15382 126966 124153 5057609 101900 2877117 104381 247616 1699372 854020 55763 282191 500137 145857 975380 1238411 1045462
internal_value=-2.1443e-05 -2.66232e-06 -0.00132509 0.0025244 -0.00479988 -0.0349619 0.00362106 0.0042117 -0.0128101 0.00234574 0.0119374 0.00130184 0.0170887 0.000500639 -0.0219269 0.00455332 -0.00124134 -0.00280679 0.000742354 0.00285984 0.0031063 -0.00130497 0.00929036 -0.0284607 0.00747554 0.0198735 0.0321289 -2.48329e-05 0.0120535 -0.0150395
internal_weight=4.72754e+07 4.72704e+07 3.10315e+07 1.62389e+07 2.11479e+06 160409 1.41241e+07 1.3634e+07 490087 1.05089e+07 1.03147e+06 9.47746e+06 457761 9.0197e+06 281470 214728 3.09809e+07 1.73159e+07 1.3665e+07 1.12066e+07 6.09087e+06 3.55499e+06 2.53588e+06 172950 2.1686e+06 817423 503822 1.35118e+06 2.36293e+06 1.38639e+06
internal_count=34450160 34373876 28671489 5702387 890497 65276 4811890 4484371 327519 3438549 309343 3129206 207884 2921322 142348 126924 28419249 20380142 8039107 5161990 7146109 4896015 2250094 157663 2151181 893610 645994 1257571 2092431 2744834
is_linear=0
shrinkage=0.1


Tree=47
num_leaves=31
num_cat=0
split_feature=3 11 7 7 3 10 10 11 7 9 10 11 11 6 10 3 6 8 11 9 2 7 2 8 3 8 9 4 9 6
split_gain=14043.5 13576.6 17429.6 14279.9 12045.9 12025.5 12444 10238.3 10159.4 9243.34 14731.5 25242.6 15549.6 15081.5 22045.2 15571 11877 10931.9 14907.8 8916.41 8519.7 10791.6 43196 23819.3 10569.4 23583 10109.5 11546.1 9704.11 8960.69
threshold=941.50000000000011 -0.91595872546125101 16.710239410400394 27.990239143371586 139.50000000000003 -0.0053757284505435614 0.57077594689671507 -0.6905596507703472 26.720172882080082 17.810787200927738 0.58481550752069722 0.9980355542543059 -0.77243990499604276 29.081247329711918 -0.73866753694953124 37.500000000000007 36.010091781616218 28.318849563598636 0.92519182738459482 3.9730539321899419 298.86936950683599 23.24013710021973 40.337198257446296 31.775715827941898 18.500000000000004 33.751338958740241 10.270219802856447 1.6494434475898745 9.5000782012939471 36.490171432495124
decision_type=2 2 8 10 2 2 2 2 10 10 2 2 2 10 2 2 10 10 2 8 2 8 2 10 2 8 8 8 10 10
left_child=1 2 -1 4 9 -6 -7 -8 -9 -3 11 13 -12 14 -11 -15 -14 -16 -19 -4 21 22 26 -24 29 -26 27 -21 -25 -23
right_child=-2 3 19 -5 5 6 7 8 -10 10 12 -13 16 15 17 -17 -18 18 -20 20 -22 24 23 28 25 -27 -28 -29 -30 -31
leaf_value=-0.044791737615093766 -0.17501306676099257 -0.00041789377658054528 -0.020454849984588713 -0.022101178004397842 -0.16591732566957385 0.025719972008455452 -0.10515025485588941 -0.028667562611785349 0.080129199476922805 0.10048426423943689 0.11387386261435534 0.040635559230081025 0.011989206692373643 -0.046400140131840129 -0.057113449066888936 -0.13445354528443151 -0.023167649577867436 -0.14056581934487591 0.10102732878296893 -0.03365572773790311 0.018781994090330351 0.0058942816573581006 0.013793188248898792 -0.0334814151532071 -0.14006619058038036 0.033903942414378899 -0.0029532000927367241 -0.010896021077452737 0.0042179604920273596 -0.0027615866699590604
leaf_weight=76102.05031901598 4585.5193121656775 34127930.915711612 156994.50303859264 317464.39826861024 5704.963495131582 49720.966137781739 16687.13053040579 176282.23347786069 9022.259476646781 12756.649668388069 11383.125615641475 37790.838395364583 202217.56823243201 53016.732496164739 68460.263404294848 32329.080373954028 183100.02025512606 3401.0083393193781 10257.361505746841 423315.99455913901 355405.46422219276 6671239.1270878315 1412792.1990332603 166547.09505331516 8107.1416664496064 200451.88832385093 425997.78753171861 470783.78449553996 115720.92641288042 1457206.7294706106
leaf_count=88023 76284 26692030 46037 335594 57481 65325 59475 619325 13665 14707 7098 63162 454387 246458 320255 320961 534421 29671 22326 266042 64438 2217921 376502 57436 15978 128171 254338 202900 40392 759357
internal_value=-1.94306e-05 -2.45075e-06 0.00291255 -0.000987996 -0.000796491 -0.022349 -0.0190951 -0.0301265 -0.0233704 -0.000636803 -0.0127903 -0.0336727 -0.00131416 -0.0492545 -0.0218176 -0.0797549 -0.00471707 -0.0408165 0.0408693 0.00321853 0.00353599 0.00305868 -0.0020682 0.00849456 0.00491286 0.0271413 -0.0156312 -0.0216717 -0.0180259 0.00434252
internal_weight=4.72628e+07 4.72582e+07 1.19407e+07 3.53175e+07 3.50001e+07 257418 251713 201992 185304 3.47426e+07 614713 218012 396701 180221 94875.3 85345.8 385318 82118.6 13658.4 1.18646e+07 1.17076e+07 1.13522e+07 3.01516e+06 1.69506e+06 8.337e+06 208559 1.3201e+06 894100 282268 8.12845e+06
internal_count=34450160 34373876 4517535 29856341 29520747 815271 757790 692465 632990 28705476 2013446 1017540 995906 954378 386959 567419 988808 372252 51997 4429512 4383475 4319037 1197610 474330 3121427 144149 723280 468942 97828 2977278
is_linear=0
shrinkage=0.1


Tree=48
num_leaves=31
num_cat=0
split_feature=3 2 7 10 3 8 10 11 11 10 2 7 6 11 11 2 8 10 7 10 10 11 7 10 6 2 2 6 11 8
split_gain=12370.1 11757.1 11253.2 20770.3 25846.5 22631.5 17839.1 17355 21909.5 25239.1 20465.9 19809 29295.4 20264.5 16380.6 19200.1 15380.2 17276.9 17942.7 15189.5 15108.3 32930.5 29376.9 17316.2 18790.2 16637 16133.2 15484.5 15089.2 18007.2
threshold=941.50000000000011 375.85374450683599 17.211653709411625 -0.074117382312902977 63.500000000000007 33.867166519165046 -0.01397611846945947 0.98005052076767474 0.89309379682046119 -0.72696319516528884 8.0571894645690936 7.7010314464569101 24.550377845764164 0.94353349168649059 -0.62587551141915865 0.43547807633876806 29.490000724792484 -0.30983472475487867 10.534201145172121 -0.24372957273992746 -0.88622299073327826 0.33222858587828868 9.8800859451293963 -0.84315017450793706 31.209923744201664 42.983318328857429 31.261874198913578 23.120876312255863 0.98174098242282837 15.10928535461426
decision_type=2 2 8 2 2 8 2 2 2 2 2 10 8 2 2 2 10 2 10 2 2 2 10 2 8 2 2 10 2 8
left_child=1 2 3 4 5 7 -5 8 9 20 11 13 -13 -10 15 -8 17 -14 -19 -15 21 26 27 24 -24 -23 -1 -22 -16 -30
right_child=-2 -3 -4 6 -6 -7 14 -9 10 -11 -12 12 16 19 28 -17 -18 18 -20 -21 22 25 23 -25 -26 -27 -28 -29 29 -31
leaf_value=0.0049500863827815662 -0.17058545492723606 0.017059024534014023 0.00052919280687418861 0.026305787792450554 -0.059521410831504341 -0.14078421291086915 -0.086794492381851149 -0.04314202510995381 0.080913824692529043 -0.030297234290256925 -0.046530336641794644 -0.06054121490802522 0.0041054012049572307 -0.050763523719094095 0.0015743473364609737 -0.014018857914286309 -0.031973710617961393 -0.055680246819684948 0.078358699537246057 0.053298477492275724 0.031552113772342981 -0.089911234322882463 0.043042472712558497 -0.022310746520604077 -0.076739474279443248 0.080373237704396597 -0.059414478847365886 0.11316411338740184 0.014905649993648747 -0.029292197103610518
leaf_weight=315501.26223251969 4251.5075278878212 400463.18707570434 39329345.362164773 239554.6616140753 108663.69518579543 13040.749846596271 42701.35859015584 135903.97263267264 84145.05795160681 510879.1773365289 53861.177787154913 56494.712232746184 110298.62802260369 26967.66037017107 4379140.2686691489 240024.8596586585 47802.795162804425 11344.294275924563 83456.579615272582 29230.665603324771 92178.924188286066 68965.860963061452 95537.455868981779 208518.66763085499 15176.709804229438 6258.152261197567 44426.263457834721 31089.213869050145 126373.74356997013 340698.61476647854
leaf_count=377788 76284 76545 22532271 343188 614448 94684 86799 403147 62401 1343065 65876 127243 239217 48800 5383699 191317 193177 44178 105924 35130 100340 189774 103703 466823 65540 2929 35964 23070 111138 905698
internal_value=-1.79404e-05 -2.59232e-06 -0.000148439 -0.00369326 -0.0119994 -0.00946936 -0.000367195 -0.00862497 -0.00614576 -0.0126262 0.0117222 0.0186986 0.0045638 0.0498597 -0.001613 -0.0250105 0.0191073 0.0310128 0.062319 0.00336267 -0.00233998 -0.0155707 0.010671 -0.00533996 0.0266228 -0.0757447 -0.00299451 0.0521353 -0.000247996 -0.0173338
internal_weight=4.72523e+07 4.7248e+07 4.68476e+07 7.51824e+06 2.14974e+06 2.04108e+06 5.36849e+06 2.02804e+06 1.89213e+06 1.38853e+06 503602 449740 309397 140343 5.12894e+06 282726 252902 205100 94800.9 56198.3 877653 435152 442501 319233 110714 75224 359928 123268 4.84621e+06 467072
internal_count=34450160 34373876 34297331 11765060 4743221 4128773 7021839 4034089 3630942 2708996 921946 856070 709739 146331 6678651 278116 582496 389319 150102 83930 1365931 606455 759476 636066 169243 192703 413752 123410 6400535 1016836
is_linear=0
shrinkage=0.1


Tree=49
num_leaves=31
num_cat=0
split_feature=3 4 8 6 10 6 10 9 8 11 7 11 9 9 10 11 8 6 11 3 11 11 11 10 11 6 7 3 2 3
split_gain=10866 10614.6 13069 11907.1 11976.6 11045.7 13188.3 10108.1 10042.9 10962.4 10807.3 9960.6 11980.4 9154.05 11080 8929.85 8881.08 15887.9 12746.8 18235.4 12706.9 11389 29905.5 13180.7 11346.4 11104.6 10910.1 11513.4 10405.7 10188.9
threshold=1122.5000000000002 5.7893919944763192 33.924226760864265 23.975421905517582 1.0000000180025095e-35 31.580005645751957 0.12545942051955489 20.016410827636722 27.674286842346195 0.28313308994381592 21.800694465637211 0.080547328232315238 5.5652065277099618 11.733077049255373 0.056951373111866731 -0.15950993297387572 16.131060600280765 9.6149997711181658 0.99855310097228334 9.5000000000000018 0.74298546529340237 0.97461712852231652 0.99024581825578073 -0.022576249993022688 0.99138911339924218 23.570285797119144 8.1402940750122088 20.500000000000004 188.68995666503909 13.500000000000002
decision_type=2 8 10 8 2 8 2 10 10 2 10 2 10 10 2 2 8 10 2 2 2 2 2 2 2 10 10 2 2 2
left_child=1 7 3 13 8 6 -4 16 -5 11 -11 -10 -13 14 15 -3 17 -1 19 24 -21 -18 26 29 28 -25 27 -23 -19 -24
right_child=-2 2 5 4 -6 -7 -8 -9 9 10 -12 12 -14 -15 -16 -17 21 18 -20 20 -22 22 23 25 -26 -27 -28 -29 -30 -31
leaf_value=-0.026863654879890442 -0.17057245749654157 -0.011897567900225498 -0.008319964025985737 0.01227258890144705 0.010072637326402543 -0.0031374708177766305 -0.066406706889641759 -0.045960354511151352 0.0010300836333586882 -0.0027134387477301307 0.031846561159545574 -0.089129246710529852 -0.012607952362227776 0.019852712378351192 -0.011008411303680014 -0.085768356807594343 -0.0008525731570932848 0.019075784493910036 0.056165187207435532 -0.10441637404898366 -0.01161784079819451 -0.049492722043142479 -0.014895855401220091 -0.036568035703336742 -0.040000448767386149 -9.099120769323175e-05 -0.056464045628158314 0.0256243112525045 0.13456217929300288 0.02874590772450937
leaf_weight=109819.49497407302 3735.0931754782796 27234.260948941112 103675.36176427826 918555.96886161529 2619059.5289046019 1584602.8166767396 62742.073631569743 49834.588505685329 7329040.6445052009 151739.604861781 224140.54144773632 22797.240226909518 199577.68203066662 68160.18230547756 260021.37783197314 41000.383634962142 31782083.841263473 564597.07324948907 64931.749048605561 16832.584030151367 119587.45992124826 40704.978386713192 74832.833024077117 129727.49831128493 32577.286556243896 233990.36634258553 166629.69716353714 40913.521819701418 7911.3853489160538 187624.74490427971
leaf_count=112113 72006 11882 35118 261077 839197 646594 30879 252271 2287576 84538 78905 14176 97352 38946 160744 47960 26591755 345339 43089 30028 160554 87235 125785 279575 38105 563275 620464 116751 1163 375708
internal_value=-1.63596e-05 -2.87288e-06 0.00235309 0.0035436 0.00413275 -0.00571136 -0.0302196 -0.000956702 0.00237408 0.00122712 0.017895 0.000397456 -0.0204527 -0.0134954 -0.02042 -0.0562846 -0.000889899 0.00882002 0.0136794 0.009959 -0.0230681 -0.00116233 -0.012421 -0.000776821 0.0174051 -0.0131013 -0.0417921 -0.0118382 0.0206717 0.0163026
internal_weight=4.72387e+07 4.72349e+07 1.36123e+07 1.18613e+07 1.14649e+07 1.75102e+06 166417 3.36226e+07 8.84585e+06 7.9273e+06 375880 7.55142e+06 222375 396416 328256 68234.6 3.35728e+07 916257 806438 741506 136420 3.26565e+07 874424 626175 605086 363718 248248 81618.5 572508 262458
internal_count=34450160 34378154 4634944 3922353 3662821 712591 65997 29743210 2823624 2562547 163443 2399104 111528 259532 220586 59842 29490939 730391 618278 575189 190582 28760548 2168793 1344343 384607 842850 824450 203986 346502 501493
is_linear=0
shrinkage=0.1


Tree=50
num_leaves=31
num_cat=0
split_feature=11 7 3 10 6 5 8 10 7 9 10 8 8 3 11 11 2 8 7 2 10 1 6 3 11 10 2 10 8 10
split_gain=10013.2 12557.8 11890 13139.2 11259 8438.55 8080.45 7779.09 8504.9 7496.47 7460.67 26017.7 21308.1 14097.9 17632.4 12574.1 11538.5 10359.7 17220.2 15144.3 13800 17394 13890.7 16400.8 15911.8 14932.2 14184.8 13662 16691.5 13165.1
threshold=-0.91595872546125101 16.710239410400394 139.50000000000003 -0.03977009085991149 40.186279296875007 0.16920451074838641 43.570522308349616 0.88220160189607266 27.990239143371586 3.9730539321899419 0.96687895796550427 32.367830276489265 19.805377960205082 26.500000000000004 -0.099822328936730861 0.2332836900311728 13.966343402862551 18.616177558898929 18.560169219970707 234.51544952392581 -0.59869031648930193 1.0000000180025095e-35 12.928055286407472 9.5000000000000018 0.75438814418115718 -0.05695216311707673 20.932770729064945 0.95998215779580554 31.381426811218265 0.59868201182722736
decision_type=2 8 2 2 10 10 10 2 8 8 2 10 8 2 2 2 2 8 8 2 2 10 10 2 2 2 2 2 10 2
left_child=1 -1 4 -4 10 -5 9 8 -6 -3 17 12 16 15 -15 -13 -12 19 29 20 21 -2 23 24 26 -26 -22 -20 -29 -19
right_child=2 6 3 5 7 -7 -8 -9 -10 -11 11 13 -14 14 -16 -17 -18 18 27 -21 22 -23 -24 -25 25 -27 -28 28 -30 -31
leaf_value=-0.038181125836811707 -0.11312083842991894 -0.019108062037626675 -0.1646435619351293 -0.023590104574471336 -0.00091536168197499422 0.042437378397475765 0.051917748580626311 -0.030158408472291134 -0.023536364490063442 0.0029009761517341196 -0.076448928766409283 -0.011316802673163182 0.01865847562867105 0.046222566380425718 -0.0054997495478986639 -0.12330545496454048 -0.0046536392362995496 -0.0092854455442599928 0.0001879351524057888 0.12835868954648239 -0.089466076085479879 0.030078728492546416 0.015735415537857313 -0.048591843624916975 -0.044147914332595899 0.021018750676931916 -0.0071754655550216725 0.025486914831647185 -0.064003478777273068 0.00024841994194189047
leaf_weight=75441.262239269912 20961.889124974608 156838.62103702128 6284.3470717091113 243461.33338832296 611720.26533574611 21027.919684115797 33328.166205659509 176456.56106042862 228211.03271581233 11669446.069364257 34472.899748712778 821123.6437407732 1160617.6420584694 102715.55312178284 183944.19751744717 10149.971030935645 63838.224871993065 4018209.9588431828 23820833.011838164 10297.636439323425 30584.167483642697 14247.787390738726 885309.82190100104 73978.210141330957 40086.240618884563 286240.7578984499 66477.670506536961 29831.000466704369 69168.044458962977 2264729.0050930902
leaf_count=88023 44185 46162 91067 770200 776469 39650 18948 419943 263118 4374035 44750 1040780 689545 156831 457127 24303 34376 8439227 12645336 1648 32476 9174 700177 111022 48611 187225 32917 14181 111079 2737575
internal_value=-1.49765e-05 0.00248895 -0.000861684 -0.0217362 -0.000700303 -0.0183407 0.00274766 -0.0110714 -0.00706153 0.0026091 -0.000390342 0.00501289 0.0148721 -0.00608973 0.0130333 -0.0126842 -0.0298287 -0.000796361 -0.0011899 0.00752602 0.00664845 -0.0551744 0.00822276 -0.0051497 0.00244089 0.0130136 -0.0331052 3.38663e-05 -0.0370377 -0.0058489
internal_weight=4.723e+07 1.19351e+07 3.5295e+07 270774 3.50242e+07 264489 1.18596e+07 1.01639e+06 839931 1.18263e+07 3.40078e+07 2.37686e+06 1.25893e+06 1.11793e+06 286660 831274 98311.1 3.1631e+07 3.02028e+07 1.42818e+06 1.41789e+06 35209.7 1.38268e+06 497367 423389 326327 97061.8 2.39198e+07 98999 6.28294e+06
internal_count=34450160 4527168 29922992 900917 29022075 809850 4439145 1459530 1039587 4420197 27562545 2447712 768671 1679041 613958 1065083 79126 25114833 23947398 1167435 1165787 53359 1112428 412251 301229 235836 65393 12770596 125260 11176802
is_linear=0
shrinkage=0.1


Tree=51
num_leaves=31
num_cat=0
split_feature=3 9 2 11 11 7 7 7 2 6 11 6 8 9 11 10 5 9 10 10 10 6 3 11 10 3 3 8 10 10
split_gain=9217.51 8498.56 8428.46 7390.28 17976.4 29488.8 18291.3 20695.5 14783.8 13950.8 14215.6 12715.9 12627.7 11258.6 10980.8 13465.8 17052.2 12633.8 18018.1 25663.7 25252.7 19227.3 15470.8 15056.2 23034.4 15721.6 14773.4 13246.6 15222.4 21343.9
threshold=1506.5000000000002 20.530893325805668 375.85374450683599 -0.15950993297387572 -0.25206183926700709 11.830269813537599 25.350136756896976 21.490250587463382 8.2515120506286639 31.030729293823246 0.76556758748011056 40.730085372924812 33.380012512207038 8.2900962829589862 -0.048362832084465616 0.98802474685579866 1.0847337841987612 13.139999866485597 -0.814291907305839 -0.97113884758256674 -0.78326540922535159 34.98017883300782 28.500000000000004 0.57605713708605399 0.83849049182116964 45.500000000000007 12.500000000000002 32.28167915344239 0.9550229469509578 0.97314989601849466
decision_type=2 10 2 2 2 8 8 10 2 8 2 8 10 8 2 2 8 8 2 2 2 10 2 2 2 2 2 10 2 2
left_child=1 2 3 4 5 8 7 -6 -1 -5 13 -9 -12 -11 15 16 -15 27 19 21 22 -19 -20 24 26 -25 -22 -16 -29 -30
right_child=-2 -3 -4 9 6 -7 -8 11 -10 10 12 -13 -14 14 17 -17 -18 18 20 -21 23 -23 -24 25 -26 -27 -28 28 29 -31
leaf_value=-0.09578195405660106 -0.17665066709492996 -0.062075427093018637 0.014485746283340997 0.00049424167436135655 0.023051173887361425 0.0003906592162948102 0.041476334582282129 -0.00042112992471447173 -0.021630570821761945 0.010815641536113625 -0.021435453140638609 -0.11887336640807949 -0.15054940306532258 -0.042465369577493764 -0.0086017234129960058 6.6014335076471922e-05 -0.0070888959924100079 0.024473977257441576 0.0049697010171337111 -0.047180043388994113 -0.043100133131992645 -0.038903419981612869 0.11522358490530718 -0.013557960846167637 -0.0050535491683824686 -0.071034587851823858 0.084392696319417648 0.012120253534028423 -0.10983060517029351 -0.0061758876346692665
leaf_weight=44412.412396082655 2954.0885018929839 22046.569975361228 399714.1209384799 9014362.9357216842 533350.19398882799 30316581.009111665 174917.51680246927 941217.10279159248 68138.583016932011 442835.53692631796 396590.53855770826 9150.9078681468964 7722.4330887980759 285852.23835370131 819045.73389589041 326558.36358876526 260355.08853233233 124497.77212159336 23409.44239345938 265351.57147025317 11270.117063507438 77771.010565437376 27889.879816869274 175240.00137814134 961593.31443628669 65332.038047360256 46960.40051824972 1149915.7465151716 22015.22433424741 203418.5548635684
leaf_count=75922 64380 122675 76545 11139505 332355 14204989 92467 562534 45202 186397 1019453 39374 48733 243882 621486 447749 128867 137332 46131 778335 17440 185755 43638 382468 1910561 307440 60200 873215 39427 215703
internal_value=-1.37697e-05 -2.71868e-06 2.62775e-05 -9.72305e-05 0.000753582 0.000200981 0.0108915 0.00728587 -0.0508906 -0.00195341 -0.00582863 -0.00156168 -0.0239015 -0.00444714 -0.00584174 -0.0159984 -0.0256028 -0.00361098 -0.00987279 -0.0267266 -0.0038644 0.000105787 0.0649114 -0.00666364 -0.00135522 -0.0291669 0.0597173 0.00146639 0.00746213 -0.0162985
internal_weight=4.72205e+07 4.72175e+07 4.71955e+07 4.67958e+07 3.20878e+07 3.04291e+07 1.65864e+06 1.48372e+06 112551 1.4708e+07 5.69363e+06 950368 404313 5.28931e+06 4.84648e+06 872766 546207 3.97371e+06 1.77932e+06 467620 1.3117e+06 202269 51299.3 1.2604e+06 1.01982e+06 240572 58230.5 2.1944e+06 1.37535e+06 225434
internal_count=34450160 34385780 34263105 34186560 15352843 14326113 1026730 934263 121124 18833717 7694212 601908 1068186 6626026 6439629 820498 372749 5619131 3869300 1101422 2767878 323087 89769 2678109 1988201 689908 77640 1749831 1128345 255130
is_linear=0
shrinkage=0.1


Tree=52
num_leaves=31
num_cat=0
split_feature=3 9 6 11 10 11 11 3 11 11 7 8 9 9 3 10 11 10 8 3 8 6 10 10 3 10 9 7 6 7
split_gain=8134.54 7723.88 10031.4 9262.86 10321.4 10041.9 13658.8 7978.29 9803.2 6813.93 10156.6 10146.2 8508.81 7162.22 12509 15506.5 6450.05 8212.12 13120 7459.88 6375.97 7991.38 6078.54 9113.05 7398 5966.29 5866.73 6393.75 6263.98 8141.02
threshold=1122.5000000000002 18.170379638671879 20.580407142639164 -0.46800559042974538 0.85226249403558707 0.9980355542543059 0.95436825032516992 56.500000000000007 0.92519182738459482 -0.91595872546125101 16.910005569458011 39.778711318969734 10.860001564025881 12.75000047683716 18.500000000000004 0.19337368024598436 -0.35042475891464198 0.61237135649459018 24.879979133605961 9.5000000000000018 30.738570213317875 31.719035148620609 -0.19337636264337835 -0.2270106897347694 47.500000000000007 0.99274428880883148 3.9730539321899419 24.350087165832523 37.010103225708015 23.24013710021973
decision_type=2 10 10 2 2 2 2 2 2 2 8 10 8 8 2 2 2 2 10 2 10 8 2 2 2 2 10 10 8 10
left_child=1 9 -3 4 -4 6 7 8 16 10 -1 -11 -13 26 15 20 -5 18 19 -18 -15 -22 23 -8 -25 -19 27 -12 29 -28
right_child=-2 2 3 5 -6 -7 22 -9 -10 11 13 12 -14 14 -16 -17 17 25 -20 -21 21 -23 -24 24 -26 -27 28 -29 -30 -31
leaf_value=-0.031980871462882442 -0.15978724576211126 0.13305909273472674 -0.010207455155148041 -0.082977483152530701 0.088410301451150863 0.037596343432352936 -0.16253032282783539 -0.045602026971163924 0.071006926148720881 -0.00026350444446820797 -0.0049666753410497139 -0.079548395935065741 -0.0086805874883483774 0.0088338774526922452 0.053214479974851472 -0.0051583192248749084 -0.10868605695469449 0.0081010930689243959 -0.067812028047860171 0.098303922942807417 0.12094479115094503 0.031563383383813037 -0.11465448882689451 -0.19758288912980201 0.11187762077930097 -0.039193189954080804 -0.0015497168303661032 -0.0501569289155284 -0.006136815728823769 0.0046397062499614226
leaf_weight=86370.764870434999 3186.3125045448542 4655.9803569838405 26752.708852395415 12921.302694067359 17591.019902855158 28890.495106749237 2766.7365944124758 80017.355110533535 14281.254095610231 33644309.979297251 113449.89102935046 17193.895724564791 1157558.6237519383 148437.07107567787 66175.342670686543 408254.99891257286 2192.8092475682497 151137.31901250035 44879.313765026629 8453.0143850892782 10644.173953562975 166040.582059443 22370.764882355928 928.72049986571074 4592.8066948726773 32390.488825678825 3056819.1693301201 43242.399590820074 860605.20105409622 6972059.1160660163
leaf_count=98133 72006 3249 45350 39003 20551 48862 27965 452416 33261 26675634 30236 15183 1533408 56669 46200 245890 6810 361819 291075 11774 2535 76973 167163 7721 12813 108009 1138632 15801 450819 2354200
internal_value=-1.27039e-05 -1.91943e-06 -0.0129706 -0.0144809 0.0289139 -0.0192226 -0.0235776 -0.0179133 -0.00959206 0.000124247 0.00218655 -0.000582482 -0.00971782 0.00243568 0.0115752 0.00781798 -0.0141602 -0.0104405 -0.0441371 0.0556685 0.0241123 0.0369481 -0.0875518 -0.0143993 0.0598264 -0.000245789 0.00177413 -0.0174378 0.00205058 0.00275316
internal_weight=4.72092e+07 4.7206e+07 454822 450166 44343.7 405822 376932 346273 266256 4.67512e+07 1.19321e+07 3.48191e+07 1.17475e+06 1.18457e+07 799552 733377 251974 239053 55525.1 10645.8 325122 176685 30659 8288.26 5521.53 183528 1.10462e+07 156692 1.08895e+07 1.00289e+07
internal_count=34450160 34378154 1637841 1634592 65901 1568691 1519829 1304167 851751 32740313 4516088 28224225 1548591 4417955 428267 382067 818490 779487 309659 18584 136177 79508 215662 48499 20534 469828 3989688 46037 3943651 3492832
is_linear=0
shrinkage=0.1


Tree=53
num_leaves=31
num_cat=0
split_feature=3 8 7 3 10 4 11 2 7 0 8 3 10 10 9 9 8 10 8 8 10 11 6 9 10 10 11 3 6 10
split_gain=7349.66 16278.4 15251.9 9364.87 8987.95 8265.77 6827.64 6749.59 6692.56 7720.24 6691.65 6463.4 7253.52 8104.89 6011.42 7182.18 11445.4 9348.49 10658 8430.86 24488.8 16499.4 16205.6 13557 11883.1 13773.8 17042.3 19998.6 12948.4 12547.1
threshold=127.50000000000001 33.025739669799812 20.220372200012211 160.50000000000003 0.93544191479114935 0.016939329914748672 -0.97874870457683594 375.85374450683599 12.111235141754152 40.99785232543946 34.375715255737312 148.50000000000003 0.89404822654372251 0.67802080537253961 3.9730539321899419 8.030001640319826 24.879979133605961 0.89404822654372251 31.42004489898682 21.923569679260257 -0.86976336936302323 -0.28519997588938989 24.550377845764164 12.350000858306887 -0.73866753694953124 -0.14250824554987665 0.94909129669788206 30.500000000000004 20.991237640380863 -0.8781231054254196
decision_type=2 8 8 2 2 10 2 2 8 2 8 2 2 2 8 10 8 2 8 10 2 2 10 8 2 2 2 2 10 2
left_child=7 2 3 11 -5 6 10 14 -9 -10 -3 12 13 -2 -1 16 -16 -18 -19 20 -17 -22 23 -21 29 26 27 -26 -27 -25
right_child=1 5 -4 4 -6 -7 -8 8 9 -11 -12 -13 -14 -15 15 19 17 18 -20 22 21 -23 -24 24 25 28 -28 -29 -30 -31
leaf_value=-0.012490891175835956 -0.025100817463675706 -0.16042514805258268 -0.16867244950211902 0.037747833356661646 -0.14205136028799212 0.04769100004945552 -0.011775319073441282 0.13380941903260701 -0.0045329286757088859 0.023730607747624026 0.079836525619900109 -0.13197794361372978 0.048042562667089679 -0.11917964403456059 -0.018933982232406086 -0.12630284041575085 0.0018174535427308498 0.037034817161553608 -0.0035194721863047911 -0.029552147283891762 -0.091915202664771392 0.0070691745501437891 -0.00083435338365501317 -0.0078586770730562569 -0.075461220096807807 -0.092008069862421271 -0.11526704950485343 0.0541586486941142 5.2078470858128033e-05 0.067584823516104578
leaf_weight=382690.73533160239 24366.157048841007 1270.5348505079746 9785.2067991076037 21641.282311223447 3190.0912785157561 29675.735567957163 252423.51452011243 4536.8129039406776 168713.01271164417 226246.27832627296 13230.551866337657 9999.41072197631 7316.3747838810086 14670.719523355365 262067.87587592006 14033.485618665814 15614065.632776387 160106.57661619782 108869.2535815984 357622.89244660735 16980.514849767089 2030882.8095025346 26905118.341628887 45062.934805832803 25516.143913581967 15909.148437418044 26254.568228647113 22310.72250495106 385217.74742124975 43155.971797153354
leaf_count=129800 85200 2519 66984 90404 23699 46756 694846 624 37442 38479 7093 53312 13734 72432 232934 31264 5588366 49805 70318 466111 20763 1916240 23707876 69297 62409 37672 118800 49032 622788 43161
internal_value=-1.15333e-05 -0.0137257 -0.0507315 -0.0365159 0.014649 -0.00237574 -0.00794199 0.000102002 0.0130446 0.0116574 0.0587856 -0.0590614 -0.0433317 -0.0604572 -9.39371e-06 9.43696e-05 0.00179387 0.00213588 0.0206203 -0.000823676 0.00534626 0.00624841 -0.00128086 -0.014324 -0.00465828 -0.0109155 -0.0505315 -0.0149949 -0.00359913 0.0290477
internal_weight=4.72029e+07 387570 90969.2 81184 24831.4 296600 266925 4.68154e+07 399496 394959 14501.1 56352.7 46353.3 39036.9 4.64159e+07 4.60332e+07 1.61451e+07 1.5883e+07 268976 2.98881e+07 2.0619e+06 2.04786e+06 2.78262e+07 921050 563427 475208 74081.4 47826.9 401127 88218.9
internal_count=34450160 1156979 405765 338781 114103 751214 704458 33293181 76545 75921 9612 224678 171366 157632 33216636 33086836 5941423 5708489 120123 27145413 1968267 1937003 25177146 1469270 1003159 890701 230241 111441 660460 112458
is_linear=0
shrinkage=0.1


end of trees

feature_importances:
cos_doy=367
sin_doy=304
days_since_rain=202
tmax_1deg_roll7=189
diurnal_range_1deg=160
tmin_1deg_lag1=141
rf_roll7_sum=104
tmax_1deg_lag1=85
neighbor_mean_lag1=42
neighbor_max_lag1=13
rf_lag_2=8
rf_lag_1=5

parameters:
[boosting: gbdt]
[objective: tweedie]
[metric: tweedie]
[tree_learner: serial]
[device_type: cpu]
[data_sample_strategy: bagging]
[data: ]
[valid: ]
[num_iterations: 100]
[learning_rate: 0.1]
[num_leaves: 31]
[num_threads: -1]
[seed: 42]
[deterministic: 0]
[force_col_wise: 0]
[force_row_wise: 0]
[histogram_pool_size: -1]
[max_depth: -1]
[min_data_in_leaf: 20]
[min_sum_hessian_in_leaf: 0.001]
[bagging_fraction: 1]
[pos_bagging_fraction: 1]
[neg_bagging_fraction: 1]
[bagging_freq: 0]
[bagging_seed: 400]
[bagging_by_query: 0]
[feature_fraction: 1]
[feature_fraction_bynode: 1]
[feature_fraction_seed: 30056]
[extra_trees: 0]
[extra_seed: 12879]
[early_stopping_round: 0]
[early_stopping_min_delta: 0]
[first_metric_only: 0]
[max_delta_step: 0]
[lambda_l1: 0]
[lambda_l2: 0]
[linear_lambda: 0]
[min_gain_to_split: 0]
[drop_rate: 0.1]
[max_drop: 50]
[skip_drop: 0.5]
[xgboost_dart_mode: 0]
[uniform_drop: 0]
[drop_seed: 17869]
[top_rate: 0.2]
[other_rate: 0.1]
[min_data_per_group: 100]
[max_cat_threshold: 32]
[cat_l2: 10]
[cat_smooth: 10]
[max_cat_to_onehot: 4]
[top_k: 20]
[monotone_constraints: ]
[monotone_constraints_method: basic]
[monotone_penalty: 0]
[feature_contri: ]
[forcedsplits_filename: ]
[refit_decay_rate: 0.9]
[cegb_tradeoff: 1]
[cegb_penalty_split: 0]
[cegb_penalty_feature_lazy: ]
[cegb_penalty_feature_coupled: ]
[path_smooth: 0]
[interaction_constraints: ]
[verbosity: -1]
[saved_feature_importance_type: 0]
[use_quantized_grad: 0]
[num_grad_quant_bins: 4]
[quant_train_renew_leaf: 0]
[stochastic_rounding: 1]
[linear_tree: 0]
[max_bin: 255]
[max_bin_by_feature: ]
[min_data_in_bin: 3]
[bin_construct_sample_cnt: 200000]
[data_random_seed: 175]
[is_enable_sparse: 1]
[enable_bundle: 1]
[use_missing: 1]
[zero_as_missing: 0]
[feature_pre_filter: 1]
[pre_partition: 0]
[two_round: 0]
[header: 0]
[label_column: ]
[weight_column: ]
[group_column: ]
[ignore_column: ]
[categorical_feature: ]
[forcedbins_filename: ]
[precise_float_parser: 0]
[parser_config_file: ]
[objective_seed: 16083]
[num_class: 1]
[is_unbalance: 0]
[scale_pos_weight: 1]
[sigmoid: 1]
[boost_from_average: 1]
[reg_sqrt: 0]
[alpha: 0.9]
[fair_c: 1]
[poisson_max_delta_step: 0.7]
[tweedie_variance_power: 1.5]
[lambdarank_truncation_level: 30]
[lambdarank_norm: 1]
[label_gain: ]
[lambdarank_position_bias_regularization: 0]
[eval_at: ]
[multi_error_top_k: 1]
[auc_mu_weights: ]
[num_machines: 1]
[local_listen_port: 12400]
[time_out: 120]
[machine_list_filename: ]
[machines: ]
[gpu_platform_id: -1]
[gpu_device_id: -1]
[gpu_device_id_list: ]
[gpu_use_dp: 0]
[num_gpu: 1]

end of parameters

pandas_categorical:null
