tree
version=v4
num_class=1
num_tree_per_iteration=1
label_index=0
max_feature_idx=11
objective=tweedie
feature_names=rf_lag_1 rf_lag_2 rf_roll7_sum days_since_rain neighbor_mean_lag1 neighbor_max_lag1 tmax_1deg_lag1 tmin_1deg_lag1 tmax_1deg_roll7 diurnal_range_1deg sin_doy cos_doy
feature_infos=[0:385.5301513671875] [0:467.57992553710938] [0:1484.6839599609375] [0:6930] [0:356.41162109375] [0:435.11480712890625] [2.3299999237060547:48.46484375] [-7.6100001335144043:32.610000610351562] [3.3942859172821045:46.181095123291016] [1.0200004577636719:23.680000305175781] [-0.9999994220246925:0.99998555065071859] [-0.99997919295908233:0.9999907524084426]
tree_sizes=3619 3726 3728 3718 3701 3727 3733 3726 3728 3726 3732 3761 3749 3748 3739 3745 3764 3768 3746 3744 3744 3724 3741 3735 3727 3741 3723 3757 3731 3748 3744 3749 3742 3723 3727 3699 3750 3723 3745 3767 3725 3734 3764 3747 3710 3689 3681 3717 3706 3742 3757 3765 3671 3798 3704 3680 3778 3719 3684 3641 3714 3725 3753 3700 3650 3709 3625 3660 3742 3637 3583 3667 3741 3606 3577 3669 3668 3661 3579 3606 3539 3682 3697 3638 3677 3717 3679 3693 3626 3607 3526 3650 3671 3696 3551 3685 3645 3709 3638 3648

Tree=0
num_leaves=31
num_cat=0
split_feature=4 4 9 9 9 2 2 4 4 9 9 11 2 9 9 5 9 11 9 11 4 3 3 8 11 9 9 9 10 2
split_gain=7.80728e+07 7.41944e+06 5.44794e+06 2.19583e+06 1.20285e+06 1.06836e+06 772165 491291 439785 397852 317136 295454 262201 232499 190806 174788 168808 168102 161249 145775 143739 131139 108816 89571.7 82675.7 72484.6 70280.3 68007.4 90385.8 67343
threshold=0.15706907212734225 6.1279971599578866 11.139999866485597 10.170001029968263 7.5973844528198251 4.4063014984130868 0.59196385741233837 1.7628858089447024 23.699220657348636 13.190001487731935 10.980000019073488 -0.22700609751797865 14.511683464050295 8.5400753021240252 13.872105598449709 1.0000000180025095e-35 7.7099995613098153 -0.12545862287572049 13.740786075592043 -0.24372464231556024 16.147663116455082 12.500000000000002 23.500000000000004 30.444285392761234 -0.10837475778693638 7.2500004768371591 9.0407443046569842 13.139999866485597 0.75014288946266361 11.689495563507082
decision_type=8 10 8 10 10 2 2 10 8 8 10 2 2 8 10 8 8 2 10 2 8 2 2 10 2 10 8 10 2 2
left_child=2 3 5 7 8 15 18 12 22 19 20 14 23 -7 -8 21 -9 -15 24 -5 -6 26 -3 -2 -4 -14 -1 28 -13 -18
right_child=1 4 6 9 10 13 11 16 -10 -11 -12 27 25 17 -16 -17 29 -19 -20 -21 -22 -23 -24 -25 -26 -27 -28 -29 -30 -31
leaf_value=1.0318714392066668 1.0775536418402833 1.2317239137077836 0.96017192268723894 1.113540951247916 1.1934251127050446 1.1083966355640216 1.0298874740040878 1.1961902455846831 1.2659227736853875 1.0243421380859967 1.1465080539849379 0.94786869616397162 1.1770007868518868 1.0750131900968567 0.95789948574849704 1.0539717507149859 1.1378752345680507 1.0130085884365181 0.91135402480150929 1.0662717217814566 1.2248857214583508 0.95778349558590625 0.91600095742753052 1.1246923840866445 0.9268444721713982 1.1442858921633332 0.98810828537103979 0.93226790667649495 1.0180960370944465 1.1722901579196978
leaf_weight=567056.1130015254 638277.05465346575 7471941.0726327896 1024659.7541031837 1714474.3668386936 3455678.2642329931 1384495.9022465348 981350.34790873528 3385851.1494120955 7167253.8893701434 1094941.8334837556 1028134.1942270398 650671.76904541254 1081597.0222659111 1363243.4382764101 589281.6874808073 437593.40151453018 756410.72561311722 643708.87117373943 9212557.7839981318 1053195.3821538091 2504957.0121796131 1025640.4255330563 10932.389313995838 1094037.3172151446 2720857.7881821394 1811654.5640164614 1039917.1646746993 1357381.1502058506 255127.81773942709 2289877.865413487
leaf_count=443431 415155 1542552 1012846 937463 1094552 777544 773011 1045473 773769 879973 464566 666224 393744 896669 586344 314342 360592 538340 10401512 719249 566468 1020870 12197 563078 2950629 830196 944264 1450809 209628 864670
internal_value=1.10341 1.19453 0.960157 1.14028 1.23194 1.03818 0.930131 1.16295 1.24822 1.07537 1.1978 0.969555 1.13809 1.07687 1.00288 0.995448 1.18082 1.05513 0.918467 1.09555 1.20665 0.98572 1.23126 1.10732 0.935962 1.15652 1.00355 0.946429 0.967649 1.16374
internal_weight=5.98128e+07 3.65592e+07 2.32535e+07 1.49203e+07 2.16389e+07 6.46166e+06 1.67919e+07 1.10577e+07 1.46501e+07 3.86261e+06 6.98877e+06 3.83381e+06 4.62557e+06 3.39145e+06 1.57063e+06 3.07021e+06 6.43214e+06 2.00695e+06 1.29581e+07 2.76767e+06 5.96064e+06 2.63261e+06 7.48287e+06 1.73231e+06 3.74552e+06 2.89325e+06 1.60697e+06 2.26318e+06 905800 3.04629e+06
internal_count=34450160 11463697 22986463 7009593 4454104 4935460 18051003 4472908 2328518 2536685 2125586 3686016 2202173 2212553 1359355 2722907 2270735 1435009 14364987 1656712 1661020 2408565 1554749 978233 3963475 1223940 1387695 2326661 875852 1225262
is_linear=0
shrinkage=1


Tree=1
num_leaves=31
num_cat=0
split_feature=4 4 9 9 9 2 2 4 2 9 9 11 4 9 9 4 9 9 11 3 2 9 3 9 4 0 8 11 3 9
split_gain=6.69038e+07 7.46874e+06 4.48973e+06 1.86925e+06 1.36277e+06 812530 741348 492518 480705 384766 324838 269995 194731 181301 174347 167037 160821 154848 137249 127444 126243 103909 96373.4 84950 84302.7 83906.1 81674.4 78070.2 74590.1 72211.6
threshold=0.067515678703784957 5.0894865989685067 11.194006919860842 10.37527370452881 7.3699998855590829 2.6448805332183842 0.28370586037635809 21.100246429443363 15.937403678894045 10.170001029968263 13.429998874664308 -0.22700609751797865 1.2358121275901797 8.9960031509399432 13.740786075592043 14.177120208740236 7.3099999427795419 14.090000629425051 -0.34234976856068178 17.500000000000004 2.7468736171722417 12.84999990463257 19.500000000000004 8.4400014877319354 1.2358121275901797 48.653190612792976 31.42004489898682 -0.10837475778693638 103.50000000000001 14.090000629425051
decision_type=8 10 8 10 10 2 2 10 2 8 8 2 10 8 10 8 10 10 2 2 2 10 2 10 8 2 10 2 2 10
left_child=2 3 5 8 7 19 17 22 12 15 20 14 26 -7 -8 -6 -10 27 -15 23 -5 -11 -3 -1 -18 -9 -2 -4 -14 -13
right_child=1 4 6 10 9 13 11 25 16 21 -12 29 28 18 -16 -17 24 -19 -20 -21 -22 -23 -24 -25 -26 -27 -28 -29 -30 -31
leaf_value=-0.054588667580222072 -0.029019313966455601 0.11813749519357562 -0.14322702965159465 -0.049537950476346376 0.083203797498934917 -0.009508563488923219 -0.071528360982722319 0.14616305593100054 0.080016076250123649 0.05841049012886125 -0.083601218440479352 -0.13863103686394104 0.041845306488207119 -0.031019688708059857 -0.14060511355652841 0.11502276377359487 0.030610078925402393 -0.19206796690829131 -0.088919135931075588 -0.14267609665516232 -0.0027675397203272487 0.00038327640825576805 -0.1804208561428407 -0.10657989437948312 0.060459633410916737 0.16803586747002486 0.013766211136722295 -0.17585986399330636 -0.17830682710032891 -0.17485110424801403
leaf_weight=409095.22308766842 839067.10560184717 6550280.2059238553 990950.9051797986 843055.29315680265 3623295.8285704851 1555354.2717190385 890105.51833897829 4072947.9311508536 2908319.0651161671 1458091.9297820926 1030859.2413578629 1245610.0619716048 1832525.4494664669 910147.40991032124 619815.90904927254 3029108.5679588318 1523767.1005579233 7610886.3957407475 744159.56319707632 798479.9823140502 1829531.673356235 391441.31133586168 10829.688558876514 1355827.5605730414 2496049.5481103659 3080125.3294720054 952797.98989260197 2817705.7241398692 15520.222320258617 986275.34418100119
leaf_count=311749 558791 1451327 1055682 616718 1165831 944063 723752 584156 965552 578122 881333 1310077 816670 616923 654341 698316 732323 9459509 645414 846290 1077613 222501 12755 1265969 971291 261438 508449 3335565 16554 1161086
internal_value=-9.1391e-05 0.0816691 -0.142596 0.0252209 0.117931 -0.0675467 -0.171173 0.137432 0.0466451 0.0864751 -0.0359146 -0.132543 0.0172209 -0.0340197 -0.0998841 0.0976923 0.062104 -0.18383 -0.0570647 -0.109526 -0.0175211 0.0461294 0.117645 -0.0945287 0.0491447 0.155582 -0.00626874 -0.167369 0.0399964 -0.154637
internal_weight=5.7422e+07 3.64876e+07 2.09344e+07 1.42715e+07 2.22161e+07 5.77306e+06 1.51613e+07 1.37142e+07 1.0568e+07 8.50194e+06 3.70345e+06 3.74181e+06 3.63991e+06 3.20966e+06 1.50992e+06 6.6524e+06 6.92814e+06 1.14195e+07 1.65431e+06 2.5634e+06 2.67259e+06 1.84953e+06 6.56111e+06 1.76492e+06 4.01982e+06 7.15307e+06 1.79187e+06 3.80866e+06 1.84805e+06 2.23189e+06
internal_count=34450160 12119740 22330420 7145294 4974446 4630408 17700012 2309676 4569630 2664770 2575664 3849256 1900464 2206400 1378093 1864147 2669166 13850756 1262337 2424008 1694331 800623 1464082 1577718 1703614 845594 1067240 4391247 833224 2471163
is_linear=0
shrinkage=0.1


Tree=2
num_leaves=31
num_cat=0
split_feature=4 4 9 9 9 2 2 4 9 0 9 9 4 11 2 11 9 9 9 4 3 3 8 11 4 2 9 9 11 3
split_gain=5.72429e+07 7.12007e+06 3.86657e+06 1.97078e+06 1.03662e+06 730012 653444 495560 473252 363335 275586 229322 215393 192570 184959 175307 146096 138730 123362 123357 111414 110818 100025 99545.9 98168.1 82293.4 78548.1 74442.5 70300.9 65151.9
threshold=0.022948059253394607 6.8166618347167978 11.519999027252199 9.650057792663576 7.1293191909790048 1.5027573108673098 0.11408401653170587 1.3579741120338442 12.900000095367433 25.458621978759769 9.7543802261352557 14.090000629425051 1.1817389726638796 0.080547328232315238 21.671146392822269 0.18281312110578132 7.0599999427795419 14.647208213806154 9.0407443046569842 22.964793205261234 2.5000000000000004 14.500000000000002 30.314291954040531 -0.10837475778693638 0.8369562327861787 26.549152374267582 8.6413211822509783 12.509542465209963 -0.10837475778693638 14.500000000000002
decision_type=8 10 8 10 10 2 2 10 8 2 8 10 10 2 2 2 8 10 8 10 2 2 10 2 10 2 8 10 2 2
left_child=2 3 5 7 9 18 17 14 12 21 19 13 23 -8 22 20 -9 28 -1 -6 -7 -3 -2 -5 -10 -18 -17 -12 -4 -20
right_child=1 4 6 8 10 15 11 16 24 -11 27 -13 -14 -15 -16 26 25 -19 29 -21 -22 -23 -24 -25 -26 -27 -28 -29 -30 -31
leaf_value=-0.076978018428716821 -0.028601693448315008 0.11806302041820507 -0.14498910996681302 -0.011342938820624406 0.088914962095877625 -0.01412341786612889 -0.080468364542347251 0.08403040238943317 -0.094232356005141474 0.15331275869293282 0.063689605978608885 -0.16156212138565126 0.018048369965590703 -0.14400648151185813 0.043297468708749898 -0.026387671299237983 0.038867819607319901 -0.19273614474463996 -0.11001373701766629 0.1208574099710899 -0.057275170466424045 -0.18313118548186341 0.017967841508510909 -0.058485544863464314 -0.043682193887436001 0.066490106736239563 -0.10815084171998593 0.013218525329809822 -0.17609386901927568 -0.14884749795786612
leaf_weight=684167.90795809031 716040.99381709099 5781732.5084985495 957675.5180324316 1298965.5228287578 4268814.1481203437 1704213.2071659565 1043009.2659750581 2853790.9901371598 762860.53591495752 5499071.1198244691 1480816.3922661543 1514092.4198227525 2159829.5243743062 878992.32261604071 2210887.5035082102 156048.20411497355 1842728.3750055432 5939639.4095461965 985414.60335928202 1686714.6243839264 922054.70394188166 12241.510049581528 1295988.9616598487 683657.39632815123 773905.91862672567 2600874.5132256746 475577.23435944319 364089.92254769802 3011679.3508713245 769300.09765195847
leaf_count=603209 481561 1200813 1111728 802105 1235514 1088314 929502 874330 712109 633102 540678 1863089 1117846 1010156 956542 103241 811031 8140292 990976 338836 715284 14330 674287 532345 578556 930651 465410 190661 3908564 895098
internal_value=-0.000174792 0.0734975 -0.140591 0.02683 0.115536 -0.0716222 -0.170033 0.0505969 -0.0213813 0.134901 0.0875001 -0.132456 -0.0037989 -0.109526 0.0233327 -0.0406496 0.0663744 -0.183063 -0.112996 0.0979616 -0.0292735 0.117427 0.00139468 -0.0275989 -0.0687756 0.0550354 -0.0879506 0.0537292 -0.168589 -0.127039
internal_weight=5.53349e+07 3.6293e+07 1.90419e+07 1.71995e+07 1.90935e+07 5.69678e+06 1.33451e+07 1.15203e+07 5.67922e+06 1.1293e+07 7.80044e+06 3.43609e+06 4.14245e+06 1.922e+06 4.22292e+06 3.25789e+06 7.29739e+06 9.90899e+06 2.43888e+06 5.95553e+06 2.62627e+06 5.79397e+06 2.01203e+06 1.98262e+06 1.53677e+06 4.4436e+06 631625 1.84491e+06 3.96935e+06 1.75471e+06
internal_count=34450160 12625297 21824863 8471363 4153934 4861532 16963331 4728402 3742961 1848245 2305689 3802747 2452296 1939658 2112390 2372249 2616012 13160584 2489283 1574350 1803598 1215143 1155848 1334450 1290665 1741682 568651 731339 5020292 1886074
is_linear=0
shrinkage=0.1


Tree=3
num_leaves=31
num_cat=0
split_feature=4 4 9 9 9 2 4 2 2 4 2 2 11 11 9 9 9 9 9 2 9 9 9 10 11 3 8 9 3 4
split_gain=4.88359e+07 6.39616e+06 3.66917e+06 1.81245e+06 862284 805673 559987 526583 377671 334814 228533 216291 186523 168201 160068 148779 137024 124203 123148 107121 101234 99251.8 89642.9 82720.5 78448.9 77596.1 77491.5 73187.1 72737.1 71612.6
threshold=1.0000000180025095e-35 7.8764719963073739 11.830018043518068 9.9699997901916522 7.1293191909790048 1.5027573108673098 2.0956468582153325 0.11408401653170587 3.1396071910858159 30.039707183837894 10.310416221618654 46.489736557006843 -0.10837475778693638 -0.22700609751797865 9.650057792663576 12.509542465209963 14.647208213806154 7.1899991035461435 13.740786075592043 20.555511474609379 14.689999103546144 9.4000000953674334 9.8600788116455096 0.75014288946266361 -0.24372464231556024 16.500000000000004 31.815781593322757 7.6500000953674325 56.500000000000007 31.100071907043461
decision_type=8 10 10 10 10 2 10 2 2 10 2 2 2 2 8 10 8 8 10 2 8 8 8 2 2 2 10 10 2 8
left_child=2 3 5 6 9 14 10 16 18 -3 26 22 19 20 28 24 -4 -8 -5 -7 -9 -14 -6 -23 -10 -16 -2 -12 -1 -13
right_child=1 4 7 8 11 12 17 13 15 -11 27 29 21 -15 25 -17 -18 -19 -20 -21 -22 23 -24 -25 -26 -27 -28 -29 -30 -31
leaf_value=-0.06934696327299425 -0.023350322451102318 0.11364301348989266 -0.16539736830351365 -0.043477641951692618 0.074672116586929196 -0.046630151579868204 0.080572063433506452 -0.080334693135741486 0.022277767318470188 0.15006868671536422 0.051245991613833475 0.090413752522546742 -0.034308664859737298 -0.15134165587705992 -0.11258349345450024 -0.035071725837018147 -0.19133878828377382 0.053851005057090388 -0.10102641089156493 -0.0037620742887849411 -0.14438730800235561 -0.11575578301358345 0.036524367209475717 -0.026521585754267142 -0.015883643258404596 -0.15391974626213398 0.016669539195378044 0.024603454277186396 -0.15213562914084527 0.120932702643278
leaf_weight=823815.62752425671 1028209.4214616418 5930020.1647830606 3267231.8560288548 1306570.5188497901 1814813.3680848479 1162488.3545704484 2998875.883369565 739676.66999030113 1645426.4120001793 4392605.0711091757 1936014.0867645144 3145382.3314592838 369242.03715610504 1772963.0310986638 1041782.2420973778 1059771.1110858917 5403832.2206937671 4142188.2616767287 519756.95480799675 1169205.671494782 370263.33611571789 546605.12598025799 932518.33833760023 128260.86714327335 800888.25332117081 805067.44496917725 913885.70706790686 2205792.8184232712 121816.59689593315 1017614.2687939405
leaf_count=740996 676894 1221488 4462608 980014 565437 880882 898274 690836 829886 500084 766913 859228 266443 2274836 1134887 778782 8126170 1582975 522088 713906 462221 582220 405442 96986 507098 1036201 475256 1066351 149856 194902
internal_value=-0.000250506 0.0669725 -0.136008 0.0262346 0.110841 -0.0737342 0.0460791 -0.169254 -0.0229818 0.129143 0.0237854 0.0835017 -0.0408638 -0.13223 -0.113471 -0.00377418 -0.181564 0.0650725 -0.0598555 -0.0251344 -0.101702 -0.0759908 0.0617237 -0.0987965 0.00978427 -0.130603 -0.0045183 0.037057 -0.0800118 0.0978739
internal_weight=5.35126e+07 3.57903e+07 1.77223e+07 1.85574e+07 1.7233e+07 6.16828e+06 1.3225e+07 1.1554e+07 5.33241e+06 1.03226e+07 6.0839e+06 6.91033e+06 3.3758e+06 2.8829e+06 2.79248e+06 3.50609e+06 8.67106e+06 7.14106e+06 1.82633e+06 2.33169e+06 1.10994e+06 1.04411e+06 2.74733e+06 674866 2.44631e+06 1.84685e+06 1.9421e+06 4.14181e+06 945632 4.163e+06
internal_count=34450160 12831112 21619048 9084531 3746581 5602377 5466663 16016671 3617868 1721572 2985414 2025009 2540437 3427893 3061940 2115766 12588778 2481249 1502102 1594788 1153057 945649 970879 679206 1336984 2171088 1152150 1833264 890852 1054130
is_linear=0
shrinkage=0.1


Tree=4
num_leaves=31
num_cat=0
split_feature=4 4 9 9 2 4 2 2 4 9 11 2 9 9 9 9 9 9 3 11 8 9 4 9 9 3 10 3 9 4
split_gain=4.1518e+07 5.53435e+06 3.65165e+06 1.5794e+06 835945 753930 464801 434348 428738 367593 233136 160440 151132 150775 141585 140522 127196 125808 121762 121484 107724 100916 96598.9 96031 87923.3 70344 68170.7 67696.8 66999.2 66918.1
threshold=1.0000000180025095e-35 8.6103563308715838 12.299999713897707 9.3500013351440447 0.33775499463081365 28.84201812744141 1.0000000180025095e-35 4.941770315170289 2.5038969516754155 8.4400014877319354 0.18281312110578132 23.563999176025394 11.787460803985597 10.02000141143799 14.602698802948 14.98644542694092 14.940001487731935 6.3903479576110849 2.5000000000000004 0.19969739736768838 29.730000495910648 6.3099997043609628 0.70172414183616649 9.4000000953674334 6.0299992561340341 36.500000000000007 0.55656748448714433 56.500000000000007 11.889999866485597 1.8441320657730105
decision_type=8 10 10 10 2 10 2 2 10 10 2 2 8 8 10 10 10 10 2 2 10 8 10 8 8 2 2 2 10 10
left_child=2 3 4 8 13 9 16 14 11 21 18 20 29 27 22 19 -4 -7 -6 -8 -2 -3 -5 -12 -10 -26 -25 -1 -11 -9
right_child=1 5 6 7 10 17 15 12 24 28 23 -13 -14 -15 -16 -17 -18 -19 -20 -21 -22 -23 -24 26 25 -27 -28 -29 -30 -31
leaf_value=-0.07211536872281081 -0.020810160998662688 0.11302352455193834 -0.16435598710753591 -0.056589449576480759 -0.015437859159566816 0.14557843942735188 -0.087550767825337092 0.0027273059527477706 0.087380097758432626 0.063241226315173829 -0.039080028831484571 0.04261151981519206 -0.021619763495431168 -0.13309448522925688 -0.10314001184450255 -0.16194657377771851 -0.190753927567199 0.11413153364197295 -0.055877866620286688 -0.14351343854774254 0.022578975446452286 0.089954722107499718 -0.014490744421098612 -0.12860377574838014 0.059254689475175829 -0.17026852809657345 -0.053191191191998922 -0.14768257871990495 0.017351774272289362 0.032630086799426736
leaf_weight=794213.41786450148 820475.51942121983 3380285.6707596183 3058456.5369485617 1116922.1677449942 1923093.4414899349 3649295.5787975788 881956.4686550498 1399461.4123597741 1347596.7245976925 2259836.6479523182 275105.87558823824 3158279.8105300665 1343724.6675568819 1763468.8335190415 367503.28303486109 886153.88177764416 4527073.3644290566 1953049.2349901795 1214907.9018263817 692458.5429238677 1890991.6489511728 4319561.69674474 1064527.6779506803 479279.65987658501 5069997.0573453307 13388.098653554916 159848.61243510246 139350.46024179459 370291.38273620605 1608584.2191038728
leaf_count=760748 526866 661692 4554640 922273 1291555 420613 918844 794011 362365 753863 209085 1298411 917199 2276902 388678 1276322 7479985 376500 1011642 933700 933201 1103068 683156 577087 1770967 14347 145029 183509 181420 722482
internal_value=-0.000316384 0.0615059 -0.129641 0.025353 -0.0727528 0.105077 -0.16786 -0.0129381 0.0468343 0.089057 -0.0440413 0.0272927 0.00626274 -0.115891 -0.0457192 -0.130093 -0.18011 0.134616 -0.0310946 -0.112164 0.00944965 0.100082 -0.0360457 -0.0884794 0.0646705 0.0586502 -0.109743 -0.0833951 0.0567805 0.0187181
internal_weight=5.19291e+07 3.51338e+07 1.67954e+07 1.92015e+07 6.74927e+06 1.59323e+07 1.00461e+07 6.90072e+06 1.23007e+07 1.033e+07 4.05224e+06 5.86975e+06 4.35177e+06 2.69703e+06 2.54895e+06 2.46057e+06 7.58553e+06 5.60234e+06 3.138e+06 1.57442e+06 2.71147e+06 7.69985e+06 2.18145e+06 914234 6.43098e+06 5.08339e+06 639128 933564 2.63013e+06 3.00805e+06
internal_count=34450160 12831112 21619048 9333956 6455557 3497156 15163491 4427799 4906157 2700043 3234398 2758478 2433692 3221159 1994107 3128866 12034625 797113 2303197 1852544 1460067 1764760 1605429 931201 2147679 1785314 722116 944257 935283 1516493
is_linear=0
shrinkage=0.1


Tree=5
num_leaves=31
num_cat=0
split_feature=4 4 9 9 3 4 3 2 0 9 11 7 2 9 10 9 9 9 9 9 11 9 2 10 9 4 4 11 9 3
split_gain=3.51752e+07 4.76342e+06 3.59979e+06 1.37003e+06 803064 653260 473193 409887 373773 324954 265136 151697 148692 148164 136624 135285 130196 123706 117567 109856 107774 102617 91471.6 84055 79070.6 76636.2 75240 64947 64734.2 62388.9
threshold=1.0000000180025095e-35 9.4237246513366717 12.459999561309816 9.1400251388549822 8.5000000000000018 33.942102432250984 7.5000000000000009 5.3747477531433114 0.71629637479782116 7.9299988746643075 0.18281312110578132 22.300631523132328 13.966343402862551 14.98644542694092 0.14250626876356556 13.740786075592043 13.740786075592043 14.940001487731935 9.6035952568054217 9.4000000953674334 -0.24372464231556024 6.1299993991851816 178.99919128417972 0.55656748448714433 5.9299993515014657 0.65993216633796703 3.5112662315368657 -0.074115882986646633 11.620683670043947 36.500000000000007
decision_type=8 10 10 10 2 8 2 2 2 10 2 10 2 10 2 10 10 10 8 8 2 8 2 2 8 10 8 2 10 2
left_child=2 3 4 8 10 9 13 16 11 24 12 -2 -1 14 -4 20 25 27 -6 -12 -9 -10 -7 -21 -3 -5 -23 -8 -11 -13
right_child=1 5 6 7 18 22 17 15 21 28 19 29 -14 -15 -16 -17 -18 -19 -20 23 -22 26 -24 -25 -26 -27 -28 -29 -30 -31
leaf_value=-0.051533085989993913 -0.009180744247727567 0.11108209016739715 -0.15215030358863582 -0.047789218155759684 -0.077965979230885524 0.11946331736622623 -0.1325610126072882 0.024151346077036388 0.079073446897754404 0.06530571900390969 -0.037781070907320517 0.034065527320873805 -0.01076201232163819 -0.1583672020165538 -0.088255491945070652 -0.04524263889035729 -0.080608241861832824 -0.1892924368094886 -0.13284150679588752 -0.12464199545083342 -0.0096150073175216792 0.037690837582782188 0.14884803505284494 -0.05112232205557863 0.089454579703841533 -0.010056759551952295 0.06074911998028637 -0.16999201073309134 0.022578322225792286 -0.13599946920222869
leaf_weight=1873131.0406793952 1159644.4560411572 2799719.5000584722 487192.62867951393 1033268.5424280763 515757.41866737604 2449597.8801531792 604274.62358677387 3072794.2606420517 1818894.6446864605 2924479.2716459036 324682.87771487236 3237863.3962618709 1712112.9889489412 950719.01254743338 1068836.3917911649 425830.17597597837 605548.28363591433 4013505.8866267204 1606483.9180289507 625416.0277017355 1365210.5346512794 2287037.0268910527 1866588.4750733376 206973.20100861788 4266568.4357462525 1123613.4814671874 3711890.3807817101 1990484.8889327645 403509.94151264429 21716.030407905579
leaf_count=1619724 678771 524874 712930 829845 536730 402752 870580 1485217 510279 916397 253569 1409759 1128678 1485243 1224999 341809 614037 7267774 2228555 801422 818545 948684 189633 196281 1026242 696982 1227669 3292563 188272 21345
internal_value=-0.000372029 0.056337 -0.123069 0.0243942 -0.0683765 0.0994689 -0.164258 -0.00887345 0.0451269 0.0858894 -0.0454957 0.0218816 -0.0320631 -0.127264 -0.108261 0.00859814 -0.0396358 -0.178291 -0.119505 -0.0871172 0.0137642 0.058267 0.132171 -0.106361 0.0980236 -0.0281327 0.0519584 -0.161275 0.0601251 0.0329325
internal_weight=5.05533e+07 3.45738e+07 1.59796e+07 1.98633e+07 6.86456e+06 1.47105e+07 9.11501e+06 7.62627e+06 1.2237e+07 1.03943e+07 4.74232e+06 4.41922e+06 3.58524e+06 2.50675e+06 1.55603e+06 4.86383e+06 2.76243e+06 6.60827e+06 2.12224e+06 1.15707e+06 4.438e+06 7.81782e+06 4.31619e+06 832389 7.06629e+06 2.15688e+06 5.99893e+06 2.59476e+06 3.32799e+06 3.25958e+06
internal_count=34450160 12831112 21619048 9582942 6764959 3248170 14854089 4786435 4796507 2655785 3999674 2109875 2748402 3423172 1937929 2645571 2140864 11430917 2765285 1251272 2303762 2686632 592385 997703 1551116 1526827 2176353 4163143 1104669 1431104
is_linear=0
shrinkage=0.1


Tree=6
num_leaves=31
num_cat=0
split_feature=4 4 9 9 3 9 3 2 4 11 0 2 11 4 9 9 9 2 9 10 9 7 4 9 9 3 11 9 11 3
split_gain=2.97053e+07 4.07952e+06 3.51058e+06 1.21065e+06 765120 551379 463347 462171 285403 252030 212816 159822 148949 143696 140934 134954 123649 122320 119713 119567 110327 98329.7 82548.8 78845.4 77533.6 74556.5 65165.7 58405.6 58208.6 54963.5
threshold=1.0000000180025095e-35 10.515420436859133 12.651477813720705 8.7415904998779315 8.5000000000000018 6.5599997043609628 8.5000000000000018 7.1278321743011483 2.9515472650527959 -0.10837475778693638 39.459497451782234 81.599227905273452 0.18281312110578132 0.74636992812156688 8.9960031509399432 11.358915328979494 15.460266113281252 20.183384895324711 9.9153079986572283 0.55656748448714433 15.249999523162844 22.748162269592289 2.8351082801818852 13.470038414001467 8.790006637573244 9.5000000000000018 0.029024409397335523 5.6900310516357431 -0.85225707553516283 69.500000000000014
decision_type=8 10 10 8 2 10 2 2 8 2 2 2 2 10 8 10 8 2 8 2 10 10 8 8 8 2 2 10 2 2
left_child=2 3 4 8 9 10 12 13 21 17 25 24 20 23 -11 22 26 -1 29 -16 -4 -2 -9 -5 -7 -3 -8 -10 -17 -6
right_child=1 5 6 7 18 11 16 15 27 14 -12 -13 -14 -15 19 28 -18 -19 -20 -21 -22 -23 -24 -25 -26 -27 -28 -29 -30 -31
leaf_value=-0.041586042195431494 0.0081220091569169876 0.10121022760970688 -0.080483791641603186 -0.039578546889688836 -0.062056989181015237 0.072262239072053203 -0.13423826077992504 0.0099367241977224331 0.080481597751686229 -0.018680091280633377 0.13704571754692671 0.092513570022951533 -0.15025873187285851 -0.011933094673406482 -0.10611573421270525 0.01705227292519591 -0.19025853162654807 -0.0012772948647824189 -0.12803638276402454 -0.037406797081168966 -0.14251901211136708 0.037701454348123518 0.037593172802232823 -0.088261555367195599 0.043348432912896986 -0.19177110031127881 -0.16984916135561565 0.055499146348946676 -0.024778543751679288 -0.14176226435385267
leaf_weight=1899830.2829080224 1643732.182499826 4209487.2346383333 862941.18813657761 1257510.9938527942 501959.45758998394 2353021.401442349 686440.54232993722 2243897.490920186 1151000.5508574247 368593.10700953007 2584736.8536754847 2708595.6871579885 1177805.8497380912 1792079.8480876088 990880.45541661978 489925.83384299278 3021176.8236421943 1246963.2054681778 1584903.0156943798 340234.20613008738 429311.17446240783 3553225.4269955158 2079324.6843054891 452344.07784163952 1530768.4169198871 8703.6703209877014 2044034.0994768441 5005191.0153694153 1036282.2548753023 104534.01080495119
leaf_count=1588431 852080 827563 1001638 975216 508073 640174 1089629 1169663 297893 261893 299616 609174 1924037 1144949 1228633 262933 6028849 774985 2337352 310071 692133 1472801 837397 493132 564219 9179 3721527 1659107 716016 151797
internal_value=-0.000417946 0.0514773 -0.116385 0.0236563 -0.064544 0.0944789 -0.160762 -0.00298758 0.0456024 -0.0423728 0.114451 0.073869 -0.124537 -0.0317196 -0.0734011 0.0142137 -0.17632 -0.0256131 -0.113578 -0.0885537 -0.101093 0.0283458 0.0232385 -0.0524577 0.0608661 0.100606 -0.160897 0.06017 -0.0113505 -0.0757948
internal_weight=4.93594e+07 3.40998e+07 1.52596e+07 2.07045e+07 7.0379e+06 1.33953e+07 8.22171e+06 9.35137e+06 1.13531e+07 4.8465e+06 6.80293e+06 6.59239e+06 2.47006e+06 3.50193e+06 1.69971e+06 5.84943e+06 5.75165e+06 3.14679e+06 2.1914e+06 1.33111e+06 1.29225e+06 5.19696e+06 4.32322e+06 1.70986e+06 3.88379e+06 4.21819e+06 2.73047e+06 6.15619e+06 1.52621e+06 606493
internal_count=34450160 12831112 21619048 9881187 7161235 2949925 14457813 5599306 4281881 4164013 1136358 1813567 3617808 2613297 1800597 2986009 10840005 2363416 2997222 1538704 1693771 2324881 2007060 1468348 1204393 836742 4811156 1957000 978949 659870
is_linear=0
shrinkage=0.1


Tree=7
num_leaves=31
num_cat=0
split_feature=5 4 9 9 3 4 2 3 11 4 9 9 9 3 9 10 4 9 9 9 10 9 2 8 8 2 9 10 7 11
split_gain=2.50056e+07 3.47491e+06 3.40524e+06 1.03388e+06 775229 484169 426617 405373 264270 241203 228170 175363 128352 126397 119963 125013 108869 107999 104634 104390 86534.5 84333.2 78767.8 74550.2 70231.2 69198.6 65223.1 63429.9 59227.4 56245.1
threshold=1.0000000180025095e-35 11.35257148742676 13.096703529357912 8.5900006294250506 8.5000000000000018 39.188285827636726 2.8428689241409306 8.5000000000000018 0.18281312110578132 1.1817389726638796 7.8199796676635751 11.787460803985597 10.320081710815431 2.5000000000000004 15.73520088195801 0.14250626876356556 2.2391233444213872 15.50999975204468 14.602698802948 9.7543802261352557 0.43733377705052551 5.6900310516357431 33.260227203369148 37.663537979125984 29.919923782348636 215.81109619140628 5.5652065277099618 -0.031173458710879235 21.420004844665531 -0.85225707553516283
decision_type=8 10 10 8 2 10 2 2 2 8 10 10 8 2 8 2 8 8 8 8 2 10 2 10 10 2 8 2 10 2
left_child=2 3 4 9 8 10 18 14 13 -2 26 16 -6 -1 15 -4 -8 27 28 -10 -21 -11 24 -14 -23 -7 -3 -9 -5 -13
right_child=1 5 7 6 12 25 11 17 19 21 -12 29 23 -15 -16 -17 -18 -19 -20 20 -22 22 -24 -25 -26 -27 -28 -29 -30 -31
leaf_value=-0.011214257806733133 0.017024376028327556 0.10271377561929713 -0.15374346492080815 -0.04970841409312643 -0.074373943001208143 0.11106845916142467 0.0038358424206573153 -0.18007702731658992 -0.036450776960928778 0.072378783550639328 0.0542719104261742 0.010460211692480804 -0.13225635349260539 -0.047775570207562144 -0.15930400524793809 -0.08840157470479032 0.030857492447068053 -0.18852160106342741 -0.090230043729656831 -0.12034762505006343 -0.05477182728462926 0.0072067494277914153 0.055199176604299675 -0.070299951256105261 0.043281045946833754 0.1414187668308681 0.080953748933474554 -0.14570340647819829 -0.014816129021466881 -0.029355055380899716
leaf_weight=2101966.7753655314 2673801.3496019244 2043297.1871292591 406854.57207334042 852665.82899260521 738987.41741091013 2027124.6184915304 2758551.4079660177 873826.46791598201 386454.06392741203 1569746.3902007341 2937658.839564383 500327.81748640537 1495480.8894074261 1718736.6787804961 618803.55219048262 1044481.2191868126 3244904.9800314307 2718416.0009730756 334867.28151983023 604669.77169311047 301610.47557938099 742837.5015835166 4268137.7561916709 223198.12372294068 1973284.4354649782 1193535.395247221 4227198.88140589 1392045.9391651154 1132764.4808089733 1219825.0422975421
leaf_count=1463054 1300436 372522 710563 714308 851369 325018 1510957 1781976 324294 426723 942988 285670 2432867 1552247 1140299 1392790 1355387 5939516 376751 876833 321741 340616 1383350 285994 722055 120583 984238 2545505 774479 895031
internal_value=-0.000453735 0.046934 -0.109646 0.0223887 -0.0630689 0.0889427 -0.000920602 -0.159634 -0.0408849 0.0432402 0.0772701 0.0103755 -0.109225 -0.0276613 -0.122438 -0.106719 0.0184412 -0.175083 -0.0385222 -0.0799676 -0.098524 0.0514348 0.0467275 -0.12421 0.033415 0.122316 0.0880444 -0.158959 -0.029801 -0.0177743
internal_weight=4.83261e+07 3.37005e+07 1.46255e+07 2.12717e+07 7.5711e+06 1.24288e+07 1.00439e+07 7.05443e+06 5.11344e+06 1.12278e+07 9.20815e+06 7.72361e+06 2.45767e+06 3.8207e+06 2.07014e+06 1.45134e+06 6.00346e+06 4.98429e+06 2.3203e+06 1.29273e+06 906280 8.55401e+06 6.98426e+06 1.71868e+06 2.71612e+06 3.22066e+06 6.2705e+06 2.26587e+06 1.98543e+06 1.72015e+06
internal_count=34450160 12831112 21619048 10085763 8108399 2745349 5912583 13510649 4538169 4173180 2299748 4047045 3570230 3015301 3243652 2103353 2866344 10266997 1865538 1522868 1198574 2872744 2446021 2718861 1062671 445601 1356760 4327481 1488787 1180701
is_linear=0
shrinkage=0.1


Tree=8
num_leaves=31
num_cat=0
split_feature=4 9 0 9 2 4 3 4 9 3 3 4 9 9 11 11 9 10 9 9 11 10 2 4 8 9 9 11 10 9
split_gain=2.09833e+07 3.25589e+06 2.94993e+06 753428 704270 623095 414434 354721 242469 224913 192903 160923 147745 145226 141311 126500 123384 123056 110649 100107 99857.5 93445.8 92556.3 87164.6 80948.8 80107 66194.1 65629.9 64925.4 56225.9
threshold=1.0000000180025095e-35 13.190001487731935 7.3191733360290536 11.030385971069338 2.2681553363800053 25.20853424072266 9.5000000000000018 0.8138098716735841 8.6413211822509783 22.500000000000004 115.50000000000001 56.145973205566413 9.8600788116455096 7.7099995613098153 -0.8611288361322974 0.33222858587828868 15.870000362396242 0.24372619187392155 15.50999975204468 8.948179244995119 -0.24372464231556024 0.77788564761185042 20.555511474609379 1.7232653498649599 28.862753868103031 6.3903479576110849 6.3099997043609628 0.39629089145655322 -0.031173458710879235 14.98644542694092
decision_type=8 10 2 10 2 8 2 10 10 2 2 8 10 8 2 2 10 2 10 8 2 2 2 10 10 10 8 2 2 8
left_child=1 4 3 7 9 8 16 22 26 15 13 25 -6 24 -5 -1 17 -3 28 -17 -14 -22 -2 29 -9 -7 -4 -15 -8 -16
right_child=2 6 5 14 12 11 18 10 -10 -11 -12 -13 20 27 23 19 -18 -19 -20 -21 21 -23 -24 -25 -26 -27 -28 -29 -30 -31
leaf_value=-0.055396998912552231 -0.014044076055548173 -0.14633015828297688 0.082162731996910682 0.0075708685634566994 -0.008396229628389023 0.10407751681242378 -0.17806407937734076 0.02338991651496318 0.032893666249569464 -0.12379441228222408 -0.18444067755480809 0.12774951334469722 -0.026001297295389164 0.027897476355704599 -0.044290378202855273 -0.020210846249721706 -0.15701978137215886 -0.08378240803293216 -0.18670522713144716 -0.11325413103160722 -0.093691548164345564 -0.016773719339689571 0.016441792852959092 -0.013433596638027921 0.053580306783757484 0.07567848859547828 0.061708916851530848 -0.0092867372309287047 -0.14065711759646771 -0.094737742199969985
leaf_weight=1689429.0195960402 2140764.3200284839 452229.0146496594 2596042.5268033147 895982.24056398869 1951448.302102983 2158053.0541265011 746532.84475788474 1119271.3891994357 2449898.0349390507 1220798.3280810416 39978.744439959526 1698287.2182683349 934653.05928963423 5198566.8725147843 1345490.5687901974 133925.56608641148 585782.2754496336 1033111.0878567994 2426235.0407660007 846793.92347049713 609809.62590441108 213153.12141638994 1862161.3674303293 879994.99834245443 4300473.6898431182 1840251.3497433662 4051599.5883412361 522356.11815321445 1225958.2369443774 264336.9845238924
leaf_count=1849747 1360485 839534 571459 532007 1335225 348300 1658968 440395 963736 2018722 44728 202849 726252 2208908 1137050 110869 1173962 1442551 5797888 1312787 790892 182199 887627 582697 1379118 432760 1135989 288727 2379452 314277
internal_value=-0.000480296 -0.1029 0.0427117 0.0161708 -0.0585161 0.0760255 -0.155038 0.0256827 0.0597858 -0.0882374 0.0348283 0.101961 -0.0273375 0.0356151 -0.026485 -0.0719806 -0.118154 -0.102826 -0.172405 -0.100548 -0.0483676 -0.0737693 0.000137953 -0.0387403 0.0473455 0.0910066 0.0696966 0.0245023 -0.154815 -0.0525739
internal_weight=4.74334e+07 1.40699e+07 3.33635e+07 1.85694e+07 7.60001e+06 1.47941e+07 6.46985e+06 1.51836e+07 9.09754e+06 3.89095e+06 1.11806e+07 5.69659e+06 3.70906e+06 1.11407e+07 3.3858e+06 2.67015e+06 2.07112e+06 1.48534e+06 4.39873e+06 980719 1.75762e+06 822963 4.00293e+06 2.48982e+06 5.41975e+06 3.9983e+06 6.64764e+06 5.72092e+06 1.97249e+06 1.60983e+06
internal_count=34450160 21619048 12831112 9176019 8326693 3655093 13292355 6609988 2671184 5292125 4361876 983909 3034568 4317148 2566031 3273403 3456047 2282085 9836308 1423656 1699343 973091 2248112 2034024 1819513 781060 1707448 2497635 4038420 1451327
is_linear=0
shrinkage=0.1


Tree=9
num_leaves=31
num_cat=0
split_feature=4 9 4 2 3 3 2 9 11 9 9 9 9 10 0 11 9 2 11 0 4 8 11 9 3 4 3 9 8 11
split_gain=1.75554e+07 3.07005e+06 2.52099e+06 807593 617302 439678 359964 254028 227855 226602 162351 138574 132673 132490 128132 122892 107962 104813 97807.7 92587.9 90574.8 83759.9 82538.4 76378.6 66893.4 57977.6 56637.2 56290.8 55980.9 54673.7
threshold=1.0000000180025095e-35 13.190001487731935 12.809629440307619 12.664200782775881 10.500000000000002 8.5000000000000018 138.374626159668 8.1899991035461444 -0.10837475778693638 11.889999866485597 6.9204683303833017 15.820071220397951 9.9699997901916522 0.55656748448714433 0.32833543419837957 0.18281312110578132 10.642842292785646 26.549152374267582 -0.70289845916694649 61.453619003295906 3.8527114391326909 31.815781593322757 0.029024409397335523 16.150000572204593 22.500000000000004 0.7684912681579591 69.500000000000014 6.0299992561340341 38.224283218383796 0.95936279103287792
decision_type=8 10 10 2 2 2 2 10 2 8 8 8 8 2 2 2 8 2 2 2 8 8 2 8 2 8 2 10 10 2
left_child=1 4 3 9 8 15 10 20 17 14 -4 22 29 -14 21 23 26 -1 -9 -8 -5 -2 -7 -3 -11 -20 -6 -16 -18 -10
right_child=2 5 6 7 16 11 19 18 12 24 -12 -13 13 -15 27 -17 28 -19 25 -21 -22 -23 -24 -25 -26 -27 -28 -29 -30 -31
leaf_value=-0.031765052513356887 -0.035257108382272341 -0.070091613160449276 0.080767484084709712 0.031772461804215744 -0.05395971414479836 -0.11624794226829865 0.091902468105402729 0.03005431956027918 -0.016244450152441654 -0.031940306414990231 0.051305907183674129 -0.18572031865957969 -0.10242146533729678 -0.033047856637941624 0.058379757446986147 -0.13583891055535977 -0.1234150731171688 0.0060425127995374795 -0.018898312684329663 0.12558023303921906 0.052473756015993966 0.0021227020307725657 -0.16078864159304099 -0.13871997164563765 -0.095322644162679604 0.012626662752066288 -0.12679786490027967 0.01215830192013273 -0.060628306310254412 -0.10110253146915937
leaf_weight=2383574.3573298156 1074188.7788522243 781764.12824505568 3663717.1308149099 3679186.0501691103 564001.35713616014 558073.7101277709 2145161.9040971994 3128030.4193306565 597862.18136227131 1706224.4670526981 3821327.770727694 2027791.914057076 907889.65433120728 395094.68579146266 295226.92931574583 873115.53045699 1215693.4711816311 1059054.2017929852 758508.07346946001 1317828.8298050165 4966759.5372743011 1356435.0093554854 1634792.3017987907 204612.10154846311 184520.04000610113 2526691.4547547698 131677.96960455179 2450336.558713913 160786.4225551486 86971.209484219551
leaf_count=2048331 771168 1060954 748845 1450544 659689 1063537 398767 1336644 478700 1395776 1135020 5304449 1355704 404139 92188 1689752 2194998 648813 486412 150948 1473546 779075 3762485 411178 217027 1192741 219762 1202411 217396 99161
internal_value=-0.000498079 -0.096217 0.0388114 0.0193911 -0.0534184 -0.149028 0.0780601 0.0324786 -0.0356995 -0.00849768 0.0657265 -0.166878 -0.0626563 -0.0813858 0.00232482 -0.108515 -0.0998538 -0.0201343 0.0173984 0.104718 0.0436646 -0.0143969 -0.149453 -0.0843278 -0.0381259 0.00534797 -0.0677465 0.0171284 -0.116081 -0.0270211
internal_weight=4.66569e+07 1.35828e+07 3.30741e+07 2.21261e+07 7.50261e+06 6.08015e+06 1.0948e+07 1.50592e+07 5.43045e+06 7.06693e+06 7.48504e+06 4.22066e+06 1.98782e+06 1.30298e+06 5.17619e+06 1.85949e+06 2.07216e+06 3.44263e+06 6.41323e+06 3.46299e+06 8.64595e+06 2.43062e+06 2.19287e+06 986376 1.89074e+06 3.2852e+06 695679 2.74556e+06 1.37648e+06 684833
internal_count=34450160 21619048 12831112 10397532 8326693 13292355 2433580 5939887 5034848 4457645 1883865 10130471 2337704 1759843 2844842 3161884 3291845 2697144 3015797 549715 2924090 1550243 4826022 1472132 1612803 1679153 879451 1294599 2412394 577861
is_linear=0
shrinkage=0.1


Tree=10
num_leaves=31
num_cat=0
split_feature=4 9 4 2 3 3 4 4 9 4 11 9 9 10 11 9 9 9 10 10 6 3 3 9 7 9 3 8 8 2
split_gain=1.46459e+07 2.86408e+06 2.11086e+06 689584 587455 414573 315870 254807 207802 159380 149837 142036 123683 123385 123373 119521 115875 89776.8 74700.5 72207.8 70258.1 67544 64582.2 61818.7 60777.6 59826.8 56085.9 55323.4 54699 54264.7
threshold=1.0000000180025095e-35 13.429998874664308 13.355444908142092 20.555511474609379 4.5000000000000009 10.500000000000002 44.067148208618171 0.96732300519943248 10.759998798370363 3.2437869310379033 0.16587474750015932 7.5973844528198251 16.100001335144047 0.24372619187392155 -0.10837475778693638 16.009999275207523 12.049998283386232 8.1899991035461444 -0.031173458710879235 0.54219432480460406 29.84303188323975 69.500000000000014 64.500000000000014 8.1899991035461444 22.940158843994144 8.4400014877319354 28.500000000000004 30.444285392761234 31.815781593322757 260.54122924804693
decision_type=8 10 10 2 2 2 10 10 8 8 2 10 10 2 2 10 8 8 2 2 8 2 2 8 8 10 2 10 10 2
left_child=1 4 3 7 10 12 11 16 21 24 23 -4 13 -3 22 18 28 27 -7 -16 -21 -6 -10 -1 -5 -11 -20 -9 -2 -8
right_child=2 5 6 9 8 15 29 17 14 25 -12 -13 -14 -15 19 -17 -18 -19 26 20 -22 -23 -24 -25 -26 -27 -28 -29 -30 -31
leaf_value=0.012784524270100803 -0.027215331154506164 -0.13880458498485646 0.072378890893439671 0.0050639765868691639 -0.043830907531018475 -0.17444472354757323 0.094239365071552811 0.0071540533744873696 -0.053215474031278978 0.047714623335995132 -0.05953736944733954 0.044265363112992277 -0.15108290000000588 -0.073613601945931889 -0.12924140107088244 -0.18526512706979875 -0.051621029925937083 0.0015843639273800843 -0.10611214510672021 -0.026525878464671738 -0.11119062143103496 -0.1183291016119481 -0.13706925219518443 -0.021041650524293264 0.027475242593332484 0.028336739564867187 -0.15053962595168585 0.041603290785466207 0.0013038675392322602 0.12691003593865596
leaf_weight=698386.43892663717 1271485.6339155436 409285.27146434784 5286902.4011310339 1880607.130302608 1373810.7097141445 696021.91820779443 1688967.0925829411 769723.06875747442 636549.34407839179 5449006.7342355847 911165.91800451279 2722489.9665771723 485702.71635878086 998905.53464075923 1055164.671995759 1644495.4482033253 1025292.2412316203 3759930.777648747 465476.02895981073 154175.7029697597 269073.92892816663 133530.32985112071 107334.79772004485 2386399.9635670483 3393797.7309500575 2251596.3234345913 729444.07273030281 1182111.6331979036 1427626.1845021844 727326.7579883337
leaf_count=416162 903845 866728 1135691 960523 1464681 1839047 272522 339545 797136 1636723 1103204 844868 1124484 1515258 2064356 4716507 1005186 2087050 958159 200436 489404 231748 203576 1901057 1416629 906059 1727105 412512 834429 75530
internal_value=-0.000507493 -0.0896644 0.0352101 0.0179171 -0.0505483 -0.145324 0.0723832 -0.0026521 -0.0790912 0.0328762 -0.0239076 0.0628228 -0.107569 -0.0925611 -0.0985312 -0.165549 -0.0230021 0.0106173 -0.148402 -0.115244 -0.0803501 -0.0504305 -0.0653147 -0.0133835 0.0194844 0.0420487 -0.133233 0.0280179 -0.0121308 0.104074
internal_weight=4.59918e+07 1.31549e+07 3.28369e+07 2.24112e+07 7.72559e+06 5.42933e+06 1.04257e+07 9.43617e+06 3.72964e+06 1.2975e+07 3.99595e+06 8.00939e+06 1.89389e+06 1.40819e+06 2.2223e+06 3.53544e+06 3.7244e+06 5.71177e+06 1.89094e+06 1.47841e+06 423250 1.50734e+06 743884 3.08479e+06 5.2744e+06 7.7006e+06 1.19492e+06 1.95183e+06 2.69911e+06 2.41629e+06
internal_count=34450160 21619048 12831112 10502501 8871760 12747288 2328611 5582567 5451337 4919934 3420423 1980559 3506470 2381986 3754908 9240818 2743460 2839107 4524311 2754196 689840 1696429 1000712 2317219 2377152 2542782 2685264 752057 1738274 348052
is_linear=0
shrinkage=0.1


Tree=11
num_leaves=31
num_cat=0
split_feature=3 4 9 9 4 3 9 9 11 9 11 9 9 10 11 9 10 0 3 9 11 0 2 10 10 9 9 3 8 2
split_gain=1.23285e+07 2.44777e+06 1.95714e+06 653899 645614 328725 272359 180181 177978 175933 171321 165578 155716 138622 124679 104335 89014.3 86358.8 78363.9 68013.3 67769.4 67662.8 66539.2 58737.1 58468.1 55935.9 54766.4 66498.5 52274.1 50087.4
threshold=3.5000000000000004 3.9946470260620122 13.740786075592043 11.030385971069338 19.999456405639652 19.500000000000004 16.009999275207523 5.8100767135620126 0.080547328232315238 7.5399999618530282 0.42763731121559989 9.0407443046569842 10.170001029968263 0.19337368024598436 0.71353761266622884 14.900000095367433 -0.54939360607974019 0.21028134226799014 22.500000000000004 4.9209451675415048 -0.6905596507703472 65.989707946777358 155.22714996337893 -0.33425342068356556 -0.022576249993022688 7.3099999427795419 11.680000782012941 130.50000000000003 28.918571472167972 70.387599945068374
decision_type=2 8 8 10 10 2 10 10 2 8 2 10 8 2 2 10 2 2 2 8 2 2 2 2 2 8 10 2 10 2
left_child=1 3 5 9 11 12 10 21 15 28 18 19 25 20 16 23 -11 -10 -4 -3 -14 -6 -9 -5 -12 -2 27 -7 -1 -21
right_child=2 4 6 8 7 26 -8 22 17 14 24 -13 13 -15 -16 -17 -18 -19 -20 29 -22 -23 -24 -25 -26 -27 -28 -29 -30 -31
leaf_value=0.0051818815557011693 0.016569333368244735 0.070725929744328814 -0.080171054296476862 -0.05415318686603187 0.084334617525298083 -0.064361341966767655 -0.17535918130108263 0.05413965907641001 -0.086083364870619572 -0.006975328895440544 -0.17355968677773675 0.017535264550101064 -0.034422603788564335 -0.034631324293264411 -0.049182698236394519 -0.069760577074319124 0.015044662181396416 -0.030568977654901242 -0.13189089559777287 0.035373198736820564 -0.095132705456714262 0.11731401115753524 0.084089959676188278 -0.0076976330082670422 -0.13122743325824179 -0.029346187400836544 -0.11244088074360073 -0.14177212882546955 0.033757692605731075 0.051055511058150073
leaf_weight=814583.1666970849 323856.21731668711 875895.02274650335 800527.34027981758 316291.17566689849 2162863.8917204142 695041.18152841926 1893384.1677825153 3014830.0787911415 856226.48827910423 3501223.9845721424 603769.52924573421 3095832.6588475704 226322.22940143943 1097313.0264495313 458377.68127787113 396827.74209594727 3859405.3701790571 416538.3421921432 462040.57473281026 5237898.5529319644 980258.42377400398 873291.59782218933 983850.16349875927 1951007.0769920647 709877.56295984983 1467928.036885798 892294.23026120663 132054.92017748952 2989665.5039036274 3332275.6487958431
leaf_count=394775 193810 196790 1390795 299931 373840 935125 5639287 763043 1326683 2091069 1690363 1366437 220401 1239989 399165 549435 2001388 331985 1043123 1686889 1592151 96880 175024 1460175 1658498 1237801 1762553 221709 1187245 923801
internal_value=-0.000510833 0.0276754 -0.0968072 -0.00192974 0.0512064 -0.0585624 -0.146565 0.0754541 -0.0371535 0.0100008 -0.125402 0.0376057 -0.0431574 -0.0603529 0.00141924 -0.0224574 0.00457043 -0.0679151 -0.0990981 0.0441835 -0.0837451 0.0938205 0.0615087 -0.0141782 -0.150684 -0.0210472 -0.0952581 -0.0767208 0.0276389 0.0414708
internal_weight=4.54216e+07 3.51369e+07 1.02847e+07 1.55601e+07 1.95767e+07 5.81507e+06 4.4696e+06 7.03484e+06 3.93689e+06 1.16233e+07 2.57622e+06 1.25419e+07 4.09568e+06 2.30389e+06 7.81901e+06 2.66413e+06 7.36063e+06 1.27276e+06 1.26257e+06 9.44607e+06 1.20658e+06 3.03616e+06 3.99868e+06 2.2673e+06 1.31365e+06 1.79178e+06 1.71939e+06 827096 3.80425e+06 8.57017e+06
internal_count=34450160 15624555 18825605 10041851 5582704 7403539 11422066 1408787 3968209 6073642 5782779 4173917 4484152 3052541 4491622 2309541 4092457 1658668 2433918 2807480 1812552 470720 938067 1760106 3348861 1431611 2919387 1156834 1582020 2610690
is_linear=0
shrinkage=0.1


Tree=12
num_leaves=31
num_cat=0
split_feature=5 9 0 3 2 9 3 11 4 0 3 9 7 11 2 2 9 8 9 9 11 10 9 11 10 11 9 9 8 11
split_gain=1.03022e+07 2.41747e+06 1.47158e+06 578269 409871 325323 311460 193547 191028 130504 129712 125037 104313 102099 100066 93283.2 85616.2 84655.9 87035.2 83201.8 79914.4 63379.6 62183.3 59946.6 56843.9 56267.2 52673.4 50295.3 49493.9 49347.2
threshold=1.0000000180025095e-35 14.090000629425051 10.056910991668703 10.500000000000002 25.692635536193851 6.4800004959106454 12.500000000000002 0.26659387353423869 0.51428905129432689 54.093767166137702 158.50000000000003 11.249998569488527 22.140053749084476 -1.0000000180025095e-35 13.966343402862551 93.553295135498061 16.009999275207523 17.882857322692875 10.809999942779543 6.9204683303833017 0.53312596302726967 0.77788564761185042 13.239999294281008 -0.6652727025667432 -0.031173458710879235 0.97648852793709995 9.3500013351440447 6.5599997043609628 26.963611602783207 0.79773375822167203
decision_type=8 10 2 2 2 10 2 2 10 2 2 8 10 2 2 2 10 8 10 10 2 2 8 2 2 2 8 10 8 2
left_child=1 3 4 7 8 9 13 14 22 -4 12 -5 -10 -3 -1 26 24 25 29 -6 -13 -20 -2 -21 -8 -9 -7 -14 -22 -19
right_child=2 6 5 11 19 15 16 17 10 -11 -12 20 27 -15 -16 -17 -18 18 21 23 28 -23 -24 -25 -26 -27 -28 -29 -30 -31
leaf_value=-0.032918552572813169 -0.016415822922101652 -0.07536214085922488 0.065990643455478268 -0.05736828420420214 0.039611647946497505 0.040682410322248258 -0.17297726873280012 0.0088039126714840998 -0.0059580489156497397 0.1014823008630838 -0.17289158365115703 -0.081467983087950002 0.043129974178677713 -0.12781632598163559 -0.0026798580563134728 0.058603625856418241 -0.18037800968874729 -0.019441448150541347 -0.11448462335280657 0.029175142384405592 -0.095441078475147018 -0.037813540084116866 -0.055607528072914317 0.0099955386800359355 -0.12725635588583381 -0.093592349512298625 0.016669581173879143 0.013510741706701572 -0.14562475158379382 -0.08481328487703825
leaf_weight=2549066.7526106536 2350369.1281836033 642811.88973489404 4098753.9142360091 885136.14746877551 3530182.4474449754 2955101.0068650842 421066.64692983031 232467.25664585829 3066429.812924087 1386487.889139533 39753.468628615141 793602.82658329606 676578.93163120747 877794.38917669654 1917620.8122595847 2198837.6019733548 1330548.7970570028 320771.06565058231 514453.59411028028 3639398.8440247774 323514.88558331132 136403.67625933886 489084.44206866622 2950980.4992070794 767740.88101866841 69770.938763618469 1322223.0727322698 3755572.8993335068 500687.74262154102 180423.19529530406
leaf_count=2515960 1613187 1155724 846005 1233095 1106625 856650 1326321 229433 1776348 176889 50805 1471760 216806 2127336 1339751 525874 4512143 310714 995475 1410711 682430 173162 552727 1347988 1964083 109770 531880 1818617 1237011 234880
internal_value=-0.000505505 -0.0777868 0.0291689 -0.0472878 0.012904 0.0570422 -0.141382 -0.030253 -0.00106011 0.0749618 0.00726665 -0.0875854 0.00822175 -0.105642 -0.0199366 0.0418645 -0.162953 -0.0619387 -0.0742966 0.0272231 -0.104118 -0.0984162 -0.0231664 0.0205871 -0.14345 -0.014834 0.0332595 0.0180322 -0.125927 -0.0429744
internal_weight=4.49236e+07 1.24639e+07 3.24598e+07 8.42392e+06 2.04984e+07 1.19614e+07 4.03996e+06 5.92098e+06 1.03778e+07 5.48524e+06 7.53834e+06 2.50294e+06 7.49858e+06 1.52061e+06 4.46669e+06 6.47616e+06 2.51936e+06 1.45429e+06 1.15205e+06 1.01206e+07 1.61781e+06 650857 2.83945e+06 6.59038e+06 1.18881e+06 302238 4.27732e+06 4.43215e+06 824203 501194
internal_count=34450160 21619048 12831112 10533441 9893814 2937298 11085607 5909145 6028490 1022894 3862576 4624296 3811771 3283060 3855711 1914404 7802547 2053434 1714231 3865324 3391201 1168637 2165914 2758699 3290404 339203 1388530 2035423 1919441 545594
is_linear=0
shrinkage=0.1


Tree=13
num_leaves=31
num_cat=0
split_feature=3 9 4 4 9 3 9 9 10 10 2 9 11 9 3 11 9 11 9 9 6 10 9 8 9 3 10 11 11 0
split_gain=8.64892e+06 1.69906e+06 1.67557e+06 506673 433701 368841 199195 157820 172421 153854 138803 131400 129182 117112 110022 90448.7 83546.1 75872.3 67806 66845.2 65063.7 64946.1 60929.2 60327 59653.3 59569.4 58082.8 51236.4 50037 48750.1
threshold=3.5000000000000004 14.309998512268068 3.3706527948379521 21.651929855346683 10.980000019073488 22.500000000000004 16.558690071105961 11.089108467102053 -0.065535378769913874 -0.031173458710879235 188.68995666503909 8.790006637573244 0.19969739736768838 7.2500004768371591 26.500000000000004 0.71353761266622884 14.98644542694092 0.8511460603353429 12.509542465209963 5.5652065277099618 20.580407142639164 -0.25205528343633254 7.8199796676635751 30.010023117065433 4.9209451675415048 279.50000000000006 -0.70291267844185523 -0.89404254237865755 0.93769647993491489 0.45001921057701116
decision_type=2 10 8 10 10 2 10 8 2 2 2 10 2 8 2 2 8 2 8 8 10 2 8 8 8 2 2 2 2 2
left_child=2 5 4 11 13 7 9 22 20 -3 19 24 16 -1 -11 21 26 -10 25 -5 -9 23 -2 -15 -4 -7 -6 -13 -24 -14
right_child=1 6 3 10 12 18 -8 8 17 14 -12 27 29 15 -16 -17 -18 -19 -20 -21 -22 -23 28 -25 -26 -27 -28 -29 -30 -31
leaf_value=0.024676013170665076 0.0095634451692036219 -0.16486067264784188 0.060452050539971741 0.074167106122688897 -0.052683818858514898 -0.069472978658390833 -0.17434121811378334 -0.019463191019493994 -0.02705098124419892 -0.08079778909214605 0.089708029175869231 0.031933536449246493 -0.074345531341681328 -0.026029129410849994 -0.13737368545447293 -0.042812853061390786 -0.064079912846089437 -0.095170867537572215 -0.11372172713476288 0.048000508059974703 -0.10505987235944925 0.015107831692389564 -0.025596351669021029 0.0020740831778467725 0.034338823654290827 -0.19229506393621776 -0.0074138329428242809 0.0076756152779573986 -0.088903952290092347 -0.025556044031713278
leaf_weight=2801799.7657570839 488371.36818867922 621208.83985719085 967743.82660102844 1405855.5628823042 329164.80869665742 924701.04117593169 1238746.0650385916 101041.04810020328 1146977.9667767584 800746.22126105428 1662677.0546317101 1279902.8881519437 790335.96304792166 978070.46531242132 602250.18107047677 447292.86794754863 382390.56761291623 190690.5059145391 827577.63655784726 3195066.5954380035 733144.51305839419 2915157.3650484979 1856102.193474859 3487220.9223225117 9109567.7616433501 41250.02352848649 2039266.6133857071 2723426.9715667963 133850.76968151331 276426.22397583723
leaf_count=1166788 308822 2042501 221492 240698 336777 1456592 4378489 142852 1360441 1680723 240798 490369 1254096 644258 1738114 394405 563511 382466 1918185 774700 1451650 1516991 1694099 1953834 2787383 80819 1558918 1262804 189852 216733
internal_value=-0.00049678 -0.0839631 0.02279 0.0412833 -0.00325205 -0.0541912 -0.142757 -0.0393328 -0.0590121 -0.123429 0.0649449 0.0307578 -0.0321634 0.0071314 -0.105084 0.000851623 -0.020708 -0.0367618 -0.0927153 0.055996 -0.0946919 0.00349791 -0.022087 -0.0040816 0.0368465 -0.074718 -0.0137055 0.0154311 -0.0298546 -0.0617029
internal_weight=4.4498e+07 9.70666e+06 3.47914e+07 2.03442e+07 1.44471e+07 6.44371e+06 3.26295e+06 4.65018e+06 2.17185e+06 2.02421e+06 6.2636e+06 1.40806e+07 3.81758e+06 1.06295e+07 1.403e+06 7.82774e+06 2.75082e+06 1.33767e+06 1.79353e+06 4.60092e+06 834186 7.38045e+06 2.47832e+06 4.46529e+06 1.00773e+07 965951 2.36843e+06 4.00333e+06 1.98995e+06 1.06676e+06
internal_count=34450160 18825605 15624555 6018244 9606311 8985778 9839827 5530182 3337409 5461338 1256196 4762048 3930035 5676276 3418837 4509488 2459206 1742907 3455596 1015398 1594502 4115083 2192773 2598092 3008875 1537411 1895695 1753173 1883951 1470829
is_linear=0
shrinkage=0.1


Tree=14
num_leaves=31
num_cat=0
split_feature=3 4 9 4 9 9 10 11 4 2 3 9 3 9 10 9 9 10 11 9 8 7 11 10 9 11 3 8 11 9
split_gain=7.19616e+06 1.56859e+06 1.38394e+06 524282 370717 299498 177044 172884 146563 124143 119177 116099 107706 94505.9 88818 76698 75533.4 69400.4 65439.1 63485.2 60976.8 58519.5 57841.2 55133.9 52460.2 50505.8 48085.5 41820.5 41274.7 40991.1
threshold=4.5000000000000009 1.9325178265571596 14.647208213806154 18.518958091735843 11.030385971069338 11.940001487731935 0.19337368024598436 -0.056951011027366626 63.583602905273445 39.753995895385749 38.500000000000007 14.940001487731935 37.500000000000007 7.7099995613098153 0.074116354202380205 6.2199995517730722 16.960001945495609 0.58481550752069722 0.82777578779003613 7.9799997806549081 36.280897140502937 21.920111656188968 0.63089349388778826 -0.54939360607974019 17.08029937744141 0.2499757677084001 279.50000000000006 26.054286003112797 -0.12545862287572049 4.7100000381469735
decision_type=2 8 10 10 10 8 2 2 10 2 2 10 2 8 2 10 8 2 2 10 8 10 2 2 10 2 2 8 2 8
left_child=1 4 5 9 13 12 25 24 15 21 -8 14 19 29 28 -5 17 -9 23 -2 -21 -3 -16 -15 -4 -7 -14 -27 -6 -1
right_child=2 3 7 8 11 6 10 16 -10 -11 -12 -13 26 18 22 -17 -18 -19 -20 20 -22 -23 -24 -25 -26 27 -28 -29 -30 -31
leaf_value=0.068455899392747016 0.0071908784581487658 0.0034049264104022135 -0.082174015947321502 0.062850973780662414 -0.029500376579819427 -0.076027226143677976 -0.041473632122860593 -0.16120800527544416 0.0900833915084224 0.032843639725818934 -0.10126922954942311 -0.075195598909893094 -0.070122413771554773 -0.013074113396454926 -0.011541724318524925 0.040599021297005003 -0.18403192555985848 -0.11264097754463889 -0.05309237645282338 -0.041673251619106601 0.0036421429625053182 0.021653974529911864 -0.060623876216573162 0.006526679985522317 -0.15127941280300491 -0.091438411154184773 -0.19087077504917663 -0.14082497861236151 -0.073981694404990125 0.014210345844087008
leaf_weight=147081.70102739334 436633.70297390223 2739644.0753827691 480951.71652783453 2822145.6606855392 359622.80625712872 281869.16686284542 1090083.5551461577 811743.7871606499 1108912.4075466394 8167620.3247439861 480120.48077532649 622270.36462756991 446439.64066967368 2775500.5323670805 1984427.8691850305 3433563.0510188341 725481.96539068222 461499.3819412142 272499.78449499607 1877452.667832911 352732.29244109988 4900096.8805959821 273147.38715496659 2971437.3526418209 142369.46211487055 250144.67079079151 35610.771823704243 545119.11217305064 496768.45513936877 2634127.2426437736
leaf_count=47154 294628 1292672 1135895 523953 309701 506099 1658176 2884248 147092 2584306 1087564 1119193 716622 1860523 1705306 894175 2912171 1310284 283596 2180789 316014 1896539 381133 1704279 501002 588466 75236 1523751 763631 1245962
internal_value=-0.000483851 0.0191236 -0.0836554 0.0345399 -0.00937047 -0.0563848 -0.081176 -0.143939 0.056577 0.0242728 -0.0597573 -0.0357621 -0.0355421 0.00183387 -0.027882 0.0506376 -0.158278 -0.143604 -0.00521 -0.0276791 -0.034506 0.0151098 -0.0174802 -0.00293958 -0.097958 -0.112399 -0.0790425 -0.125291 -0.0553027 0.0170791
internal_weight=4.41271e+07 3.57089e+07 8.41825e+06 2.3172e+07 1.25369e+07 5.79621e+06 2.64734e+06 2.62205e+06 7.36462e+06 1.58074e+07 1.5702e+06 3.73624e+06 3.14887e+06 8.80065e+06 3.11397e+06 6.25571e+06 1.99873e+06 1.27324e+06 6.01944e+06 2.66682e+06 2.23018e+06 7.63974e+06 2.25758e+06 5.74694e+06 623321 1.07713e+06 482050 795264 856391 2.78121e+06
internal_count=34450160 16759215 17690945 7338737 9420478 8947345 5364056 8743600 1565220 5773517 2745740 4278964 3583289 5141514 3159771 1418128 7106703 4194532 3848398 2791431 2496803 3189211 2086439 3564802 1636897 2618316 791858 2112217 1073332 1293116
is_linear=0
shrinkage=0.1


Tree=15
num_leaves=31
num_cat=0
split_feature=5 9 0 3 2 3 11 2 9 9 10 8 10 9 1 9 10 9 9 11 11 11 6 0 9 10 11 10 3 8
split_gain=6.03752e+06 1.76499e+06 841242 459138 277106 256413 193868 177868 117125 93699.9 96423.5 88313.9 96300.5 88132.2 86724.4 86323.3 82900 80223.7 74409.5 66547.8 64555.2 61577.9 60297.6 51256.2 47630.6 90590.9 44742.7 43951.3 52891.1 41674.3
threshold=1.0000000180025095e-35 14.647208213806154 15.091544628143312 17.500000000000004 26.549152374267582 14.500000000000002 0.3484035575467645 149.03302764892581 12.509542465209963 8.6413211822509783 0.54219432480460406 29.730000495910648 0.55656748448714433 16.960001945495609 0.87863644957542431 6.1299993991851816 0.15951094710994371 8.1367740631103533 9.8100008964538592 0.029024409397335523 -0.85225707553516283 -0.20180761162458913 20.580407142639164 95.826412200927749 10.02000141143799 -0.72696319516528884 0.83258597624099873 0.59868201182722736 128.50000000000003 26.428951263427738
decision_type=8 10 2 2 2 2 2 2 8 8 2 10 2 10 10 8 2 10 8 2 2 2 10 2 10 2 2 2 2 8
left_child=1 3 4 6 8 13 14 17 11 -8 22 12 -2 16 24 -13 -3 -4 -5 -7 -20 -6 26 -9 -1 -26 -11 29 -29 -22
right_child=2 5 7 18 21 19 9 23 -10 10 -12 15 -14 -15 -16 -17 -18 -19 20 -21 27 -23 -24 -25 25 -27 -28 28 -30 -31
leaf_value=-0.012822473167023849 -0.023302809364335812 -0.13397745143015108 0.046178194142566797 -0.033676666201426314 0.025599042880720943 -0.11710190237877374 0.0059763395694406481 0.062661206385804122 -0.02228242190667365 0.039450895717927349 -0.02595317836676982 0.048057165967819643 0.021423930843420758 -0.14678107644526012 0.0075901722378521365 0.0075918090845644298 -0.063459455120333894 0.021266399746070287 -0.019412415365739007 -0.16556511041091629 -0.080595177196104498 0.0061467034957190265 -0.096525257390558783 0.096961022081964984 -0.064812019692455175 -0.02151645102417964 -0.061537863310936851 -0.062749200751307341 -0.13971931237687238 -0.1259750452263429
leaf_weight=1865040.2459214032 1775687.2755104005 218131.32801678777 4395989.7676798105 260275.12667301297 10095862.869491518 360490.76449902356 208194.86488342285 2121104.3781704307 1865162.354301244 52840.631912767887 437950.81795993447 575496.96568635106 660427.8305862844 252093.46006530523 1035618.418035239 6279590.0720080137 707142.68853540719 1831152.6658337712 116320.31234800816 1323938.6463797987 304820.27918696404 1940068.8527915776 772546.84005208313 548295.3302782774 685210.21130985022 1639900.6057629883 258440.80410483479 511833.39886793494 108138.88736960292 602092.59941086173
leaf_count=1474880 1083317 692021 992403 351869 3565439 1187830 153728 389707 1607672 59076 587656 173716 335133 858864 714340 3150205 1474633 616685 176220 5389138 703161 853413 1593278 63422 1035517 1751914 441076 1034494 288820 1650533
internal_value=-0.000468267 -0.0618922 0.0219679 -0.039837 0.0119397 -0.130168 -0.027928 0.0481103 0.000586242 -0.0569439 -0.0655521 0.00517701 -0.0111774 -0.0943649 -0.0183224 0.0109889 -0.0800839 0.0388526 -0.0833553 -0.155193 -0.0912241 0.0224635 -0.0815531 0.0697064 -0.0247268 -0.0342757 -0.0443948 -0.0966948 -0.0761747 -0.110723
internal_weight=4.38099e+07 1.1721e+07 3.20888e+07 8.85922e+06 2.31923e+07 2.8618e+06 6.95574e+06 8.89654e+06 1.11564e+07 1.72997e+06 1.52178e+06 9.2912e+06 2.43612e+06 1.17737e+06 5.22577e+06 6.85509e+06 925274 6.22714e+06 1.90348e+06 1.68443e+06 1.64321e+06 1.20359e+07 1.08383e+06 2.6694e+06 4.19015e+06 2.32511e+06 311281 1.52689e+06 619972 906913
internal_count=34450160 21619048 12831112 12016562 10768895 9602486 7811465 2062217 6350043 2834814 2681086 4742371 1418450 3025518 4976651 3323921 2166654 1609088 4205097 6576968 3853228 4418852 2093430 453129 4262311 2787431 500152 3677008 1323314 2353694
is_linear=0
shrinkage=0.1


Tree=16
num_leaves=31
num_cat=0
split_feature=3 9 4 2 9 9 10 11 9 4 3 3 0 9 9 9 10 10 9 11 7 10 11 11 10 11 9 6 9 8
split_gain=5.01673e+06 1.15655e+06 1.08251e+06 320176 285266 256612 164097 151321 124656 105878 98226.7 94702.6 90630.8 81187.6 80085.6 70851 67719.1 65008.5 62235.7 78085.3 60298.2 95852.4 59750.1 45315.4 49089.2 43867.4 43550.7 41050 39306.5 37402.5
threshold=4.5000000000000009 14.900000095367433 2.9515472650527959 115.63498306274415 11.787460803985597 12.099998950958254 -0.031173458710879235 -0.056951011027366626 5.5652065277099618 0.40301407873630529 38.500000000000007 122.50000000000001 61.453619003295906 15.820071220397951 16.960001945495609 10.759998798370363 0.074116354202380205 0.58481550752069722 8.0801401138305682 0.79773375822167203 23.114223480224613 0.43733377705052551 0.79253265336324141 0.57605713708605399 -0.25205528343633254 0.63089349388778826 17.08029937744141 27.930821418762211 5.279743194580079 36.280897140502937
decision_type=2 10 8 2 10 8 2 2 8 8 2 2 2 8 8 10 2 2 10 2 10 2 2 2 2 2 10 10 8 8
left_child=2 5 4 8 9 11 -7 26 -4 20 22 18 -5 16 17 23 -6 -9 -2 29 21 -1 -8 24 -10 -18 -3 -24 -11 -20
right_child=1 7 3 12 13 6 10 14 15 28 -12 -13 -14 -15 -16 -17 25 -19 19 -21 -22 -23 27 -25 -26 -27 -28 -29 -30 -31
leaf_value=-0.031472001545598441 0.0055114001121675023 -0.071496020728365001 0.045086032544061176 0.044457825049836086 -0.056897695363452822 -0.10774671325371946 -0.028379756573387527 -0.15204441205613939 0.018648147996752708 0.04668158303888259 -0.089478777006520391 -0.11253509710186078 0.075401113615605933 -0.079361642346299194 -0.17794237884496789 0.00096234361692904252 -0.013498042259139307 -0.09946178288197996 -0.030966529966523871 -0.067862220094674741 0.0012771763210348674 0.014703563837982546 -0.060645693603100154 -0.0033660629282548124 0.032328605062779556 -0.058034135479314269 -0.13842339421334102 -0.15896514676185325 0.0094168360773133966 0.0022036464877640822
leaf_weight=1789798.9838496447 508488.90829512477 395725.85940787196 2239616.5391121507 3896623.6425713301 580295.5223685205 864161.54739171267 1001853.6641246825 623833.70964844525 6796339.7784280181 297757.59786021709 557302.12628354132 133383.48271095753 1250254.6316526532 324186.02315330505 620807.32360252738 1770096.5925222933 1962745.97253865 377330.95063668489 1664562.9655862749 509113.8912974894 3090796.3685672283 600340.20496433973 169351.27106021345 643672.33159416914 4271369.1900185943 249252.04421037436 128895.92438916862 56677.357599556446 5731769.5601530671 427182.70200699568
leaf_count=1545939 359295 999931 514706 922012 849684 2380053 1476517 2549416 2247137 96090 1371670 266789 175851 663940 2912171 908869 1854727 1171270 1901108 859055 1897433 401150 356070 259543 1330748 378186 501002 177537 2713200 409061
internal_value=-0.000449607 -0.0717824 0.0157054 0.0303261 -0.00515369 -0.0488879 -0.0719762 -0.134624 0.0232388 0.00211295 -0.0546606 -0.0300246 0.0519744 -0.0319924 -0.149724 0.0196094 -0.0264929 -0.132226 -0.0264851 -0.0327407 -0.00794644 -0.0198739 -0.0388576 0.0224277 0.0239279 -0.0185165 -0.0879396 -0.0852996 0.0112571 -0.0241924
internal_weight=4.35336e+07 8.03867e+06 3.54949e+07 2.0868e+07 1.46269e+07 5.89208e+06 2.64935e+06 2.14659e+06 1.57211e+07 1.15105e+07 1.78518e+06 3.24273e+06 5.14688e+06 3.11648e+06 1.62197e+06 1.34815e+07 2.79229e+06 1.00116e+06 3.10935e+06 2.60086e+06 5.48094e+06 2.39014e+06 1.22788e+06 1.17114e+07 1.10677e+07 2.212e+06 524622 226029 6.02953e+06 2.09175e+06
internal_count=34450160 17690945 16759215 6358866 10400349 9557155 5761847 8133790 5261003 6653812 3381794 3795308 1097863 3746537 6632857 4746297 3082597 3720686 3528519 3169224 3844522 1947089 2010124 3837428 3577885 2232913 1500933 533607 2809290 2310169
is_linear=0
shrinkage=0.1


Tree=17
num_leaves=31
num_cat=0
split_feature=5 9 4 3 2 9 11 2 9 10 9 6 11 3 3 9 9 9 10 9 7 8 2 10 10 11 10 11 9 10
split_gain=4.14608e+06 1.39858e+06 593656 317382 274107 198891 141546 121010 113204 102097 98216.9 94759.2 88899 79885.5 74265.6 72257.4 70327.2 68859.4 98399.6 68305.5 67193.1 57008.4 51320.3 51156.1 50915.2 47234.9 46992.3 42642 41656.5 48379.9
threshold=1.0000000180025095e-35 14.090000629425051 15.812862873077394 17.500000000000004 5.513331651687623 8.3400106430053729 0.79773375822167203 234.51544952392581 16.960001945495609 0.14250626876356556 16.100001335144047 27.544657707214359 -0.85225707553516283 122.50000000000001 113.50000000000001 4.7100000381469735 4.9209451675415048 11.249998569488527 -0.51297808981038739 12.459999561309816 20.220372200012211 29.084286689758304 60.28906440734864 0.54219432480460406 -0.022576249993022688 0.97263757644091875 0.58481550752069722 0.38043945030393422 8.5400753021240252 -0.71504373327588355
decision_type=8 10 10 2 2 10 2 2 10 2 10 8 2 2 2 8 8 8 2 8 8 8 2 2 2 2 2 2 10 2
left_child=1 4 5 8 6 14 13 16 9 -3 24 -8 20 17 15 -2 -4 -1 -19 26 -7 22 23 -17 -5 28 27 -14 -6 -30
right_child=2 3 7 10 25 12 11 -9 -10 -11 -12 -13 19 -15 -16 21 -18 18 -20 -21 -22 -23 -24 -25 -26 -27 -28 -29 29 -31
leaf_value=-0.018822259512063687 0.049303209536858211 -0.1129782256130034 0.058158055027530069 -0.15090394444540178 0.011805859058750718 -0.031084243236540937 -0.054396297949646323 0.070240263784176207 -0.1365674006088485 -0.049046849987395516 -0.16408231121135231 -0.11584261034513604 -0.0023919661575175465 -0.10444393448163143 -0.16391649355860391 -0.01812911865998423 0.031546962922188691 -0.080519891187757098 -0.030876321674685639 -0.024485956908770284 0.017066649863705648 0.020719382755215489 0.020617232298771489 0.032053695101920958 -0.098154310892123453 -0.097442703483974255 0.011458173553703068 -0.028931793718470347 -0.034378489308100814 -0.003173004422813569
leaf_weight=1767175.2762552798 741573.97543358803 330567.34648326039 1187245.9801980853 269021.77845112979 930306.51035559177 316793.12510287762 678575.21045531332 1194923.1304680109 261275.78352575004 1022299.0617497712 792720.22976773977 398280.8380830884 3275264.8699555099 163351.57285387814 22223.373599380255 1135260.5263661444 6073429.8916147649 580840.79509219527 1277260.1571952105 1569485.4484900534 3402732.3709650338 9025607.6011463702 996699.51706677675 247405.08071598411 572133.86242733896 57516.10544154048 2001188.0546584427 742673.57970774174 736602.25179365277 1526253.0893759131
leaf_count=1855647 190023 1100999 207341 1176858 561801 213244 1322160 178253 1024796 2081465 3891718 1032638 1707393 412576 38257 564576 1537853 1313126 1868360 1419833 1575256 3217019 327279 90442 1809771 102265 1031205 533138 779695 1285173
internal_value=-0.000428597 -0.0523013 0.0180319 -0.107756 -0.0301087 0.00984911 -0.04513 0.0407514 -0.0763063 -0.0646682 -0.138826 -0.0771225 0.000301055 -0.0360367 0.0187219 0.019056 0.0358983 -0.0329543 -0.0463949 -0.00590643 0.0129656 0.0170893 0.00331944 -0.00914974 -0.115025 -0.00762534 -0.00106182 -0.00729757 -0.00600753 -0.013331
internal_weight=4.32967e+07 1.13642e+07 3.19325e+07 3.24802e+06 8.11616e+06 2.34769e+07 4.86548e+06 8.4556e+06 1.61414e+06 1.35287e+06 1.63388e+06 1.07686e+06 1.13081e+07 3.78863e+06 1.21688e+07 1.21465e+07 7.26068e+06 3.62528e+06 1.8581e+06 7.58861e+06 3.71953e+06 1.1405e+07 2.37937e+06 1.38267e+06 841156 3.25068e+06 6.01913e+06 4.01794e+06 3.19316e+06 2.26286e+06
internal_count=34450160 21619048 12831112 11085607 10533441 10907665 7804507 1923447 4207260 3182464 6878347 2354798 6480069 5449709 4427596 4389339 1745194 5037133 3181486 4691569 1788500 4199316 982297 655018 2986629 2728934 3271736 2240531 2626669 2064868
is_linear=0
shrinkage=0.1


Tree=18
num_leaves=31
num_cat=0
split_feature=2 9 4 3 0 9 9 10 11 11 9 10 9 2 9 3 6 9 10 10 9 6 4 9 8 6 10 6 4 11
split_gain=3.46395e+06 1.01871e+06 710047 270932 207534 193885 118466 111064 109524 92092.5 82687.4 77922.8 74895.3 67329.2 59597.2 57586.6 55949 55562.3 54430.9 51052.4 50047.7 48965.3 48277.6 47849.8 47376.5 48195.3 45216.6 42855.3 46098.3 39614.5
threshold=1.0645016431808474 15.460266113281252 4.2332146167755136 27.500000000000004 33.19664382934571 10.430001258850099 12.509542465209963 0.12545942051955489 -0.056951011027366626 -0.22700609751797865 13.190001487731935 0.77788564761185042 6.5599997043609628 298.86936950683599 6.5599997043609628 320.50000000000006 26.140227317810062 16.960001945495609 -0.022576249993022688 -0.85227431625818906 15.249999523162844 40.550180435180671 0.49746322631835943 13.740786075592043 32.145544052124031 31.719035148620609 0.61237135649459018 19.053795814514164 0.22993141412734988 0.57605713708605399
decision_type=2 10 8 2 2 10 10 2 2 2 8 2 10 2 8 2 10 10 2 2 10 8 10 10 10 8 2 10 8 2
left_child=1 3 5 6 12 14 24 16 -3 21 15 27 -4 -6 -2 -5 19 26 -12 -8 -13 -7 -16 29 -1 -26 -10 -11 -29 -14
right_child=2 8 4 10 13 9 7 -9 17 11 18 20 23 -15 22 -17 -18 -19 -20 -21 -22 -23 -24 -25 25 -27 -28 28 -30 -31
leaf_value=-0.030674496485175951 0.021573403032988232 -0.085849037530084438 0.031195149074390562 -0.051192345125927019 0.041721331935641197 -0.0025581434731382028 0.067955924860682096 -0.033076438679820033 -0.14802636675816983 -0.0099137105044249177 -0.14091602767705688 -0.0018478966263128249 0.018786760501369047 0.078092328648359535 -0.0058700195343221254 -0.1926573876891946 -0.10728277721632301 -0.17071226049105875 -0.082870718403263044 -0.067794059552998581 -0.064690217057062169 -0.050774575071785934 0.0086083799014292101 -0.029535449161839034 0.052302830087745777 -0.011329615029533488 -0.092895880505625097 -0.07277239091448838 -0.02704796164430074 -0.010138907487909916
leaf_weight=1557865.4096931964 1912430.5552930832 390180.56466241181 5052794.9008960724 934602.82067996264 3237801.1559501886 2681529.9356578887 35810.110258325934 1145242.7781521827 388378.4847843498 220635.14536339045 223319.15213012695 796223.04919454455 8915190.5575839579 603902.8733767271 4133913.7635142505 29689.616410523653 401390.84983414412 536236.37942680717 584084.93065907061 122380.15477022529 150719.26748470962 228572.2914429754 5200108.1324600577 223794.59254792333 129396.33453467488 1485380.2754603028 241138.06489984691 705967.76519086957 320629.73178198934 500019.91888701916
leaf_count=1859481 743673 1245675 1273221 1718754 659017 2029379 43295 1878724 1834418 267613 898959 721688 3038142 76509 2742534 78777 1236289 2902883 1630470 325894 314724 303479 2322498 145968 72458 1436512 825999 1347025 253698 222404
internal_value=-0.000406363 -0.0588684 0.0133444 -0.0418235 0.0267449 -0.0018449 -0.0296576 -0.0509179 -0.131709 -0.0180087 -0.0753161 -0.0334778 0.0213337 0.0474387 0.00549115 -0.0555479 -0.0874323 -0.147058 -0.0989254 -0.0370638 -0.0118501 -0.00634528 0.00219609 0.0161643 -0.0182333 -0.00623058 -0.126908 -0.0498982 -0.0584916 0.0172506
internal_weight=4.30893e+07 8.2051e+06 3.48842e+07 6.64916e+06 1.85335e+07 1.63507e+07 4.87747e+06 1.70482e+06 1.55593e+06 5.10428e+06 1.7717e+06 2.19417e+06 1.46918e+07 3.8417e+06 1.12465e+07 964292 559581 1.16575e+06 807404 158190 946942 2.9101e+06 9.33402e+06 9.63901e+06 3.17264e+06 1.61478e+06 629517 1.24723e+06 1.0266e+06 9.41521e+06
internal_count=34450160 17988588 16461572 11179613 5415261 11046311 6852653 3484202 6808975 5237606 4326960 2904748 4679735 735526 5808705 1797531 1605478 5563300 2529429 369189 1036412 2332858 5065032 3406514 3368451 1508970 2660417 1868336 1600723 3260546
is_linear=0
shrinkage=0.1


Tree=19
num_leaves=31
num_cat=0
split_feature=3 9 0 3 9 9 9 10 11 2 7 10 11 10 0 3 10 6 8 9 11 3 8 9 11 10 10 11 9 8
split_gain=2.86916e+06 849729 612852 216953 194220 164154 120592 140450 110279 88434.3 73459.5 92112.9 73028.2 71278.8 67571 57172.7 51412.4 47967.3 44514.1 44200.2 42470.8 48675.3 40005.2 40163.2 52460.3 39571 37441.2 36342.5 36320.8 33308.8
threshold=4.5000000000000009 15.460266113281252 2.3287119865417485 37.500000000000007 5.9299993515014657 11.194006919860842 12.509542465209963 0.12545942051955489 -0.056951011027366626 74.36643218994142 22.940158843994144 0.48314048284850658 -0.70289845916694649 -0.048361574224334618 38.109579086303718 27.500000000000004 0.73865729060996177 26.140227317810062 29.438961029052738 15.550024986267092 -0.85225707553516283 149.50000000000003 36.280897140502937 8.9960031509399432 -0.22700609751797865 -0.31799228562170639 -0.92923668111203805 0.7710868207630478 13.740786075592043 29.390223503112797
decision_type=2 10 2 2 8 10 10 2 2 2 10 2 2 2 2 2 2 10 8 10 2 2 10 8 2 2 2 2 10 10
left_child=2 3 5 6 14 10 22 17 -3 28 11 18 -7 -5 -4 29 -14 26 -1 -18 -15 -22 23 24 -2 -11 -8 -9 -6 -10
right_child=1 8 4 13 9 12 7 27 15 25 -12 -13 16 20 -16 -17 19 -19 -20 -21 21 -23 -24 -25 -26 -27 -28 -29 -30 -31
leaf_value=-0.026526110990409097 -0.027722878224228378 -0.076683983488465404 0.032538720872875293 -0.11761534173842553 0.012875209040818642 -0.001770353268989574 0.078062084974494891 -0.022463804787912614 -0.087525597063225491 0.01990455444673879 0.0089484458012213438 0.019820588085030792 -0.048637887676690701 -0.0040400539894905416 0.057568908345386652 -0.16079245385821017 -0.012152717385258015 -0.10595124426182674 -0.0042695878501365419 -0.059734024153679482 -0.060701343593552143 -0.12836656449269504 0.0087944668123614792 -0.031084090224290074 0.023729645953904921 0.037251347426323786 -0.06173657369264212 -0.071146520703745761 -0.02118821979884257 -0.13966242911190205
leaf_weight=1681980.7640951276 432583.00151199102 362475.59158520401 3485609.0199005604 310025.74312469363 9034024.8179500401 1270967.1934880763 22110.34705619514 974374.38475947082 233175.30519089103 2865485.5298915207 7193136.5733960569 988188.53805795312 1009625.6547648311 109654.37903682888 1561781.1282588243 607906.64372330904 1271590.6855469644 453703.65414065123 1929523.970706284 230643.99660035968 777378.7099776715 123152.55769358575 472330.85420140624 1808046.0867681652 365668.60580286384 2430415.7202511728 143460.5514998436 181983.15280051529 324260.25643189251 258255.30757734179
leaf_count=1155729 356887 1207672 831973 1000532 3332382 1024124 25490 1589805 919746 805669 3526383 528216 1576972 158136 233495 3411712 1241153 1526781 1189436 468566 1856928 366220 434347 2465715 257204 618689 404503 465568 226428 1243699
internal_value=-0.000383716 -0.0559596 0.0116465 -0.0397286 0.0233659 -0.00317723 -0.029953 -0.0507069 -0.124517 0.0175388 0.00263713 -0.0072327 -0.0213033 -0.0756723 0.0402836 -0.140288 -0.0311867 -0.0891386 -0.0146351 -0.0194581 -0.0628 -0.0699549 -0.017983 -0.0228357 -0.00415315 0.0278654 -0.0430679 -0.0301253 0.0116949 -0.114924
internal_weight=4.29135e+07 7.63628e+06 3.52772e+07 6.17447e+06 1.97016e+07 1.55757e+07 4.85426e+06 1.77563e+06 1.46181e+06 1.46542e+07 1.17928e+07 4.59969e+06 3.78283e+06 1.32021e+06 5.04739e+06 1.09934e+06 2.51186e+06 619275 3.6115e+06 1.50223e+06 1.01019e+06 900531 3.07863e+06 2.6063e+06 798252 5.2959e+06 165571 1.15636e+06 9.35829e+06 491431
internal_count=34450160 17690945 16759215 10908116 6048636 10710579 7526300 4012147 6782829 4983168 6399764 2873381 4310815 3381816 1065468 5575157 3286691 1956774 2345165 1709719 2381284 2223148 3514153 3079806 614091 1424358 429993 2055373 3558810 2163445
is_linear=0
shrinkage=0.1


Tree=20
num_leaves=31
num_cat=0
split_feature=5 9 2 3 11 2 4 6 10 9 9 4 3 3 9 8 9 9 10 9 6 10 7 11 10 6 8 11 6 3
split_gain=2.38823e+06 948366 351471 224865 220481 125159 122498 120243 114378 90284.7 84725.8 74125.6 66145.2 64474.3 56786.6 56647.3 54507.8 49993.1 74463 49579.9 41433.6 40389.3 38399.7 41181.7 41156.1 38436.8 37771.9 37443.9 36603.5 35349
threshold=1.0000000180025095e-35 14.647208213806154 49.510625839233406 26.500000000000004 0.78192542922038288 9.8780283927917498 51.267183303833015 17.65082931518555 0.12545942051955489 17.210001945495609 5.5652065277099618 0.49746322631835943 130.50000000000003 270.00000000000006 8.4400014877319354 27.160102844238285 16.900283813476566 11.249998569488527 -0.62588817255938378 5.279743194580079 24.550377845764164 -0.49064630004295678 22.300631523132328 -0.90161545992537195 0.55656748448714433 32.94041824340821 27.674286842346195 -0.85225707553516283 26.710247993469242 1.5000000000000002
decision_type=10 10 2 2 2 2 10 8 2 10 8 10 2 2 8 10 10 8 2 10 10 2 10 2 2 8 10 2 10 2
left_child=1 4 10 8 5 12 19 -6 26 -10 -2 -12 17 22 -9 -16 -5 -1 28 -4 -7 -21 24 -24 -13 -25 -3 -14 -19 -22
right_child=2 3 6 16 7 20 -8 14 9 -11 11 13 27 -15 15 -17 -18 18 -20 21 29 -23 23 25 -26 -27 -28 -29 -30 -31
leaf_value=-0.014216962803533992 0.029684728522077125 -0.083496229717135995 0.035673408485226141 -0.11546585803794028 -0.0079589306425707409 0.041120954322394015 0.051373960319996817 0.0046587683114650306 -0.042087240947406741 -0.11686063822167601 -0.011571965156826493 -0.0082021970017765525 -0.0066877336659242424 -0.19643492102761392 -0.06079094840981885 -0.10761765694524222 -0.16499283520825925 -0.014267676985124858 -0.024376306225984669 0.012664877434945388 0.0099837022003607598 0.024907501646284597 0.019260698361904405 0.01208585739050607 0.010354137942777186 -0.0061797780760945399 -0.15053360040681127 -0.1199080495278953 -0.074844284102355288 -0.014668436674614233
leaf_weight=2078079.0754719973 1186716.5240777135 147265.78190238774 2156834.4312022924 587347.68142347038 334254.48936484754 220507.67076945305 1573997.5591350794 80390.516485840082 895632.51029680669 196998.89737904072 3218652.5855205357 3126914.557395041 38886.729270920157 15806.124840199947 555177.80390015244 483176.19609291852 357454.771658957 122066.31420968473 1705580.6028337926 5153111.6445048451 1011663.8301850855 5648586.7437849939 2998873.7511369288 2690994.806772083 1934764.8522880673 2014525.8487477303 195797.22066007555 117383.62770844996 545615.54639585316 1368458.0948688388
leaf_count=2109392 341121 556982 484306 2706890 489391 169031 243472 70239 2171661 894001 2384502 1616127 66665 33981 1298397 1407877 2267346 224704 2577251 1703343 673478 1737152 1162189 993962 1010549 1085708 1007837 373548 1396236 1192822
internal_value=-0.000360116 -0.0404153 0.0135832 -0.096317 -0.0250509 -0.0178876 0.0250307 -0.0605877 -0.0713845 -0.0555687 0.0039038 0.0019917 -0.0277872 0.00540722 -0.0763119 -0.0825808 -0.134204 -0.0255423 -0.035459 0.021831 -0.000348187 0.019067 0.00565713 0.0101026 -0.00110927 0.00426598 -0.121757 -0.091734 -0.0637696 -0.00419012
internal_weight=4.27615e+07 1.10417e+07 3.17198e+07 2.3805e+06 8.66124e+06 7.20824e+06 1.45325e+07 1.453e+06 1.43569e+06 1.09263e+06 1.71872e+07 1.60005e+07 4.60761e+06 1.27819e+07 1.11874e+06 1.03835e+06 944802 4.45134e+06 2.37326e+06 1.29585e+07 2.60063e+06 1.08017e+07 1.27661e+07 7.70439e+06 5.06168e+06 4.70552e+06 343063 156270 667682 2.38012e+06
internal_count=34450160 21653748 12796412 9604717 12049031 8783127 4168273 3265904 4630481 3065662 8628139 8287018 6747796 5902516 2776513 2706274 4974236 6307583 4198191 3924801 2035331 3440495 5868535 3241859 2626676 2079670 1564819 440213 1620940 1866300
is_linear=0
shrinkage=0.1


Tree=21
num_leaves=31
num_cat=0
split_feature=2 9 9 9 0 4 11 10 8 9 3 11 8 8 9 11 2 9 3 11 8 2 10 3 11 6 10 9 10 10
split_gain=1.9593e+06 738046 400804 211216 177023 140806 128907 107749 80361.5 74783.9 71511.3 56924.1 65273.2 53788.8 52546.1 51203.4 51010.4 50070.8 48173.5 44978.6 44397.3 42503.8 41535 39557.1 36411.1 35741.8 31405.2 31119.7 29650.3 28904.8
threshold=1.5027573108673098 15.73520088195801 8.1899991035461444 13.096703529357912 20.227521896362308 0.36252953112125402 0.53312596302726967 -0.031173458710879235 28.744288444519047 17.810787200927738 41.500000000000007 0.6174544326165855 17.080183029174808 36.280897140502937 4.4299993515014657 0.99995376255531909 375.85374450683599 6.7800750732421884 320.50000000000006 -0.89404254237865755 29.390223503112797 45.73535346984864 -0.70291267844185523 58.500000000000007 0.79253265336324141 39.070049285888679 0.3261394409934788 4.4299993515014657 0.55656748448714433 -0.11692013674435776
decision_type=2 10 10 8 2 10 2 2 10 10 2 2 8 10 8 2 2 8 2 2 10 2 2 2 2 8 2 8 2 2
left_child=1 3 4 10 14 11 23 -3 15 24 13 22 -13 17 -2 26 27 -1 -12 -7 21 28 -4 -5 -9 -24 -8 -6 -16 -29
right_child=2 7 5 6 16 19 8 9 -10 -11 18 12 -14 -15 20 -17 -18 -19 -20 -21 -22 -23 25 -25 -26 -27 -28 29 -30 -31
leaf_value=0.02370770441131162 0.042104627644794723 -0.16426258659984419 -0.024531051042663919 -0.030186447950110135 0.0523924889259373 0.015090917642087816 -0.085363233496236715 -0.068092672455821443 -0.12225698062365581 -0.14632260106876621 -0.045414484553849332 0.0083733169327970623 -0.06359472678849791 0.010056873319162428 -0.015664054735879923 0.098468186199192898 0.070183607609285409 -0.023067790092534721 -0.18964307430457028 0.00084308830788420292 0.016267723350960588 0.012950726601758097 -0.00083802705298129099 -0.077486531358282193 -0.12505106581739842 -0.035210385048205887 -0.03839975240995222 0.024254646840316266 0.019818904068111549 0.042248131277529383
leaf_weight=246891.45185732841 632964.29614847898 328998.62467840314 1524862.2158363312 1284010.1015349478 695778.38650429249 3231732.5587400198 368535.97749008238 522500.42465367913 345540.56279937923 231417.87782610953 577403.56715764105 175944.34910419583 444180.79471115768 743715.47294217348 1286881.6469734013 19249.866828799248 393400.1442886591 3131427.5238428414 24125.8577170223 7047410.6688669324 9085958.6146568954 1936267.3981587887 2859550.2492596209 205041.78490237892 142934.36893574893 338313.65910001099 232045.00008027256 3011089.6099102497 288248.26241573691 1269031.0074056983
leaf_count=138955 151298 2142650 1531379 2481589 108630 1300231 1293017 1909097 1440356 1401730 1142264 209432 839079 677614 655424 22501 49702 3842781 77859 3427506 3200965 638450 2373563 606119 772747 436420 550836 662973 116957 248036
internal_value=-0.000337845 -0.0436019 0.0102866 -0.0313552 0.0202047 -0.00152208 -0.0551522 -0.115313 -0.0836146 -0.0973562 -0.0189899 -0.0146905 -0.0431757 -0.0142897 0.0139898 -0.0620724 0.0355188 -0.0196494 -0.0511991 0.00532256 0.0125772 0.00302758 -0.0109502 -0.0366996 -0.0803272 -0.0044744 -0.0672181 0.0327781 -0.00917068 0.0295896
internal_weight=4.26255e+07 8.40384e+06 3.42216e+07 7.17799e+06 1.85996e+07 1.5622e+07 2.45442e+06 1.22585e+06 965371 896853 4.72356e+06 5.34285e+06 620125 4.12203e+06 1.32303e+07 619831 5.3693e+06 3.37832e+06 601529 1.02791e+07 1.25974e+07 3.5114e+06 4.72273e+06 1.48905e+06 665435 3.19786e+06 600581 4.9759e+06 1.57513e+06 4.28012e+06
internal_count=34450160 18500115 15950045 12273891 5832435 10117610 6394418 6226224 3306710 4083574 5879473 5389873 1048511 4659350 4763094 1866354 1069341 3981736 1220123 4727737 4611796 1410831 4341362 3087708 2681844 2809983 1843853 1019639 772381 911009
is_linear=0
shrinkage=0.1


Tree=22
num_leaves=31
num_cat=0
split_feature=9 0 3 4 9 3 9 10 11 10 6 3 4 8 10 2 8 10 6 11 9 10 11 8 6 11 2 8 10 11
split_gain=1.64173e+06 566876 386938 149506 146633 127698 105960 92870 77802.3 74732.2 67625.1 67535.1 57966.1 54127.1 54530.8 47420.7 42821.3 82454.9 57774.9 53628.3 36814.7 33782.8 39350.6 33124.6 43640.1 32884.4 32702.4 35242.4 51234.3 32466.3
threshold=13.429998874664308 0.1638525873422623 17.500000000000004 17.692409515380863 16.841410636901859 37.500000000000007 16.508025169372562 -0.022576249993022688 0.79773375822167203 -0.065535378769913874 28.140079498291019 405.00000000000006 74.13019180297853 29.341427803039554 -0.92923668111203805 31.261874198913578 32.235715866088874 0.42179998225932674 31.940091133117679 -0.15101602693478741 4.4299993515014657 -1.0000000180025095e-35 0.79253265336324141 29.390223503112797 22.62085056304932 0.98174098242282837 69.095954895019545 29.538571357727054 0.54219432480460406 0.7710868207630478
decision_type=10 2 2 8 8 2 10 2 2 2 10 2 8 10 2 2 10 2 8 2 8 2 2 8 8 2 2 10 2 2
left_child=1 5 6 20 7 8 9 -4 15 13 25 -7 -5 14 -2 16 17 23 -18 -20 -3 -9 -23 24 -1 -10 27 28 -22 -11
right_child=2 3 4 12 -6 11 -8 21 10 29 -12 -13 -14 -15 -16 -17 18 -19 19 -21 26 22 -24 -25 -26 -27 -28 -29 -30 -31
leaf_value=0.049528369520392801 0.025414573490517539 0.037435829078071421 -0.1193177825118486 0.024330503735217585 -0.14530641587327367 -0.043947183757455516 -0.081630771990883561 0.048030032982719961 -0.0044950721815089564 -0.016076087674325595 -0.074571930457110219 -0.19451692891244621 0.053610100004672229 -0.1038369400823171 -0.07074481903318304 0.0054067725541957212 0.037680370798840665 0.0084890675245479618 -0.00087142876992162173 -0.029854303761371562 -0.010732818375165848 -0.05101995951105151 -0.098847998460698444 -0.019909415209475308 -0.051400733664063086 -0.052129581501789451 0.016711207678570206 0.010073718620461254 0.016291290235382307 -0.056918711828171056
leaf_weight=45651.927665159106 96013.540030583739 489766.4977799654 368060.21671956778 6664787.824051857 411842.09690600634 746086.59036299586 410385.6379224211 28093.535329401493 514954.20218774676 2084873.8065374196 298177.5420486331 31027.697197437286 752492.38879466057 196711.79755607247 152869.60320819914 2872231.0764550716 320481.36386650801 857750.05601966381 3352440.412825197 788605.40653665364 2186213.6997747719 668518.01833276451 231624.38298878074 1725425.0609142929 695610.6143488884 201687.75221554935 4738677.0930256844 9329617.076178968 1033052.911162734 214668.08969925344
leaf_count=43251 138833 118015 1942531 1541669 2812937 1563954 1493215 60432 700294 2753309 601626 108034 107151 707912 462576 1594537 183940 769897 2603882 1026587 1070239 2024680 994522 1608241 786257 349879 1521830 3759154 460506 540270
internal_value=-0.000314978 0.00674889 -0.0549893 0.0153752 -0.0933259 -0.0107077 -0.0342371 -0.0768113 -0.00809458 -0.0271519 -0.0345523 -0.049959 0.027301 -0.0646339 -0.0336487 -0.00557541 -0.00962673 -0.018218 -0.00322509 -0.00639082 0.0103994 -0.0599568 -0.0633271 -0.0275049 -0.0451848 -0.0179011 0.00963343 0.00696074 -0.00206086 -0.0198889
internal_weight=4.25084e+07 3.76447e+07 4.86366e+06 2.51946e+07 1.70814e+06 1.24501e+07 3.15552e+06 1.2963e+06 1.1673e+07 2.74514e+06 1.01482e+06 777114 7.41728e+06 445595 248883 1.06582e+07 7.78596e+06 3.32444e+06 4.46153e+06 4.14105e+06 1.77773e+07 928236 900142 2.46669e+06 741263 716642 1.72876e+07 1.25489e+07 3.21927e+06 2.29954e+06
internal_count=34450160 20518943 13931217 8578564 7835102 11940379 6096115 5022165 10268391 4602900 1651799 1671988 1648820 1309321 601409 8616592 7022055 3207646 3814409 3630469 6929744 3079634 3019202 2437749 829508 1050173 6811729 5289899 1530745 3293579
is_linear=0
shrinkage=0.1


Tree=23
num_leaves=31
num_cat=0
split_feature=4 9 9 2 11 9 2 11 9 8 9 8 3 10 10 11 8 10 11 6 10 10 0 8 8 3 8 11 10 9
split_gain=1.36201e+06 618850 204949 160071 159616 97358.9 90808.7 90322.2 67137.5 59412.9 59253.3 56194 49797.3 48190.6 41291.4 41150.2 35258.1 57364.7 43291.5 38448.1 34981.7 34201.5 32477.2 33049.8 31397.4 31298.2 30732.9 29921.2 37592.2 28630.1
threshold=1.0000000180025095e-35 15.1109676361084 6.3903479576110849 4.8076508045196542 0.41202506375868281 11.680000782012941 41.649663925170906 0.36447543099728863 16.960001945495609 32.060632705688484 4.4299993515014657 28.687313079833988 295.50000000000006 0.84313847884979054 -0.022576249993022688 -0.46800559042974538 31.340019226074222 0.81428061195174062 -0.89404254237865755 32.170053482055671 0.85673801594079257 -0.42957681104363482 19.411743164062504 29.084286689758304 37.538572311401374 64.500000000000014 18.616177558898929 0.99995376255531909 0.35846314187849709 8.1367740631103533
decision_type=10 10 8 2 2 8 2 2 10 10 10 10 2 2 2 2 10 2 2 10 2 2 2 8 8 2 10 2 2 10
left_child=1 3 10 5 9 24 12 25 14 -3 -2 27 16 -13 -6 -11 17 -4 -18 -20 -15 -8 23 -12 29 -7 -16 28 -9 -1
right_child=2 4 6 -5 8 7 21 11 -10 15 22 13 -14 20 26 -17 18 -19 19 -21 -22 -23 -24 -25 -26 -27 -28 -29 -30 -31
leaf_value=0.004367903408582059 0.042419952297285742 -0.011069484964021901 -0.011156752300193957 -0.0038835148180130612 -0.12964188472890345 -0.022163556825601564 0.0066748401325638059 -0.065056193766744402 -0.15314500877609535 -0.036442812916811021 0.00034474625035176205 -0.097981011637657212 -0.19808342673324522 0.10751063417781266 0.038092334212820926 -0.08796740724754798 0.0140485869313251 0.015389113226202492 0.012812036981588433 -0.0064770266346927665 -0.049554380970850562 0.018260403894659032 0.028916292928667233 0.020212542799716276 0.020598737740201836 -0.068293750656839999 -0.081593857541088194 0.076240943628397076 -0.020221329085862588 -0.025117112170470982
leaf_weight=400068.88451059163 1432649.1263628304 224791.76533234119 4273658.7673123777 3570575.5538114905 212616.70293969661 1412462.2477629781 4986682.4762899578 493524.83934521675 307671.7397557348 235966.86939953268 1178548.3314304948 489424.92237888277 12670.061713963747 17930.182673767209 22982.585193447769 451760.63147801906 2955756.9243277609 1005597.4045490772 1429637.3787340075 3728050.8483047336 67800.766119927168 5210508.8691650927 2513630.4894275665 2891451.5516854823 209091.40244932473 164173.56743703783 322647.73328605294 19847.007505953312 301110.02041351795 1862270.0546941161
leaf_count=358368 273703 584904 2511596 3169903 1321171 2393742 1744646 1531380 2275549 672183 415191 1833940 35331 16159 46413 2047436 1308955 548592 627528 2305381 164676 1693402 474778 857309 200454 481580 1367884 25640 609931 2552435
internal_value=-0.000292778 -0.0309764 0.0101749 -0.0203338 -0.084884 -0.0311357 0.00548291 -0.0433494 -0.115638 -0.0557006 0.0239896 -0.0619363 7.30648e-05 -0.0858663 -0.0949663 -0.0702888 0.000260529 -0.00610027 0.00439938 -0.00113037 -0.016705 0.0125948 0.0199791 0.0144594 -0.0164764 -0.026967 -0.0736354 -0.0450379 -0.048067 -0.019903
internal_weight=4.24056e+07 1.07867e+07 3.16188e+07 9.00828e+06 1.77844e+06 5.4377e+06 2.36026e+07 2.96627e+06 865919 912519 8.01628e+06 1.38964e+06 1.34054e+07 575156 558247 687728 1.33927e+07 5.27926e+06 8.11345e+06 5.15769e+06 85730.9 1.01972e+07 6.58363e+06 4.07e+06 2.47143e+06 1.57664e+06 345630 814482 794635 2.26234e+06
internal_count=34450160 21653748 12796412 13338208 8315540 10168305 10775431 7057048 5011017 3304523 2020981 4181726 7337383 2014775 2735468 2719619 7302052 3060188 4241864 2932909 180835 3438048 1747278 1272500 3111257 2875322 1414297 2166951 2141311 2910803
is_linear=0
shrinkage=0.1


Tree=24
num_leaves=31
num_cat=0
split_feature=9 4 3 2 9 9 11 10 6 8 3 2 9 6 8 11 10 3 0 9 10 6 8 6 8 10 9 11 11 10
split_gain=1.13802e+06 423571 289260 120440 98289.7 90313.4 90092.8 77632.4 73328 54467.8 52119.2 49617.5 47859.6 44979.2 44952.9 45994.2 44284.2 42812.6 41041 40322.7 39742 37458.7 36394.9 36224.3 31662.4 54170 32294.7 30028.8 26906.1 26212.9
threshold=13.740786075592043 0.44748523831367498 26.500000000000004 112.50811767578126 16.960001945495609 16.300000190734867 0.79773375822167203 -0.065535378769913874 17.65082931518555 28.569790840148929 270.00000000000006 9.2486314773559588 4.7100000381469735 24.37018966674805 34.798601150512702 0.99958851518450398 0.61237135649459018 320.50000000000006 95.826412200927749 8.7415904998779315 -0.92923668111203805 27.930821418762211 37.046922683715827 36.690071105957038 28.975737571716312 0.78857998149907527 7.3099999427795419 0.98174098242282837 -0.89404254237865755 -0.91597725483594616
decision_type=10 10 2 2 10 10 2 2 8 10 2 2 8 8 10 2 2 2 2 8 2 10 10 8 8 2 8 2 2 2
left_child=1 6 4 10 7 14 11 9 27 20 12 17 -3 -13 15 -4 -7 22 29 -10 -2 -21 -1 -24 25 -14 -26 -8 -28 -5
right_child=2 3 5 18 -6 16 8 -9 19 -11 -12 13 24 -15 -16 -17 -18 -19 -20 21 -22 -23 23 -25 26 -27 28 -29 -30 -31
leaf_value=-0.018053959563259513 0.025211079250121077 0.02974444040883116 -0.098031249049510438 0.0031195720591733578 -0.086061561937481462 -0.16279231865031552 0.0244485783800256 -0.019801663447871487 -0.001383776554163111 -0.098206751528696901 -0.19473486442633869 0.047397355946120934 -0.0076722825498429115 -0.0023114373814383427 -0.038732492737088363 0.038143175303862124 -0.097286941793049794 -0.19273228877336943 0.051129678059517493 -0.042091189931274614 -0.061416396928873657 -0.085972516761847195 0.04576463027316361 -0.0053979205865230424 0.015452045233298142 0.020911383156869134 0.012750071734158012 -0.037656507126095522 0.0024875556048816311 0.024802933983926259
leaf_weight=4301657.1102835685 83387.503126971424 1017166.4040341973 438046.49847454578 636962.29543167353 320335.88618867099 206661.60112240911 231965.21434617043 2250318.1852076352 146716.39492863417 237311.14661666751 12616.666688323021 190312.875393942 2797738.9946071804 4182881.1332622021 265485.43842960149 26292.209015540779 206153.93154592812 13448.873454466462 538282.10847878456 529318.49885137379 145130.15240180492 307569.58092059195 166601.25373499095 817159.49656616151 5729847.0961744189 868937.57338646054 4004114.2432647049 117185.49218577147 7057710.7523857355 4470204.7531213164
leaf_count=5248582 133862 229221 2136074 185012 1511384 1744134 256957 3776402 127282 1050859 37315 128624 1278601 2790028 805691 61728 1256947 64403 70817 1132780 514825 847959 125675 948349 1690033 347498 1548604 190915 3138492 1071107
internal_value=-0.000271465 0.00515698 -0.0498111 0.0118685 -0.0336723 -0.0926988 -0.011391 -0.0274936 -0.0357656 -0.0646517 0.00845354 -0.00803227 0.00857291 -0.000148208 -0.0715546 -0.0903207 -0.13008 -0.0145391 0.0248667 -0.0497407 -0.0298055 -0.0582183 -0.0140856 0.00326653 0.00752029 -0.000898459 0.00935863 0.00360424 0.00620234 0.0220986
internal_weight=4.23175e+07 3.81384e+07 4.17912e+06 2.71336e+07 3.03648e+06 1.14264e+06 1.10048e+07 2.71615e+06 1.33276e+06 465829 2.14881e+07 9.67206e+06 2.14755e+07 4.37319e+06 729824 464339 412816 5.29887e+06 5.64545e+06 983604 228518 836888 5.28542e+06 983761 2.04583e+07 3.66668e+06 1.67917e+07 349151 1.10618e+07 5.10717e+06
internal_count=34450160 21458254 12991906 9596700 6987332 6004574 11861554 5475948 2555893 1699546 8269764 9305661 8232449 2918652 3003493 2197802 3001081 6387009 1326936 2108021 648687 1980739 6322606 1074024 8003228 1626099 6377129 447872 4687096 1256119
is_linear=0
shrinkage=0.1


Tree=25
num_leaves=31
num_cat=0
split_feature=9 0 11 9 9 2 3 9 11 10 6 8 11 8 9 6 10 8 10 10 6 10 3 11 10 3 11 9 10 3
split_gain=937852 302367 280631 145145 92172.9 86588.9 83612.6 78698.4 66757.4 62128.9 59857.8 51018 44703.8 69902.3 42002.3 41016.2 37556.3 37290.9 40980 35400.2 34053 33991.8 33390.2 33334.8 32114.7 32799.5 30215.1 27823 36717.5 26843.9
threshold=13.190001487731935 0.48593489825725561 0.42763731121559989 16.400216102600101 16.960001945495609 169.65202331542972 405.00000000000006 9.3500013351440447 0.39629089145655322 -0.022576249993022688 26.911636352539066 20.31369781494141 -0.79382744783423187 31.42004489898682 4.9209451675415048 23.120876312255863 -0.78326540922535159 31.578572273254398 0.54219432480460406 -1.0000000180025095e-35 31.496147155761722 0.61237135649459018 26.500000000000004 0.97263757644091875 -0.861146256326485 62.500000000000007 -0.46800559042974538 9.4000000953674334 -0.048361574224334618 1.5000000000000002
decision_type=10 2 2 10 10 2 2 8 2 2 8 10 2 10 8 10 2 8 2 2 10 2 2 2 2 2 2 10 2 2
left_child=1 6 4 9 12 14 7 17 24 15 23 -5 -2 -14 -3 -4 -15 18 -1 -11 -19 -13 -21 -10 -9 -26 -6 28 -16 -17
right_child=2 5 3 11 26 -7 -8 8 10 19 -12 21 13 16 27 29 -18 20 -20 22 -22 -23 -24 -25 25 -27 -28 -29 -30 -31
leaf_value=-0.0091406034415021393 0.0041019933561967465 0.025249447000094599 -0.034955429355226296 0.029551604748647625 -0.022115857345438035 0.028952767738032511 -0.19167467528449736 -0.020784350130699139 -0.00021637073148126222 0.05071760171374682 -0.047688193416858982 -0.15185784057892662 0.0019646200212384505 -0.081540097077928489 0.0077662866558363868 -0.0047715219724870032 -0.030809161713523259 0.034015783904759775 0.031400696585089739 -0.031157674816012754 0.0052215215170394952 -0.088227944853398146 -0.072708908127503566 -0.046174557901024454 -0.0014635627322933842 -0.04741668906470483 -0.094455757952523298 0.001506171188692843 0.01913670203191711 -0.10794501676886455
leaf_weight=2915649.6026328206 719914.67268684506 1658011.6572887897 126227.56062628329 20574.450971826911 77944.052698098123 2721792.8541165292 24353.283916532993 1416543.868454352 662003.36787559092 40377.407990776002 928409.89970348775 269111.20374205709 698123.09473349154 162361.36118140817 11025982.319068164 27134.187625601888 1441732.4199193045 486057.90697595477 272646.68225112557 577672.02702928334 2649746.4682554752 122024.83584097773 290731.0250043422 207227.20013086498 3895955.9710624218 161772.94993759692 222734.95747949183 4234822.4911042452 3825321.7140663266 357082.23620285839
leaf_count=1840204 790711 362523 402412 65986 229110 554200 106128 1583983 898959 77130 1876714 2227916 1001592 622524 3610933 37075 2794511 208752 146176 1251453 1543912 717879 1210668 421317 3145175 354995 1243772 2000325 1183764 1939361
internal_value=-0.000251063 0.00530363 -0.0402226 -0.0716582 -0.0229009 0.0121828 -0.00654819 -0.00621659 -0.0133116 -0.0564934 -0.0300316 -0.123933 -0.0176474 -0.0244486 0.00998245 -0.0844109 -0.035944 0.00194175 -0.00567372 -0.0408127 0.00968471 -0.132007 -0.0450685 -0.0111729 -0.00782107 -0.00329562 -0.0757033 0.0086562 0.010695 -0.100659
internal_weight=4.224e+07 3.70863e+07 5.15375e+06 1.83093e+06 3.32281e+06 2.34659e+07 1.36204e+07 1.3596e+07 7.27191e+06 1.41922e+06 1.79764e+06 411710 3.02213e+06 2.30222e+06 2.07441e+07 510444 1.60409e+06 6.3241e+06 3.1883e+06 908780 3.1358e+06 391136 868403 869231 5.47427e+06 4.05773e+06 300679 1.90861e+07 1.48513e+07 384216
internal_count=34450160 19838060 14612100 7929880 6682220 7711745 12126315 12020187 8281143 4918099 3196990 3011781 5209338 4418627 7157545 2378848 3417035 3739044 1986380 2539251 1752664 2945795 2462121 1320276 5084153 3500170 1472882 6795022 4794697 1976436
is_linear=0
shrinkage=0.1


Tree=26
num_leaves=31
num_cat=0
split_feature=9 4 3 0 11 9 10 6 9 2 8 1 3 10 6 3 11 11 8 1 11 9 9 6 9 10 8 6 2 11
split_gain=777229 312170 203070 94872.3 75298.6 69865 67949 60499 53211.8 45259 44709.4 43621.8 43270.5 41457.1 39620.8 35677 34587.9 33140.6 33006.2 37263.2 43667.7 36922.9 31747.7 32063.3 31625.2 50092.4 31948.7 34588.4 31384 29559.4
threshold=14.090000629425051 0.28447319567203527 27.500000000000004 17.503864288330082 0.79773375822167203 16.960001945495609 -0.065535378769913874 17.65082931518555 18.170379638671879 298.86936950683599 28.862753868103031 6.8058037757873544 279.50000000000006 -0.022576249993022688 25.346751213073734 158.50000000000003 -0.32613736746952143 -0.85225707553516283 29.084286689758304 1.0000000180025095e-35 -0.6905596507703472 6.2199995517730722 8.4400014877319354 28.210115432739261 10.02000141143799 -0.31799228562170639 31.859997749328617 31.451167106628422 61.342947006225593 0.42763731121559989
decision_type=10 10 2 2 2 10 2 8 8 2 10 10 2 2 8 2 2 2 8 8 2 8 8 10 8 2 10 8 2 2
left_child=1 4 6 12 11 13 10 -6 -8 -5 -2 14 18 -4 16 24 -1 -17 19 20 -3 -20 -9 -24 26 -26 -16 -28 -21 -7
right_child=2 3 5 9 7 29 8 22 -10 -11 -12 -13 -14 -15 15 17 -18 -19 21 28 -22 -23 23 -25 25 -27 27 -29 -30 -31
leaf_value=-0.070308659833848014 -0.035023223731103385 -0.029805729550528445 -0.11022657676794473 0.016487582257218216 0.0031535377634599676 -0.086203672065032474 -0.020140607003939385 0.0056556319073003472 -0.10209806209916186 0.043472790319402974 -0.10039267677721619 0.015391570284304752 -0.19547262312386326 -0.054390558805005575 -0.01432359886183138 0.0072307185863905964 0.024584955501762491 -0.11285775561188659 0.019064476977745756 -0.016377874411992288 0.021075276468255726 0.0059446594635962973 -0.037688302550341793 -0.077384134576000782 -0.031594793801422327 -0.008557998486064422 0.049298071255324399 0.0007104496805040608 0.0040584792913756331 -0.15669778075695348
leaf_weight=41743.421620622277 211313.77028503269 201411.04925400019 177658.44704385847 6886256.1507790089 347861.29513584077 96250.993417032063 2045979.2961574048 109443.31137426198 82410.129573151469 683177.10479164124 207239.17245220393 758279.91898822784 10672.667353242636 528698.38603509218 1617538.934924677 35478.141921967268 481076.8427324146 65236.100792273879 2543395.8770191371 1776084.7647554278 1037755.0889424682 13696559.832921565 589807.52870170772 310649.37551391125 1452178.5803968161 2696795.9116164744 159023.66526040435 1862485.0487358719 1302559.1531813741 155711.25219972432
leaf_count=53095 726908 113757 1217451 1647865 469542 638094 4044970 90019 473127 98645 1148543 442133 38259 2138076 1205387 61243 503857 238833 711320 881431 522839 5791930 1341394 918585 2398294 3140472 78811 1349428 430636 1535216
internal_value=-0.000232333 0.00385526 -0.0453213 0.00935134 -0.0108345 -0.0845602 -0.0305572 -0.032813 -0.023314 0.0189231 -0.0673898 -0.00758019 0.0058288 -0.0684341 -0.00965103 -0.0114179 0.0170084 -0.0705547 0.00593331 -0.00183758 0.0128052 0.0079994 -0.0452017 -0.051383 -0.0106531 -0.0166211 -0.00384887 0.00453264 -0.00773135 -0.129769
internal_weight=4.21707e+07 3.86655e+07 3.50526e+06 2.81379e+07 1.05276e+07 958319 2.54694e+06 1.35776e+06 2.12839e+06 7.56943e+06 418553 9.16984e+06 2.05684e+07 706357 8.41156e+06 7.88874e+06 522820 100714 2.05578e+07 4.31781e+06 1.23917e+06 1.624e+07 1.0099e+06 900457 7.78802e+06 4.14897e+06 3.63905e+06 2.02151e+06 3.07864e+06 251962
internal_count=34450160 22527775 11922385 10236682 12291093 5528837 6393548 2819540 4518097 1746510 1875451 9471553 8490172 3355527 9029420 8472468 556952 300076 8451913 1948663 636596 6503250 2349998 2259979 8172392 5538766 2633626 1428239 1312067 2173310
is_linear=0
shrinkage=0.1


Tree=27
num_leaves=31
num_cat=0
split_feature=9 9 0 11 10 8 3 11 9 2 11 6 9 8 4 3 6 11 11 7 11 2 1 9 8 4 11 10 6 3
split_gain=642046 257037 166578 134624 102609 88153 73035.1 55180.8 54322.4 48301.6 45510.3 60279.1 40519.8 38799.5 35263.8 33853.9 40313.8 33622.9 32682.8 29956.6 29796.2 57599 33015.6 28648.3 28361.2 25235.1 24366.3 27072.6 29890.3 25323.1
threshold=12.150000095367433 16.25000095367432 4.569899559020997 0.5475998096715059 -0.0053757284505435614 29.390223503112797 405.00000000000006 0.97263757644091875 18.170379638671879 260.54122924804693 -0.79382744783423187 32.020236968994148 7.9299988746643075 32.782857894897468 1.0000000180025095e-35 1.5000000000000002 24.870082855224613 0.029024409397335523 0.99958851518450398 7.1703755855560312 -0.30164489695395946 7.4988236427307138 1.0000000180025095e-35 3.9730539321899419 27.427142143249515 1.0000000180025095e-35 0.99995376255531909 0.42179998225932674 18.414566040039066 52.500000000000007
decision_type=10 10 2 2 2 10 2 2 10 2 2 10 8 8 10 2 8 2 2 10 2 2 10 8 10 10 2 2 10 2
left_child=2 3 6 10 -3 26 7 12 -6 23 -2 19 13 20 17 -14 -17 -13 -9 -12 21 -1 -22 -4 -23 -7 27 28 29 -5
right_child=1 4 9 5 8 25 -8 18 -10 -11 11 14 15 -15 -16 16 -18 -19 -20 -21 22 24 -24 -25 -26 -27 -28 -29 -30 -31
leaf_value=-0.034019637511716903 0.0048498821190621193 -0.13926330173499676 0.035036267577648307 0.0043575511256687058 -0.045166105815523723 -0.091741718303255074 -0.19418208316744051 -0.049292788124225773 -0.11150127319183974 0.033707524054820241 -0.053097982955629834 -0.026671272740715537 0.001299003360707116 0.021346453869300282 -0.01048024005544749 0.021101149627732088 -0.011968570513926725 -0.060845268982814754 0.022854936381379018 0.0049836912244611087 0.034437906783677787 -0.033573267540764798 0.0015580547933311348 0.010762476961925522 0.0050328942397326257 -0.015699421549323283 0.066533285904645245 -0.014111153477354393 -0.054888501263780948 -0.16475167653349088
leaf_weight=483604.91291578114 1291394.4214963019 199196.32247588038 503602.83614170551 147569.14647101611 607077.43048257381 382540.07349535823 19511.554075032473 347778.38792577386 154961.69819758087 1060216.955747366 96360.912498123944 940533.49972145259 6977104.5145239234 1389585.8790917248 783369.78714825213 399720.95142392814 4739596.3540379405 414905.3229675591 76620.770103320479 1131742.1173396632 547247.97668392956 201958.05118846893 691019.67760813236 14078197.271627396 3293060.5535336733 49260.653285294771 25271.052053287625 479020.85902166367 589894.50799631327 9420.144351221621
leaf_count=333223 1187971 1780739 88958 277981 2523515 1805964 98732 552379 1145016 176740 156014 1869868 3778061 577427 673916 435427 4846478 1346630 84537 1507506 256569 100428 294186 4091111 1287092 53661 36767 917437 2116382 49445
internal_value=-0.000213957 -0.0271722 0.0054416 -0.0198678 -0.0753598 -0.0441086 -0.000807767 -0.000610714 -0.0586555 0.0130992 -0.0111099 -0.0172314 0.000197527 0.00649766 -0.0273705 -0.00323762 -0.00939651 -0.0371321 -0.0362673 0.000426416 0.00254249 -0.00167365 0.0160892 0.0116008 0.00280205 -0.0830667 -0.0306636 -0.0326672 -0.0445683 -0.00578985
internal_weight=4.21113e+07 7.30252e+06 3.48088e+07 6.34128e+06 961235 1.68298e+06 1.91668e+07 1.91473e+07 762039 1.5642e+07 4.65831e+06 3.36691e+06 1.87229e+07 6.60648e+06 2.13881e+06 1.21164e+07 5.13932e+06 1.35544e+06 424399 1.2281e+06 5.21689e+06 3.97862e+06 1.23827e+06 1.45818e+07 3.49502e+06 431801 1.25118e+06 1.2259e+06 746884 156989
internal_count=34450160 17448812 17001348 11999542 5449270 5257637 12644539 12545807 3668531 4356809 6741905 5553934 11908891 2848925 3890414 9059966 5281905 3216498 636916 1663520 2271498 1720743 550755 4180069 1387520 1859625 3398012 3361245 2443808 327426
is_linear=0
shrinkage=0.1


Tree=28
num_leaves=31
num_cat=0
split_feature=9 4 3 9 11 10 6 10 2 2 9 3 3 8 10 11 9 9 6 7 7 5 10 8 10 6 6 11 8 6
split_gain=535468 238995 154992 75826.8 70549.2 67949.9 52117.2 52107.9 39718.1 37576.8 34394.9 32137.1 31708.2 29205.9 28570.4 28332.1 27804.8 27623.3 26944.1 29081.2 26782.2 25265.9 23208.8 34728.4 29768.6 29114.9 28673.3 40131.9 31020 26271.5
threshold=14.647208213806154 0.28447319567203527 35.500000000000007 5.279743194580079 0.78192542922038288 0.12545942051955489 28.350144386291507 -0.022576249993022688 66.742511749267592 26.549152374267582 18.600001335144047 130.50000000000003 295.50000000000006 27.597004890441898 -0.15101209918632377 -0.85225707553516283 10.759998798370363 18.170379638671879 16.020244598388675 1.0000000180025095e-35 15.44113063812256 0.4949003159999848 0.29342972903661901 31.940001487731937 -0.95244167294248061 31.760016441345218 31.030729293823246 -0.16799793862756093 12.856428146362306 22.880730628967289
decision_type=10 10 2 8 2 2 10 2 2 2 8 2 2 10 2 2 8 10 8 10 10 10 2 8 2 8 8 2 10 10
left_child=1 4 5 -3 9 13 18 -4 12 11 -7 22 -5 -2 -10 -13 -8 -9 19 -6 -11 -15 23 24 -1 -25 28 -28 -24 -26
right_child=2 3 7 8 6 10 16 17 14 20 -12 15 -14 21 -16 -17 -18 -19 -20 -21 -22 -23 26 25 29 -27 27 -29 -30 -31
leaf_value=-0.00036952932048004772 -0.03706947404575054 0.021497299526778091 -0.13874845866232663 0.0028567545111609985 -0.042640374985695992 -0.018688019724491103 -0.028828326826970504 -0.061806514062305785 0.0070871359039054328 0.040044643965039373 -0.099212845920014781 0.014045580254075526 -0.19873890348502288 -0.10417637507664748 0.019326060073085211 -0.08243548623036713 -0.082745492379282526 -0.13307834020954126 -0.027990996675041648 0.026116359444192428 0.0013453628634282682 0.015112522683043295 -0.09381823199359926 0.032499495442288369 0.030948662146957358 -0.0093766703368721761 -0.00048111151874505689 -0.031273248176597428 0.016797135963871904 -0.035271409841504689
leaf_weight=381778.9942060858 165146.11844323575 3441432.9725440145 150505.45284722 16287389.641679585 85628.716489896178 1555038.532571204 161161.88440328836 411826.24755797535 5724790.184073329 195507.1633400619 54917.038188479841 42165.961842402816 7805.794932231307 192350.0663209483 2860338.332108438 109414.80785943568 235278.12724435329 62653.264828883111 839116.28395209461 218442.8041960746 2096415.0883984268 19561.227973744273 26172.245835721493 179459.29683856666 62928.357490301132 2218379.0661339387 1642061.7435748279 570253.70872110128 808855.86027163267 1249399.0642050505
leaf_count=408529 663092 746342 1452591 7147499 159936 3621842 234977 2121525 1690937 141058 367101 70671 34937 1352112 780124 385111 916702 605432 1875013 249900 1332396 20203 38723 147205 88479 2449193 1771441 993885 892343 1690861
internal_value=-0.000197018 0.00270665 -0.0440457 0.00758465 -0.00971454 -0.0303841 -0.0295839 -0.0874801 0.00566026 -0.0065222 -0.0214348 -0.0100331 0.00276019 -0.0685959 0.0111648 -0.0555969 -0.0608269 -0.0712177 -0.0187493 0.00675397 0.00464652 -0.093165 -0.00906574 -0.0139861 -0.0249462 -0.00624257 -0.00245876 -0.00841819 0.0133301 -0.032096
internal_weight=4.20562e+07 3.94442e+07 2.612e+06 2.83218e+07 1.11224e+07 1.98701e+06 1.53963e+06 624985 2.48803e+07 9.58279e+06 1.60996e+06 7.29087e+06 1.62952e+07 377057 8.58513e+06 151581 396440 474480 1.14319e+06 304072 2.29192e+06 211911 7.13929e+06 4.09194e+06 1.69411e+06 2.39784e+06 3.04734e+06 2.21232e+06 835028 1.31233e+06
internal_count=34450160 24246262 10203898 10399839 13846423 6024350 3436528 4179548 9653497 10409895 3988943 8936441 7182436 2035407 2471061 455782 1151679 2726957 2284849 409836 1473454 1372315 8480659 4784267 2187869 2596398 3696392 2765326 931066 1779340
is_linear=0
shrinkage=0.1


Tree=29
num_leaves=31
num_cat=0
split_feature=9 9 11 0 10 3 10 8 9 8 10 7 6 4 2 6 11 6 8 11 11 1 11 11 3 8 10 9 6 11
split_gain=446555 205118 108195 104675 87132.7 60623 54076.5 88558 41953.2 41551.6 67985.1 40915.4 39269.6 37625 35157.7 33489.7 33495.9 48463.6 41888.3 30056.1 29753.8 29536.2 27217.4 26941.5 26046.4 24522.3 24034.9 23051.5 23026.8 23117.2
threshold=11.519999027252199 16.25000095367432 0.31595530242620651 5.7984876632690439 -0.0053757284505435614 405.00000000000006 0.42179998225932674 27.067143440246586 18.600001335144047 30.227694511413578 0.54219432480460406 2.0038683414459233 30.53642559051514 74.13019180297853 45.73535346984864 41.360345840454109 -0.79382744783423187 32.270099639892585 30.40000152587891 -0.67801649466304881 -0.15950993297387572 1.0000000180025095e-35 0.029024409397335523 -0.52034141052533245 9.5000000000000018 18.616177558898929 0.61237135649459018 7.0599999427795419 32.170053482055671 0.83258597624099873
decision_type=10 8 2 2 2 2 2 8 10 10 2 10 10 8 2 8 2 8 8 2 2 10 2 2 2 10 2 8 10 2
left_child=3 2 15 5 24 9 7 -4 23 10 14 -12 -11 28 19 16 18 21 -2 -1 -14 -18 -19 -6 -3 -25 -27 -21 29 -5
right_child=1 4 6 13 8 -7 -8 -9 -10 12 11 -13 20 -15 -16 -17 17 22 -20 27 -22 -23 -24 25 -26 26 -28 -29 -30 -31
leaf_value=-0.030855204352218807 -0.042653040987532219 -0.051975336752389904 -0.020857382527617728 0.013181921870057615 -0.0010232756275709146 -0.19304442655567922 -0.015988317456176477 -0.070642390573243771 -0.11109032200402934 0.01736885725223181 -0.031233618163580962 0.023053399077181961 0.0038302764747120024 0.033871451920818932 -9.6162223645340608e-06 -0.036646414952842481 0.018968913277541685 -0.013486232957256745 0.012945802557075951 0.0095676050905347358 -0.010029450230262525 -0.015047907363190283 -0.042212152638892463 0.089998136991969499 -0.14555838387265393 -0.099481264517633283 -0.043682735465522447 -0.01579246053859806 0.0017666084384304873 -0.015564275211434532
leaf_weight=1097126.5011325777 149856.76558952034 37371.189595595002 750429.10245727003 10633099.616524965 137328.33599644154 16204.720595635474 1232079.5490088761 682028.80493945628 96286.658783636987 1811094.9629408866 161048.002044186 1006516.681933701 9119668.2681640685 722685.05551350117 1816509.0178547651 345371.49230743945 714632.19278747588 1763478.1244564876 1415096.5895957649 450941.9920374006 1865842.3572791219 397079.50359727442 405721.68793198466 12066.566679127514 145660.9994148612 95253.606071405113 407214.22104041278 1747028.0929407626 2488616.4896473587 287311.60545668006
leaf_count=731930 168074 176913 1985068 2749902 319742 94143 2372601 2879312 810201 795836 163872 536205 4933006 102698 775492 660601 839318 2374974 1028685 212029 1544277 326653 976510 21197 1603826 718686 1798705 1805852 839973 103879
internal_value=-0.000181051 -0.0202286 -0.0149684 0.00512111 -0.0646059 0.000291979 -0.0313492 -0.0445613 -0.0494758 0.000456216 -0.00620646 0.0155653 0.00372553 0.0116453 -0.0111795 -0.00656056 -0.00441629 -0.0101583 0.00762177 -0.0173371 0.00147626 0.00681884 -0.0188591 -0.0403747 -0.126451 -0.0508775 -0.0542605 -0.0105895 0.0104474 0.0124256
internal_weight=4.20106e+07 8.78696e+06 7.85577e+06 3.32237e+07 931182 1.9092e+07 2.66454e+06 1.43246e+06 748149 1.90758e+07 6.27917e+06 1.16756e+06 1.27966e+07 1.41317e+07 5.11161e+06 5.19124e+06 4.84586e+06 3.28091e+06 1.56495e+06 3.2951e+06 1.09855e+07 1.11171e+06 2.1692e+06 651863 183032 514534 502468 2.19797e+06 1.3409e+07 1.09204e+07
internal_count=34450160 19061066 13611796 15389094 5449270 11592642 7236981 4864380 3668531 11498499 4225380 700077 7273119 3796452 3525303 6374815 5714214 4517455 1196759 2749811 6477283 1165971 3351484 2858330 1780739 2538588 2517391 2017881 3693754 2853781
is_linear=0
shrinkage=0.1


Tree=30
num_leaves=31
num_cat=0
split_feature=9 9 11 10 9 8 10 3 9 9 10 8 8 3 10 6 10 10 3 4 0 3 3 1 11 3 11 7 8 6
split_gain=366265 189074 97040.9 79862.6 75567.4 53443.9 66917.4 42933.8 38535.7 37905.8 32773.7 47979.7 29776.9 29291.8 28152.5 27636.5 32561.1 27060.9 26801.3 26020.4 25987.6 21965.6 20017.1 20285.4 36408.9 19432.7 21750.2 18561.6 20716.3 18322.8
threshold=10.759998798370363 16.100001335144047 0.31595530242620651 -0.0053757284505435614 6.9204683303833017 28.687313079833988 0.84313847884979054 69.500000000000014 3.9730539321899419 18.170379638671879 0.21022171450811275 29.390223503112797 33.277143478393562 35.500000000000007 0.85673801594079257 41.360345840454109 -0.70291267844185523 -0.11692013674435776 61.500000000000007 0.8637300729751588 22.026540756225589 59.500000000000007 134.50000000000003 1.0000000180025095e-35 -0.22700609751797865 2.5000000000000004 0.80798785254895478 8.1402940750122088 24.35428619384766 33.840059280395515
decision_type=10 8 2 2 8 8 2 2 8 8 2 8 8 2 2 10 2 2 2 8 2 2 2 10 2 2 2 10 10 8
left_child=4 2 15 13 8 -4 25 10 -1 21 11 19 20 -3 -8 16 -2 -9 27 -6 22 -5 23 24 -10 -7 -27 -18 -29 -12
right_child=1 3 5 9 7 6 14 17 12 -11 29 -13 -14 -15 -16 -17 18 -19 -20 -21 -22 -23 -24 -25 -26 26 -28 28 -30 -31
leaf_value=0.033874112912786386 -0.019501672372378952 -0.083695008006751767 -0.01592525795164591 -0.025307498146865649 -0.026997980712860099 -0.025772855219286461 0.092501788694537304 -0.1570839335101458 0.0050428467498635186 -0.090066493588640745 0.01321948958938482 0.002274021263353678 0.028070335425689086 -0.16320936916277773 -0.011223956179962823 -0.032922640675498403 -0.043948120898184603 -0.034577892464670433 -0.034359575231064053 -0.0051992128330425463 0.016467980354111778 -0.072919427976155665 -0.1794770300968756 0.0025857838356379698 0.04151178179819405 -0.050904626569588024 -0.087160366320564675 0.03647358757008478 0.00070867731028657183 -0.0012400813631506767
leaf_weight=751844.56404618919 1065380.1681651026 120382.75428445637 1916578.9550445974 566420.80524138361 869203.58584108949 172023.35034818947 29123.291375383735 21032.048851236701 851998.71736806631 143018.21351670474 3418201.6565422565 12891773.780221745 874791.44647577405 75313.727307774127 257719.15148382634 336454.88758705556 89915.034857928753 126381.52334453166 222437.85715731233 1479888.9923813045 2998865.8764750361 116894.52406357229 5864.3082836195827 5156954.8123327494 403357.1847101748 492862.32970135659 249093.14043988287 167474.4368750155 4915655.0762399584 1178504.5761236995
leaf_count=139565 1557395 932599 3998727 1982105 866660 224853 29138 83093 363147 1145016 1556164 6224307 249595 983717 452518 630567 102731 271165 621146 619430 567615 807982 22889 1638173 148932 1746352 1226163 125330 4403922 729164
internal_value=-0.000166298 -0.0159021 -0.0116807 -0.0568546 0.00538014 -0.0262893 -0.0428309 0.00171163 0.0120188 -0.043251 0.00211118 -0.000121045 0.0104222 -0.114296 -0.000692617 -0.00498081 -0.00352571 -0.0520563 -0.000371136 -0.0132651 0.00878281 -0.0334525 0.00519195 0.00536084 0.0167606 -0.0560555 -0.0630766 0.00109035 0.00188703 0.00951234
internal_weight=4.19654e+07 1.09367e+07 9.91472e+06 1.02203e+06 3.10287e+07 3.1174e+06 1.20082e+06 1.9985e+07 1.10437e+07 826334 1.98376e+07 1.52409e+07 1.02918e+07 195696 286842 6.79732e+06 6.46086e+06 147414 5.39548e+06 2.34909e+06 9.41704e+06 683315 6.41818e+06 6.41231e+06 1.25536e+06 913979 741955 5.17304e+06 5.08313e+06 4.59671e+06
internal_count=34450160 20970261 15118842 5851419 13479899 7677751 3679024 10349983 3129916 3935103 9995725 7710397 2990351 1916316 481656 7441091 6810524 354258 5253129 1486090 2740756 2790087 2173141 2150252 512079 3197368 2972515 4631983 4529252 2285328
is_linear=0
shrinkage=0.1


Tree=31
num_leaves=31
num_cat=0
split_feature=9 9 3 11 9 10 10 8 10 3 10 7 9 1 3 0 6 7 11 9 9 9 8 6 2 11 8 1 11 3
split_gain=307652 145469 109487 73608 47521.6 46107.6 43294.1 42419.1 41553.3 41503.6 32758 30388.1 33430.4 26723.9 25372.8 24049.5 23400.5 21800.9 21131.2 21095.1 20951.9 20758.4 20614 25002.1 22990.6 26517.8 21433.2 20597.7 20412.5 25073.2
threshold=14.647208213806154 8.8438520431518572 35.500000000000007 0.78192542922038288 4.7100000381469735 -0.71504373327588355 0.12545942051955489 26.757143974304203 -0.022576249993022688 405.00000000000006 -0.048361574224334618 11.979791641235353 11.519999027252199 1.0000000180025095e-35 66.500000000000014 23.10902309417725 25.19014930725098 27.990239143371586 -0.46800559042974538 18.079998970031742 16.200165748596195 17.810787200927738 31.461536407470707 31.451167106628422 40.337198257446296 -0.29342786347392819 27.427142143249515 0.11438561603426935 0.31595530242620651 4.5000000000000009
decision_type=10 10 2 2 8 2 2 10 2 2 2 8 8 8 2 2 10 10 2 10 10 10 8 10 2 2 10 10 2 2
left_child=1 4 6 5 27 11 16 13 20 10 14 -3 -13 -5 22 -12 -2 -7 -8 -20 -4 -10 24 -24 25 26 -6 -1 -18 -30
right_child=2 3 8 7 9 17 18 -9 21 -11 15 12 -14 -15 -16 -17 28 -19 19 -21 -22 -23 23 -25 -26 -27 -28 -29 29 -31
leaf_value=0.048582317312023046 -0.013291847326413473 0.036123694887531303 -0.081827555105390942 -0.0062664947374916832 -0.04894390582624461 0.0013781410491875976 -0.00018226599511130456 -0.047617819784415247 -0.047786725808951547 -0.19680761717399611 0.0091303384831824749 -0.0089834237386001905 -0.032150634655812492 -0.046960869836823474 -0.13615838621464846 0.025604086170346509 -0.031234220745292609 -0.02385364274458197 -0.019995109000666103 -0.075315102244534471 -0.16120884361820337 -0.10520711499686507 0.015635744344533044 0.0031635745121431171 0.0039894389023816101 0.0057863304458326964 -0.01081689633901417 0.018004150176167646 -0.0076530883196581148 -0.10797648210199476
leaf_weight=251805.88926488906 103304.28290301561 127345.55905380845 67960.685129575431 883037.24971523136 162111.85591199994 10248563.682981327 584641.26273790002 559910.0236729905 383993.05474252254 10111.287119276822 3986891.2880223542 3192195.573585771 773861.15049533546 197458.12779851258 12979.787460401654 1139443.8874816895 90626.550330162048 354273.43086610734 940535.24920698255 74383.057464033365 65099.679452553391 75307.045209564269 2573665.0385258496 4280513.2849225551 6185368.3967112601 1043533.9112822413 1629319.2328948975 1760098.0712877512 30341.262446977198 139214.91581718624
leaf_count=64169 388192 138674 524554 1608166 104816 7923922 963443 1581541 1963949 67001 1737584 2329488 1595768 215070 40010 222240 360511 409677 2504347 521153 928037 763008 859500 1762694 1889553 529182 813267 353940 89025 1197679
internal_value=-0.000152231 0.00203006 -0.0337758 -0.00518782 0.00714885 -0.00294521 -0.0224053 -0.0252791 -0.071457 0.00574381 0.00584127 -0.0119599 -0.0135038 -0.0137033 0.00359852 0.012792 -0.0535587 0.000535069 -0.015326 -0.0240495 -0.120665 -0.0572014 0.00371279 0.00784673 0.000571577 -0.00688556 -0.0142671 0.0218313 -0.0695465 -0.0900241
internal_weight=4.19279e+07 3.93725e+07 2.55541e+06 1.63366e+07 2.30358e+07 1.46962e+07 1.96305e+06 1.64041e+06 592360 2.10239e+07 2.10138e+07 4.0934e+06 3.96606e+06 1.0805e+06 1.58875e+07 5.12634e+06 363487 1.06028e+07 1.59956e+06 1.01492e+06 133060 459300 1.58745e+07 6.85418e+06 9.02033e+06 2.83497e+06 1.79143e+06 2.0119e+06 260183 169556
internal_count=34450160 24246262 10203898 15802306 8443956 12397529 6024350 3404777 4179548 8025847 7958846 4063930 3925256 1823236 5999022 1959824 2035407 8333599 3988943 3025500 1452591 2726957 5959012 2622194 3336818 1447265 918083 418109 1647215 1286704
is_linear=0
shrinkage=0.1


Tree=32
num_leaves=31
num_cat=0
split_feature=2 9 10 2 3 4 11 9 9 11 8 11 2 11 10 9 10 8 8 11 9 8 6 9 11 8 11 8 1 7
split_gain=259881 166714 66718 58231.9 53585.3 53067.1 36545.2 33942.4 33408.9 30986.3 40698.3 30012.8 28133.4 25103.4 22483.3 22304.6 25196.9 21349.1 20845.8 24890.9 42900.1 31026.4 21939.7 20177.2 19195.9 19042.6 57672.1 22462 22290.8 18804.2
threshold=3.7912069559097294 15.73520088195801 -0.031173458710879235 83.068527221679702 405.00000000000006 1.0000000180025095e-35 0.8852232634113919 12.509542465209963 18.600001335144047 0.78192542922038288 29.029999732971195 0.99958851518450398 375.85374450683599 0.79253265336324141 -0.93545489084327571 9.2400302886962908 -0.31799228562170639 19.805377960205082 37.538572311401374 -0.30164489695395946 8.948179244995119 28.975737571716312 36.690071105957038 17.210001945495609 0.95178258287705175 32.145544052124031 -0.31800055644052067 28.744288444519047 1.0000000180025095e-35 10.838284969329836
decision_type=2 10 2 2 2 10 2 8 10 2 10 2 2 2 2 10 2 10 10 2 10 8 10 10 2 10 2 8 8 10
left_child=1 4 23 6 5 7 15 18 13 -9 11 -11 14 -4 -5 -2 29 -15 19 21 -21 -1 -20 -3 -22 26 27 -7 -28 -17
right_child=3 2 8 12 -6 25 -8 9 -10 10 -12 -13 -14 17 -16 16 -18 -19 22 20 24 -23 -24 -25 -26 -27 28 -29 -30 -31
leaf_value=-0.086240572833595833 0.004589677153850071 -0.079534874156740612 -0.024298372972706744 -0.0038052766225458927 -0.18411109916852389 -0.074579694691697951 -0.022556649905792394 -0.017425743142355066 -0.099922103162446277 -0.037003208915374543 -0.090088471239647874 0.048621063875381509 0.034758135040652421 0.048085373640331275 0.011610375808913605 0.032966948849429932 0.0017233666014523188 -0.084742919319639898 0.073312961059013346 0.029145627229804821 -0.0063690153257739083 -0.018962790866188461 0.0039749775949471473 -0.14436460496853726 -0.038184091719420957 0.0075239444218435318 0.011774316591344597 -0.02417272912817708 -0.026946570045309537 -0.012128891242892854
leaf_weight=74631.364021450281 14191887.181580812 138114.10016475618 626180.40340276808 1080972.0192618594 17606.269194342196 117716.65185776353 612609.47623738647 1882136.4177323803 82042.26881730184 476672.90267606825 141689.37799017131 44782.564622946084 471965.00445230305 13422.451215259731 7582742.2269606218 96195.20930365473 5605189.6781381816 122847.78624140471 54919.753574743867 317606.39003500342 1145002.0418183729 840797.65370926261 269897.62149102986 73586.221190039068 227292.23001496494 1783996.9668449908 883780.80761304498 355006.41140089929 178742.94040137529 2384999.1061545238
leaf_count=120288 5378777 1183022 2502432 375448 123570 118435 573721 4600269 792867 1713209 843349 88392 76545 38033 2087828 99223 3751006 923207 36739 270322 1875748 977017 310168 992203 534768 1192350 656830 251881 145969 1816544
internal_value=-0.000139493 -0.014328 -0.0518714 0.00423246 -0.00982822 -0.00947932 0.00153867 -0.0155273 -0.0392876 -0.0239751 -0.0425633 -0.0296498 0.0109822 -0.0327631 0.00968696 0.00220124 -0.00199055 -0.0716595 -0.00818921 -0.0111674 -0.0039734 -0.0244477 0.0156986 -0.102069 -0.0116385 0.000497509 -0.00766739 -0.036725 0.0052605 -0.0103805
internal_weight=4.1895e+07 9.86847e+06 1.05619e+06 3.20266e+07 8.81228e+06 8.79467e+06 2.28909e+07 5.47543e+06 844493 2.54528e+06 663145 521455 9.13568e+06 762451 8.66371e+06 2.22783e+07 8.08638e+06 136270 2.93015e+06 2.60533e+06 1.6899e+06 915429 324817 211700 1.37229e+06 3.31924e+06 1.53525e+06 472723 1.06252e+06 2.48119e+06
internal_count=34450160 20291068 6431764 14159092 13859304 13735734 11619271 11370269 4256539 7245219 2644950 1801601 2539821 3463672 2463276 11045550 5666773 961240 4125050 3778143 2680838 1097305 346907 2175225 2410516 2365465 1173115 370316 802799 1915767
is_linear=0
shrinkage=0.1


Tree=33
num_leaves=31
num_cat=0
split_feature=3 9 9 11 8 9 10 10 9 10 10 6 1 11 8 7 7 11 11 11 10 7 11 7 11 2 3 1 3 8
split_gain=223614 120899 83905.8 61172.2 63937.8 41070.8 38897.4 37771.8 34070.9 33113.6 31622.1 29926.4 29278.2 31985.1 26369.2 26153.6 26430.8 24525 28204.3 22422 21196.9 20674 38324.5 20424.2 19557.6 19538.6 19062.1 18519.4 17738.7 17507.4
threshold=36.500000000000007 9.8600788116455096 15.50999975204468 0.19969739736768838 20.790689468383793 4.7100000381469735 0.35846314187849709 -0.03977009085991149 16.25000095367432 -0.34235669412071207 -0.065535378769913874 40.730085372924812 6.8058037757873544 0.98174098242282837 41.568571090698249 18.750151634216312 10.534201145172121 0.99958851518450398 0.95691861501572195 0.9863035000474919 -0.99467753128998015 11.280004024505617 0.69521084835931835 8.8005638122558612 0.98005052076767474 91.522487640380874 405.00000000000006 0.1649255305528641 120.50000000000001 31.578572273254398
decision_type=2 10 8 2 8 8 2 2 10 2 2 8 8 2 10 8 10 2 2 2 2 8 2 8 2 2 2 8 2 8
left_child=1 5 9 11 12 27 8 -4 21 28 19 20 13 24 -13 16 -8 18 26 29 -3 22 -6 -22 -5 -12 -11 -1 -2 -7
right_child=2 3 7 4 6 10 15 -9 -10 17 25 14 -14 -15 -16 -17 -18 -19 -20 -21 23 -23 -24 -25 -26 -27 -28 -29 -30 -31
leaf_value=0.043829291756343168 -0.059456554056282529 -0.021965910359290641 -0.13234123137535278 0.018663222975451862 0.049833702887247117 -0.00076223845310037053 -0.041214733439936077 -0.059450275212406402 -0.089389167973026221 -0.011397404155144245 0.0066845081005285053 -0.047593924396326488 -0.055911051495709144 -0.03801172302148359 -0.0033225651751826652 -0.039361718961311402 0.00083749096296165332 0.052757881088344866 -0.057150500217642952 -0.083618677531204277 -0.044676196055803613 -0.036691458984512343 -0.032065885670546961 0.0010535682062422459 0.13914234589218152 0.018969913252948958 -0.1826421725729809 0.015134493817528731 -0.19805450824293983 0.005432768580003149
leaf_weight=258173.80297538266 125574.94343727827 444433.99653536081 90724.011295448989 638151.45324935764 84398.881412707269 10430980.649783045 176421.76306761429 328531.22846507281 107636.69161224365 817201.17860899493 5289525.0302140564 264145.04937185347 67279.989472791553 106043.51660105586 274203.26522482187 286116.01959656179 978084.77232252434 47931.290386795998 173226.84353962541 30675.589669853449 98907.233469858766 1183021.0149910823 176881.84726893902 7787381.9986769743 13764.464761793613 1714016.6302275956 6552.467089176178 1746003.9613298774 9967.3494147583842 8107484.7872812748
leaf_count=60831 527214 612040 1165525 807426 118508 4140902 454642 2238309 975507 1986977 2371274 554744 56695 235204 486164 505247 1721510 83384 661747 38969 114447 3063626 489226 6721749 7199 419778 46305 351169 61724 3372118
internal_value=-0.000127846 0.00132894 -0.0367943 -0.0067499 -0.0173335 0.00504565 -0.0241293 -0.0752234 -0.0351137 -0.0231456 0.00396528 -0.00219408 0.00731011 0.0129219 -0.0250447 -0.0122961 -0.00558857 -0.0171134 -0.0204725 0.00180569 -0.000717424 -0.0310688 -0.00561069 0.000480041 0.021207 0.00969119 -0.0127596 0.0188309 -0.0696486 0.00194704
internal_weight=4.18634e+07 4.02637e+07 1.59971e+06 1.26869e+07 3.8178e+06 2.75769e+07 2.99256e+06 419255 1.55194e+06 1.18045e+06 2.55727e+07 8.86907e+06 825239 757959 538348 1.44062e+06 1.15451e+06 1.04491e+06 996980 1.85691e+07 8.33072e+06 1.4443e+06 261281 7.88629e+06 651916 7.00354e+06 823754 2.00418e+06 135542 1.85385e+07
internal_count=34450160 27678975 6771185 16923934 8434790 10755041 7328266 3403834 4646867 3367351 10343041 8489144 1106524 1049829 1040908 2681399 2176152 2778413 2695029 7551989 7448236 3671360 607734 6836196 814625 2791052 2033282 412000 588938 7513020
is_linear=0
shrinkage=0.1


Tree=34
num_leaves=31
num_cat=0
split_feature=3 9 3 10 10 2 8 1 11 11 0 9 11 9 3 11 8 3 8 11 7 9 4 0 7 11 11 10 3 9
split_gain=183765 127622 58642.1 43327.2 37453 36805.8 34968.8 70291.9 28898.8 35745.2 25275.4 24597.7 23854.9 23517.9 23373.3 20954.6 28464.3 23961.1 20896.2 42991 23905.3 21144.9 20364.4 20018.8 18593.9 18133.8 29322.9 18391.8 18063.4 17780.5
threshold=1.5000000000000002 17.210001945495609 37.500000000000007 -0.34235669412071207 0.57077594689671507 118.69426727294923 28.862753868103031 1.0000000180025095e-35 0.9989598388634241 0.96177147954086928 4.8175523281097421 5.4300012588500985 -0.67801649466304881 3.9730539321899419 405.00000000000006 -0.85225707553516283 34.236398696899421 142.50000000000003 18.616177558898929 0.79773375822167203 16.302390098571781 13.190001487731935 1.0000000180025095e-35 118.52466201782228 14.390172004699709 0.98174098242282837 0.99855310097228334 0.29342972903661901 120.50000000000001 10.642842292785646
decision_type=2 10 2 2 2 2 8 8 2 2 2 8 2 8 2 2 8 2 8 2 8 10 10 2 8 2 2 2 2 10
left_child=5 2 11 28 -3 6 7 12 9 14 -9 -2 -1 -8 15 16 -5 -17 25 20 -20 -21 29 -7 -23 27 -27 -13 -4 -22
right_child=1 4 3 8 -6 23 13 10 -10 -11 -12 18 -14 -15 -16 17 -18 -19 19 21 22 24 -24 -25 -26 26 -28 -29 -30 -31
leaf_value=-0.021607321100044416 0.039134653527169411 -0.11424730371230557 -0.067655823407827304 -0.12798997419475072 -0.046293171198302924 0.0099704606122770333 0.034657948538863677 -0.021084320899055663 0.037678457113402855 -0.067802588318508258 -0.0039253964372369934 0.053511499852516853 0.020916972036941376 0.0037515271233324273 -0.1805033045017099 -0.015321383825516333 0.039648162689123134 -0.061590357996715639 0.0089758891468594126 -0.016867938468869245 -0.0048221370393987861 -0.037185840418789522 -6.4677448101122835e-05 0.036088084952238413 -0.097002756341358409 -0.071005444906821827 0.040691770281938669 0.0072390324345499388 -0.19779765650170861 -0.016967480444897938
leaf_weight=151204.33239039779 118115.94228184223 122720.02714163437 148756.48769452423 11228.888161346316 239184.57895134762 5028296.6409250349 249253.96528667212 1766799.0284820199 76777.980613905936 171743.73018530011 1669762.2991362959 133437.48233861104 1034237.1486479975 20146715.179271959 8820.4808317609131 749433.51295988634 103381.19198976457 131575.44031808525 989475.42854298279 546333.09784696996 2250888.3447917812 263614.4127231352 2401534.4201544076 311664.92491066456 64725.684487368912 56826.221657603979 40079.583051942289 241099.09400096536 11488.829658862203 2595094.6459058225
leaf_count=83359 52000 1540344 861821 29001 1608395 1259996 46752 1308874 187014 865999 551282 185553 509212 8538121 68244 2300243 136806 513581 2024354 1056418 2030114 1089788 1544896 39024 418249 137575 52397 296529 82260 5031959
internal_value=-0.000116886 -0.0108964 -0.00899353 -0.028025 -0.0693361 0.00395815 0.00234948 -0.00550416 -0.0217631 -0.0256433 -0.0127471 -0.00622116 0.015493 0.00412923 -0.0184347 -0.0169989 0.0232239 -0.0222315 -0.00678019 -0.00784237 -0.00560401 -0.0289214 -0.00759455 0.0114948 -0.0489775 0.0137487 -0.0248082 0.0237247 -0.0769864 -0.0113261
internal_weight=4.18343e+07 1.14763e+07 1.11144e+07 1.41321e+06 361905 3.03579e+07 2.5018e+07 4.622e+06 1.25296e+06 1.17618e+06 3.43656e+06 9.70122e+06 1.18544e+06 2.0396e+07 1.00444e+06 995619 114610 881009 9.58311e+06 9.11167e+06 8.23699e+06 874673 7.24752e+06 5.33996e+06 328340 471442 96905.8 374537 160245 4.84598e+06
internal_count=34450160 22113540 18964801 5044969 3148739 12336620 11037600 2452727 4100888 3913874 1860156 13919832 592571 8584873 3047875 2979631 165807 2813824 13867832 13195778 10631323 2564455 8606969 1299020 1508037 672054 189972 482082 944081 7062073
is_linear=0
shrinkage=0.1


Tree=35
num_leaves=31
num_cat=0
split_feature=9 9 3 11 8 7 11 10 3 9 8 3 7 1 11 3 11 3 10 6 10 0 8 11 10 6 7 3 7 10
split_gain=153577 76497.7 63950.6 49238.2 36257.3 31432.3 28573 27415.4 25601.9 24569 24257.7 24657.3 23623.1 23146.3 22601.7 22816.3 22747.5 20181.9 19970.5 28661.4 19467.6 19237.6 18775.4 18310.8 20112.4 32367.2 20888 16249.1 15403.2 16567.5
threshold=14.900000095367433 8.1367740631103533 38.500000000000007 0.5475998096715059 20.31369781494141 -1.0000000180025095e-35 -0.46800559042974538 -0.03977009085991149 1.5000000000000002 3.9730539321899419 33.751338958740241 171.50000000000003 25.250028610229496 1.8056158423423769 0.98174098242282837 50.500000000000007 0.9989598388634241 377.50000000000006 0.58481550752069722 29.94132232666016 -0.86976336936302323 12.833466529846193 31.69715785980225 0.99988440732898443 0.27694220057652758 29.370143890380863 10.838284969329836 2.5000000000000004 2.0038683414459233 -0.72696319516528884
decision_type=10 8 2 2 8 10 2 2 2 10 8 2 8 8 2 2 2 2 2 10 2 2 8 2 2 8 10 2 8 2
left_child=1 9 6 8 5 -5 -2 -4 20 -1 11 12 21 14 15 -7 -16 -10 19 28 -3 22 -11 24 -6 26 -26 -28 -8 -30
right_child=2 3 7 4 23 13 18 -9 17 10 -12 -13 -14 -15 16 -17 -18 -19 -20 -21 -22 -23 -24 -25 25 -27 27 -29 29 -31
leaf_value=0.023836028357578379 0.0033020353491955931 -0.0055397494228438537 -0.10719851362482469 -0.040495053835827834 -0.029506717749587019 0.034001585378934052 0.049689265975703001 -0.046605069026620871 -0.0057857749206702003 8.0040232955016293e-05 0.017569792629459059 -0.19625772169864028 -0.006900422415380067 -0.02698389463971379 -0.053163936122670202 -0.092214521170071895 0.046513998046749404 -0.17922126344521369 -0.015783651649693111 -0.081357515228785857 0.0041288557082046207 0.010009110210033915 0.011394659358231156 0.048489276667714326 -0.031703721018768866 -0.037959494273341193 -0.0075896051229075974 0.027738919020327185 0.0076507433822035689 -0.048034547912598466
leaf_weight=745183.39596123248 494550.75167740881 2685666.7852765024 92812.056211601943 134812.52963428199 1356970.4070167691 455914.20663350821 25112.157557986677 381988.6100050211 6161195.3773710802 6700641.8580316007 1475312.3597825691 6135.5698910802603 1699692.5553207695 123832.24034069479 71485.504832841456 14786.937256224453 33682.233716838062 6716.7685011476278 779492.47730746865 132292.51889959723 9272613.1048959196 5809297.41841501 1877532.0634463429 37826.656689994037 147046.1755816564 299616.43352930248 247889.20088875294 274196.23266551644 74512.117869090289 188826.8957516104
leaf_count=139565 859677 1437372 1227056 214121 3124669 444607 63701 2480259 7346952 2704126 528057 38045 654980 92573 153441 51271 41207 59910 2321548 1115670 4436608 1282009 668200 53437 270984 677955 184583 442538 251563 1083476
internal_value=-0.000106851 0.00131112 -0.026013 -0.00276006 -0.0142 0.00371925 -0.0169258 -0.0584496 -0.000741674 0.00605153 0.00529719 0.00417213 0.00424857 0.0122381 0.0206722 0.0300365 -0.0212399 -0.00597464 -0.0252605 -0.0428178 0.00195742 0.00556568 0.00255651 -0.0205269 -0.0216494 -0.0106433 0.00158805 0.0109647 -0.0251423 -0.0322783
internal_weight=4.18076e+07 3.9638e+07 2.16959e+06 2.13243e+07 3.19806e+06 834514 1.69479e+06 474801 1.81262e+07 1.83138e+07 1.75686e+07 1.60933e+07 1.60872e+07 699701 575869 470701 105168 6.16791e+06 1.20024e+06 420744 1.19583e+07 1.43875e+07 8.57817e+06 2.36355e+06 2.32572e+06 968748 669132 522085 288451 263339
internal_count=34450160 25047210 9402950 19032228 5751386 997220 5695635 3707315 13280842 6014982 5875417 5347360 5309315 783099 690526 495878 194648 7406862 4835958 2514410 5873980 4654335 3372326 4754166 4700729 1576060 898105 627121 1398740 1335039
is_linear=0
shrinkage=0.1


Tree=36
num_leaves=31
num_cat=0
split_feature=9 11 2 9 3 4 8 11 10 10 8 10 6 11 7 11 2 3 9 10 11 8 1 2 11 10 8 7 8 8
split_gain=126906 58261.7 54567.3 52326 33499.2 33394.7 27570.3 26430.1 29153.7 24246.8 24040.9 70448.8 47711.3 39658.8 35740.8 31269.6 30205 23421.6 23330.6 22188.7 20643.4 26582.7 22213.2 20521 16640.5 19278.9 16120 17376.3 15898 15333.2
threshold=13.872105598449709 0.42763731121559989 33.260227203369148 18.079998970031742 405.00000000000006 1.0000000180025095e-35 29.875714302062992 0.90438663683299525 -0.57078386445773377 0.84313847884979054 31.940001487731937 0.55656748448714433 32.270099639892585 -0.85225707553516283 2.7907195091247563 -0.87810534180523914 4.941770315170289 157.50000000000003 9.0407443046569842 0.85673801594079257 -0.80417042486635371 31.66068267822266 1.0000000180025095e-35 215.81109619140628 0.99958851518450398 0.58481550752069722 34.048574447631843 26.040122985839847 29.131464004516605 19.211283683776859
decision_type=10 2 2 10 2 10 8 2 2 2 10 2 10 2 10 2 2 2 10 2 2 10 10 2 2 2 10 10 8 10
left_child=2 20 4 5 10 6 24 8 -4 -8 11 15 -12 26 -13 16 28 -15 -17 -11 -2 22 29 -10 25 -3 -14 -28 -1 -22
right_child=1 3 7 -5 -6 -7 9 -9 23 19 12 14 13 17 -16 18 -18 -19 -20 -21 21 -23 -24 -25 -26 -27 27 -29 -30 -31
leaf_value=-0.082430821379249078 0.010807189419874554 -0.039782108712196652 0.0012184721981885389 -0.11316880899764999 -0.17023724121306005 0.018175819710369072 -0.073599823963086591 -0.036226092385713698 0.0075861692731774956 0.096795366482091694 0.015546482763992923 -0.031212591609843118 -0.0075726176994288189 -0.0075720778313896567 0.014123922832960071 -0.0015347097704632464 -0.015823277810317091 -0.082787010794499238 -0.014408464526175939 -0.040936034565859161 -0.10483263422741181 -0.020368480049493019 -0.031726539322331514 0.021687284358134218 0.037666522442447087 -0.0045176203794818357 0.017945061174954671 0.0015824810357296306 -0.035474979120218839 0.019258988251294677
leaf_weight=107110.85468503833 445609.60300000012 495498.21099513769 8318364.3152875006 80282.573849629611 11859.781929086894 129542.83904463798 257052.88754189387 151738.26257233322 9710223.0518719256 16349.263903237879 1904336.1224587038 190910.30327214301 671875.79782088101 4401002.1407202855 1950104.0019430816 3079769.2854120471 996133.85310548544 41793.951633870602 2592878.3005240411 41103.367264561355 10200.093363385648 1401700.5645334534 124148.36169605702 1154756.5787925869 39807.427931610495 225615.766774524 1304769.7925335914 1291353.6742162406 220621.82786870003 418620.35309807956
leaf_count=132057 559335 2794284 2898593 1087372 111441 142305 1959965 97429 3188299 29891 937474 199673 374124 4036197 1433674 1767549 505878 149795 4002057 180834 27153 4084576 159828 221303 116136 643291 667035 928537 205940 808135
internal_value=-9.72686e-05 -0.0178163 0.00161676 -0.0349985 -0.00222482 -0.0297903 -0.0355681 0.00534499 0.00567381 -0.0604731 -0.00211856 -0.00579145 0.00137189 -0.00212882 0.0100813 -0.0106487 -0.0244873 -0.00827963 -0.0074191 -0.00174188 -0.00861592 -0.0130438 0.0055231 0.00908487 -0.0252744 -0.0287489 0.00623313 0.00980605 -0.0508213 0.0163073
internal_weight=4.17851e+07 3.68553e+06 3.80996e+07 1.28525e+06 1.87645e+07 1.20497e+06 1.07543e+06 1.93351e+07 1.91833e+07 314506 1.87527e+07 9.13753e+06 9.61513e+06 7.7108e+06 2.14101e+06 6.99651e+06 1.32387e+06 4.4428e+06 5.67265e+06 57452.6 2.40028e+06 1.95467e+06 552969 1.0865e+07 760921 721114 3.268e+06 2.59612e+06 327733 428820
internal_count=34450160 12593105 21857055 6954078 15451431 5866706 5724401 6405624 6308195 2170690 15339990 8246828 7093162 6155688 1633347 6613481 843875 4185992 5769606 210725 5639027 5079692 995116 3409602 3553711 3437575 1969696 1595572 337997 835288
is_linear=0
shrinkage=0.1


Tree=37
num_leaves=31
num_cat=0
split_feature=3 9 9 11 8 10 1 0 6 8 11 10 11 11 11 8 10 10 6 8 3 10 6 7 7 7 10 11 7 10
split_gain=108692 63202.4 55497.4 38727 45350.1 26824.1 24827.3 21993 21770.4 23419.1 21483.5 21237.9 20479.5 25397.1 19678.3 19581.9 19139.8 17234.9 16958.2 16255.2 15117.2 14834.6 30246.3 25095.4 17233.4 22130.7 15199.3 14832 14446.6 14293.5
threshold=37.500000000000007 8.8438520431518572 16.960001945495609 0.3484035575467645 20.31369781494141 -0.34235669412071207 3.1486009359359746 32.222051620483406 40.940166473388679 41.842855453491218 0.98174098242282837 -0.31799228562170639 0.9989598388634241 0.96177147954086928 0.97062204580664158 33.380012512207038 -0.074117382312902977 -0.2102246306142678 32.99000549316407 29.632857322692875 120.50000000000001 -0.34235669412071207 22.350226402282718 17.900031089782718 10.534201145172121 18.370016098022464 0.91248814248966237 0.98005052076767474 9.3503532409667987 0.27694220057652758
decision_type=2 10 8 2 10 2 8 2 10 10 2 2 2 2 2 10 2 2 10 10 2 2 8 10 10 10 2 2 10 2
left_child=1 7 5 8 6 20 10 15 11 -10 27 -3 13 -7 21 29 -16 -4 -17 28 -2 22 -6 -24 -23 -26 -27 -5 -15 -1
right_child=2 3 17 4 14 12 -8 -9 9 -11 -12 -13 -14 19 16 18 -18 -19 -20 -21 -22 24 23 -25 25 26 -28 -29 -30 -31
leaf_value=0.00071877171841096558 -0.052212851561350748 -0.0059685464337247912 -0.14664524121155884 0.019355085433294304 0.038801935107504779 -0.011517296448478175 -0.034122239933303607 0.011682618268292023 -0.04353987352967173 0.00085715790967775911 -0.024879470050819877 0.0024750574961450566 0.036471368717361445 -0.08889276949076895 -0.087735468782123086 0.019457544938568265 -0.028711575801751699 -0.064252984559953916 0.0035042479167030102 -0.14359016363725674 -0.1966851688430844 -0.034860982210330925 -0.047731619301705802 -0.015882097639067949 0.0025009656619109262 -0.042142355847497828 0.015023260825143667 0.12558217760218246 -0.02111688065277062 0.0098809363095776412
leaf_weight=14786394.941678658 137785.22987183183 4541114.5796292871 30461.083779189736 610010.89069114253 69899.159640341997 959533.45509775355 123901.14576487243 3476906.2620253563 247171.73713632673 228788.08130738139 118051.86884310469 8659173.1574309207 74434.968424703926 46540.490294061601 72871.92002595216 1255143.4232411683 223253.02533306181 152455.46167358756 1420313.1112257242 18127.559047155082 7644.5802813693881 224257.88720472157 425242.67550039291 591525.33042352647 951535.34458846226 214604.51014663279 59380.247715845704 13433.479090690613 96991.386436928064 1924312.5940564871
leaf_count=5685503 792529 3920580 522838 728712 107005 2847775 98694 653509 544683 409130 243411 6974965 177085 259046 322238 395598 665546 1414038 662196 160262 64477 626225 1846105 985182 1726271 396879 71156 7493 390230 750799
internal_value=-8.87551e-05 0.000904102 -0.026303 -0.00364229 -0.0127217 -0.0192553 0.00731336 0.00435902 -0.00118729 -0.0221988 0.0142371 -0.00042968 -0.0143228 -0.0176949 -0.0188427 0.00304553 -0.0432365 -0.0779738 0.0109885 -0.0543625 -0.0598071 -0.0159948 -0.0248282 -0.0292025 -0.00937381 -0.00470992 -0.0297529 0.021644 -0.0430933 0.00177384
internal_weight=4.17613e+07 4.02373e+07 1.52397e+06 1.73742e+07 3.69797e+06 1.34106e+06 865397 2.28631e+07 1.36762e+07 475960 741496 1.32003e+07 1.19563e+06 1.12119e+06 2.83257e+06 1.93862e+07 296125 182917 2.67546e+06 161659 145430 2.53645e+06 1.08667e+06 1.01677e+06 1.44978e+06 1.22552e+06 273985 623444 143532 1.67107e+07
internal_count=34450160 27821880 6628280 19674275 7824917 4691404 1078310 8147605 11849358 953813 979616 10895545 3834398 3657313 6746607 7494096 987784 1936876 1057794 809538 857006 5758823 2938292 2831287 2820531 2194306 468035 736205 649276 6436302
is_linear=0
shrinkage=0.1


Tree=38
num_leaves=31
num_cat=0
split_feature=9 9 11 11 9 6 1 3 1 11 8 7 10 0 11 2 7 7 10 7 9 7 11 10 6 3 10 3 8 2
split_gain=93052.1 49957.6 38560.2 35321.2 33111.3 30963.3 28677.3 24269.1 23908.6 27925.8 22237.4 24855.4 21098.8 20137.2 20037.9 19288.8 18069.7 17422.7 17366.9 24526.6 31240.1 17450.1 17670.5 16925.1 27522.6 16815 16803.3 16564.3 15477.9 19522.4
threshold=15.460266113281252 7.3099999427795419 -0.46800559042974538 0.71353761266622884 18.079998970031742 29.081247329711918 0.20091170817613604 128.50000000000003 1.0000000180025095e-35 -0.22700609751797865 17.080183029174808 -1.0000000180025095e-35 0.27694220057652758 35.430574417114265 -0.85225707553516283 2.2681553363800053 26.329743385314945 2.0038683414459233 -0.23537230790205757 11.979791641235353 11.519999027252199 26.040122985839847 -0.85225707553516283 0.58481550752069722 29.94132232666016 14.500000000000002 0.62587949062545845 3.5000000000000004 33.810024261474616 3.1396071910858159
decision_type=10 8 2 2 8 8 8 2 8 2 8 10 2 2 2 2 10 8 2 10 10 8 2 2 10 2 2 2 8 2
left_child=1 8 16 7 23 6 10 17 9 28 11 15 -12 -10 -9 -5 -2 -3 19 -19 -21 -20 -23 24 -4 -14 27 -6 29 -1
right_child=2 3 4 5 26 -7 -8 14 13 -11 12 -13 25 -15 -16 -17 -18 18 21 20 -22 22 -24 -25 -26 -27 -28 -29 -30 -31
leaf_value=-0.026283433173596462 0.01497837362917589 -0.058067412018135339 -0.026135714147416285 -0.066840492954610226 0.076903989932006311 -0.031909809872434629 -0.030900097595855203 0.020305544549103237 0.0016499941515464517 0.032070252841929568 -0.017824181477014037 0.034282780799011779 -0.0075577317249900374 0.01210869195076987 -0.058027007215487536 0.022114557288276881 -0.044376940741296722 0.019803276261060872 0.0042825110184510897 -0.0022067764756154894 -0.021484194426469021 0.00089730448303295535 -0.01752955296895372 -0.016645224909736449 -0.085705166692793822 0.030062968363840037 -0.052719969370867814 -0.13858503530306818 0.030791702725720266 0.0085241399121229744
leaf_weight=185502.96073907241 291094.9837411046 51876.743866238743 267277.26802876964 50456.54395506531 3851.7122278437018 632388.90436914936 390173.9145206809 43911.683020956814 8602424.1250287294 681116.5526775904 750217.58425690606 297682.84274380654 270178.07563130558 2342198.1693371534 127405.13149373978 47159.201864540577 62260.028666585684 458043.57051044703 10269728.959208898 10085722.263943464 917089.16024882719 1547146.5264912695 784187.7162883617 632676.73879869655 109269.38412865624 212056.47246350348 100651.31330158561 48285.388067092746 253409.21986613795 1226544.8352246284
leaf_count=155803 560785 56379 1780324 131314 9106 1658764 359103 75165 2620647 252621 1931636 324496 351403 400338 492371 51278 201008 381372 7044170 5512565 2030197 1075787 897084 2294323 1153926 434208 843783 839263 93141 437800
internal_value=-8.10863e-05 0.0008353 -0.0244073 -0.00164021 -0.0332038 -0.0126019 -0.00655106 -0.000443922 0.00585207 0.0150117 -0.000714569 0.0199236 -0.00733408 0.0038882 -0.0379489 -0.0238654 0.00452016 -0.000177467 -5.26585e-05 -0.00286969 -0.00381356 0.00250947 -0.00530091 -0.0266358 -0.0434221 0.00898549 -0.076588 -0.122665 0.00803532 0.00395141
internal_weight=4.1742e+07 4.02266e+07 1.51537e+06 2.69354e+07 1.16201e+06 2.65031e+06 2.01792e+06 2.42851e+07 1.32912e+07 2.34657e+06 1.62775e+06 395299 1.23245e+06 1.09446e+07 171317 97615.7 353355 2.41138e+07 2.40619e+07 1.14609e+07 1.10028e+07 1.26011e+07 2.33133e+06 1.00922e+06 376547 482235 152788 52137.1 1.66546e+06 1.41205e+06
internal_count=34450160 26767642 7682518 22807292 6920725 5242202 3583438 17565090 3960350 939365 3224335 507088 2717247 3020985 567536 182592 761793 16997554 16941175 7924134 7542762 9017041 1972871 5228573 2934250 785611 1692152 848369 686744 593603
is_linear=0
shrinkage=0.1


Tree=39
num_leaves=31
num_cat=0
split_feature=3 9 9 11 8 9 1 10 10 8 2 11 2 8 1 11 1 11 6 11 10 11 3 10 11 11 7 7 10 10
split_gain=78053.4 45097.6 41469.3 23559.3 33554 21915.3 22129.3 21383.7 21061.4 19865.3 19252.1 29398.4 29142.2 23568.8 20230.8 22963.9 18945.4 21187 26492.6 20853.6 19211 18544.1 19888.2 18304.1 17834.1 23474.5 17118.3 17131.3 15679.4 15647.2
threshold=37.500000000000007 10.02000141143799 16.960001945495609 0.19969739736768838 29.390223503112797 5.4300012588500985 1.0000000180025095e-35 -0.17647087149565668 -0.16799356919963607 36.381481170654304 38.58305740356446 -0.29342786347392819 6.6443669795989999 33.171485900878913 1.0000000180025095e-35 0.83258597624099873 1.0000000180025095e-35 0.36447543099728863 20.991237640380863 0.98174098242282837 0.12545942051955489 0.97263757644091875 137.50000000000003 -0.03977009085991149 0.9989598388634241 0.95691861501572195 9.1800270080566424 27.990239143371586 0.27694220057652758 -0.2102246306142678
decision_type=2 10 8 2 8 8 8 2 2 10 2 2 2 8 8 2 8 2 10 2 2 2 2 2 2 2 10 10 2 2
left_child=1 5 7 26 16 6 -1 21 -9 10 11 12 13 -7 -13 -16 17 -5 19 28 -20 22 -2 -12 25 -10 -3 -28 -19 -4
right_child=2 3 29 4 -6 9 -8 8 24 -11 23 14 -14 -15 15 -17 -18 18 20 -21 -22 -23 -24 -25 -26 -27 27 -29 -30 -31
leaf_value=0.029163507027692728 -0.032295971617261061 -0.040032586720624277 -0.13626309357510469 0.033374213647445451 -0.023452555240180764 -0.02773552962236029 0.0069439620483578782 0.10433751675877395 -0.010184817576312699 0.019181389200714879 0.0017723204134654441 0.011395636098379347 -0.0020045137358971838 -0.0039722308410917269 0.0010638966726336672 -0.035562722077985498 -0.02068392348228542 0.045143727287028368 -0.028410020766863754 -0.027530746337110609 -0.00092091253114477364 -0.17416776791377453 -0.19349640952794867 0.010503432173931427 0.034854159459851659 -0.055811691122441942 1.1299192928696464e-05 -0.023917750021069981 0.0079488053507921035 -0.054911049738718076
leaf_weight=513156.04351377115 192804.9185028784 113269.49937472492 28083.176057860255 183027.82532176748 1366005.3415125273 941502.59292279184 3542393.371978879 15653.948762141168 903910.87710960582 640833.59369704127 9816653.1916207224 2197178.0526854694 4970982.1669309437 749731.27978850901 1426704.7382519543 194518.03850747645 511292.19733380526 198426.4450838156 419991.72763806209 95032.942526422441 644155.37741280347 10639.664046339691 7969.9366487897933 3178552.0125554502 74280.07676942274 128831.36432296038 7932993.3409710415 310910.21755553037 264286.43415825069 149527.75099962205
leaf_count=143385 1009914 135630 522838 230536 3924746 728758 791492 32080 2653400 290031 3279324 1470966 2190232 512832 663628 138450 530532 302759 1480194 227742 1409343 87951 71858 947266 177085 659116 7690026 402027 331981 1414038
internal_value=-7.37867e-05 0.000764831 -0.0223812 -0.00435799 -0.0110223 0.00295407 0.00975544 -0.0163379 -0.0108439 0.00181032 0.00133614 -0.00185266 -0.00586225 -0.0172012 0.00514313 -0.00333065 -0.00369144 0.00112214 -0.00251745 0.0151362 -0.0117702 -0.0455128 -0.038695 0.0039079 -0.0124726 -0.0158766 -0.00142167 -0.00089116 0.0238992 -0.0677741
internal_weight=4.17233e+07 4.02116e+07 1.5117e+06 1.20394e+07 3.68222e+06 2.81722e+07 4.05555e+06 1.33409e+06 1.12268e+06 2.41167e+07 2.34758e+07 1.04806e+07 6.66222e+06 1.69123e+06 3.8184e+06 1.62122e+06 2.31621e+06 1.80492e+06 1.62189e+06 557746 1.06415e+06 211415 200775 1.29952e+07 1.10702e+06 1.03274e+06 8.35717e+06 8.2439e+06 462713 177611
internal_count=34450160 27821880 6628280 16665516 8437833 11156364 934877 4691404 3521681 10221487 9931456 5704866 3431822 1241590 2273044 802078 4513087 3982555 3752019 862482 2889537 1169723 1081772 4226590 3489601 3312516 8227683 8092053 634740 1936876
is_linear=0
shrinkage=0.1


Tree=40
num_leaves=31
num_cat=0
split_feature=9 4 11 10 6 1 2 3 11 11 3 7 8 3 10 9 10 8 8 8 6 6 10 6 6 8 6 11 7 6
split_gain=67915.4 38064.1 29994.9 23405.9 25352.4 20485.1 20151.3 19801.3 18358.1 31155.7 17535 17258.5 15784.8 15518.5 14744.4 14440.5 14355.8 19193.4 14027.6 13467.3 27882.2 21547.1 20899.4 23319.1 18068.5 20623.3 21709.6 17968.7 23790.3 16408.2
threshold=15.820071220397951 0.23983702808618548 -0.52034141052533245 0.61237135649459018 29.94132232666016 7.9125044345855722 375.85374450683599 3.5000000000000004 0.99958851518450398 0.98486764554468398 58.500000000000007 1.0609077811241152 21.923569679260257 320.50000000000006 -0.108376950152639 9.0407443046569842 0.7210268013660811 31.178572654724125 20.31369781494141 38.224283218383796 38.929847717285163 37.010103225708015 0.42179998225932674 33.840059280395515 20.991237640380863 31.815781593322757 31.079421997070316 0.41202506375868281 7.1703755855560312 30.990071296691898
decision_type=10 10 2 2 10 10 2 2 2 2 2 8 10 2 2 8 2 10 10 10 8 10 2 8 10 10 10 2 8 10
left_child=1 5 -2 4 18 8 11 -6 9 10 19 -3 -12 -13 -11 -10 17 -5 -4 21 -21 22 24 27 -1 -26 -27 28 -24 -29
right_child=2 6 3 16 7 -7 -8 -9 15 14 12 13 -14 -15 -16 -17 -18 -19 -20 20 -22 -23 23 -25 25 26 -28 29 -30 -31
leaf_value=0.012708179465576003 0.0091502671552559835 -0.037575627978430705 0.031169053815807701 0.052025660002090614 0.048748099576266982 0.012626563916263493 0.023397255114554767 -0.1068525454652461 0.099045647142768131 -0.092422627501538138 -0.077827839742612384 0.0024194447710861591 -0.016560253256644893 -0.19911724641933895 -0.028125472357594546 0.014883329564784789 -0.024702092073647784 -0.12699675219775958 -0.043566603427292155 0.029546526404581542 -0.0045598121278243283 -0.025040833725329788 -0.04771545804525032 -0.011373774806536908 -0.014662947453579687 0.039733813292110946 -0.0042647666291781624 0.0045996550573445807 0.021880283168397598 -0.034692432505897305
leaf_weight=426917.8620352 223753.39312316477 108454.7916816175 28692.550590064377 47142.785958468914 8941.1176748350263 682856.58078837395 457410.02415889502 95881.990988492966 26850.443743139505 40852.095179866999 45393.605862464756 28230907.992981814 571084.4380961284 3821.1965282224119 280899.56786946207 84685.538473501801 560478.76583273709 6860.2335120476782 201404.49124973267 360629.76062329113 714766.39224565774 504547.11652041227 51694.702152915299 736607.81231417507 2777887.8149623349 117416.53155463561 2497236.7425992861 701124.33113618195 985179.23966011405 125268.52485036105
leaf_count=638042 489501 68322 107353 165269 21808 430202 72350 1366796 13552 178189 190897 10649985 1833316 37926 846474 185123 2602844 70359 1809141 338366 1077344 669253 79089 962279 4280810 92884 2812387 1101577 948864 309858
internal_value=-6.71383e-05 0.000619397 -0.0237869 -0.0315495 -0.0528173 -0.00418205 0.00257526 -0.0935802 -0.00522087 -0.00563249 -0.00470332 0.00223923 -0.0210716 0.00239217 -0.0362891 0.035144 -0.0199576 0.0292837 -0.0342472 -0.00369418 0.00687761 -0.00496816 -0.00376526 0.0036888 -0.0070954 -0.00866322 -0.00228892 0.00964351 0.0184105 -0.00135642
internal_weight=4.17056e+07 4.05325e+07 1.17316e+06 949402 334920 1.17319e+07 2.88006e+07 104823 1.1049e+07 1.09375e+07 1.06158e+07 2.83432e+07 616478 2.82347e+07 321752 111536 614482 54003 230097 9.99928e+06 1.0754e+06 8.92388e+06 8.41933e+06 2.59987e+06 5.81946e+06 5.39254e+06 2.61465e+06 1.86327e+06 1.03687e+06 826393
internal_count=34450160 27817089 6633071 6143570 3305098 16988506 10828583 1388604 16558304 16359629 15334966 10756233 2024213 10687911 1024663 198675 2838472 235628 1916494 13310753 1415710 11895043 11225790 3401667 7824123 7186081 2905271 2439388 1027953 1411435
is_linear=0
shrinkage=0.1


Tree=41
num_leaves=31
num_cat=0
split_feature=9 9 11 3 9 8 10 1 4 7 11 10 10 11 6 7 6 3 11 0 11 10 3 11 9 10 6 8 1 4
split_gain=58573.3 34901.7 28313.7 24801.8 23604.2 23199.5 44109.9 21196.3 20986.7 18425 19619.5 30623.4 16401.4 15460.2 15324.7 14832 15812.8 14671.7 14258.1 13452.6 12684.5 12564.8 14013.5 15480.9 14672.5 12378.2 23476.2 24368 17679.3 12659.1
threshold=12.900000095367433 18.600001335144047 -0.43733099657705293 405.00000000000006 6.5599997043609628 29.341427803039554 0.61237135649459018 1.0000000180025095e-35 1.0000000180025095e-35 10.060648918151857 0.36447543099728863 -0.35846811432664222 -0.72696319516528884 0.97648852793709995 40.940166473388679 26.472674369812015 28.97023963928223 1.5000000000000002 -0.22700609751797865 118.52466201782228 0.56191161272202661 -0.75015329512557205 2.5000000000000004 0.99932962452255414 14.77000141143799 -0.32614396506100213 20.580407142639164 28.255781173706058 0.50995793938636791 5.1891357898712167
decision_type=10 10 2 2 8 10 2 10 10 10 2 2 2 2 8 10 8 2 2 2 2 2 2 2 10 2 8 8 10 10
left_child=3 2 15 4 7 9 8 18 21 12 -11 -12 -4 25 -8 16 -2 -3 -1 -9 -19 -7 -23 24 -24 26 28 29 -6 -28
right_child=1 17 5 -5 13 6 14 19 -10 10 11 -13 -14 -15 -16 -17 -18 20 -20 -21 -22 22 23 -25 -26 -27 27 -29 -30 -31
leaf_value=0.01060470995974484 -0.031760945069248016 0.077546562423434939 0.024439595875255932 -0.16751338133672378 0.060248373141236801 -0.039947090555769414 -0.010201719029044369 0.0030522703441300579 0.0078831054696069953 0.024351654268826128 -0.056973895173115255 0.0032872146527196944 -0.0223077109882939 -0.017976326836879223 -0.076852323516072629 -0.014465352762885268 0.0096968804024665806 -0.051165241886281458 0.032802542364474517 0.026969149723346287 -0.12886311067224748 0.054091331202775886 -0.058390567016063946 0.038711635121057859 -0.11738752843759195 0.0024669967829736962 -0.024711540748361575 -0.0010079688522573725 -0.022814686854750958 -0.0017524463863882777
leaf_weight=957573.43371090293 99210.746952950954 6372.5559075400233 84517.237222913653 8691.4726683348417 102260.64637524262 265344.66325960681 1292816.9726044014 7391508.8672091663 62469.848516367376 313105.99321624637 100189.70647809654 532708.65256627277 670218.99386297539 471999.31987816095 35443.001177642494 437929.57611515373 1266163.7494803295 57775.303879197687 414664.47328262776 242906.15673410892 33019.801358617842 8196.8859430775046 87179.788819100708 10413.892044961452 81621.867586236447 13160870.683294494 695817.09307623655 12397980.999082886 34191.869733273983 366728.95240980387
leaf_count=351684 125825 8120 217177 104009 71099 1458940 3351839 1918733 75089 405568 621065 1606840 2281504 771683 175562 770731 1546828 530632 133255 29206 604457 19343 526308 42297 1067347 7745590 702004 7040287 22433 124705
internal_value=-6.10642e-05 -0.00973209 -0.00865285 0.0013917 0.00143222 -0.0138432 -0.0216142 0.00586996 -0.0464507 -0.00541994 0.00387692 -0.0062523 -0.0170728 -3.56297e-05 -0.0119802 0.00154827 0.00668447 -0.0691274 0.0173125 0.00381324 -0.0794219 -0.0539475 -0.0737696 -0.0796177 -0.0869178 0.000280838 -0.0018352 -0.00225356 0.0394347 -0.0167874
internal_weight=4.16899e+07 5.4447e+06 5.34753e+06 3.62452e+07 3.62365e+07 3.54423e+06 1.84349e+06 9.00665e+06 515227 1.70074e+06 946004 632898 754736 2.72298e+07 1.32826e+06 1.8033e+06 1.36537e+06 97167.7 1.37224e+06 7.63442e+06 90795.1 452757 187412 179216 168802 2.67579e+07 1.3597e+07 1.34605e+07 136453 1.06255e+06
internal_count=34450160 15435472 14292263 19014688 18910679 11848879 6716725 2432878 3189324 5132154 2633473 2227905 2498681 16477801 3527401 2443384 1672653 1143209 484939 1947939 1135089 3114235 1655295 1635952 1593655 15706118 7960528 7866996 93532 826709
is_linear=0
shrinkage=0.1


Tree=42
num_leaves=31
num_cat=0
split_feature=9 9 11 8 3 9 11 11 10 8 11 7 1 7 10 3 2 8 10 6 8 11 2 7 6 10 8 2 1 10
split_gain=48702.4 32984.7 22972.1 23980.2 21585.6 19452 17242.6 17034.9 18266.8 26544.5 20756.3 18414.8 22402.6 16593.8 14719.4 16887.1 14445.1 16300.6 36067.4 33340.7 20025.4 29459.6 24444.5 18975.9 18970.5 16832.6 17399 16572.2 16251.8 14865.4
threshold=11.889999866485597 17.349999427795414 -0.79382744783423187 29.538571357727054 405.00000000000006 4.4299993515014657 -0.4755978891912595 0.99988440732898443 0.55656748448714433 27.251429557800297 0.96633974041180493 19.227850914001468 1.1155495047569277 12.890314579010012 0.62587949062545845 2.5000000000000004 66.742511749267592 32.504289627075202 0.55656748448714433 32.558315277099616 29.438961029052738 -0.67801649466304881 4.0337414741516122 2.7907195091247563 29.589116096496586 0.61237135649459018 34.048574447631843 3.9194098711013798 0.21211680769920352 -0.67803021058859214
decision_type=10 10 2 10 2 8 2 2 2 8 2 10 10 8 2 2 2 10 2 10 8 2 2 10 10 2 8 2 8 2
left_child=4 2 3 -2 5 -1 -3 8 9 -4 -11 12 -10 -14 15 -8 17 18 20 -19 21 22 -7 27 -22 26 -21 -20 -23 -30
right_child=1 6 7 -5 -6 16 14 -9 11 10 -12 -13 13 -15 -16 -17 -18 19 23 25 24 28 -24 -25 -26 -27 -28 -29 29 -31
leaf_value=0.013058987869377467 -0.043933150544128823 0.017238501574546646 -0.0044843491891355036 0.0084036117879839386 -0.16944426638948679 -0.062976437444815112 0.080257855337027978 0.057920132935347646 0.0074524305957868742 -0.023377020788100351 -0.073329561625234962 -0.011656623661565344 -0.0484542555715506 -0.0017518094779646457 -0.031269828241447077 -0.090536582168298144 0.0041481238603544718 0.013561565007252261 -0.060751459701988836 -0.0056780280620987861 0.0069606782707401435 0.0020680875045532201 -0.01894757158164137 0.012169573058112997 -0.0048280401283634939 -0.01342620634476193 0.0056899767540343222 -0.0010459560766335895 -0.006704582539958719 -0.033311162233527564
leaf_weight=1420164.58802329 93342.149977974594 48183.672809995711 924186.34029937908 1410004.0020709261 7379.5285808816552 145563.56901375204 6190.5962860584259 38115.368269428611 1473944.4210249595 978997.03829923272 90907.301197856665 2000974.0978825875 135084.06555661559 174175.21066763997 188719.69943283498 89253.144957292825 10542062.036934823 2224916.5258912146 65649.16124124825 2164479.4852428213 1790807.8920506537 1378413.0851415545 942915.17658624053 1992101.7770903111 5741421.0419484153 884922.61096699536 3561896.5238759443 159287.59188297391 701131.04052183032 299772.18963180482
leaf_count=282045 118320 146712 2732850 1266162 96937 171024 11319 72417 2704045 3839468 629374 3522334 146754 144081 1344115 1440942 3139120 826885 111864 1265156 897048 1381354 468249 1032085 3163195 786789 2062225 76444 344517 226330
internal_value=-5.58244e-05 -0.00726414 -0.00586515 0.00515404 0.0015654 0.0016025 -0.038076 -0.00871325 -0.00915279 -0.0168982 -0.0276214 -0.00507129 0.00231827 -0.0221514 -0.0474553 -0.0794586 0.00110334 -0.000352147 -0.00257511 0.00297292 -0.00492031 -0.0112085 -0.0248356 0.0090608 -0.00202524 -0.000590507 0.00139305 -0.0184714 -0.00497448 -0.0146733
internal_weight=4.1675e+07 7.65208e+06 7.31973e+06 1.50335e+06 3.40229e+07 3.40155e+07 332347 5.81638e+06 5.77827e+06 1.99409e+06 1.0699e+06 3.78418e+06 1.7832e+06 309259 284163 95443.7 3.25953e+07 2.20533e+07 1.32171e+07 8.83622e+06 1.1e+07 3.4678e+06 1.08848e+06 2.21704e+06 7.53223e+06 6.6113e+06 5.72638e+06 224937 2.37932e+06 1.0009e+06
internal_count=34450160 18118893 15175805 1384482 16331267 16234330 2943088 13791323 13718906 7201692 4468842 6517214 2994880 290835 2796376 1452261 15952285 12813165 7872110 4941055 6651717 2591474 639273 1220393 4060243 4114170 3327381 188308 1952201 570847
is_linear=0
shrinkage=0.1


Tree=43
num_leaves=31
num_cat=0
split_feature=9 3 2 3 11 10 10 6 8 6 11 10 6 8 11 2 7 7 5 11 0 10 7 3 6 6 4 11 11 8
split_gain=41024.2 25413.2 22489.9 20839.4 18828.7 17740 15648.6 21719 17853.9 25944.3 17431 16192.5 48605.2 22462.3 24915.2 27509.6 15235.8 13751.3 14311.2 13354.3 13252 13245.1 12490.1 12960.8 11714 11420.4 10930.9 11686.3 11724.9 21220.9
threshold=14.900000095367433 38.500000000000007 32.742265701293952 405.00000000000006 0.90070004940655357 -0.70291267844185523 -0.95754239937548935 32.020236968994148 35.791463851928718 35.920557022094734 -0.85225707553516283 0.54219432480460406 33.900070190429695 31.940001487731937 -0.90161545992537195 2.0926886796951298 -1.0000000180025095e-35 25.850029945373539 0.11106529086828233 0.99988440732898443 118.52466201782228 -0.2102246306142678 26.170284271240238 6.5000000000000009 16.845000267028812 21.384360313415531 1.0000000180025095e-35 0.99932962452255414 0.53312596302726967 30.65152740478516
decision_type=10 2 2 2 2 2 2 8 10 8 2 2 8 8 2 2 10 10 10 2 2 2 8 2 8 10 10 2 2 10
left_child=2 -2 3 6 5 -4 7 -1 11 -10 22 13 16 14 15 -8 -13 18 24 -16 -20 25 -11 -24 -7 -3 27 28 -23 -30
right_child=1 21 4 -5 -6 17 8 -9 9 10 -12 12 -14 -15 19 -17 -18 -19 20 -21 -22 26 23 -25 -26 -27 -28 -29 29 -31
leaf_value=0.015010619261692558 -0.0079254547582876932 0.057758961417417279 -0.00081889695128134488 -0.15102365184813088 -0.03124076899201407 0.074721655700407355 -0.061322790686762454 -0.0034777968604562913 0.018257993674055825 0.018665170724352694 -0.0096621850966778378 -0.072603307810752887 -0.023288521998708102 -0.00070698541918582216 -0.0077857383853084348 -0.017224908229131943 0.0071988637613497929 -0.0057646122006404909 0.0052015698572174078 0.04023471014808648 0.029719562145966483 -0.020154406989567011 -0.0086634128691903383 0.017588689835543261 0.017882624193735569 -0.091923711141745468 0.036778042970249294 0.042437304459573243 -0.035840626583065083 -0.12231559698033603
leaf_weight=1263893.0165030099 1671092.2063892484 5615.7176227457821 6653854.4870501235 9339.6658851653337 158496.31434834749 38766.703706040978 165818.01033924893 1277737.9962872677 902403.82505881786 521625.53503207862 1302261.1443801224 24112.811866477132 662153.5178977102 4093832.9337102771 4780388.1730994992 963227.33449847996 3057143.6786440909 990490.81367708743 10933321.748566568 58622.044185608625 224987.17083311081 192184.31246216223 627690.32643350959 268513.1244558543 560418.10442034155 55213.438458392397 24468.15407012403 19799.347691915929 114232.12450963259 37758.073689108714
leaf_count=736050 5695635 31399 2405986 118675 105756 23715 208299 1275622 519880 320022 1684019 32238 835660 2719029 5974931 527908 2704199 402369 3228854 70060 26980 1130454 454161 307742 365055 925257 42023 90963 1024664 462555
internal_value=-5.09224e-05 -0.0136019 0.000675777 -0.00168407 0.00308611 0.00336653 -0.00161422 0.00571606 -0.00268326 0.00356508 -0.00130937 -0.00432281 0.00129206 -0.00641176 -0.010325 -0.0237014 0.00657436 0.00555112 0.0065044 -0.007204 0.00569593 -0.0347159 0.0063626 -0.000797973 0.0215601 -0.0781051 -0.0279213 -0.0322707 -0.0365684 -0.0573231
internal_weight=4.16595e+07 2.12036e+06 3.95391e+07 1.99788e+07 1.95603e+07 1.94018e+07 1.99694e+07 2.54163e+06 1.74278e+07 3.62249e+06 2.72009e+06 1.38053e+07 3.74341e+06 1.00619e+07 5.96806e+06 1.12905e+06 3.08126e+06 1.2748e+07 1.17575e+07 4.83901e+06 1.11583e+07 449271 1.41783e+06 896203 599185 60829.2 388442 363974 344175 151990
internal_count=34450160 9402950 25047210 18488495 6558715 6452959 18369820 2011672 16358148 3285824 2765944 13072324 3572097 9500227 6781198 736207 2736437 4046973 3644604 6044991 3255834 3707315 1081925 761903 388770 956656 2750659 2708636 2617673 1487219
is_linear=0
shrinkage=0.1


Tree=44
num_leaves=31
num_cat=0
split_feature=9 9 11 6 2 7 8 11 1 11 3 10 4 9 4 8 3 8 3 10 3 10 8 10 11 6 4 10 6 8
split_gain=36683.7 26926.4 20581.5 29395.9 27069.6 26021.8 23209.8 25807.3 18348.9 32894.7 24355.2 15455.9 15369 15088.3 14819.6 14751.1 19692.2 14328.3 16496.4 17406.4 13394.4 13105.6 12795.3 12570.2 12456.4 13045.9 11682.9 14555.8 11652.7 29071.4
threshold=10.642842292785646 18.600001335144047 -0.42958798411962301 30.140189170837406 2.0084398984909062 26.170284271240238 29.390223503112797 0.80798785254895478 1.0000000180025095e-35 0.36447543099728863 17.500000000000004 -0.99630266176052629 1.0000000180025095e-35 3.9730539321899419 1.0000000180025095e-35 17.882857322692875 50.500000000000007 37.046922683715827 86.500000000000014 -0.13398594226331254 2.5000000000000004 0.878110924644389 25.51222133636475 0.58481550752069722 0.99981043035926087 32.170053482055671 8.6103563308715838 0.34235194516023087 32.94041824340821 32.73481750488282
decision_type=10 8 2 10 2 8 8 2 8 2 2 2 10 8 10 10 2 10 2 2 2 2 10 2 2 10 8 2 10 10
left_child=13 2 3 4 21 26 8 14 9 10 11 -4 15 -1 -8 16 -11 18 28 -20 -9 -2 -12 -6 25 -22 -5 -28 29 -15
right_child=1 -3 6 5 23 -7 7 20 -10 12 22 -13 -14 17 -16 -17 -18 -19 19 -21 24 -23 -24 -25 -26 -27 27 -29 -30 -31
leaf_value=0.015834867682198047 -0.084252617666607188 -0.058311887798904227 -0.042909666441420691 0.0109924303610687 -0.03011980049825895 -0.0093142245471257833 -0.016392049187044355 0.01520403499835531 -0.016619726597923292 0.018792551750753839 -0.13397732547568872 0.033386117657969429 0.014353547368341988 0.00083479429575855852 -0.0023394729868935244 -0.013179365681389147 -0.10783170827588942 0.016457672942764481 -0.16420016138938165 -0.025725125577551512 -0.051812083825157264 0.049846212333914092 -0.0096277849690380342 0.010719124048244971 0.050924431625973668 -0.13650359927540034 0.011038231057322406 -0.026396416981959433 -0.0029631326945785859 0.011383939462507847
leaf_weight=741311.57246541604 84431.209673542529 93834.51200356707 28079.14791187644 2466629.1694026999 159605.70885191858 1168182.5280974917 2085519.2158686537 31415.272981010377 651235.99476785213 255373.30723376572 13331.827721569687 488092.92695542797 364600.24586606026 20660780.744372696 1172296.6998764202 1228881.7386687845 12902.281165733933 618181.91564491019 10169.417920529842 84543.161285825074 173600.07140265964 7976.4891027919948 21815.610240742564 142803.51703679562 10543.388375412673 20317.086627885699 214054.8621718064 201786.17863152176 5443113.0941084176 2990467.3895612508
leaf_count=139565 168772 1143209 58093 2282273 128848 1463176 6508300 44217 647540 441746 55600 507466 301853 8544977 932902 4719820 69204 324247 78900 214748 1188979 9386 62999 95312 30141 222557 76231 96946 2895660 996493
internal_value=-4.63422e-05 -0.00497056 -0.00451568 0.000737239 -0.0253092 0.00327599 -0.00807647 -0.013648 -0.00172425 0.00229571 0.0237511 0.0292357 -0.00405785 0.00174247 -0.0113354 -0.00854155 0.0127028 0.00139199 0.00107292 -0.0405934 -0.0455892 -0.0726774 -0.056795 -0.0108349 -0.05493 -0.0606854 0.00837844 -0.00712687 0.00120855 0.00216863
internal_weight=4.16459e+07 1.10973e+07 1.10035e+07 4.44547e+06 394817 4.05065e+06 6.558e+06 3.49369e+06 3.06431e+06 2.41308e+06 551320 516172 1.86176e+06 3.05486e+07 3.25782e+06 1.49716e+06 268276 2.98073e+07 2.91891e+07 94712.6 235876 92407.7 35147.4 302409 204461 193917 2.88247e+06 415841 2.90944e+07 2.36512e+07
internal_count=34450160 21255570 20112361 4320944 402318 3918626 15791417 8927096 6864321 6216781 684158 565559 5532623 13194590 7441202 5230770 510950 13055025 12730778 293648 1485894 178158 118599 224160 1441677 1411536 2455450 173177 12437130 9541470
is_linear=0
shrinkage=0.1


Tree=45
num_leaves=31
num_cat=0
split_feature=9 9 11 6 2 2 11 10 10 10 7 8 10 2 10 3 7 8 10 8 10 3 1 3 1 3 9 8 6 7
split_gain=30713.3 23783.9 14885.5 24339.2 12969.4 12888.1 12680.5 12462.7 17167.6 12414.5 14065.7 12397.7 12699.1 13392.9 12136.5 13657.9 12029.8 21515.2 17700.8 14177.1 12772.4 11791.1 11747.7 11717.2 11676.6 11536.8 11461.5 11811.3 11297.9 11223.7
threshold=17.349999427795414 9.5000782012939471 0.78192542922038288 30.440045356750492 178.99919128417972 375.85374450683599 -0.4755978891912595 -0.39036798905311365 -0.45274443793211405 -0.29343379936893921 7.7010314464569101 30.819877624511722 -0.57078386445773377 37.383714675903327 0.62587949062545845 2.5000000000000004 9.8800859451293963 26.963611602783207 -0.24372957273992746 17.080183029174808 0.34235194516023087 405.00000000000006 5.2713332176208505 40.500000000000007 72.633220672607436 22.500000000000004 3.9730539321899419 35.979152679443366 39.681097030639656 28.212017059326175
decision_type=10 10 2 10 2 2 2 2 2 2 10 10 2 2 2 2 8 10 2 10 2 2 8 2 8 2 8 10 10 8
left_child=1 5 29 4 7 21 -2 8 11 10 -9 12 -4 -14 15 -8 19 -18 -19 22 -20 24 23 25 26 -11 -1 -28 -16 -3
right_child=6 2 3 -5 -6 -7 14 9 -10 16 -12 -13 13 -15 28 -17 17 18 20 -21 -22 -23 -24 -25 -26 -27 27 -29 -30 -31
leaf_value=0.015349142647127842 0.016857293869675986 -0.0013660411298342461 -0.082261814447383563 -0.046487102501861284 0.14450287917590682 0.018644727460302664 0.075648352784952369 0.069128393746581848 -0.086092453037866862 0.002154967790577634 0.00062121852073143983 0.092863247536537019 -0.017575486010677554 0.11673910373742763 -0.013567415451151124 -0.078735734925701406 0.017330603333166661 0.059331815983840332 -0.046460606991713387 -0.031368731460939631 -0.0011528271558592803 -0.15044063514243206 -0.072855638192001179 -0.1034590179306195 -0.014164740821189493 0.079994190165038934 0.001352517888297692 0.015406687101695885 -0.081338366346160221 -0.021171306729296714
leaf_weight=631231.52323087305 48148.930067576468 13037604.066383604 29095.396413527429 178865.16505253688 5584.7896460816264 458402.60959467292 6139.7979467418045 45789.288920938969 44717.956665648147 237416.83772723377 86749.626225542277 9834.6626414656639 109362.77205958404 7964.4929382428527 158272.62743460387 85920.497207993641 374734.86218803003 25994.757812999189 147067.15992034413 344758.91843523085 107845.18682163209 5091.1342458277941 21280.279176265001 9717.3989864513278 452422.40753504634 20701.265367642045 24006467.144720733 613254.75192824006 29125.337741747499 292559.49641375802
leaf_count=122281 146712 15267952 139738 950246 1102 74314 11319 60093 230639 337318 290170 25669 434375 3935 1088105 1440942 762461 68896 685628 1210689 311813 76608 23144 43795 108141 30074 9559973 277988 256010 410030
internal_value=-4.23859e-05 0.000199509 -0.00295542 -0.0114714 -0.00762572 0.00202465 -0.0305404 -0.00814919 -0.0314585 -0.00485495 0.0242889 -0.0158232 -0.0231233 -0.00845785 -0.0387067 -0.0684394 -0.00785042 0.00164654 -0.0192763 -0.0176735 -0.0272923 0.0017283 -0.00134249 0.00433943 0.00175844 0.00839773 0.00204374 0.00170259 -0.0241004 -0.00180071
internal_weight=4.16321e+07 4.13045e+07 1.51376e+07 1.80748e+06 1.62862e+06 2.61669e+07 327607 1.62303e+06 200975 1.42206e+06 132539 156257 146423 117327 279458 92060.3 1.28952e+06 655642 280907 633875 254912 2.57085e+07 289116 267836 2.57034e+07 258118 2.5251e+07 2.46197e+07 187398 1.33302e+07
internal_count=34450160 31507072 21287767 5609785 4659539 10219305 2943088 4658437 834356 3824081 350263 603717 578048 438310 2796376 1452261 3473818 1828798 1066337 1645020 997441 10144991 434331 411187 10068383 367392 9960242 9837961 1344115 15677982
is_linear=0
shrinkage=0.1


Tree=46
num_leaves=31
num_cat=0
split_feature=3 10 9 11 9 9 8 6 8 2 10 1 11 8 7 1 7 2 8 3 11 2 10 1 7 3 9 1 11 8
split_gain=26484.5 20864.7 18943.3 18477.6 17688.3 12892.2 11902.4 14891.2 20437.9 16698.5 15703 14129.5 10338.2 22067.4 17228.5 15265 13975.8 13173.4 11874.9 24127 18734 17542.7 13539.7 12082.2 11280.7 11030.5 10321 9943.78 17365.9 12750.6
threshold=59.500000000000007 -0.51297808981038739 7.9299988746643075 0.99988440732898443 14.900000095367433 17.349999427795414 34.110002517700202 31.030729293823246 30.485714912414554 84.560729980468764 -0.35041564478062465 0.10636131092906 0.39629089145655322 18.616177558898929 -1.0000000180025095e-35 5.7400975227355966 5.5702970027923593 4.8076508045196542 24.35428619384766 14.500000000000002 0.063390085881955341 6.8111932277679452 0.97112537654464559 0.9052514135837556 10.060648918151857 2.5000000000000004 16.610001564025882 1.0000000180025095e-35 -0.67801649466304881 27.427142143249515
decision_type=2 2 10 2 8 10 10 10 10 2 2 10 2 8 8 8 10 2 10 2 2 2 2 10 10 2 10 8 2 8
left_child=2 -2 6 4 -3 12 7 8 9 27 -11 -10 16 14 26 -16 17 -4 19 20 21 22 -18 -23 -24 -22 -14 28 -1 -29
right_child=1 3 5 -5 -6 -7 -8 -9 11 10 -12 -13 13 -15 15 -17 18 -19 -20 -21 25 23 24 -25 -26 -27 -28 29 -30 -31
leaf_value=-0.013476497558894053 -0.10846777735564127 -0.0065812813348136824 -0.13164386203423545 0.073618742385508099 -0.036445081691264689 -0.02392621585609464 0.013894096370410287 -0.0031492496453881151 0.021959019773385852 0.00072950687720483144 0.013559985827630825 0.0068377685966606932 -0.027629658762142541 -0.0094784757917605184 0.021310994074754397 -0.02519323985136292 -0.12221474857833102 -0.021323178105845206 -0.00052301375634918512 -0.12209237981458419 0.025613192395174008 0.042599278706819094 -0.068217247791681646 -0.014094991873915788 0.061320270689796133 0.075281769150191899 0.1293929070604258 -0.019382337386740271 0.011834042062725798 -0.0031967650729725345
leaf_weight=389959.53816194832 24099.303098406643 597178.70691870153 14650.242721349001 23346.001404523849 296957.58368074521 254500.71472742036 918424.8857228756 3967400.3782149851 745833.58375136554 2503116.5407657921 1541211.3802441061 3603912.4131294489 136388.60416787118 3289032.0188345946 585317.32362580672 80263.995109975338 18165.348089851439 41442.841608405113 18217895.317901999 12138.428956467658 129497.55555251241 78824.003252491355 15153.422222435474 71857.090559244156 12083.437312453985 68292.476681642234 4318.5482372231781 605193.25591225922 889208.48049933091 2486121.3734941781
leaf_count=228186 241317 1616044 33954 42283 2347984 2001653 307163 1476218 239267 622637 323214 940780 225145 7370828 621791 55063 32773 32510 13716220 39154 77313 48358 23170 43283 8140 60820 5404 249222 524624 895642
internal_value=-3.8465e-05 -0.016619 0.000345307 -0.0142064 -0.0164995 -0.00154385 0.00281024 0.00220184 0.00386503 0.000988125 0.00561894 0.00943055 -0.00129374 -0.00584399 0.0089819 0.0157029 -0.000296163 -0.0501364 -0.00014605 0.0167685 0.0210479 -0.00085585 -0.0553462 0.0155628 -0.0107489 0.0427626 -0.0228104 -0.00329711 0.00411802 -0.00636545
internal_weight=4.16218e+07 941582 4.06802e+07 917482 894136 2.30298e+07 1.76504e+07 1.6732e+07 1.27646e+07 8.41481e+06 4.04433e+06 4.34975e+06 2.27753e+07 4.09532e+06 806288 665581 1.868e+07 56093.1 1.86239e+07 406012 393873 196083 45402.2 150681 27236.9 197790 140707 4.37048e+06 1.27917e+06 3.09131e+06
internal_count=34450160 4247628 30202532 4006311 3964028 24395579 5806953 5499790 4023572 2843525 945851 1180047 22393926 8278231 907403 676854 14115695 66464 14049231 333011 293857 155724 64083 91641 31310 138133 230549 1897674 752810 1144864
is_linear=0
shrinkage=0.1


Tree=47
num_leaves=31
num_cat=0
split_feature=3 10 2 3 11 10 9 9 4 11 8 10 3 8 9 7 8 9 10 6 8 6 6 3 10 8 7 7 6 8
split_gain=21509.5 18096.7 15591.1 15231.6 14001.2 13732.4 11169 11055.4 10770.2 10573.8 19901.9 15614.2 10497.5 10356.4 11055.4 9970.12 10033.1 9841.52 9601.52 18223.9 11425.7 19423.8 18140.8 15768.8 15481.4 23043.1 27229.6 16743.4 15577.8 14019.5
threshold=59.500000000000007 -0.022576249993022688 47.950311660766609 185.50000000000003 0.99988440732898443 -0.94139628442229062 14.900000095367433 17.349999427795414 1.0000000180025095e-35 0.26659387353423869 33.985715866088874 0.52766072109828632 65.500000000000014 17.882857322692875 17.987498283386234 23.614005088806156 37.40571594238282 8.490000247955324 -0.95754239937548935 31.415515899658207 37.663537979125984 37.720558166503913 40.370006561279304 6.5000000000000009 0.40614137006726808 30.444285392761234 11.133640766143801 17.900031089782718 34.010030746459968 41.568571090698249
decision_type=2 2 2 2 2 2 8 10 10 2 10 2 2 10 8 10 10 10 2 8 10 10 10 2 2 8 10 8 8 10
left_child=2 3 7 13 6 17 9 18 -7 10 -3 -12 -11 -2 -15 -13 -17 -4 19 -1 21 24 23 -22 25 26 -20 -27 -26 -24
right_child=1 4 5 -5 -6 8 -8 -9 -10 12 11 15 -14 14 -16 16 -18 -19 20 -21 22 -23 29 -25 28 27 -28 -29 -30 -31
leaf_value=0.012849599854056429 -0.13899519591921125 -0.1004502882774357 -0.00071592911777061587 -0.17855823828665141 0.067169885250715849 0.016098825894478117 -0.028668444296167314 -0.022054655665892528 0.0032872463704436347 -0.0617041167511512 0.033074162509898267 0.011806301815719095 0.015460910039154964 -0.024414277632739154 -0.17923036920157678 -0.082962121756734203 -0.02033515840575334 -0.016614107475790757 0.0052278963116744945 -0.0025115543984355147 0.0041448016861862207 -0.029300238949539838 -0.023675856323647528 0.025150463659213293 0.0048751750802538355 -0.032354837323787349 -0.013700977963029297 -0.00036700164690020901 -0.0070209681104913329 0.0059395792789552326
leaf_weight=1363212.4975372367 9882.3282935358584 26340.729432621971 1462236.4651513994 8709.282901475206 23045.425929091871 691473.19219108671 264905.09626380354 252338.47591901198 12853068.728658572 18937.823356196284 64472.414370376617 51202.744691994041 255212.11419328675 97025.750902319327 4842.7917286287993 38397.742164991796 76634.781173232943 530690.17492863536 957281.66064279713 1781729.8144636452 1376468.9991461262 268487.62050328404 343471.98137769848 482701.56900987029 4539288.4205208607 166981.52125842497 3686893.86543102 8162508.7575715333 1453152.1350398175 298983.47754549235
leaf_count=793265 60684 98382 445795 103879 42283 471933 1860002 1998206 3676327 68997 85920 129156 645813 655287 168251 118227 210747 307921 1863887 1715192 952196 345100 617918 678752 4384874 980099 3922725 4892955 1645455 509932
internal_value=-3.48429e-05 -0.0149931 0.000310734 -0.0511829 -0.00967123 0.00280093 -0.0118956 -0.0012287 0.0039413 -0.0035311 -0.0181016 -0.00869955 0.0101305 -0.0412559 -0.0317742 -0.024901 -0.04124 -0.00494941 -0.00101749 0.00414692 -0.00176471 -0.00259154 0.00459269 0.00959856 -0.00221345 -0.00415517 -0.00979926 -0.00100826 0.00199039 -0.00989354
internal_weight=4.16106e+07 939609 4.0671e+07 120460 819149 1.55375e+07 796103 2.51335e+07 1.35445e+07 531198 257048 230708 274150 111751 101869 166235 115033 1.99293e+06 2.48812e+07 3.14494e+06 2.17362e+07 1.92346e+07 2.50163e+06 1.85917e+06 1.89661e+07 1.29737e+07 4.64418e+06 8.32949e+06 5.99244e+06 642455
internal_count=34450160 4247628 30202532 988101 3259527 4901976 3217244 25300556 4148260 1357242 642432 544050 714810 884222 823538 458130 328974 753716 23302350 2508457 20793893 18035095 2758798 1630948 17689995 11659666 5786612 5873054 6030329 1127850
is_linear=0
shrinkage=0.1


Tree=48
num_leaves=31
num_cat=0
split_feature=9 11 6 2 6 11 11 7 7 9 3 1 10 6 8 10 8 4 3 10 8 10 3 2 8 6 11 8 11 11
split_gain=19440.3 16000.9 27110.7 26905.1 20148.4 20829.7 20292.3 20087.1 19269.9 14408.6 14341.8 13692.3 16769.4 12792 12203.4 11537.3 10921.6 10567 10621.7 10468.9 10409.1 13371.5 10308.9 10117.3 10013.2 16687.1 12723.5 12062 10300 13527.3
threshold=10.170001029968263 -0.42958798411962301 29.990403175354007 1.790350139141083 30.990071296691898 0.79773375822167203 0.26659387353423869 25.970487594604496 9.1800270080566424 18.881216049194339 10.500000000000002 1.0000000180025095e-35 -0.99467753128998015 40.940166473388679 41.842855453491218 0.878110924644389 38.080209732055671 1.0000000180025095e-35 5.5000000000000009 0.58481550752069722 30.527144432067875 -0.40614700388750385 778.50000000000011 375.85374450683599 37.941471099853523 36.20019721984864 -0.30164489695395946 35.275363922119148 0.39629089145655322 0.029024409397335523
decision_type=10 2 10 2 8 2 2 8 10 10 2 10 2 10 8 2 10 10 2 2 10 2 2 2 10 10 2 10 2 2
left_child=16 2 3 15 6 13 8 14 10 -8 -3 12 -10 17 -4 -2 22 24 -19 -5 21 -7 23 -1 25 27 -26 -6 29 -28
right_child=1 4 7 19 5 20 9 -9 11 -11 -12 -13 -14 -15 -16 -17 -18 18 -20 -21 -22 -23 -24 -25 26 -27 28 -29 -30 -31
leaf_value=0.0010149277174952684 -0.081051575470269532 -0.015829268709659741 0.0064787387626166846 -0.025473567471719683 -0.016020464410406023 0.10981855578775999 -0.0051572356155712871 -0.006628412885484174 -0.029924837114678478 -0.10815146710806439 -0.14892069273754549 0.00098516878630498989 0.03234026959423731 -0.067873599113852087 0.04926921268749726 0.046331479083844412 0.024342742675519825 -0.0067272654638619381 0.018535990569343755 0.0091304990981068753 -0.071970796870077028 -0.054181384346811794 -0.18586761927430862 0.015950779706499281 -0.032931971987798181 -0.037734851733058114 0.026155508354334712 0.010355228327768825 0.17408521729494311 -0.065557662849338533
leaf_weight=28241582.065784976 85468.972527954727 126384.1278989464 3299005.3394426294 196420.96143145859 1261449.2986884955 7875.3135829996318 3041942.8931689467 1481918.8035431281 47646.857991371304 13643.895806346089 8650.8052319753915 350039.77795448154 469159.78244633041 38581.268242821097 68022.048131104559 7755.3476679585874 206014.83174966276 984537.84707182646 200277.78307693452 157555.54537665844 83208.209764055908 13483.508741149679 2944.4529828093946 460931.14873567224 62935.620701476932 316045.84336116351 143203.40695873834 201014.16688870266 4221.6531568411738 18116.825330639258
leaf_count=11762724 175207 130355 2614605 152643 3832126 18387 8170781 1734786 91708 284663 39563 235406 448683 227040 94266 9257 96263 701360 211374 100960 688914 110521 55349 75224 183286 1168308 391388 523741 4529 116743
internal_value=-3.18676e-05 -0.00329499 0.000900458 -0.0226589 -0.00630074 -0.0120593 -0.00156765 0.00307325 0.0107826 -0.00561713 -0.0243556 0.0162564 0.0265998 -0.0106374 0.00734321 -0.0704546 0.00140024 -0.00994551 -0.00245684 -0.0100712 -0.0559857 0.00628782 0.00123559 0.00125478 -0.0143664 -0.0168981 0.00534055 -0.0123952 0.019891 0.0158558
internal_weight=4.16e+07 1.26886e+07 5.29615e+06 447201 7.39242e+06 3.33495e+06 4.05747e+06 4.84895e+06 1.00188e+06 3.05559e+06 135035 866846 516807 3.23038e+06 3.36703e+06 93224.3 2.89115e+07 3.1918e+06 1.18482e+06 353977 104567 21358.8 2.87055e+07 2.87025e+07 2.00699e+06 1.77851e+06 228478 1.46246e+06 165542 161320
internal_count=34450160 22460600 4881724 438067 17578876 8177717 9401159 4443657 945715 8455444 169918 775797 540391 7359895 2708871 184464 11989560 7132855 912734 253603 817822 128908 11893297 11837948 6220121 5524175 695946 4355867 512660 508131
is_linear=0
shrinkage=0.1


Tree=49
num_leaves=31
num_cat=0
split_feature=3 10 11 6 6 7 11 7 6 11 8 10 7 0 6 8 3 1 11 2 1 1 11 7 3 1 4 7 10 11
split_gain=18252.9 18044.4 16123.4 23761.1 14675.8 22239 14525.1 11815.1 12809.5 28625.2 19608.8 21624.7 24795.1 18312.7 25569.3 21488.4 13849.7 13703.2 13302.7 28859.4 12055.6 11727.7 11519.5 11357.3 10691.2 10318.7 19315.3 14022.2 17450.6 16602
threshold=142.50000000000003 -0.13398594226331254 0.78192542922038288 30.440045356750492 16.020244598388675 -1.0000000180025095e-35 -0.85225707553516283 2.0038683414459233 31.030729293823246 -0.15950993297387572 30.819877624511722 0.90892735371523092 7.1703755855560312 12.380102157592775 21.384360313415531 28.054287910461429 13.500000000000002 1.8889623880386355 -0.49065906150552346 4.5492591857910165 1.0000000180025095e-35 0.98171430826187145 -0.82413948779581736 25.610002517700199 67.500000000000014 0.10636131092906 1.0000000180025095e-35 9.1800270080566424 -0.29343379936893921 0.99958851518450398
decision_type=2 2 2 10 8 10 2 8 10 2 10 2 10 2 8 8 2 10 2 2 10 8 2 10 2 8 10 8 2 2
left_child=2 -2 7 4 5 -4 -3 -1 10 23 11 13 16 14 17 18 -13 -9 19 -16 -12 -7 -15 -10 -14 26 27 28 -6 -30
right_child=1 6 3 -5 25 21 -8 8 9 -11 20 12 24 22 15 -17 -18 -19 -20 -21 -22 -23 -24 -25 -26 -27 -28 -29 29 -31
leaf_value=-0.033885666799080297 -0.18818390523471776 0.025050421218952158 -0.026394444943240482 -0.036490534759361787 0.022405867307864112 0.029392389833345023 -0.039852829403081935 0.030640869809917221 0.0024518636915542491 -0.0091401456847512025 0.017585259696457696 -0.013733400847909825 0.017823737798291734 0.010092119071896159 -0.068254089027954809 -0.001507216308704807 -0.12723008590092652 -0.013384403142737337 -0.005977677746242735 -0.015555852826515724 0.0054747477192116454 -0.0047120777698717205 -0.00017404445833147915 -0.0033403723441461069 -0.13958482323733021 -0.023589658620354018 0.012613577882260427 -0.005123342528582854 -0.048762514350916539 0.033617378131267667
leaf_weight=98787.3524835594 6983.8973807338625 45132.780532300472 137142.2689608708 251421.50600329414 53402.899246096611 338774.69465255924 146109.97138585709 318933.05385637097 11533862.247673828 3564020.2440692075 1068624.0891529899 196149.90141260624 1282626.2152372934 2034714.8658124804 118445.47677608579 5537090.8001559414 11375.098287731409 90835.555649295449 1112440.2436751463 847326.345724985 3561445.5660163388 143556.666079849 2361566.6244643033 4791486.8711645007 4329.4429966807365 368618.37398333102 447725.01452627778 852030.58201580308 237161.79999292642 27277.127807814628
leaf_count=110965 97486 75917 236078 1305500 246991 291924 735154 291666 6704190 6283396 699180 145798 808771 399705 178804 3534756 36417 57824 1477750 412078 1013380 72592 571411 3477548 14496 311086 310547 3255888 1216972 75890
internal_value=-2.90478e-05 -0.0303015 0.00011593 -0.00713233 -0.00429957 0.00913865 -0.0245358 0.000653352 0.000742126 -0.00102072 0.00263268 0.000757073 0.0121218 -0.00061028 -0.00345219 -0.00476155 -0.0199545 0.0208816 -0.0134323 -0.0220189 0.00826986 0.0192419 0.00457741 0.000751844 0.0172942 -0.00849077 -0.00505003 -0.0118101 -0.0297352 -0.0402649
internal_weight=4.15894e+07 198227 4.13912e+07 2.85711e+06 2.60569e+06 619474 191243 3.85341e+07 3.84353e+07 1.98894e+07 1.85459e+07 1.39158e+07 1.49448e+06 1.24214e+07 8.02507e+06 7.6153e+06 207525 409769 2.07821e+06 965772 4.63007e+06 482331 4.39628e+06 1.63253e+07 1.28696e+06 1.98622e+06 1.6176e+06 1.16987e+06 317842 264439
internal_count=34450160 908557 33541603 7323468 6017968 600594 811071 26218135 26107170 16465134 9642036 7929476 1005482 6923994 5952878 5603388 182215 349490 2068632 590882 1712560 364516 971116 10181738 823267 5417374 5106288 4795741 1539853 1292862
is_linear=0
shrinkage=0.1


Tree=50
num_leaves=31
num_cat=0
split_feature=9 3 9 5 8 7 8 6 11 6 10 3 5 1 9 11 11 8 7 8 6 8 6 10 11 3 10 11 8 3
split_gain=16026.2 14685.6 12300.7 10335.4 10321.6 13644 11033.3 10241.4 9451.41 17473.4 11406 8719.1 8515.53 8871.31 15561.9 12451.8 11927.2 9581.62 8461.66 12523.7 16057.4 10741.2 21059 9706.57 9559.94 9261.37 8831.14 8352.16 8293.19 11891.8
threshold=18.600001335144047 941.50000000000011 7.9299988746643075 0.84294289350509655 33.751338958740241 25.058630943298343 31.775715827941898 32.170053482055671 0.78192542922038288 31.580005645751957 -0.55657520495441892 40.500000000000007 162.1048278808594 1.0000000180025095e-35 5.6900310516357431 -0.62587551141915865 0.99530134160901229 10.062598228454592 28.212017059326175 41.568571090698249 41.360345840454109 38.661281585693366 38.780782699584968 0.90892735371523092 -0.90161545992537195 166.50000000000003 0.95242846126021108 0.56191161272202661 17.080183029174808 50.500000000000007
decision_type=10 2 10 10 10 10 8 10 2 10 2 2 8 8 8 2 2 10 10 8 8 10 10 2 2 2 2 2 10 2
left_child=1 2 4 27 5 12 -7 -8 18 10 11 -10 13 14 -1 -16 -15 -17 19 20 21 22 25 -21 -23 -4 -26 -2 29 -12
right_child=3 -3 8 -5 -6 6 7 -9 9 -11 28 -13 -14 16 15 17 -18 -19 -20 23 -22 24 -24 -25 26 -27 -28 -29 -30 -31
leaf_value=0.023512504421905799 -0.028614100821236152 -0.19134420336544966 -0.00071986666538122277 0.086857535305966002 0.010707215627521834 -0.018040557946407132 0.0081923533123425714 -0.0084613252519920926 -0.03565358481068328 -0.053512719782543197 0.010296790678410789 -0.17513959133645593 0.01869661395947839 0.001089484292250528 -0.0056287045540652234 -0.011655931683662066 -0.070310591705585609 0.013617786228757684 -0.016768956342925207 0.023002271547862729 -0.039012696332697022 0.019769994599192951 -0.032196586611179398 -0.077174547196482673 -0.0025500372334400414 -0.039211208760680585 0.025584931827205032 -0.095202160851122861 -0.0078321090568123138 -0.088441818653589854
leaf_weight=488137.4825431183 55973.356780905277 4007.9559433236718 19229145.227403589 5810.9693126231432 1285957.1183307413 567134.60054603033 620773.72029933706 911424.74351549335 67654.181002395228 79895.63717093505 435089.29066619277 4799.2654447183013 317724.52477381006 11387508.72744599 851636.06202946045 174508.50428578071 23444.093624874949 1068209.7689408083 325171.71961665899 292441.95799736306 109428.34567933902 460425.98683749884 216654.91258031502 10003.185670167208 712112.83110798895 62713.842782806605 132289.22289957851 28391.279889125377 1636097.7793480121 12549.403679791838
leaf_count=143331 532430 76060 17184547 5961 444826 214339 174537 380599 206946 512399 526094 76360 48664 3342562 443445 262671 14798 484904 435473 461793 331246 282800 396993 52997 959971 262743 316926 604818 5209284 59643
internal_value=-2.65863e-05 6.49465e-05 8.34398e-05 -0.0421379 0.00207986 0.00140381 -0.00612465 -0.00171405 -0.00140184 -0.00759007 -0.00588845 -0.044893 0.00250817 0.00214061 0.00743325 0.00368562 0.000942791 0.0100687 -0.000759744 -0.000514482 -0.00080653 -0.000605657 -0.00119317 0.019689 0.00817833 -0.000844994 0.00185776 -0.051023 -0.00453223 0.00752869
internal_weight=4.15771e+07 4.14869e+07 4.14829e+07 90175.6 1.76965e+07 1.64105e+07 2.09933e+06 1.5322e+06 2.37865e+07 2.23609e+06 2.15619e+06 72453.4 1.43112e+07 1.39934e+07 2.58249e+06 2.09435e+06 1.1411e+07 1.24272e+06 2.15504e+07 2.12252e+07 2.09228e+07 2.08133e+07 1.95085e+07 302445 1.30483e+06 1.92919e+07 844402 84364.6 2.08374e+06 447639
internal_count=34450160 33306951 33230891 1143209 5954676 5509850 769475 555136 27276215 6590726 6078327 283306 4740375 4691711 1334351 1191020 3357360 747575 20685489 20250016 19735226 19403980 17844283 514790 1559697 17447290 1276897 1137248 5795021 585737
is_linear=0
shrinkage=0.1


Tree=51
num_leaves=31
num_cat=0
split_feature=3 9 2 11 10 6 8 11 6 10 6 7 11 8 3 2 3 8 11 2 7 10 11 10 9 9 8 11 8 3
split_gain=13178.3 13121.3 10570.4 11967.8 11571 11804.6 11650.2 15873.9 14474.2 13530.7 18079.9 13520.8 20524.1 16850.3 16645.1 15444.9 13391.2 13331.1 18791.4 24669.6 12230.3 14534.5 10978.5 10912 10598.2 10509.8 15212.6 10498.2 10351.4 14039.1
threshold=941.50000000000011 18.600001335144047 32.742265701293952 0.90070004940655357 -0.95754239937548935 33.300041198730476 36.928594589233406 -0.85225707553516283 37.720558166503913 0.40614137006726808 34.010030746459968 11.423154830932619 -0.16799793862756093 23.991030693054203 27.500000000000004 3.0359220504760747 7.5000000000000009 33.072200775146491 -0.77243990499604276 4.6829040050506601 2.0038683414459233 0.70290292807158605 0.99988440732898443 -0.75015329512557205 7.8199796676635751 12.350000858306887 26.054286003112797 -0.79382744783423187 32.782857894897468 22.500000000000004
decision_type=2 10 2 2 2 10 10 2 10 2 8 10 2 10 2 2 2 8 2 2 10 2 2 2 10 10 10 2 10 2
left_child=1 2 4 23 5 28 8 16 9 17 11 12 15 14 20 -11 -8 18 19 -6 21 -14 25 -4 -9 -20 -27 -12 29 -1
right_child=-2 -3 3 -5 6 -7 7 24 -10 10 27 -13 13 -15 -16 -17 -18 -19 22 -21 -22 -23 -24 -25 -26 26 -28 -29 -30 -31
leaf_value=0.0059032318484925871 -0.18958938211578746 -0.038289233628530046 -0.0015781320655535982 -0.025432442934090652 -0.034519455081004756 -0.0061558670317061887 0.0057635673504533892 0.086990136034620261 -0.039217067395210969 -0.12233319615165172 0.010802407579658172 0.0071169114346712279 -0.0024459095923011838 -0.03681302509496643 -0.068592829475759967 -0.022559721527431933 0.028730319924743754 0.0002537773179214008 -0.0023108528666280228 -0.0095236267294531093 0.011483528485710591 -0.082550747137590585 0.035196249760669991 0.0035593564981656646 -0.0040857476310258356 -0.0010021986812376025 -0.024590207298577013 -0.01351389077849962 0.022692574339847789 -0.097557900764123157
leaf_weight=1452098.0317066722 3666.9361061826348 89343.189543239772 5961197.9400761724 160520.83125052229 510102.52790087648 711637.37763265334 1202004.2592672631 12873.256420463324 111970.92710100487 24890.559265654534 212644.73964913934 3255451.1329094674 84533.166211046278 122910.82671720907 31149.981174767017 41190.677199177444 321852.56627500802 3083588.6824596617 3887963.733497031 1747490.7260484546 631835.89201381803 30941.494446024299 69765.207638762891 13490375.798500463 1706241.2306613382 520362.62427089363 576129.4877472613 1075775.0223661456 425122.07637012191 13235.021304219961
leaf_count=1012738 76284 1142985 2188556 111211 511260 1005364 775284 3103 204175 60497 156743 3876146 88194 432695 123228 36845 377462 2328361 3331851 860458 644647 41972 110069 4345922 3023967 1862118 3548508 1886815 232604 50098
internal_value=-2.42636e-05 -7.53996e-06 7.49227e-05 0.0017605 -0.00143706 0.00482199 -0.00228261 0.0031833 -0.00338918 -0.00313697 0.000868585 0.00403227 -0.00634747 -0.00240376 0.0030291 -0.060141 0.0106144 -0.0052606 -0.00758616 -0.0151714 0.0060145 -0.02391 -0.00419801 0.0019849 -0.00340374 -0.0047494 -0.013396 -0.00950065 0.00895446 0.00496876
internal_weight=4.15689e+07 4.15652e+07 4.14759e+07 1.96121e+07 2.18638e+07 2.60209e+06 1.92617e+07 3.24297e+06 1.60187e+07 1.59067e+07 5.51132e+06 4.2229e+06 967453 901371 778461 66081.2 1.52386e+06 1.03954e+07 7.31181e+06 2.25759e+06 747311 115475 5.05422e+06 1.94516e+07 1.71911e+06 4.98446e+06 1.09649e+06 1.28842e+06 1.89046e+06 1.46533e+06
internal_count=34450160 34373876 33230891 6645689 26585202 2300804 24284398 4179816 20104582 19900407 7347782 5304224 1428078 1330736 898041 97342 1152746 12552625 10224264 1371718 774813 130166 8852546 6534478 3027070 8742477 5410626 2043558 1295440 1062836
is_linear=0
shrinkage=0.1


Tree=52
num_leaves=31
num_cat=0
split_feature=3 10 11 9 1 8 6 8 5 11 8 9 7 1 9 3 4 9 11 7 10 6 10 8 10 11 7 11 5 6
split_gain=12750.8 15916.7 10890.9 10124.9 8984.06 11716.4 10035.3 13213.6 9409.16 8914.28 16830 16486.4 13002.6 11925.4 11354.8 10839.8 9689.32 9508.85 9393.83 12688.9 15955.3 13852.7 22061.2 16244.4 10840.9 12178.6 12666.1 9940.05 9176.99 8867.64
threshold=142.50000000000003 -0.13398594226331254 -0.85225707553516283 5.6900310516357431 1.0014657974243166 28.318849563598636 29.530110359191898 31.054828643798832 1.0000000180025095e-35 0.78192542922038288 18.616177558898929 16.900283813476566 -1.0000000180025095e-35 0.10636131092906 16.669999122619632 14.500000000000002 1.0000000180025095e-35 14.009998798370363 0.99958851518450398 8.3628058433532733 -0.29343379936893921 27.28843975067139 -0.074117382312902977 24.879979133605961 -0.24372957273992746 0.94353349168649059 15.880630493164064 0.79773375822167203 0.21341882646083835 29.081247329711918
decision_type=2 2 2 10 8 10 10 10 8 2 10 10 10 8 10 2 10 10 2 10 2 10 2 10 2 2 10 2 8 10
left_child=3 -2 -3 4 5 -1 8 -8 -7 -5 12 13 14 16 15 -11 18 -15 19 20 -12 22 23 -21 25 26 -23 -26 -13 -29
right_child=1 2 -4 9 -6 6 7 -9 -10 10 11 28 -14 17 -16 -17 -18 -19 -20 21 -22 24 -24 -25 27 -27 -28 29 -30 -31
leaf_value=-0.00064985677709437299 -0.18474353583467942 0.02263578417150066 -0.033735443469806885 -8.049313048141604e-05 0.0018058856018327114 0.08125570412737454 -0.036592180575852638 0.014866415600593345 0.023484761421983344 -0.015202897767869969 0.030657137614079663 -0.06044913312774141 0.014290843629474468 -0.031683447129109157 0.12436276565503995 -0.10211936161048676 0.007850477638653465 0.041605197924286991 0.023828264481400505 -0.070716910498321947 -0.059101310694280443 -0.065577078226908059 0.020389102650252774 -0.0044726627094973234 0.028738186597796613 0.043772156576253107 0.0012695127149438415 -0.015125160645897346 0.089728235384546315 -0.053447482699076954
leaf_weight=516684.16430005431 6080.8269094862044 44911.980365116149 144677.2915481478 33055042.233942073 4337657.6673033834 29864.871211990714 63727.092123910785 229994.46041494608 503417.59728440642 112942.37585961819 24472.945428136736 83738.254731021821 544969.69256590679 282062.1797484681 5207.3726311679929 16437.176299497485 410278.29702646285 18888.862149953842 76384.001790486276 52835.849224738777 103806.52492931113 38258.125514030457 295122.97912690789 123645.47609873116 23769.623952932656 44222.214324951172 109400.9903278891 97480.447397343814 4276.8546912223101 158657.94126085937
leaf_count=411846 97486 75917 735154 24704798 1016485 13547 30435 70847 120067 158637 82833 1361295 579028 257305 8094 69892 307073 32536 182361 204606 499470 367057 737717 489188 62812 145185 362143 394588 5583 866175
internal_value=-2.22431e-05 -0.0254895 -0.0203816 9.82304e-05 0.00401915 0.0111639 0.0185448 0.00370174 0.02672 -0.000526066 -0.00613292 -0.0108614 0.00741671 -0.00885945 -0.020418 -0.0262453 -0.00533994 -0.0270836 -0.0100538 -0.0124687 -0.0419773 -0.00845624 0.00366383 -0.0243052 -0.0205716 -0.00226321 -0.0160503 -0.0331222 -0.0531517 -0.0388629
internal_weight=4.15589e+07 195670 189589 4.13632e+07 5.68135e+06 1.34369e+06 827004 293722 533282 3.56819e+07 2.62686e+06 1.9473e+06 679557 1.85929e+06 134587 129380 1.55834e+06 300951 1.14806e+06 1.07167e+06 128279 943394 471604 176481 471789 191881 147659 279908 88015.1 256138
internal_count=34450160 908557 811071 33541603 1663227 646742 234896 101282 133614 31878376 7173578 6357927 815651 4991049 236623 228529 4701208 289841 4394135 4211774 582303 3629471 1431511 693794 2197960 874385 729200 1323575 1366878 1260763
is_linear=0
shrinkage=0.1


Tree=53
num_leaves=31
num_cat=0
split_feature=3 9 2 10 1 6 8 6 8 6 0 6 6 8 11 6 8 10 7 11 2 11 8 2 5 2 3 6 1 9
split_gain=11271.4 10413.3 8946.29 9108.36 8510.33 8500.35 12568.2 12283.4 9496.38 18885.2 10928.9 10066.5 8249.33 16324.8 12543.6 11868.4 22980 19961.6 21164.1 16886.4 13762 27831.4 19569.6 16297.1 12603.1 11621.3 11011 9721.65 11542.7 11549.7
threshold=941.50000000000011 19.040639877319339 215.81109619140628 -0.95244167294248061 66.28302383422853 42.65040588378907 41.568571090698249 40.730085372924812 38.661281585693366 38.780782699584968 0.63308668136596691 37.590108871459968 36.300340652465827 35.356309890747077 0.029024409397335523 32.94041824340821 32.73481750488282 0.90892735371523092 7.1703755855560312 -0.091258822863740666 23.199997901916507 -0.67801649466304881 29.682858467102054 2.5543808937072758 0.21341882646083835 5.513331651687623 130.50000000000003 30.990071296691898 1.0000000180025095e-35 9.9153079986572283
decision_type=2 10 2 2 8 10 10 10 10 10 2 8 10 10 2 10 10 2 10 2 2 2 8 2 8 2 2 8 8 8
left_child=1 2 4 -4 5 6 7 8 9 12 11 -10 13 15 -14 16 17 20 25 -17 21 22 23 -1 -18 -19 27 28 29 -23
right_child=-2 -3 3 -5 -6 -7 -8 -9 10 -11 -12 -13 14 -15 -16 19 24 18 -20 -21 -22 26 -24 -25 -26 -27 -28 -29 -30 -31
leaf_value=-0.055943941160670689 -0.18660760835759871 -0.043325755755411789 -0.02007072248714201 0.0088963469805371717 -0.016850094337746566 -0.022612591389845081 0.020159616928775086 -0.021603441173613375 0.036081114823346631 -0.029033081598564704 -0.0064688432304460912 0.0091912149017504899 -0.004791239993413199 0.0088907035262819258 -0.040694032442143299 -0.0018623477013524745 0.02626310869721625 -0.057813728622960803 0.013376304586012673 -0.015573833575145439 0.00062982307474489414 0.011056800639242186 -0.0074993390498674017 -0.019845994028642032 0.0063440281206028435 -0.0057386883382877368 -0.05809939356992129 -0.008282190897805207 -0.0071791737209838391 -0.00030824153025849608
leaf_weight=162252.40233881399 3237.2801156565547 55415.787079237401 116155.36180443317 1657935.7168195993 306756.20715449005 167441.46733500808 305829.99169488251 266099.39254383743 170853.5818567723 227896.34044539183 355384.62942510843 751919.90665401518 1573104.5172105301 2022209.4961876199 103728.21727793477 4785400.9106413722 360219.32030723244 58867.443038254976 1632812.6726678312 1105725.3005411774 13924282.812165458 1374599.5758409742 1315620.2880463023 545729.35545675457 2687410.6240153164 157544.14896234125 34003.770172739401 1454932.3433411922 1308362.1651408374 2558503.7380150072
leaf_count=245471 76284 757996 35037 333747 94220 448625 405179 609701 122589 409113 196720 1087302 1593188 1460303 478458 2701049 540173 110536 1210006 2404458 4901826 915345 802694 366478 887490 92039 216152 2412955 951871 7583155
internal_value=-2.03699e-05 -5.83125e-06 5.20265e-05 0.00699978 -0.000258314 -0.000129171 -3.32396e-05 -0.000191842 -4.4508e-05 -0.000334229 0.00843144 0.0141699 -0.000158249 0.000165599 -0.00701217 -0.000361618 0.000508809 -0.000508776 0.00948157 -0.0044359 -0.00132341 -0.00443025 -0.0147133 -0.0281188 0.00869839 -0.0199039 -0.00133849 -0.00105026 0.00095719 0.00366378
internal_weight=4.15502e+07 4.1547e+07 4.14916e+07 1.77409e+06 3.97175e+07 3.94107e+07 3.92433e+07 3.89375e+07 3.86714e+07 3.73932e+07 1.27816e+06 922773 3.71653e+07 3.54885e+07 1.67683e+06 3.34663e+07 2.75751e+07 2.45275e+07 1.84922e+06 5.89113e+06 2.26783e+07 8.754e+06 2.0236e+06 707982 3.04763e+06 216412 6.7304e+06 6.6964e+06 5.24147e+06 3.9331e+06
internal_count=34450160 34373876 33615880 368784 33247096 33152876 32704251 32299072 31689371 30282760 1406611 1209891 29873647 27802001 2071646 26341698 21236191 19808528 1412581 5105507 18395947 13494121 1414643 611949 1427663 202575 12079478 11863326 9450371 8498500
is_linear=0
shrinkage=0.1


Tree=54
num_leaves=31
num_cat=0
split_feature=3 11 11 7 1 7 9 6 11 1 11 2 9 8 0 8 11 10 6 2 11 1 8 8 11 6 4 11 9 3
split_gain=10080.1 8521.38 14847.3 13825.6 11036.5 10844.8 12585.6 11757.8 20322.6 16747.3 21654.8 27745.7 27344.1 20987.3 20516.6 20111.6 10942.1 16129 10269.4 9918.77 13924.8 11911.6 10544.2 9909.39 9850.82 9336.69 13922.4 13108.5 17308.9 10724.9
threshold=1122.5000000000002 0.97062204580664158 0.99958851518450398 2.7907195091247563 5.2713332176208505 2.0038683414459233 16.669999122619632 29.420019149780277 -0.15950993297387572 1.0000000180025095e-35 -0.30164489695395946 2.2681553363800053 14.219999790191652 29.240000724792484 13.803822517395021 27.828949928283695 0.79773375822167203 -0.26037633224328088 31.496147155761722 6.1459491252899179 0.71353761266622884 0.47552932798862463 10.062598228454592 32.28167915344239 0.98174098242282837 22.62085056304932 0.014398725237697365 0.98174098242282837 10.070032119750978 16.500000000000004
decision_type=2 2 2 8 8 8 10 10 2 8 2 2 8 8 2 8 2 2 8 2 2 8 10 8 2 8 10 2 10 2
left_child=1 5 3 24 -4 6 19 9 -9 10 11 13 -12 -7 15 -11 18 -18 23 20 -1 -21 -22 -10 -3 26 29 28 -27 -5
right_child=-2 2 4 25 -6 7 -8 8 16 14 12 -13 -14 -15 -16 -17 17 -19 -20 21 22 -23 -24 -25 -26 27 -28 -29 -30 -31
leaf_value=-0.13539197376457959 -0.18971829891914094 0.055943473106724789 0.022481819600046398 -0.086005918121842551 -0.11720515597838455 -0.057548093639726842 0.10477427310626855 0.00053276053470272444 -0.0023931461920637625 -0.013205888189432117 0.017219371781599161 0.0045762164098430876 -0.0048925266441252405 0.0010311642457940175 0.0055153415298338773 0.00058476009858892568 -0.0057481751492406506 -0.053399611259640045 -0.0087593024364689687 0.02084469568601182 -0.092066488932784574 -0.031869247146229192 -0.01272006673338336 0.018178601568718655 -0.0038318344274401702 0.0063615100918950011 -0.0096384055793421429 -0.0029127208488286412 -0.083231064194132023 -0.027461747360839991
leaf_weight=15179.979126462713 2800.9165986850858 39388.511578481644 160585.77728466131 69990.028297550976 5862.5995900332928 147662.84964678437 7967.7170108482242 21890757.293444887 1722314.9820011687 1620199.1403893083 2440630.8033288056 833818.27470172942 725501.93905499112 104402.59736037254 4062528.4360353649 3044833.9798906669 175588.62149102241 119289.58151850291 3165591.4499545936 78601.307949945331 22105.833741806448 94287.699696838856 69098.706314940006 270999.12241500802 91879.019929839298 36639.899114908651 98079.076938103884 314993.70880442485 52406.879255853593 56593.589750604704
leaf_count=33165 72006 41683 297665 206375 9467 251600 18482 12586045 1945810 1006119 2532088 392775 2784580 124847 842943 1216931 687870 688205 6117797 65272 35766 64234 143107 180302 154147 33914 64862 1250005 384057 218041
internal_value=-1.85569e-05 -5.76536e-06 -0.00948893 -0.0154136 0.0175618 0.000210563 -0.0191513 0.000348483 -0.000827973 0.00282697 0.00797322 -0.00421254 0.0121526 -0.0332852 0.000319741 -0.00420483 -0.00628977 -0.025025 -0.00521889 -0.0226869 -0.0467116 -0.00790367 -0.0319518 0.000403666 0.0141045 -0.0215767 -0.0379193 -0.0124896 -0.0463666 -0.0598317
internal_weight=4.15406e+07 4.15378e+07 926419 759971 166448 4.06114e+07 287241 4.03241e+07 2.73445e+07 1.29796e+07 4.25202e+06 1.08588e+06 3.16613e+06 252065 8.72756e+06 4.66503e+06 5.45378e+06 294878 5.15891e+06 279274 106385 172889 91204.5 1.99331e+06 131268 628703 224663 404040 89046.8 126584
internal_count=34450160 34378154 2660216 2353084 307132 31717938 360026 31357912 22206029 9151883 6085890 769222 5316668 376447 3065993 2223050 9619984 1376075 8243909 341544 212038 129506 178873 2126112 195830 2157254 489278 1667976 417971 424416
is_linear=0
shrinkage=0.1


Tree=55
num_leaves=31
num_cat=0
split_feature=3 10 11 11 8 9 1 11 8 3 11 6 7 9 2 11 11 3 1 10 7 8 10 3 7 9 8 7 6 2
split_gain=9274.59 13904.2 8397.66 8390.15 7906.98 7836.6 8922.25 6940.3 13263.1 10588.3 12779.7 10787.4 9149.24 11965.9 8898.81 8212.39 10025.7 15946 8128.32 8060.72 7810.47 10893.3 10695.7 14487.3 15480.9 14980.3 15430.4 13772.8 10866.2 10785.7
threshold=142.50000000000003 -0.13398594226331254 -0.85225707553516283 -0.6391983530350368 33.751338958740241 3.9730539321899419 3.1486009359359746 0.97062204580664158 16.131060600280765 7.5000000000000009 0.98005052076767474 21.384360313415531 -1.0000000180025095e-35 16.610001564025882 4.8076508045196542 0.98174098242282837 0.99855310097228334 3.5000000000000004 1.6534050703048708 0.074116354202380205 25.550364494323734 31.66068267822266 -0.34235669412071207 36.500000000000007 10.838284969329836 11.830018043518068 29.390223503112797 15.661506652832033 29.530110359191898 125.71569824218751
decision_type=2 2 2 2 8 8 10 2 10 2 2 8 8 10 2 2 2 2 8 2 10 8 2 2 8 10 8 10 10 2
left_child=5 -2 4 -4 -3 6 -1 12 15 11 -11 -10 13 14 -7 -9 17 19 -18 -17 22 -22 23 24 -14 26 -26 -25 -28 -24
right_child=1 2 3 -5 -6 7 -8 8 9 10 -12 -13 20 -15 -16 16 18 -19 -20 -21 21 -23 29 27 25 -27 28 -29 -30 -31
leaf_value=0.0283853195219918 -0.18051428212743437 -0.13597303181423875 -0.084044187998162531 -0.018473137935629484 0.031807208574082001 -0.076223153773501001 0.0036163241303304346 0.043123413690675502 -0.060817561790440615 -0.050629819393358394 0.0016148262500248927 -0.017861715613390575 0.021795630222761847 0.11752410102033138 -0.014390404505366668 -0.036984564639281729 0.04580451135787067 -0.069201071309078641 -0.07304784306240579 0.036660280241283441 -0.02611063766612462 -0.0025061321505973327 0.0016228326781314345 -0.058791685331937349 -0.0058684054949431561 -0.013476272044834457 0.0072169128354189222 0.00081596304683183372 -0.00016573465339103391 0.0095862674358931001
leaf_weight=199101.12815209292 5369.6834733504802 3011.5874469950795 23289.111069219187 120382.64417046867 41725.25492802076 36709.912497121841 539511.55105018616 62367.319272652268 83144.153467305005 54006.746755858883 351877.62046276219 196930.13895743713 300150.62945582904 5273.4969439581037 63599.335502490401 22511.722115144134 53712.6069082506 38631.068694621325 6444.6109714657068 43739.622834101319 203425.1841779761 5025145.91810048 14753175.044765182 84131.009533790872 3927994.5110796802 927147.78416949138 2498636.8300525248 71882.469637507573 9864774.5565936863 1922402.42736426
leaf_count=41297 97486 16484 104392 630762 59433 90448 96491 60358 127157 338263 1542953 342074 576239 8533 60354 26281 57728 115940 5299 30515 87951 3630485 14059135 890159 1811324 3057963 844209 353922 4848878 437647
internal_value=-1.72338e-05 -0.0218435 -0.0173213 -0.0291022 0.0205126 8.50841e-05 0.0102931 -0.000100634 -0.00871902 -0.0156573 -0.00533682 -0.0306138 9.77241e-05 -0.0293003 -0.0370192 0.0122099 0.000527898 -0.0181383 0.0330719 0.0116363 0.000176148 -0.0034245 0.000724214 -0.000989754 -0.000719578 -0.00111206 -0.000408409 -0.0313277 0.00132629 0.00254088
internal_weight=4.15302e+07 193778 188409 143672 44736.8 4.13364e+07 738613 4.05978e+07 913366 685959 405884 280074 3.96844e+07 105583 100309 227407 165040 104882 60157.2 66251.3 3.95789e+07 5.22857e+06 3.43503e+07 1.76747e+07 1.75187e+07 1.72186e+07 1.62914e+07 156013 1.23634e+07 1.66756e+07
internal_count=34450160 908557 811071 735154 75917 33541603 137788 33403815 2646568 2350447 1881216 469231 30757247 159335 150802 296121 235763 172736 63027 56796 30597912 3718436 26879476 12382694 11138613 10562374 7504411 1244081 5693087 14496782
is_linear=0
shrinkage=0.1


Tree=56
num_leaves=31
num_cat=0
split_feature=3 9 10 0 1 2 10 7 8 6 8 6 3 11 6 8 11 4 6 3 10 6 8 10 7 2 11 7 3 3
split_gain=8613.55 8055.17 7155.78 7104.19 8266.49 7592.04 8164.69 6642.75 9428.78 10031.2 9812.06 15763.3 9921.62 8801.17 7067.17 14454.3 11426 9122.22 9119.1 8783.94 7749.25 7532.41 16807 16184.2 17768.5 11604 10023.4 12366 9994.22 8417.68
threshold=1122.5000000000002 19.040639877319339 0.55656748448714433 118.52466201782228 82.108852386474624 149.03302764892581 -0.93545489084327571 27.990239143371586 42.150119781494148 41.360345840454109 38.661281585693366 39.520650863647468 1.0000000180025095e-35 -0.90161545992537195 36.300340652465827 35.356309890747077 -1.0000000180025095e-35 6.4584131240844735 34.560029983520515 170.50000000000003 -0.11692013674435776 33.40028381347657 32.782857894897468 0.96234642434711437 7.1703755855560312 5.8127593994140634 -0.43733099657705293 23.780478477478031 39.500000000000007 9.5000000000000018
decision_type=2 10 2 2 8 2 2 10 10 10 10 10 2 2 10 10 2 8 10 2 2 10 10 2 8 2 2 10 2 2
left_child=1 3 -3 4 5 7 -7 8 9 10 11 14 -12 -14 15 19 -16 18 -17 21 -21 22 23 -1 25 -25 27 -23 -26 -29
right_child=-2 2 -4 -5 -6 6 -8 -9 -10 -11 12 -13 13 -15 16 17 -18 -19 -20 20 -22 26 -24 24 28 -27 -28 29 -30 -31
leaf_value=-0.001472754900784092 -0.1866875110653064 -0.10762133031309236 -0.019495338170550588 0.015210796382763384 -0.013884951197293455 -0.011079171540552267 0.0066130118370446474 -0.012306826303256982 0.024054251583099623 -0.026372409741171478 -0.0036378650596691265 -0.046243184099881061 0.030580754053822684 0.0082855605875150687 -0.0043211134516972097 0.024521786592436409 -0.035469590746045346 -0.0023313252880712747 0.0071516172815700987 -0.18554471435843847 -0.034800159493849597 0.013928426175266607 0.0063935618982620583 -0.11027265640713374 0.014998035895508974 -0.015011665920016046 -0.011073845583178719 -0.0028782501400517269 -0.078503385138805587 -0.039707744615718452
leaf_weight=22681196.13581625 2471.7213038280606 11704.328970897943 43305.308247599751 306633.36027592421 428436.22167237848 288536.29077487439 2717576.0357772112 455743.01531966776 160115.74810117483 146588.36537300795 468701.20721991546 75111.19998767972 242652.79966423661 654997.07444530539 1620214.353876438 437787.89382831752 126996.98586074635 583484.61737304553 976105.31184869632 3898.7253892058507 27213.846359352581 467912.73260121793 3653733.7238133438 16929.217002037913 1050642.6420050412 52265.671699792147 1484154.6525093205 2262019.6173318923 11557.493068177253 63809.052754834294
leaf_count=19116529 72006 321034 436962 39023 102246 97492 652883 566883 282331 452826 279169 171026 179870 1181990 1685642 255746 573885 202661 986122 61629 126218 300992 1919597 37420 694322 36895 2378402 1114039 40921 83399
internal_value=-1.58181e-05 -4.7054e-06 -0.0382458 4.60272e-05 -6.69516e-05 7.83993e-05 0.00491486 -0.000307005 -0.000160262 -0.000264745 -0.000161202 -0.000480424 0.0081549 0.0143124 -0.000383653 -6.28217e-05 -0.00658516 0.00818863 0.01253 -0.000581503 -0.05369 -0.000529451 7.84735e-05 -0.000890495 0.0107821 -0.0383182 -0.00443264 -0.000904552 0.0139807 -0.00388867
internal_weight=4.15225e+07 4.152e+07 55009.6 4.1465e+07 4.11584e+07 4.07299e+07 3.00611e+06 3.77238e+07 3.72681e+07 3.7108e+07 3.69614e+07 3.5595e+07 1.36635e+06 897650 3.55199e+07 3.37727e+07 1.74721e+06 1.99738e+06 1.41389e+06 3.17753e+07 31112.6 3.17442e+07 2.74663e+07 2.38126e+07 1.1314e+06 69194.9 4.2779e+06 2.79374e+06 1.0622e+06 2.32583e+06
internal_count=34450160 34378154 757996 33620158 33581135 33478889 750375 32728514 32161631 31879300 31426474 29785445 1641029 1361860 29614419 27354892 2259527 1444529 1241868 25910363 187847 25722516 21845684 19926087 809558 74315 3876832 1498430 735243 1197438
is_linear=0
shrinkage=0.1


Tree=57
num_leaves=31
num_cat=0
split_feature=3 6 8 6 8 10 9 10 11 6 3 11 8 6 4 11 6 3 8 7 8 6 8 10 7 2 11 8 3 3
split_gain=7679.1 6936.54 10905.1 14261.8 7079.17 7214.71 6649.04 7358 7814.55 9097.88 7789.81 6517.39 6475.88 14626.6 8294.27 7719.96 7532.41 8470.73 7232.91 6667.93 6217.78 8042.62 15687.5 13947.6 15762.8 10533 20437.7 13286.7 10646.3 9722.13
threshold=1122.5000000000002 42.65040588378907 41.101430892944343 40.550180435180671 41.842855453491218 0.22700754078277605 18.170379638671879 0.84313847884979054 0.38043945030393422 38.360603332519538 44.500000000000007 -0.35042475891464198 38.080209732055671 37.010103225708015 8.1554694175720233 -0.62587551141915865 37.470350265502937 7.5000000000000009 36.928594589233406 23.030083656311039 35.88214302062989 32.94041824340821 32.504289627075202 0.90892735371523092 5.9429731369018564 31.754192352294925 -0.90161545992537195 30.777144432067875 9.5000000000000018 130.50000000000003
decision_type=2 10 10 10 10 2 10 2 2 10 2 2 10 10 8 2 8 2 10 8 10 10 10 2 10 2 2 8 2 2
left_child=1 2 3 6 -3 -6 12 10 -9 -10 -8 -4 13 20 16 -15 17 -14 -17 -20 21 22 23 25 -25 26 27 28 -1 -28
right_child=-2 4 11 -5 5 -7 7 8 9 -11 -12 -13 14 15 -16 18 -18 -19 19 -21 -22 -23 -24 24 -26 -27 29 -29 -30 -31
leaf_value=-0.021905679781885859 -0.18406397351527312 -0.058688039579346901 0.017166072910456815 -0.023865972839359786 0.073083576341320899 -0.015956126126018315 -0.022792974027909297 -0.021778327166261005 0.016126808481233473 0.1867128677009271 -0.10243078767773428 -0.063459788018416799 0.012738436789219647 -0.0059445601753793792 -0.015308362261373843 -0.044193195390025794 0.004396722899935113 0.048309435277768931 0.014577853622478524 -0.02586488837465134 0.0061326035876041896 -0.0032274846005811669 0.0064721949778435211 -0.021838766575183549 0.010932738565541188 0.00082312407420046202 -0.0014933653116990934 -0.0035702486325865945 -0.088054152926966167 -0.055371052048322447
leaf_weight=695323.42939552665 2266.8218904659152 37259.397164065391 450745.53306836635 250826.12661652267 9829.7907884046435 122608.8780384101 34730.022345936857 47629.813570350409 13093.616820469499 4107.1621241234243 19003.156573642977 10254.020351909101 296868.75788346678 576754.4284607619 159117.90153613687 124199.77786749229 1057220.9782769457 86439.539845228195 59513.218245167285 129423.16950552166 1667773.8186848536 6747214.8036030866 3941436.4989366867 160792.27059522644 1683176.4926423095 13907676.237675142 8612185.0264716968 548972.4283078108 25213.303493877873 33622.936522770673
leaf_count=475656 72006 128445 585121 603235 10409 332945 451400 397344 113655 2890 521966 50475 163174 457465 68793 328572 1352460 94390 197555 219263 1300734 5754316 1859371 150418 1220421 4459433 12511341 295435 59512 211960
internal_value=-1.44892e-05 -4.43917e-06 7.8377e-05 -9.40859e-05 -0.0201808 -0.00934747 5.26626e-05 -0.023594 -0.000914374 0.056859 -0.0509575 0.0153727 0.000121866 -0.000134474 0.00635763 -0.0128075 0.00875081 0.02076 -0.0254481 -0.0131258 0.000162123 -0.000111766 0.000598249 -0.000303758 0.0080751 -0.000952306 -0.0034426 -0.0152907 -0.0242204 -0.00170289
internal_weight=4.15153e+07 4.1513e+07 4.13433e+07 4.08823e+07 169698 132439 4.06315e+07 118564 64830.6 17200.8 53733.2 461000 4.05129e+07 3.89133e+07 1.59965e+06 889891 1.44053e+06 383308 313136 188936 3.80234e+07 3.63556e+07 2.96084e+07 2.5667e+07 1.84397e+06 2.3823e+07 9.91532e+06 1.26951e+06 720537 8.64581e+06
internal_count=34450160 34378154 33906355 33270759 471799 343354 32667524 1487255 513889 116545 973366 635596 31180269 29501452 1678817 1202855 1610024 257564 745390 416818 28298597 26997863 21243547 19384176 1370839 18013337 13553904 830603 535168 12723301
is_linear=0
shrinkage=0.1


Tree=58
num_leaves=31
num_cat=0
split_feature=3 2 1 9 4 0 6 8 6 11 9 9 10 3 10 7 9 3 8 1 11 11 6 3 1 4 9 6 9 7
split_gain=6827 6319.85 9164.54 6562.86 7393.95 6491.98 6173.39 6324.11 15636.5 8496.3 6689.63 6300.07 7228.87 8980.88 5842.98 5425.86 7989.34 8697.88 7987.76 10861.3 10653 10372.5 9827.04 8931.47 8094.74 8686.66 9019.63 8590.69 7534.86 7034.43
threshold=1122.5000000000002 375.85374450683599 72.633220672607436 3.9730539321899419 2.053048968315125 118.52466201782228 44.139904022216804 41.842855453491218 41.360345840454109 -0.41399101439218416 17.145058631896976 18.881216049194339 0.62587949062545845 3.5000000000000004 0.22700754078277605 -1.0000000180025095e-35 16.730000495910648 14.500000000000002 17.080183029174808 7.9125044345855722 0.78192542922038288 0.19969739736768838 31.580005645751957 50.500000000000007 0.10636131092906 1.0000000180025095e-35 6.7800750732421884 21.384360313415531 13.919998645782472 8.3628058433532733
decision_type=2 2 8 8 10 2 10 10 10 2 10 10 2 2 2 8 8 2 8 8 2 2 10 2 10 10 8 10 10 8
left_child=1 2 3 4 -1 -3 7 8 11 10 14 15 13 -13 -9 16 17 -5 19 21 -20 -17 24 -23 25 26 -22 -26 -27 -28
right_child=-2 5 -4 6 -6 -7 -8 9 -10 -11 -12 12 -14 -15 -16 18 -18 -19 20 -21 22 23 -24 -25 27 28 29 -29 -30 -31
leaf_value=0.045340586184896288 -0.18099642372803917 0.0045721466155466952 -0.01397926649452565 -0.014312859331673805 0.0068193851888427503 0.031503768327806658 -0.043151468671473688 0.052966560688814092 -0.029473587540040293 -0.093607020946760253 0.072131468998097081 0.11734960570842841 -0.012453498333201658 -0.12319509912691187 0.0076541243195791158 -0.07015299675114002 0.092859964817329887 -0.0894554338211518 0.0002436470801790297 -0.016773096067898213 0.062616352471816836 0.018001585030967514 -0.041187723896346173 -0.067920482401010229 -0.043308614760747433 0.0052687682848285879 -0.024607366202231896 -0.0094846360515126252 0.053769350207903757 -0.004677958999334055
leaf_weight=54560.135921816342 2084.1601341441274 343024.49723339826 472672.07482525706 141209.86932357401 574554.86655272916 121106.64727258682 33332.238515928388 31696.398601733148 181802.89204804599 7242.2057572565973 19873.812787998468 1766.1716165691614 42608.44930537045 12807.277484208345 278506.86750414222 14113.824922611006 6238.6685808412731 17290.444636132568 36170371.552606121 130041.47471086681 18275.895846178755 671783.08432242274 80820.540394021198 12319.859045844525 104785.14462655038 434324.91891018581 214541.85785736423 264962.77324723452 34582.278944399208 1015075.1103559155
leaf_count=17132 72006 63992 121178 190395 106000 12553 115605 21391 512057 43700 42812 3069 424682 403201 436725 16718 10045 74843 24749009 60476 10938 548831 527024 45330 98397 291269 1022494 221843 39674 4146771
internal_value=-1.31826e-05 -4.09492e-06 -0.000135315 2.59794e-05 0.0101601 0.0115995 -0.000133647 -9.7717e-05 -0.000213946 0.0135367 0.0158875 -7.8892e-05 -0.0332476 -0.0940432 0.0122841 -3.0669e-05 -0.0181409 -0.02251 4.55059e-05 0.00976153 -0.000164401 0.0147035 -0.00697416 0.0164542 -0.00564893 -0.00275839 -0.00711874 -0.0190702 0.00884572 -0.00815521
internal_weight=4.15084e+07 4.15063e+07 4.10422e+07 4.05695e+07 629115 464131 3.99404e+07 3.9907e+07 3.95697e+07 337319 330077 3.93879e+07 57181.9 14573.4 310203 3.93307e+07 164739 158500 3.9166e+07 828258 3.83377e+07 698217 2.16737e+06 684103 2.08655e+06 1.7168e+06 1.24789e+06 369748 468907 1.22962e+06
internal_count=34450160 34378154 34301609 34180431 123132 76545 34057299 33941694 33397066 544628 500928 32885009 830952 406270 458116 32054057 275283 265238 31778774 671355 31107419 610879 6358410 594161 5831386 5511146 5180203 320240 330943 5169265
is_linear=0
shrinkage=0.1


Tree=59
num_leaves=31
num_cat=0
split_feature=3 10 11 11 8 9 1 8 6 8 4 0 11 11 10 3 10 9 6 8 3 1 10 10 2 11 8 6 11 11
split_gain=6124.66 10753.9 6472.25 7441.56 6062.56 5205.94 7025.77 11062.2 6583.78 9343.22 7948.11 6455.33 5561.9 7818.04 17007.5 5598.46 6053.89 7844.49 5769.11 5422.83 12932.2 13128.5 8977.91 18298.9 12849.7 24735.7 16405.2 15445.3 9240.22 8293.06
threshold=142.50000000000003 -0.13398594226331254 -0.85225707553516283 -0.6652727025667432 33.751338958740241 5.279743194580079 3.0322661399841313 28.744288444519047 29.530110359191898 31.220000267028812 1.0000000180025095e-35 29.641882896423343 0.99988440732898443 0.98486764554468398 -0.091260668982868151 69.500000000000014 1.0000000180025095e-35 7.9799997806549081 27.10002422332764 18.616177558898929 50.500000000000007 6.692660093307496 0.29342972903661901 0.34235194516023087 3.9194098711013798 0.60383265664488517 10.062598228454592 17.65082931518555 0.65720762023595369 0.97062204580664158
decision_type=2 2 2 2 8 10 8 10 10 10 8 2 2 2 2 2 2 10 10 10 2 10 2 2 2 2 10 10 2 2
left_child=5 -2 4 -4 -3 6 7 -1 10 -10 -9 -8 13 19 -15 16 -14 -18 -17 20 21 22 28 -24 25 27 -27 -25 -7 -21
right_child=1 2 3 -5 -6 12 11 8 9 -11 -12 -13 15 14 -16 18 17 -19 -20 29 -22 -23 23 24 -26 26 -28 -29 -30 -31
leaf_value=-0.00037007299045767436 -0.17183122769699194 -0.12349110375731426 -0.080719531336249054 -0.015291437937727959 0.028742352264082255 -0.10018831773135298 -0.0036052224377782979 0.081344162720947202 -0.034775227032477284 0.014634596717983185 0.020942245002128775 0.0060582149834070139 -0.011025737688269132 -0.055915243579113316 -0.0051659769286560983 0.025062961171210915 0.15100341359614824 -0.0065230938214974124 0.13268921589577481 -0.00028240374594514872 -0.088369723692946517 -0.017435293884147478 -0.084657575146115868 -0.11773945476620276 0.020458815434054155 -0.085300823167619458 0.025293503304580134 -0.00033457103684220559 0.032262711301736392 -0.023549690347929378
leaf_weight=636813.11057916284 4431.7270045634359 2791.8601811584085 20270.053016585298 122068.03899215814 41527.757913760841 5382.9326662123203 1605755.3416389227 22764.476375192404 50754.136901319027 155603.23246303201 506450.49890047312 1213846.9714415073 36308.965256089345 76408.296498721465 486458.58016817458 11353.249136306345 6093.0619979798794 6569.8510489854962 8872.9060060419142 35338248.639431678 13988.964291715994 163201.42373709381 21120.826434895396 29838.582441076636 377767.29731858522 15356.514884196222 105963.50472709537 17943.819612070918 244767.50421704911 153854.40634923428
leaf_count=449943 97486 16484 93401 641753 59433 10553 429865 9746 23155 44023 111901 191198 66086 369018 1381074 22009 1025 14291 12141 28845273 71393 86285 32571 48872 236689 26357 118827 28060 271738 639510
internal_value=-1.2005e-05 -0.0178736 -0.0142183 -0.0246089 0.0191526 7.06153e-05 0.00341107 0.0092791 0.0176328 0.00248212 0.0235405 0.000554915 -0.000306629 -0.00035953 -0.0120551 0.0280177 0.00973792 0.0692745 0.072277 -0.00017911 0.00710076 0.00846168 0.0136276 0.00667567 0.0102031 -0.0127078 0.0112946 -0.0736502 0.0294125 -0.000383265
internal_weight=4.15026e+07 191089 186658 142338 44319.6 4.13115e+07 4.19199e+06 1.37239e+06 735572 206357 529215 2.8196e+06 3.71195e+07 3.70503e+07 562867 69198 48971.9 12662.9 20226.2 3.64874e+07 995331 981342 818141 567991 546870 169102 121320 47782.4 250150 3.54921e+07
internal_count=34450160 908557 811071 735154 75917 33541603 1259831 638768 188825 67178 121647 621063 32281772 32166220 1750092 115552 81402 15316 34150 30416128 931345 859952 773667 491376 458805 222116 145184 76932 282291 29484783
is_linear=0
shrinkage=0.1


Tree=60
num_leaves=31
num_cat=0
split_feature=3 7 4 8 10 2 8 10 9 11 6 1 8 8 2 8 10 9 10 8 5 11 7 10 10 4 6 8 11 3
split_gain=5770.06 5687.62 7462.85 7357.12 6512.88 6918.94 6414.52 7504.24 7179.65 6258.23 17061.5 19475.3 16854.1 16746.8 27772.1 18536.9 12268.7 10259.2 10199.6 10415.1 10280.4 9961.4 12426.5 9802.22 13682.8 9286.64 9007.58 11243.2 8727.16 8647.05
threshold=1122.5000000000002 25.850029945373539 inf 31.42004489898682 0.59868201182722736 1.0000000180025095e-35 38.080209732055671 -0.84315017450793706 8.6901197433471697 -0.71502926860092908 31.415515899658207 0.20091170817613604 27.160102844238285 34.307142257690437 9.4665303230285662 29.131464004516605 0.42179998225932674 14.309998512268068 0.91248814248966237 31.978569030761722 5.0648493766784677 0.21652257995689161 10.060648918151857 -0.99275805973510278 -0.9905448150984083 6.6997456550598153 28.730081558227543 28.255781173706058 0.99748108949426018 9.5000000000000018
decision_type=2 10 8 8 2 2 10 2 10 2 8 8 10 8 2 10 2 8 2 10 8 2 10 2 2 10 8 10 2 2
left_child=1 9 3 -3 5 6 7 -5 -8 13 11 17 28 14 15 -1 29 18 19 26 -21 22 -19 -24 -25 -15 27 -11 -13 -17
right_child=-2 2 -4 4 -6 -7 8 -9 -10 10 -12 12 -14 25 -16 16 -18 21 -20 20 -22 -23 23 24 -26 -27 -28 -29 -30 -31
leaf_value=-0.03770513454760302 -0.17587496024264074 -0.03186531912273774 -0.10692318696069558 0.048601301077101235 -0.011882407148720839 -0.0028390503958773683 0.10112720959416809 -0.010952063437579589 0.016157758561542706 0.0045316535137195193 -0.0043307980653647911 -0.010441617663310454 0.0003547563088119469 0.013195106435405691 0.0019609719305329117 -0.0092041026852633552 0.018085332599828297 -0.039256654156569412 0.019050199606573309 0.042441192107780246 0.0068776535423574481 -0.0082012081258765104 -0.049996420835188543 0.15815538808939347 0.029461568492972059 0.0014032126102116506 -0.0012625997743035738 0.020109138910365122 -0.064876994154128162 -0.045147626640221573
leaf_weight=253628.89052007813 1865.5513556748629 88431.850239323452 6965.6117413416505 23991.584453541785 650869.70950873569 2926243.1619918793 10294.251836076379 179209.89952248149 292588.6157759577 2110652.7502875132 8129133.5026501585 1471779.2748083025 5802566.62161652 1804459.1574944882 11254644.748580299 823747.13781602681 158142.39123207331 31741.995744504035 639765.69303972647 147023.28135505598 181783.65136507247 853169.89032689855 14019.836065959185 8835.7267543077469 127119.551341407 1060314.4401524113 1746092.9176271772 593657.58862542734 30053.099827244878 72850.096221568994
leaf_count=297455 72006 39052 6531 18500 1003512 1557158 3350 197454 405883 2763142 10873665 886209 2145143 1144812 3606448 551073 118185 82607 430807 116696 54486 4818451 43102 4392 183474 339230 2019107 520573 34986 112671
internal_value=-1.10096e-05 -3.1028e-06 -0.00350176 -0.00332907 -0.00271105 -0.000971889 0.00982427 -0.00392072 0.0190457 0.000388681 -0.00069859 0.00144752 -0.00208902 0.00193119 0.000357886 -0.0134319 -0.00759505 0.00545012 0.00719247 0.00560514 0.0227796 -0.00367334 0.0175852 0.0296157 0.0378254 0.00883067 0.00433625 0.00795127 -0.0115309 -0.0121246
internal_weight=4.14956e+07 4.14938e+07 4.17859e+06 4.17163e+06 4.0832e+06 3.43233e+06 506084 203201 302883 3.73152e+07 2.18874e+07 1.37583e+07 7.3044e+06 1.54278e+07 1.2563e+07 1.30837e+06 1.05474e+06 6.45386e+06 5.41898e+06 4.77921e+06 328807 1.03489e+06 181717 149975 135955 2.86477e+06 4.4504e+06 2.70431e+06 1.50183e+06 896597
internal_count=34450160 34378154 3231440 3224909 3185857 2182345 625187 215954 409233 31146714 24976840 14103175 3066338 6169874 4685832 1079384 781929 11036837 5904811 5474004 171182 5132026 313575 230968 187866 1484042 5302822 3283715 921195 663744
is_linear=0
shrinkage=0.1


Tree=61
num_leaves=31
num_cat=0
split_feature=7 8 6 8 9 6 11 0 10 11 3 10 10 11 10 3 3 10 11 9 10 11 2 1 2 10 6 3 3 10
split_gain=5339.12 6611.73 6658.55 6439.07 14963.9 13065.7 9736.6 9273.46 8927.88 8609.9 6995.95 8205.16 8636.9 6925.12 9211.43 6666.7 6928.77 7180.04 5503.67 5167.83 4998.08 4918.34 4738.14 7848.91 6115.35 6640.61 7420.33 8685.16 12696.1 13496.7
threshold=27.990239143371586 42.150119781494148 41.360345840454109 37.663537979125984 20.016410827636722 37.720558166503913 0.39629089145655322 3.9737535715103154 0.51297097409535064 -0.46800559042974538 166.50000000000003 -0.11692013674435776 0.52766072109828632 0.029024409397335523 0.95242846126021108 28.500000000000004 62.500000000000007 0.97112537654464559 -0.6523320455745395 7.9299988746643075 0.93544191479114935 -0.35042475891464198 375.85374450683599 66.28302383422853 83.068527221679702 -0.95754239937548935 31.415515899658207 22.500000000000004 3.5000000000000004 -0.99467753128998015
decision_type=10 10 10 10 10 10 2 2 2 2 2 2 2 2 2 2 2 2 2 10 2 2 2 8 2 2 10 2 2 2
left_child=1 2 3 4 5 10 7 8 -5 -7 22 -12 -13 14 19 -16 -17 -18 -4 -10 -3 -21 23 24 25 26 27 28 -1 -30
right_child=-2 20 18 6 -6 9 -8 -9 13 -11 11 12 -14 -15 15 16 17 -19 -20 21 -22 -23 -24 -25 -26 -27 -28 -29 29 -31
leaf_value=0.0053135785657369324 -0.010775347841623543 0.022656688069435969 -0.0053993201990475024 0.016223925804629929 -0.12629020772505525 -0.010244277532915531 0.15393402690527222 -0.0096069697866052461 0.10352450824201642 -0.047694296961233833 -0.17164112592569891 0.029430227044227847 -0.051156369819917738 -0.0537542616482116 0.0074934190254759715 0.066753851915573023 -0.10001446152979721 0.02776544338079592 -0.044659731699411537 -0.00077800655232661612 -0.11133521550817274 -0.03968385142422233 0.010106769392149918 -0.011375688458119393 0.0025641831146424095 -0.0011530525866129452 -0.0010045595491702589 -0.077685655740192552 -0.010998988385303859 0.045915961312293876
leaf_weight=1710255.2687031999 455622.77017839253 158635.41407879815 89385.700304497033 764953.21542499401 9408.3560966253281 216064.81998328771 4404.9576949197799 357403.69000205398 4628.7981335520744 85754.577401393093 4009.9713652436621 20117.970044108573 39239.466918100603 21817.754925016314 136079.2544846274 50593.824752788991 5167.6768724881113 29504.102278396487 59456.797177199274 757789.34817592055 2833.5802201144397 33948.609558504075 463569.59526575357 603709.91033126414 8017981.4421567358 25153003.919333391 2004722.5045575164 11847.260373491794 56397.481807786971 159502.35828590393
leaf_count=741505 567562 270959 199345 563942 211886 205436 7447 171039 923 335957 97641 55669 224785 125977 263637 117954 29128 114777 289611 1082742 21038 88997 76491 153799 2305004 24061458 1786808 39871 87038 151734
internal_value=-9.85165e-06 0.000109689 2.99015e-05 0.000107069 -0.000190997 -0.000160219 0.00541204 0.00510942 0.00802421 -0.0208848 3.33651e-06 -0.0331961 -0.0238432 0.00199033 0.00318538 0.021231 0.0431556 0.00872041 -0.0210823 -0.00183029 0.0203053 -0.00244623 5.84362e-05 -6.50638e-05 0.00011892 -0.000554927 0.00326088 0.00767316 0.00819818 0.0310486
internal_weight=4.14878e+07 4.10322e+07 4.08707e+07 4.07219e+07 3.85556e+07 3.85462e+07 2.16629e+06 2.16189e+06 1.80448e+06 301819 3.82444e+07 63367.4 59357.4 1.03953e+06 1.01771e+06 221345 85265.6 34671.8 148842 796367 161469 791738 3.8181e+07 3.77174e+07 3.71137e+07 2.90957e+07 3.94272e+06 1.938e+06 1.92616e+06 215900
internal_count=34450160 33882598 33590601 33101645 30535082 30323196 2566563 2559116 2388077 541393 29781803 378095 280454 1824135 1698158 525496 261859 143905 488956 1172662 291997 1171739 29403708 29327217 29173418 26868414 2806956 1020148 980277 238772
is_linear=0
shrinkage=0.1


Tree=62
num_leaves=31
num_cat=0
split_feature=6 8 6 8 8 6 4 9 9 11 9 8 11 2 3 8 10 8 6 3 7 0 10 6 11 8 6 8 7 7
split_gain=4970.33 8322.48 10481.6 10446.1 7540.48 13958.2 10968.9 10409.5 9047.29 8908.25 7001.55 5771.67 10236.6 5554.64 5289.88 7687.81 5687.83 11745.8 11568.5 11798.4 10044.6 9886.68 11445.8 17460.7 14611.3 13742 11844.8 10866.5 9895.95 9873.16
threshold=42.65040588378907 41.101430892944343 39.520650863647468 39.124959945678718 37.046922683715827 36.300340652465827 8.7699446678161639 20.016410827636722 20.530893325805668 -0.6523320455745395 8.0801401138305682 43.570522308349616 -0.93543596745397617 0.63130483031272899 170.50000000000003 34.173860549926765 0.27694220057652758 31.859997749328617 32.270099639892585 45.500000000000007 2.0038683414459233 6.507796287536622 -0.159513159777915 21.384360313415531 0.99958851518450398 28.255781173706058 29.081247329711918 12.856428146362306 2.7907195091247563 13.533187389373781
decision_type=10 10 10 10 10 10 8 10 10 2 8 10 2 2 2 8 2 8 10 2 10 2 2 10 2 8 10 10 8 10
left_child=1 2 4 -4 5 7 8 14 10 -7 13 -2 -13 -6 16 -16 17 21 -19 -20 -18 22 23 27 28 -25 -27 -1 -24 -28
right_child=11 -3 3 -5 6 9 -8 -9 -10 -11 -12 12 -14 -15 15 -17 20 18 19 -21 -22 -23 24 25 -26 26 29 -29 -30 -31
leaf_value=-0.049338615607647657 -0.028344858963388925 0.013442800411468642 -0.034727766871004678 -0.0052756330154157156 0.092479773825158637 -0.0046884879288366793 -0.013131102242468254 -0.13497777929281077 0.16804277712021298 -0.025089547709639726 0.0070763042891245674 0.1061698224103598 -0.011016985170618906 0.022422065290425341 -0.090772807491313293 -0.0048376189957585287 -0.012285490447431123 0.0060295671010476143 -0.00044549980643597981 -0.095835719057169394 0.0031350520304828607 0.00057772552317079083 0.014526409831329405 -0.012225156990667535 0.018787310776036893 0.0066775310376326284 -0.088524640258231022 0.025665064532338761 -0.016790454724316214 -0.0035991878259391563
leaf_weight=20705.186537938192 123349.37487773597 459582.45314955711 162696.85428936593 463505.72818301804 16286.872011940926 560451.74356690794 270026.28755261749 5706.0103044360876 3542.094811975956 346279.90768957883 1901848.526701387 9421.5495218858123 35695.97163438797 37090.839806437492 15615.584351747297 31229.813015014865 444834.95082503371 4339338.2128373189 6497727.1919319164 12992.213669679128 8378550.4223647285 7484066.1021160781 108543.58106229082 1499634.4634971842 143388.51924428903 1363634.5540189277 13726.769312622957 287974.96080099046 1433290.7938303482 5011404.624679205
leaf_count=33364 369341 635596 366716 883416 5568 401736 109455 162017 5700 907844 2047553 7387 95071 12843 173510 131032 411360 1882327 4370709 140457 8654742 1894945 178137 2214484 286787 1115000 294760 449588 2373644 3835071
internal_value=-8.93323e-06 6.0966e-05 -8.95711e-05 -0.0129277 0.000110273 -0.000221304 0.00576338 7.83535e-05 0.00836809 -0.0124796 0.00807882 -0.0171505 0.0134542 0.0437984 9.91327e-05 -0.0334835 0.000141606 -0.00055135 0.00202989 -0.000635852 0.00235762 -0.00216404 -0.00424044 -0.00269735 -0.0117462 -0.00361033 -0.00158817 0.0206341 -0.0145858 -0.00383117
internal_weight=4.14821e+07 4.13137e+07 4.08541e+07 626203 4.02279e+07 3.79991e+07 2.22879e+06 3.70924e+07 1.95877e+06 906732 1.95523e+06 168467 45117.5 53377.7 3.70867e+07 46845.4 3.70398e+07 2.82164e+07 1.08501e+07 6.51072e+06 8.82339e+06 1.73664e+07 9.8823e+06 8.19708e+06 1.68522e+06 7.8884e+06 6.38877e+06 308680 1.54183e+06 5.02513e+06
internal_count=34450160 33978361 33342765 1250132 32092633 29911514 2181119 28601934 2071664 1309580 2065964 471799 102458 18411 28439917 304542 28135375 19069273 6393493 4511166 9066102 12675780 10780835 7942267 2838568 7459315 5244831 482952 2551781 4129831
is_linear=0
shrinkage=0.1


Tree=63
num_leaves=31
num_cat=0
split_feature=3 7 8 10 5 8 10 6 4 8 9 6 4 10 11 11 11 10 11 10 11 3 3 10 8 11 11 2 5 10
split_gain=4674.78 4688.6 6484.48 6222.54 8955.53 5385.71 6363.17 5705.3 5122.43 4895.3 11080 8666.91 8438.56 10208.2 9703.27 8361.93 7623.9 7899.83 5894.03 5282.71 6912.69 6340.45 5544.12 5172 5154.71 5643.34 6160.78 5641.18 8698.28 8713.61
threshold=1326.5000000000002 26.040122985839847 31.859997749328617 -0.62588817255938378 0.18508799374103549 41.101430892944343 0.94138322595482449 40.550180435180671 inf 36.70428657531739 20.016410827636722 36.20019721984864 9.4237246513366717 0.46800856592688472 0.39629089145655322 -0.6523320455745395 0.029024409397335523 0.95242846126021108 0.19969739736768838 0.98802474685579866 -0.11692317777808843 49.500000000000007 59.500000000000007 0.69056404122701587 35.107219696044929 0.53312596302726967 0.38043945030393422 56.597959518432624 0.11106529086828233 -0.92923668111203805
decision_type=2 10 8 2 8 10 2 10 8 10 10 10 8 2 2 2 2 2 2 2 2 2 2 2 10 2 2 2 10 2
left_child=1 5 -3 4 -4 7 -7 9 -5 10 11 24 13 18 16 -13 17 -15 -11 -19 -21 -22 -23 -14 27 26 -26 -1 29 -29
right_child=-2 2 3 8 -6 6 -8 -9 -10 12 -12 15 23 14 -16 -17 -18 19 -20 20 21 22 -24 -25 25 -27 -28 28 -30 -31
leaf_value=-0.0010005640268342243 -0.17664780897759769 -0.026751341290465164 0.029387889181597605 -0.0041959096992053154 -0.0010871411815225195 0.022136972337797333 -0.087410333985206479 -0.025019243190997138 -0.1070630716681133 0.019363593345544314 -0.11991149726136091 0.00087543287455155996 -0.0061251636390713031 -0.0026028611332297052 0.10159971553805894 -0.025152282287682216 -0.036714517209367692 0.028784333287775826 -0.089289454550353364 -0.046413863717312286 -0.0018638570563759027 0.11977647854732659 0.024440472467817814 -0.048231586230931101 0.0055278309992495668 -0.10319667203621795 0.048748078700654028 -0.0083557335604154074 0.0010953786164818247 0.020530601981569349
leaf_weight=21069248.307766676 1498.1952740848064 115838.29449637793 138627.35406114254 2964887.6586046154 316771.28194586188 157664.2896724008 5486.8971323184669 89175.527731738985 4848.7756733000278 582445.94586774055 7699.0115136727691 230570.5361889964 226552.59070117772 724294.79850401357 9705.4025423713028 265643.82175441924 50640.402507327497 163892.56164833531 5035.7830033479258 24158.146506357938 80481.542864035815 8626.3634647466242 20826.907568033785 33483.092533409595 1355749.3932035416 4698.8177535906434 33803.113974511623 136977.44073228538 12206307.027262002 439446.40168665349
leaf_count=22395955 67914 51624 94333 2573602 126419 256533 44035 364175 4920 386954 197517 164013 83164 912138 27008 738645 243372 287849 43504 72460 191932 13798 83560 20047 1025690 37881 102282 121176 3427060 290600
internal_value=-8.11316e-06 -1.73221e-06 -0.00348174 -0.00269477 0.00818973 0.000323124 0.0184528 0.00024481 -0.00436386 0.0003046 3.97575e-05 6.55953e-05 0.00521002 0.00781908 0.0020599 -0.0130583 0.00115949 0.00303564 0.0184322 0.0167408 0.00202081 0.0126643 0.0523628 -0.0115469 0.00025036 0.00620927 0.00657923 4.9317e-06 0.00166225 0.0136662
internal_weight=4.14751e+07 4.14736e+07 3.54097e+06 3.42514e+06 455399 3.79326e+07 163151 3.77695e+07 2.96974e+06 3.76803e+07 3.57501e+07 3.57424e+07 1.93014e+06 1.67011e+06 1.08263e+06 496214 1.07292e+06 1.02228e+06 587482 297986 134093 109935 29453.3 260036 3.52462e+07 1.39425e+06 1.38955e+06 3.3852e+07 1.27827e+07 576424
internal_count=34450160 34382246 2850898 2799274 220752 31531348 300568 31230780 2578522 30866605 28500819 28303302 2365786 2262575 1832117 902658 1805109 1561737 430458 649599 361750 289290 97358 103211 27400644 1165853 1127972 26234791 3838836 411776
is_linear=0
shrinkage=0.1


Tree=64
num_leaves=31
num_cat=0
split_feature=6 8 6 10 9 11 3 7 9 3 5 8 11 6 6 2 9 10 1 11 2 7 11 9 3 10 10 10 10 9
split_gain=4555.9 4436.75 9490.06 5857.48 4460.53 4633.28 4420.74 4337.46 6430.03 7449.6 6431.85 5201.57 8169.91 8875.3 7999.21 10137.7 11403.4 11141.1 7981.26 8057.37 11398.2 8817.41 7957.68 7693.41 7298.77 8072.27 7178.59 7026.81 6924.08 11482.3
threshold=44.139904022216804 41.568571090698249 41.360345840454109 0.90892735371523092 17.145058631896976 -0.97507822412530132 5.5000000000000009 -1.0000000180025095e-35 16.610001564025882 14.500000000000002 0.12544821202754977 18.616177558898929 0.78192542922038288 31.580005645751957 22.880730628967289 4.2857587337493905 13.190001487731935 1.0000000180025095e-35 6.8058037757873544 0.18281312110578132 12.416235446929933 10.230504989624025 0.84658398682345093 14.560034751892092 50.500000000000007 -0.108376950152639 -0.75015329512557205 -0.022576249993022688 0.55656748448714433 5.9299993515014657
decision_type=10 10 10 2 10 2 2 8 8 2 10 8 2 10 8 2 8 2 8 2 2 10 2 10 2 2 2 2 2 8
left_child=1 2 7 4 5 -3 -7 8 9 10 -1 18 -13 14 15 16 -14 27 19 20 21 -9 28 -15 26 -26 -21 -18 29 -16
right_child=-2 3 -4 -5 -6 6 -8 11 -10 -11 -12 12 13 23 22 -17 17 -19 -20 24 -22 -23 -24 -25 25 -27 -28 -29 -30 -31
leaf_value=0.006075039029025564 -0.037134955340030029 0.041815116428046459 -0.025033715249171629 -0.064097421914952782 0.055438893153675062 -0.0078126344488782702 0.015324297727194666 -0.14184407221957843 0.079703380365803267 -0.083529779091794015 -0.036939741065422624 0.00022932042180729209 0.0048045690857539177 -0.018801058909789135 0.033815651022636437 -0.036614348457816581 -0.020770608931373936 -0.069022300623573632 -0.012182693651903852 -0.097821193380967508 0.0063859717908309552 0.16436011213105017 0.0022126300818136376 -0.086206356582637783 -0.14871586082630989 -0.0062751720379236632 0.014870691177968021 0.078678367736183669 0.0027703298195111917 -0.04023405255678917
leaf_weight=79188.775440610945 33024.306129932404 40103.532600186765 151862.51322343946 10316.354193884879 22538.269763894379 139470.36712837592 202459.99503722787 10940.36025535129 6706.8946545328945 16651.267834678292 61960.667037189007 37542472.73146154 251259.11020451458 58129.192921349779 24540.741003155708 159817.81711555272 30748.03936090786 48698.422416631132 181204.35440085828 5691.2930859401822 21349.250689819455 1028.8512434959412 1230284.5753763989 23892.766957434826 5649.9709872622043 13449.161384118721 832941.48149498366 9239.9539436623454 111855.64084906597 142724.20973335253
leaf_count=140096 115605 27521 437739 59955 54917 140057 390269 22543 11977 74062 50391 25459935 377629 196444 5268 156686 164858 255780 86779 11135 11918 175 4150497 396779 37916 36053 741165 15749 283354 536908
internal_value=-7.33235e-06 2.22574e-05 -8.18049e-05 0.0103115 0.0122088 0.00965846 0.00588695 1.09091e-05 -0.0161941 -0.02027 -0.0128072 7.63995e-05 -0.000109533 -0.00619286 -0.00487657 -0.0158423 -0.00607673 -0.0369047 0.00694901 0.0108396 -0.0374083 -0.115523 -0.00124584 -0.038436 0.0127138 -0.0484125 0.0141059 0.00220889 -0.0164898 -0.0293696
internal_weight=4.14702e+07 4.14372e+07 4.10223e+07 414889 404572 382034 341930 4.08704e+07 164508 157801 141149 4.07059e+07 3.96337e+07 2.09119e+06 2.00917e+06 499763 339946 88686.4 1.07225e+06 891050 33318.5 11969.2 1.50941e+06 82022 857732 19099.1 838633 39988 279121 167265
internal_count=34450160 34334555 33661836 672719 612764 557847 530326 33224097 276526 264549 190487 32947571 31999887 6539952 5946729 970702 814016 436387 947684 860905 34636 22718 4976027 593223 826269 73969 752300 180607 825530 542176
is_linear=0
shrinkage=0.1


Tree=65
num_leaves=31
num_cat=0
split_feature=3 9 5 7 8 2 10 4 9 4 10 11 0 11 11 8 11 4 6 9 3 8 3 11 11 9 9 0 11 8
split_gain=4118.87 4054.38 6382.42 4284.38 7451.74 9197.98 6948.06 5688.62 4994.75 5068.65 4984.23 4794.54 4780.08 5806.22 5276.99 4688.32 8860.92 10171.4 9080.9 8626.32 8306.89 6603.57 6006.22 5820.43 8421.55 7084.33 8949.14 5343.89 9938.24 10139.2
threshold=1326.5000000000002 3.9730539321899419 3.4274779558181767 25.550364494323734 32.457225799560554 9.0299220085144061 0.76140650896573492 inf 6.4800004959106454 5.1891357898712167 0.27694220057652758 -0.79382744783423187 0.48593489825725561 -0.30982845708428081 -0.14250536273956091 35.275363922119148 -0.8611288361322974 7.4595210552215585 35.580333709716804 20.016410827636722 21.500000000000004 42.477680206298835 3.5000000000000004 0.029024409397335523 0.14888728888808328 20.530893325805668 15.460266113281252 0.25470341742038732 -0.92272482904738262 28.918571472167972
decision_type=2 8 10 10 8 2 2 8 10 10 2 2 2 2 2 10 2 8 10 10 2 8 2 2 2 10 10 2 2 8
left_child=1 2 -1 15 5 -5 7 8 9 10 11 -6 13 -10 -15 19 20 18 22 27 -17 23 -18 -20 -25 26 -26 28 29 -3
right_child=-2 3 -4 4 6 -7 -8 -9 12 -11 -12 -13 -14 14 -16 16 17 -19 21 -21 -22 -23 -24 24 25 -27 -28 -29 -30 -31
leaf_value=0.043498193902479408 -0.17232608144385853 -0.03433861130206594 0.0049537132501333084 -0.061082347060098331 0.0045827440019415586 -0.010305034134182947 -0.014335029135467126 -0.097870332866348594 0.00028209386911313917 -0.00085948825562302432 0.069035879016685717 0.037775982230676602 -0.0061486812784052845 0.04481745290684807 -0.0054828609328829402 0.009642333950068983 0.0048871562126505397 -0.022593790424390744 -0.00024354134304416976 -0.12146356208096472 0.071698711839616999 0.065418398204354425 0.028734158841439796 -0.04794460422358255 0.018355145268369649 0.14439463266611058 -0.046637482087645531 0.00087405072182786909 -0.00075938612632934057 -0.0068397925480610661
leaf_weight=45805.839313559234 1387.0630840361118 151913.99326415267 691379.43483217619 38397.087366127875 125221.27718599886 503044.17689216137 388486.30780810118 5976.6444605663419 2468213.5274565038 211775.82928004395 19618.207850575447 66692.217738365754 1359636.7864965051 56386.602574260905 33099.89366732398 1157563.8985978737 258122.18788649887 183510.46099247411 1146214.1730985716 5855.170282240957 21980.360481828451 14375.109163239598 178761.81814234052 66099.208423847333 55430.484203521162 3223.7637890595943 34293.647538798861 20944522.878832318 10085469.37399812 1142390.6812315853
leaf_count=14745 67914 158331 124253 33619 53156 192043 630723 5844 2254192 51581 6044 21246 571126 32243 26497 532195 168535 90764 2223397 173229 18158 24534 338346 319593 141404 11015 295210 7242460 17873206 754557
internal_value=-6.89305e-06 -1.12852e-06 0.00734872 -0.000134168 -0.00279268 -0.013906 -0.00152191 -0.00037672 -0.00024248 0.0100767 0.0210256 0.0161178 -0.00135758 0.00118931 0.026212 0.00026154 0.00396373 -0.000191975 0.00214843 -9.56881e-05 0.0107987 -0.00198865 0.0146447 -0.00273102 -0.0206577 -0.00125275 -0.00648582 -7.37037e-05 -0.00181805 -0.0100674
internal_weight=4.14648e+07 4.14635e+07 737185 4.07263e+07 5.27655e+06 541441 4.73511e+06 4.34662e+06 4.34064e+06 423308 211532 191913 3.91734e+06 2.5577e+06 89486.5 3.54497e+07 3.11958e+06 1.94003e+06 1.75652e+06 3.23302e+07 1.17954e+06 1.31964e+06 436884 1.30526e+06 159047 92947.9 89724.1 3.23243e+07 1.13798e+07 1.2943e+06
internal_count=34450160 34382246 138998 34243248 3878314 225662 3652652 3021929 3016085 132027 80446 74402 2884058 2312932 58740 30364934 4163151 3612798 3522034 26201783 550353 3015153 506881 2990619 767222 447629 436614 26028554 18786094 912888
is_linear=0
shrinkage=0.1


Tree=66
num_leaves=31
num_cat=0
split_feature=0 1 2 10 5 7 2 10 6 11 11 10 6 8 9 9 7 11 10 9 8 11 10 10 6 5 8 10 10 8
split_gain=3814.59 5995.13 5445.71 6039.92 5006.11 4938.88 4727.43 4333.84 4186.27 4163.52 8247.86 13082.1 6834.34 11733.4 8299.94 7992.13 8357.53 5958.88 6832.65 6719.89 5280.43 5211.62 7334.07 5487.45 7017.64 5103.43 4906.56 5763.08 6196.01 4861.77
threshold=118.52466201782228 57.231533050537116 112.50811767578126 -0.97876850416056738 0.16920451074838641 26.400395393371586 375.85374450683599 -0.98214942551678475 32.120004653930671 0.99958851518450398 0.98486764554468398 -0.091260668982868151 22.62085056304932 26.65000152587891 11.940001487731935 13.239999294281008 4.1574494838714608 0.99611390731392835 0.10837544681456425 10.02000141143799 30.89714336395264 0.9989598388634241 0.074116354202380205 0.10837544681456425 29.530110359191898 0.16920451074838641 11.574999809265138 -0.03977009085991149 0.022575936829235418 30.358491897583011
decision_type=2 8 2 2 10 10 2 2 10 2 2 2 10 10 10 10 8 2 2 8 10 2 2 2 10 10 8 2 2 10
left_child=1 2 9 8 5 -5 -2 -3 -4 10 -1 -12 15 -14 -15 16 26 18 -18 -19 -11 22 -16 24 -24 -20 -13 -28 -29 -23
right_child=6 7 3 4 -6 -7 -8 -9 -10 20 11 12 13 14 21 -17 17 19 25 -21 -22 29 23 -25 -26 -27 27 28 -30 -31
leaf_value=-0.00021595784500801304 0.0010876450005232411 -0.033891282738803506 -0.006008275528004297 0.025553896980547358 0.003516637345307386 -0.036987613216462309 0.02652247987609745 -0.006078685258922664 -0.041570479658313224 0.011208846092626248 -0.050913224358134515 -0.014177838050843812 0.031812239898207015 0.0070636812661967405 -0.12490227708473656 -0.069750108444326261 0.045373444126697367 -0.088691367549045164 -0.07609469016270376 -0.017081103958148627 0.088927702404983891 -0.040950024725596834 0.060875753855079963 -0.074930208299205894 -0.14184044157379974 0.0050814267575361345 -0.082658513101547912 0.15134701214630297 0.032883331221264842 0.096759785135782872
leaf_weight=34751619.582456842 185293.30319851637 59572.519576072693 254814.27953206003 162793.02970708907 4275723.0006747544 13688.482202082872 120659.76499301195 941111.80970163643 38043.754561275244 153346.47552399524 77639.359714565333 33598.852248308714 97652.02901319135 68967.009510593489 13128.416150065139 27273.907971274108 17321.062219904736 26751.670876214281 14587.309777982533 25686.855889597908 9270.6180156450719 6360.1682830611244 8672.5886790007353 13340.682045757771 2126.4230760186911 16510.483328860253 3625.7014403194189 5136.356373667717 31442.434892632067 4294.8947693901137
leaf_count=30974083 26471 19141 82713 94322 1077180 9798 12553 226355 24387 283785 376162 42976 334510 99723 153766 152225 24304 34186 42302 59712 18557 44274 31268 111049 25525 10148 8113 2193 32464 15915
internal_value=-6.2245e-06 -8.89291e-05 0.000101608 0.00328286 0.00419789 0.020703 0.0111185 -0.00773442 -0.010628 -0.00032471 -0.000398366 -0.0132273 -0.00620191 0.00622611 -0.015149 -0.0194059 -0.0115444 -0.0302566 -0.00496095 -0.0536133 0.0156395 -0.0471156 -0.0647484 -0.0320336 0.0209591 -0.0329966 0.0140271 0.037598 0.0495179 0.0145587
internal_weight=4.14601e+07 4.11541e+07 4.01534e+07 4.74506e+06 4.4522e+06 176482 305953 1.00068e+06 292858 3.54084e+07 3.52457e+07 494116 416477 214542 116890 201935 174661 100857 48418.9 52438.5 162617 47923.2 37268.1 24139.7 10799 31097.8 73803.3 40204.5 36578.8 10655.1
internal_count=34450160 34411136 34165640 1288400 1181300 104120 39024 245496 107100 32877240 32574898 1600815 1224653 816030 481520 408623 256398 170652 76754 93898 302342 381797 321608 167842 56793 52450 85746 42770 34657 60189
is_linear=0
shrinkage=0.1


Tree=67
num_leaves=31
num_cat=0
split_feature=7 8 6 11 11 8 6 0 11 9 11 10 10 10 9 11 3 6 2 11 8 8 3 11 11 3 11 6 9 10
split_gain=3722.33 4410.62 6419.79 5144.91 4892.85 4409.91 9064.34 6871.38 5010.27 4880.37 3971.86 5178.27 7007.03 4132.79 3792.75 3685.33 3619.07 3606.06 8923.9 7995.16 7546.77 4899.17 7353.34 7395.95 6313.82 7740.72 11227.2 7842.57 6216.85 6203.55
threshold=27.990239143371586 41.101430892944343 40.550180435180671 -0.98212955754013376 -0.98801846520836312 38.661281585693366 38.780782699584968 0.12129416689276697 -0.46800559042974538 9.0407443046569842 0.080547328232315238 0.96687895796550427 0.98522604642031408 0.49812943072827093 19.040639877319339 -0.35042475891464198 1326.5000000000002 9.6149997711181658 2.8428689241409306 0.79773375822167203 10.062598228454592 17.080183029174808 50.500000000000007 0.21652257995689161 0.97062204580664158 7.5000000000000009 0.97461712852231652 21.384360313415531 16.350001335144047 -0.108376950152639
decision_type=10 10 10 2 2 10 10 2 2 8 2 2 2 2 10 2 2 8 2 2 10 8 2 2 2 2 2 8 10 2
left_child=1 2 5 -3 -4 6 16 9 -8 -7 11 13 -13 -11 -6 -5 17 18 19 -1 -21 22 23 -19 -23 27 -27 -26 -25 -24
right_child=-2 3 4 15 14 7 8 -9 -10 10 -12 12 -14 -15 -16 -17 -18 21 -20 20 -22 24 29 28 25 26 -28 -29 -30 -31
leaf_value=-0.14920586147788079 -0.0090043196622236442 0.052888357474702531 0.076869943491959747 0.0091595705949452915 -0.018510293125449561 0.067387033478577982 -0.01122352315649708 -0.0043146453530145921 -0.046172458000715448 0.018632114589142657 -0.088594836460228796 0.069715480096359181 0.010425182054843021 0.0015189839365647216 -0.1265504388974393 -0.048484768810884787 -0.16756067587244564 -0.047697738933152552 -0.0023679179505984222 -0.081703516144620209 0.01059450485869361 9.975927083772927e-05 -0.16786082739409894 0.009699495203568791 -0.050435429662261992 -0.077980659913286926 0.0028544917098219423 -0.012390592353666951 0.091139292471186864 -0.020158339633842833
leaf_weight=7296.7416838230565 454650.68646234274 26641.742127127945 5319.5285367518663 373981.70598109066 193946.83899124712 15760.861534656957 141020.23347591236 383937.20286173373 57845.931208644062 235983.51125963032 3973.1932587902993 34279.244778893888 47626.834012102336 351043.01718485728 3304.6216987520456 11429.759389646351 1288.7384700104594 22312.659202817827 157578.13304047287 17235.633587129414 18227.43761625886 37425731.178534158 4120.6105472687632 758421.49311513454 73476.625367823057 17982.110016246326 386105.65345750377 206354.12111417577 9490.6882282532752 9175.3682789634913
leaf_count=10505 567562 12854 3738 644784 523205 5488 161748 220732 257830 181150 34913 56549 147260 553741 47482 69143 67914 21037 74658 32642 18157 27577255 35462 710475 113450 136220 1763366 352047 16414 32379
internal_value=-5.74587e-06 9.40375e-05 -1.04649e-05 0.0103879 -0.0177681 7.86045e-05 -9.39976e-05 0.00640491 -0.0213894 0.0123812 0.0110928 0.0116849 0.0352393 0.00839843 -0.0203203 0.00745007 1.42719e-05 1.97933e-05 -0.0133622 -0.0538781 -0.0342638 8.86881e-05 0.00781606 0.00905694 -7.42393e-05 -0.00959587 -0.000742713 -0.0223802 0.010706 -0.0659334
internal_weight=4.14555e+07 4.10009e+07 4.05888e+07 412053 202571 4.03863e+07 3.93137e+07 1.0726e+06 198866 688667 672906 668933 81906.1 587027 197251 385411 3.91148e+07 3.91135e+07 200338 42759.8 35463.1 3.89132e+07 803521 790225 3.81096e+07 683919 404088 279831 767912 13296
internal_count=34450160 33882598 33155817 726781 574425 32581392 31381559 1199833 419578 979101 973613 938700 203809 734891 570687 713927 30961981 30894067 135962 61304 50799 30758105 815767 747926 29942338 2365083 1899586 465497 726889 67841
is_linear=0
shrinkage=0.1


Tree=68
num_leaves=31
num_cat=0
split_feature=6 8 6 8 8 9 9 6 0 11 9 8 11 10 3 10 3 8 10 3 10 11 6 8 11 7 3 3 10 7
split_gain=3567.18 5527.4 7833 7224.2 5511.4 8990.88 7946.26 7718.56 7107.42 5219.04 5067.59 5046.23 5748.7 6950.59 5048.49 6300.81 5732.74 4802 8150.75 4166.07 4069.02 4354.93 4052.24 14391.9 11869.3 10416.6 13241.9 12716.6 9772.29 10665.5
threshold=42.65040588378907 40.901550292968757 39.520650863647468 39.124959945678718 37.538572311401374 20.016410827636722 20.530893325805668 36.300340652465827 1.7790930271148684 -0.45273527932988084 7.9299988746643075 35.88214302062989 0.14888728888808328 0.98667101781630195 170.50000000000003 -0.11692013674435776 186.50000000000003 43.570522308349616 0.35846314187849709 7.5000000000000009 -0.99866806308218525 0.011826144619637555 31.030729293823246 30.527144432067875 -0.15950993297387572 21.28015232086182 3.5000000000000004 12.500000000000002 0.55656748448714433 4.6804475784301767
decision_type=10 10 10 10 10 10 10 10 2 2 8 10 2 2 2 2 2 10 2 2 2 2 10 10 2 10 2 2 2 10
left_child=1 2 4 -4 5 7 8 11 10 -9 -6 14 20 -14 22 -16 -17 -2 -19 -3 -13 -22 23 28 25 26 -24 -27 -1 -30
right_child=17 19 3 -5 6 -7 -8 9 -10 -11 -12 12 13 -15 15 16 -18 18 -20 -21 21 -23 24 -25 -26 27 -28 -29 29 -31
leaf_value=-0.0020742961143803036 -0.024794489496626174 0.0019757161926667642 -0.029590208279098543 -0.0046514639296119245 0.056271933947097577 -0.10901763707926659 0.17148196920533976 -0.0039776465648600186 -0.0054156397188100608 -0.018767609648971093 0.0083770455330105138 0.069163211876651517 0.026324362784600531 0.14157995965017242 -0.16786353825872735 -0.096148052594189432 -0.00060217723380819434 0.097960617506064163 -0.0081004727135565221 0.019706323486437638 0.0056826745761291569 -0.0370273244620049 0.0052432199816311968 0.0051511042202097793 -0.0066124057940548878 -0.00010084842099345203 0.041480701235155584 -0.029036153177062991 -0.010078040501299929 0.0061318119086714255
leaf_weight=12103119.204705188 122711.20262561366 286743.22603011504 161720.8306589704 412262.6893983651 22495.022169185802 7585.6972080469131 2884.5745013896376 868498.53748872597 449858.72432009876 328965.08066162001 1231240.84910319 9877.3010848076083 40511.751770107076 6008.3864105679095 3341.6444687913172 8311.4659429066814 25688.700865751132 9098.0283610373735 35590.548609700054 246389.09359556064 1010811.1815386787 24451.348649866413 466452.55994284898 5671476.0475286134 3292354.0843869559 10845683.673683092 128653.70829841867 154041.87538361549 469288.06157208979 3005162.9938252065
leaf_count=10608760 369341 257546 366716 790840 7265 205062 3365 677680 215658 970587 1433432 6951 118969 4136 95342 51293 133193 7387 95071 491461 580744 59264 331516 2544432 5842329 4804276 152099 212627 392540 2620278
internal_value=-5.36346e-06 5.37084e-05 -7.86404e-05 -0.011678 8.70733e-05 -0.000159605 0.00564811 -0.000138136 0.00536731 -0.00804072 0.00923639 0.000115802 0.00681439 0.0412104 -8.63507e-05 -0.0368365 -0.0239587 -0.0145736 0.0134922 0.01017 0.0052834 0.00467393 -4.83746e-05 0.000837991 -0.00131352 0.000191103 0.0130773 -0.000506063 -0.000732326 0.00394238
internal_weight=4.14513e+07 4.12839e+07 4.07507e+07 573984 4.01768e+07 3.84703e+07 1.70648e+06 3.84627e+07 1.70359e+06 1.19746e+06 1.25374e+06 3.72652e+07 1.09166e+06 46520.1 3.61736e+07 37341.8 34000.2 167400 44688.6 533132 1.04514e+06 1.03526e+06 3.61362e+07 2.1249e+07 1.48872e+07 1.15948e+07 595106 1.09997e+07 1.55776e+07 3.47445e+06
internal_count=34450160 33978361 33229354 1157556 32071798 30412078 1659720 30207016 1656355 1648267 1440697 28558749 770064 123105 27788685 279828 184486 471799 102458 749007 646959 640008 27508857 16166010 11342847 5500518 483615 5016903 13621578 3012818
is_linear=0
shrinkage=0.1


Tree=69
num_leaves=31
num_cat=0
split_feature=2 1 7 5 10 5 11 9 4 10 8 7 11 11 10 8 8 9 7 4 9 9 8 7 10 7 4 10 6 8
split_gain=3527.11 6361.91 6953.57 6380.11 5540.7 5024.23 5295.5 4395.06 4706.87 4343.69 4196.25 3767.91 3560.22 6078.67 10705.8 5475.13 11571.8 6854.96 5834.99 6993.61 7209.83 5261.94 6219.91 5036.79 4841.01 4790.36 6567.99 5221.62 4772.35 4791.92
threshold=215.81109619140628 35.295186996459968 14.87002468109131 0.46724203228950506 -0.95244167294248061 0.30847667157649999 0.57605713708605399 3.9730539321899419 3.3033888339996342 0.022575936829235418 29.029999732971195 25.916987419128422 0.99958851518450398 0.98486764554468398 -0.091260668982868151 23.785716056823734 26.537406921386722 11.940001487731935 2.7907195091247563 1.0000000180025095e-35 9.6035952568054217 14.090000629425051 11.574999809265138 10.230504989624025 -0.03977009085991149 8.5889630317688006 1.0181207656860354 0.056951373111866731 31.167242050170902 31.220000267028812
decision_type=2 8 8 10 2 10 2 8 10 2 10 10 2 2 2 10 10 8 8 10 8 10 10 8 2 10 8 2 10 10
left_child=1 7 -3 -4 -2 6 11 8 -1 -5 -10 -6 13 -9 28 18 25 -18 21 20 -20 22 -16 -21 -19 27 -27 -17 -15 -30
right_child=4 2 3 9 5 -7 -8 12 10 -11 -12 -13 -14 14 15 16 17 24 19 23 -22 -23 -24 -25 -26 26 -28 -29 29 -31
leaf_value=0.033780759146699722 -0.016789288206869271 -0.045881444986938184 0.027874180668749977 -0.0092404283607511323 0.037019813944598329 0.0049516225098400063 0.1261434765071347 2.7151023379420332e-05 -0.0069752817600476765 0.0031928942604702729 0.013622620653801079 -0.064585433238551274 0.014807341377047679 -0.051438851761222495 -0.015405956111429432 -0.14455189424278383 0.0066606599994164075 -0.11860894517828846 -0.10361503898592124 0.023760408880002682 -0.031111197216708825 -0.095778904999281447 0.046784760329522647 -0.043843638456789992 -0.029188721626280969 0.05586097396085752 -0.022311711746646902 0.021612866498424102 0.11294172098339213 -0.13929847516791866
leaf_weight=68722.734391286969 115759.59669323266 43081.0057624951 56380.927458785474 1213119.2789460719 31782.247776389122 1613311.2949616909 6097.8998496308923 36865870.737586796 162989.22936457768 365687.13265171647 251546.72753959708 4123.2965519726276 160473.5896589905 72879.57756213937 33048.94852125179 2933.3082724949345 69933.921449491754 7092.2894447585568 17041.01139434427 33659.705774432048 70275.343385922723 4606.5498961731791 31324.20843488723 16385.567953005433 41367.602504801005 63999.191343525425 12917.148754611611 5322.9600414512679 3367.5541809406132 970.11494426801801
leaf_count=21180 35037 25874 29906 342542 14515 314141 1984 31583408 34302 98376 43952 3107 301727 350379 46374 44209 101194 100381 33591 23338 302747 27364 35668 13513 290011 162228 9299 33587 11115 15111
internal_value=-4.78781e-06 -0.000199695 -0.00622498 -0.00518018 0.00436146 0.00584057 0.0399843 6.64343e-05 0.00954217 -0.00636059 0.00552384 0.0253517 -5.56347e-05 -0.000119488 -0.0112172 -0.00478289 0.00685286 -0.0133695 -0.0162622 -0.0281788 -0.0452613 0.00746792 0.0148563 0.00162584 -0.0422757 0.0349629 0.0427328 -0.0374226 -0.0453738 0.0565285
internal_weight=4.14461e+07 3.9675e+07 1.67827e+06 1.63519e+06 1.77107e+06 1.65531e+06 42003.4 3.79967e+07 483259 1.57881e+06 414536 35905.5 3.75135e+07 3.7353e+07 487125 409908 203566 118394 206341 137362 87316.4 68979.7 64373.2 50045.3 48459.9 85172.6 76916.3 8256.27 77217.2 4337.67
internal_count=34450160 34081376 496698 470824 368784 333747 19606 33584678 99434 440918 78254 17622 33485244 33183517 1600109 1223504 740909 491586 482595 373189 336338 109406 82042 36851 390392 249323 171527 77796 376605 26226
is_linear=0
shrinkage=0.1


Tree=70
num_leaves=31
num_cat=0
split_feature=6 3 10 10 10 8 3 6 9 11 10 8 10 7 10 10 9 10 10 6 3 8 8 6 10 9 2 9 6 11
split_gain=3395.51 3209.32 6727.01 4004.55 7076.28 3873.48 4098.72 3970.57 3789.24 3576.52 7688.9 6494.13 4594.74 4479.17 4715.83 4907.81 3996.59 3759.45 3981.06 3885.75 4295.23 3483.59 3243.9 7112.54 3407.39 4020.56 3249.18 3540.85 3445.79 5596.92
threshold=44.139904022216804 142.50000000000003 -0.20180236284700911 0.52766072109828632 0.69056404122701587 34.048574447631843 232.50000000000003 34.630228042602546 18.881216049194339 0.36447543099728863 0.9053161325100999 34.173860549926765 0.70290292807158605 24.391605377197269 0.85226249403558707 0.84313847884979054 14.130311965942385 0.94704596667653973 0.97875492728876534 34.130393981933601 172.50000000000003 23.991030693054203 41.101430892944343 40.940166473388679 0.19337368024598436 16.400216102600101 1.0000000180025095e-35 18.170379638671879 41.56170845031739 -0.6523320455745395
decision_type=10 2 2 2 2 8 2 8 10 2 2 8 2 8 2 2 10 2 2 10 2 10 10 10 2 10 2 10 10 2
left_child=1 22 -3 5 -5 6 -4 -7 9 11 12 -6 -11 14 15 -13 17 -16 -19 -20 -21 -8 23 -1 25 -24 28 -28 -26 -30
right_child=-2 2 3 4 8 7 21 -9 -10 10 -12 13 -14 -15 16 -17 -18 18 19 20 -22 -23 24 -25 26 -27 27 -29 29 -31
leaf_value=6.0935938889900618e-05 -0.032162701589562921 -0.15966686596406612 -0.14357109165230045 -0.0809560306163217 -0.090275209153614089 0.11106314235350266 -0.19884096929801062 0.014178632808895465 -0.12874897989484574 0.13436873077698894 0.090356935444162706 -0.0044770576830905099 -0.042745793136278111 -0.038914495236263058 -0.061700419836083722 0.17251843641099016 -0.027148914094361529 0.10114074051367711 0.096094752703052538 0.032428830133340469 -0.15551606056850653 0.062932380135100149 0.025683227350944082 -0.020574703913145365 0.024906515388507394 0.15032343720908048 -0.0048927760552853784 0.089684198282894048 0.014380528828120709 -0.028837910042114279
leaf_weight=40490341.100667395 32807.604834668338 3078.1962907863781 2997.7164708962664 16423.688877128065 10776.694088764489 4774.5180479479022 619.00944068003446 37092.928501947317 2668.3762736143544 1656.3181304344907 10515.667063727044 2900.1654007779434 12661.725230690092 29176.211716122925 3453.1690720394254 3407.0443298630416 25614.427505459636 8347.8321644514799 2770.8411932736635 2707.0592445358634 2207.6025528870523 2844.0880998112261 47441.689433321357 167719.78603918105 124579.61269638687 2737.3665394932032 236186.15570198745 4026.0365833751857 107970.06025810912 41475.358156338334
leaf_count=32097488 115605 92664 16790 86975 78500 3267 8905 61165 59169 2983 26113 10820 90327 132430 14935 1814 159451 12973 4573 7386 14114 19880 34252 442511 195221 468 244664 4136 226758 183823
internal_value=-4.39413e-06 2.10842e-05 -0.0130605 -0.0106028 -0.0194294 0.0141059 -0.0579625 0.0252272 -0.0109281 -0.00822235 0.0254286 -0.0173693 -0.0222571 -0.00761949 0.0101417 0.0911328 -0.00118462 0.0329447 0.0533288 0.00139645 -0.0519936 0.0161418 8.03298e-05 -2.41888e-05 0.00760938 0.0324826 0.00518227 -0.00330763 0.0126246 0.00238618
internal_weight=4.1442e+07 4.14092e+07 186693 183615 135287 48328.3 6460.81 41867.4 118863 116195 24833.7 91361 14318 80584.4 51408.1 6307.21 45100.9 19486.5 16033.3 7685.5 4914.66 3463.1 4.12225e+07 4.06581e+07 564416 50179.1 514237 240212 274025 149445
internal_count=34450160 34334555 905234 812570 702563 110007 45575 64432 615588 556419 119423 436996 93310 358496 226066 12634 213432 53981 39046 26073 21500 28785 33429321 32539999 889322 34720 854602 248800 605802 410581
is_linear=0
shrinkage=0.1


Tree=71
num_leaves=31
num_cat=0
split_feature=7 8 4 10 6 8 6 4 2 10 10 4 8 6 3 10 3 8 7 6 8 10 10 8 6 11 10 10 11 9
split_gain=3268.73 6729.1 5565.02 4892.39 4471.94 6020.78 6390.18 5493.75 5232.17 4752.87 4355.84 4619.62 3731.96 6752.25 6218.99 7484.03 4481.4 3778.36 4030.56 3985.89 4311.81 9503.06 3771.05 4375.44 3709.18 3676.05 3666.56 3653.1 13602.9 9900.72
threshold=25.550364494323734 30.010023117065433 inf 0.93544191479114935 29.746199607849125 33.122783660888679 33.241777420043952 0.019774534739553932 5.6706848144531259 -0.78326540922535159 -0.95754239937548935 0.026687836274504665 37.046922683715827 37.470350265502937 9.5000000000000018 0.52766072109828632 23.500000000000004 39.443765640258796 27.100235939025882 41.56170845031739 43.570522308349616 0.35846314187849709 0.81428061195174062 41.324720382690437 38.50001525878907 -0.14250536273956091 0.82414472752956958 -0.39826117949089107 0.89309379682046119 11.030385971069338
decision_type=10 8 8 2 8 8 10 10 2 2 2 10 8 10 2 2 2 8 8 10 8 2 2 10 10 2 2 2 2 8
left_child=27 -2 3 4 -3 8 7 -7 9 -6 11 25 14 -14 24 -16 -17 18 -15 22 -21 -22 -19 -24 -12 -8 -18 28 -1 -30
right_child=1 2 -4 -5 5 6 10 -9 -10 -11 12 -13 13 17 15 16 26 19 -20 20 21 -23 23 -25 -26 -27 -28 -29 29 -31
leaf_value=-0.00053104217673354925 -0.069678145494709687 0.033578605673031441 -0.085824580346951979 -0.024748179000324635 0.009707232456238021 0.047163346937891898 0.064694178673204664 0.0077774980805751601 -0.0070188859067832057 -0.053147968253743516 -0.0031282493055981939 -0.0039958219366362019 0.012734796895727591 -0.0014522504682895477 -0.014057162315919148 -0.029880333795959862 -0.14176714507109475 0.0039990744125263326 -0.019223258098703445 -0.012490455794782928 0.09502459779830566 -0.0042662027122265574 0.011567058253239441 0.068781821712213531 -0.037646373040119703 0.0057154631929830606 -0.015277394899230565 0.0012966189031007891 -0.012199231118657443 -0.085703700807370969
leaf_weight=17121568.132557839 14787.860401444137 35892.363914374262 7932.2961614495143 92909.565788645297 16229.43251309311 38942.289471182041 28376.111474657431 391000.56133448426 904830.27879333496 46495.333955583163 1717095.6104940763 39772.091039167717 395452.9269930087 310356.99041033909 83753.055262119975 11339.409540817142 10781.466045544483 539613.26902961731 216766.72445654124 263595.85790713876 12479.243315286934 42356.88479001075 40857.241600565612 19864.737464599311 31705.08360670507 16839.316907469649 2910.2350353300571 18909137.095478028 43496.253619293682 31665.231996421702
leaf_count=11701620 7430 6365 7766 153180 9839 18929 17532 113731 347023 41446 901188 20242 215778 290473 101497 13844 40260 543360 206704 585314 9172 103344 62766 23577 31176 15911 5933 18571812 38969 243979
internal_value=-3.95925e-06 -0.00231491 -0.0021276 -0.00200258 -0.00159752 -0.00184119 -0.000207765 0.0113449 -0.00895504 -0.0368848 -0.00152042 0.020863 -0.00203471 0.00115563 -0.00519716 -0.0283964 -0.0763747 -0.00201128 -0.00876014 0.00186074 -0.00718301 0.0183297 0.00665775 0.0302844 -0.00375405 0.0427291 -0.114881 0.000337375 -0.000717388 -0.0431664
internal_weight=4.14388e+07 5.33294e+06 5.31815e+06 5.31022e+06 5.21731e+06 5.18141e+06 4.21386e+06 429943 967555 62724.8 3.78392e+06 84987.5 3.69893e+06 1.84134e+06 1.85758e+06 108784 25031.1 1.44589e+06 527124 918767 318432 54836.1 600335 60722 1.7488e+06 45215.4 13691.7 3.61059e+07 1.71967e+07 75161.5
internal_count=34450160 3893780 3886350 3878584 3725404 3719039 3320731 132660 398308 51285 3188071 53685 3134386 2040488 1093898 161534 60037 1824710 497177 1327533 697830 112516 629703 86343 932364 33443 46193 30556380 11984568 282948
is_linear=0
shrinkage=0.1


Tree=72
num_leaves=31
num_cat=0
split_feature=9 10 8 7 11 11 6 4 6 5 11 1 5 11 6 2 10 6 7 11 9 11 6 1 11 3 9 10 10 10
split_gain=3168 5602.53 7593.63 11518.3 9285.59 8172.22 10012.5 8389.54 6698.93 9517.63 6186.49 6394.51 5495.82 5709.68 16905.3 17647.5 9307.35 10605.3 8762.42 7812.37 13614.9 6688.98 6065.87 14397.6 14254.5 14411.2 9511.27 10811.1 10741 9399.82
threshold=9.650057792663576 0.27694220057652758 31.42004489898682 24.920037269592289 -0.29342786347392819 -0.15950993297387572 32.020236968994148 1.0000000180025095e-35 33.785270690917976 0.12544821202754977 0.84199059757024453 2.0143390893936162 40.141399383544929 -0.42958798411962301 29.310121536254886 2.2681553363800053 0.76140650896573492 26.021056175231937 25.970487594604496 -0.30982845708428081 15.460266113281252 -0.49812626372919411 28.610116004943851 1.0000000180025095e-35 0.36447543099728863 17.500000000000004 13.429998874664308 0.70290292807158605 0.63920241694561786 0.84313847884979054
decision_type=10 2 8 10 2 2 8 8 8 8 2 10 8 2 10 2 2 10 10 2 8 2 10 8 2 2 10 2 2 2
left_child=1 2 3 -1 -4 7 -7 -6 9 -3 -11 -12 13 14 15 16 -2 -18 -16 20 -15 -17 23 24 25 -21 -26 28 -28 -24
right_child=12 8 4 -5 5 6 -8 -9 -10 10 11 -13 -14 19 18 21 17 -19 -20 22 -22 -23 29 -25 26 -27 27 -29 -30 -31
leaf_value=-0.00097482873797264877 -0.078733612647385265 0.022544431829707418 0.00060958261449490419 -0.016433661517660739 0.044323286424383733 0.011464418194480583 -0.005885054915886115 0.012604394548267292 -0.0053294002431055337 0.0054405731266694256 -0.0011738165353957139 -0.04415983745148748 -0.012382197259911604 -0.0084884179174471493 0.0053293285278761112 -0.013487039729371104 -0.095676517174239029 0.042763750953574237 -0.0032711196970205397 0.026316115719137795 -0.058523542938647158 0.027949449689523773 -0.0080259935998879244 -0.010618245340524095 0.0078032917319406161 -0.04895000324421149 -0.0054862876463715512 -0.033231623924130399 0.038344923321972452 0.0013395763303232092
leaf_weight=12079521.115144007 62628.983514939435 317748.2914972892 8496430.3736864924 502016.017864516 98258.678663149942 747768.1768579646 599173.78309837077 550978.54908558633 608282.83923861664 2605280.8097508242 108819.80840411689 50743.044094443321 425607.99411666766 597770.9149710089 4071848.8754940373 262289.5081417039 8524.8522561341524 15769.545463037677 1670680.4938036478 415581.9535672036 59825.803403805941 45753.477812960744 2526594.5054862779 720224.26179428026 1101506.3247016603 27097.857733402401 608222.05067882175 127459.35825431533 61567.627165835351 1860968.4911813512
leaf_count=4569119 133827 239518 3268701 192522 60656 272665 445670 188185 462666 841990 53712 26538 166039 600665 3163587 185318 17980 20862 1874761 412468 268869 25304 7125781 674468 1702562 97534 3113114 328770 137930 3778379
internal_value=-3.68718e-06 0.000643663 6.50211e-05 -0.00159165 0.00205151 0.00818887 0.00374668 0.0174049 0.00426115 0.00615363 0.00426993 -0.0148439 -0.00118477 -0.000850197 0.00145079 -0.0185611 -0.0583533 -0.00581464 0.00282719 -0.00259223 -0.0130404 -0.0073325 -0.00166989 0.00174617 0.00554945 0.0217088 0.00178202 -0.00653718 -0.00145729 -0.00405362
internal_weight=4.14349e+07 2.6765e+07 2.30741e+07 1.25815e+07 1.04926e+07 1.99618e+06 1.34694e+06 649237 3.69087e+06 3.08259e+06 2.76484e+06 159563 1.46699e+07 1.42443e+07 6.1375e+06 394966 86923.4 24294.4 5.74253e+06 8.10682e+06 657597 308043 7.44922e+06 3.06166e+06 2.34144e+06 442680 1.89876e+06 797249 669790 4.38756e+06
internal_count=34450160 10621942 8997518 4761641 4235877 967176 718335 248841 1624424 1161758 922240 80250 23828218 23662179 5421639 383291 172669 38842 5038348 18240540 869534 210622 17371006 6466846 5792378 510002 5282376 3579814 3251044 10904160
is_linear=0
shrinkage=0.1


Tree=73
num_leaves=31
num_cat=0
split_feature=9 7 1 8 3 4 11 6 11 3 10 9 9 11 10 10 9 8 6 8 8 6 10 3 6 6 7 10 9 9
split_gain=3280.82 4184.82 4291.29 7109.11 6149.03 5297.82 5090.69 3070.26 2919.04 4881.16 3653.19 6561.28 4904.98 3045.63 9185.33 4107 6820.62 5052.5 9854.72 8064.95 5447.41 4841.88 4804.42 4068.76 4012.63 6533.55 4028.48 4488.92 5202.65 5524.91
threshold=4.9209451675415048 2.7907195091247563 8.4341893196105975 29.084286689758304 4.5000000000000009 47.315132141113288 -0.85225707553516283 29.030014038085941 0.99988440732898443 91.500000000000014 1.0000000180025095e-35 7.5973844528198251 10.430001258850099 0.98486764554468398 -0.091260668982868151 1.0000000180025095e-35 16.200165748596195 23.785716056823734 14.064279556274416 26.65000152587891 32.018877029418952 31.760016441345218 0.12545942051955489 17.500000000000004 27.19010162353516 27.28843975067139 6.880033254623414 -0.108376950152639 11.139999866485597 13.789999485015871
decision_type=10 8 8 10 2 8 2 10 2 2 2 10 10 2 2 2 10 10 10 10 10 10 2 2 10 10 10 2 10 10
left_child=1 -1 3 7 -5 -4 -6 -3 13 10 12 -12 -10 -2 24 16 -16 18 -17 22 -21 -22 -19 -18 26 -26 27 -15 -29 -30
right_child=8 2 5 4 6 -7 -8 -9 9 -11 11 -13 -14 14 15 17 23 19 -20 20 21 -23 -24 -25 25 -27 -28 28 29 -31
leaf_value=-0.045118774743626799 -0.00018804446817739101 0.001351146466292681 -0.0042834211292631704 0.012895839963215633 -0.028794910570289146 0.007713542640374659 0.088919868256515641 -0.083989815593611183 -0.053871865635883413 0.089688624457949465 0.14363095639532786 0.0052379292975276289 0.017870773879380231 -0.057671525209889697 0.01722539156688583 0.0069187112150192994 0.0096651816686925494 0.012218111176753772 -0.04091780783969954 -0.020346064003982752 0.15218947510129421 -0.085644806545330687 0.068333102633000589 -0.13815325271520393 0.15205014776182701 -0.024228606981146421 -0.082522216990611671 -0.15012466467137123 0.12151492358994814 -0.13425341004641766
leaf_weight=17909.137494164053 37622591.045502476 822161.82007311843 1079820.3660548925 671820.19751018286 4588.3290408221073 558458.69406601787 18431.748842881061 4237.3392447624356 13813.990222873166 8842.7815458122641 5191.5775069594383 10072.078933527693 30727.661640552804 13811.058878937736 132108.71720972983 75624.202201556414 3097.3420246783644 50841.254753418267 100026.01167353243 91849.785915941 3382.5058057680726 1145.9880938772112 21799.553632194176 4669.2119481451809 2302.4436486531049 24219.907164953183 27458.810592022724 1200.901309646666 4960.2991196140647 1017.8698902111501
leaf_count=9060 31507970 552730 254581 152934 5577 78554 9335 2299 12889 12831 913 21019 68701 54569 320515 85339 24224 134115 291912 347065 4713 11435 51058 119248 2505 144692 149370 3031 5038 11938
internal_value=-3.43447e-06 0.0030842 0.00335743 0.00718196 0.0146372 -0.000193881 0.0654571 0.000913563 -0.000259919 0.0203424 0.0100889 0.0523091 -0.00437923 -0.00029696 -0.00762059 -0.00258069 0.0118712 -0.00844565 -0.0203223 0.003897 -0.0150672 0.0920027 0.0290583 -0.0792025 -0.0401938 -0.00892559 -0.0573109 -0.0243301 0.039812 0.0779667
internal_weight=4.14282e+07 3.17743e+06 3.15952e+06 1.52124e+06 694840 1.63828e+06 23020.1 826399 3.82508e+07 68648.1 59805.3 15263.7 44541.7 3.81821e+07 559516 484545 139875 344669 175650 169019 96378.3 4528.49 72640.8 7766.55 74971.3 26522.4 48448.9 20990.1 7179.07 5978.17
internal_count=34450160 1065070 1056010 722875 167846 333135 14912 555029 33385090 116353 103522 21932 81590 33268737 1760767 1389624 463987 925637 377251 548386 363213 16148 185173 143472 371143 147197 223946 74576 20007 16976
is_linear=0
shrinkage=0.1


Tree=74
num_leaves=31
num_cat=0
split_feature=7 6 2 5 10 10 9 8 8 10 11 2 7 1 9 0 2 10 10 9 3 3 10 10 10 10 10 9 10 2
split_gain=3107.57 4727.33 5588.94 6324.71 5289.59 6207.97 5241.68 5016.76 4256.41 6356.61 6334.44 9453.87 8419.33 5940.61 5676.41 5041.03 6055.68 4758.98 12493 8824.79 8536.91 12167.4 8091.73 7926.54 8096.65 11436.7 7490.98 7406.5 7416.2 7355.13
threshold=-1.0000000180025095e-35 15.090717792510988 1.1253455281257632 0.14070083945989612 -0.108376950152639 -0.54939360607974019 11.249998569488527 11.574999809265138 18.616177558898929 -0.78326540922535159 0.18281312110578132 8.6418476104736346 9.3503532409667987 6.8058037757873544 12.551109313964846 0.45001921057701116 91.522487640380874 0.056951373111866731 0.19337368024598436 13.830000400543215 16.500000000000004 50.500000000000007 -0.55657520495441892 -0.61237985104942771 1.0000000180025095e-35 -0.05695216311707673 -0.55657520495441892 15.1109676361084 0.89017062131308955 3.5792907476425175
decision_type=8 8 2 10 2 2 8 10 8 2 2 2 8 8 8 2 2 2 2 8 2 2 2 2 2 2 2 10 2 2
left_child=1 2 7 4 5 -4 -5 -1 9 -2 11 12 -11 15 -15 16 17 19 -19 20 23 22 -22 -12 25 -25 -21 -20 -29 -26
right_child=8 -3 3 6 -6 -7 -8 -9 -10 10 13 -13 -14 14 -16 -17 -18 18 27 26 21 -23 -24 24 29 -27 -28 28 -30 -31
leaf_value=-0.073200937732070995 -0.12712253050026268 0.067359985801208375 0.16108504126690776 -0.0090685213665383253 0.030754920401392483 -0.13913492197762978 -0.077644902635225568 -0.0082737193086261096 -0.00011405887992207056 -0.1516999090525227 0.087313883500008946 -0.0050872433313217417 0.120887545663475 -0.0050550508831702957 -0.099057972823158688 0.020574457040236204 0.073348065944171481 -0.065697716087325067 -0.0014623863017849356 -0.13643982728115059 -0.16859681273614777 -0.048397533014667565 0.097421931616050395 -0.0038124600827426653 0.091229129321044336 -0.14138140380903289 -0.0066174647320837989 0.084260874473161884 -0.15435725240184006 -0.092389222471399177
leaf_weight=27878.589743196964 3559.6129094660282 6875.5953880548477 848.36653622984886 40754.292407900095 46731.880594491959 3661.1316447257996 15342.02764582634 20764.381327638403 40195074.577701367 8681.3424955154769 11249.935296148062 33054.057571083307 1303.1859307363629 163127.80701175332 6687.1122034490108 366561.39007988572 12633.888934373856 29496.851996002719 273657.81066674553 5704.2626674026251 1181.9899508208036 7874.1573186442256 35067.742547616363 46323.713115170598 12929.798758655787 6949.7439565211535 20128.34514805302 16321.599121592939 1415.4455878771842 2624.2822269499302
leaf_count=78717 7130 14054 266 24057 61508 11685 18442 67797 33225950 20803 6531 18679 554 71206 9635 142238 6739 74908 306706 32716 3828 28175 27626 64182 8788 15002 67483 24544 6099 4112
internal_value=-3.02957e-06 -0.0137895 -0.0173665 -0.0046238 0.0207743 -0.0826549 -0.0278238 -0.0454852 5.13845e-05 0.00628654 0.00673329 -0.0308461 -0.116122 0.00831905 -0.00875678 0.01173 0.00502549 0.00319255 -0.00368125 0.0178942 0.0289548 0.0642735 0.0887479 0.00949359 -0.00322622 -0.0217589 -0.0352844 0.00259646 0.0652188 0.0602491
internal_weight=4.14245e+07 162856 155981 107338 51241.4 4509.5 56096.3 48643 4.12616e+07 1.06653e+06 1.06297e+06 43038.6 9984.53 1.01994e+06 169815 850121 483560 470926 320892 150034 124201 44123.9 36249.7 80077.5 68827.5 53273.5 25832.6 291395 17737 15554.1
internal_count=34450160 276526 262472 115958 73459 11951 42499 146514 34173634 947684 940554 40036 21357 900518 80841 819677 677439 670700 412257 258443 158244 59629 31454 98615 92084 79184 100199 337349 30643 12900
is_linear=0
shrinkage=0.1


Tree=75
num_leaves=31
num_cat=0
split_feature=2 10 1 11 4 6 11 4 7 10 9 1 8 6 4 7 8 8 3 7 8 5 4 11 3 8 2 6 8 0
split_gain=2953.68 6232.78 5053.22 5623.39 5759.04 3999.8 4740.08 6309.31 3852.14 3837.23 3188.8 9766.22 5062.25 5159.22 9058.89 6905.53 6773.86 4990.03 4528.23 4274.91 4156.85 4672.29 3864.18 3671.29 6488.39 3665.93 3643.5 9258.03 5163.96 3438.73
threshold=178.99919128417972 -0.97876850416056738 35.295186996459968 0.88117331841669433 1.6863884925842287 27.28843975067139 0.69521084835931835 19.462849617004398 14.520030021667482 0.8697513045430848 6.7800750732421884 1.0014657974243166 35.618570327758796 29.640311241149906 1.0000000180025095e-35 6.5913624763488778 28.318849563598636 26.862856864929203 24.500000000000004 17.310421943664554 11.574999809265138 6.1097340583801278 1.0000000180025095e-35 0.14888728888808328 13.500000000000002 33.277143478393562 9.0299220085144061 30.990071296691898 32.235715866088874 6.8486733436584482
decision_type=2 2 8 2 10 10 2 8 8 2 10 8 10 8 10 10 8 8 2 8 10 10 10 2 2 10 2 10 10 2
left_child=2 -2 10 4 -4 6 -3 -8 -6 -7 11 12 13 14 15 -1 19 29 25 20 -16 -22 -19 24 -17 26 27 -15 -29 -13
right_child=1 5 3 -5 8 9 7 -9 -10 -11 -12 17 -14 18 16 23 -18 22 -20 -21 21 -23 -24 -25 -26 -27 -28 28 -30 -31
leaf_value=-0.041308789133372263 -0.01796552794749233 0.0094478757060112786 0.012449883292231978 -0.066445374029432888 -0.046609550051684261 0.0013228182890305102 0.1252535388058289 0.013847597058698589 -0.0069912889702467276 0.037285729269739824 -0.00049649725572593147 -0.026787184752075383 0.040772344100733215 0.00077400869171706153 -0.036063976249884215 0.038014926464720954 0.013138782156987085 0.020355932140561129 -0.03058794882842937 -0.012388562450595747 0.039451822126291829 0.001266723058333238 -0.00026187196890781721 0.068713591051931491 -0.11645862389985327 0.013616733464501214 0.0038141590361689607 -0.070182282773170068 -0.015747396944476477 -0.0053700329068640789
leaf_weight=9593.5715981754474 131354.35415896028 650958.57750616968 158644.82210779935 15293.169538579881 25058.265200793743 1766127.7079171017 8336.2738956212997 13028.250051617622 1191416.5371793211 30176.263690054417 29069428.689626675 111589.95902745426 42764.951703911182 220357.73358884454 17778.391918182373 44387.684295535088 839506.15773157869 92517.665255337954 41826.954023930244 211778.56843446521 50694.432782779913 87097.232339393813 5204725.8492774963 43887.931531330105 2896.5608968865126 254669.92632517219 785030.84289738536 32453.040177866817 37639.719100236893 228430.2679156065
leaf_count=11720 42281 108762 74976 13420 11127 417470 1489 2028 331657 6598 30576898 53111 11543 210146 8504 24496 241795 50205 175292 94818 19536 24204 1426718 22820 10352 81083 286204 30183 22292 58432
internal_value=-2.87733e-06 0.00326014 -0.000221422 -0.00614101 -0.00547035 0.00438954 0.010969 0.0573173 -0.00780739 0.00192696 -1.52096e-06 0.00171969 0.00663817 0.00609341 0.010588 0.039393 0.00818293 -0.000655557 0.00180965 -0.00314272 0.0094437 0.0153153 9.82231e-05 0.0478848 0.0285521 0.00282841 0.000273771 -0.00929521 -0.0409508 -0.0123988
internal_weight=4.14195e+07 2.59998e+06 3.88195e+07 1.39041e+06 1.37512e+06 2.46863e+06 672323 21364.5 1.21647e+06 1.7963e+06 3.74291e+07 8.35963e+06 2.72236e+06 2.6796e+06 1.30762e+06 100766 1.20685e+06 5.63726e+06 1.37198e+06 367349 155570 137792 5.29724e+06 91172.2 47284.2 1.33015e+06 1.07548e+06 290450 70092.8 340020
internal_count=34450160 578628 33871532 431180 417760 536347 112279 3517 342784 424068 33440352 2863454 1274988 1263445 458245 69388 388857 1588466 805200 147062 52244 43740 1476923 57668 34848 629908 548825 262621 52475 111543
is_linear=0
shrinkage=0.1


Tree=76
num_leaves=31
num_cat=0
split_feature=3 9 3 8 11 6 8 7 10 8 3 3 5 11 2 10 10 10 6 11 5 9 2 8 3 11 9 7 10 3
split_gain=2818.85 2785.14 4948.55 5020.28 7897.02 3041.44 3158.26 2861.9 10454.1 8787.11 6206.78 5999.01 5701.66 4818.21 4798.41 4942.4 4629.79 4366.05 4089.34 4029.36 4044.43 3709.46 3919.11 3812.08 6628.47 5787.43 5517.98 5416.1 4373.51 5500.61
threshold=1506.5000000000002 19.040639877319339 45.500000000000007 37.941471099853523 0.39629089145655322 40.013248443603523 37.80285835266114 24.308832168579105 0.88220160189607266 31.42004489898682 28.500000000000004 99.500000000000014 18.731251716613773 -0.013976481981245173 3.2509294748306279 0.30983042691905771 -0.95754239937548935 0.35846314187849709 29.695860862731937 -0.091258822863740666 4.4581310749053964 5.5652065277099618 149.03302764892581 36.928594589233406 9.5000000000000018 -0.99938741687870725 8.3901214599609393 26.904783248901371 0.54219432480460406 13.500000000000002
decision_type=2 10 2 10 2 10 10 10 2 8 2 2 8 2 2 2 2 2 8 2 10 8 2 8 2 2 8 10 2 2
left_child=1 7 5 -4 -5 6 -3 -1 9 14 -10 -12 16 -13 18 -16 19 -14 -9 20 -11 -18 23 24 -23 -26 -25 -28 -27 -30
right_child=-2 2 3 4 -6 -7 -8 8 10 12 11 13 17 -15 15 -17 21 -19 -20 -21 -22 22 -24 26 25 28 27 -29 29 -31
leaf_value=0.00056511705655012663 -0.16086955522618973 -0.0033367843472141808 -0.1058067848906294 -0.093004477648390427 0.18595924540361505 -0.070306306064940469 0.08984476609893971 0.044714112739666766 -0.02369347572347404 0.024843798894969561 0.018974226419025041 -0.069094360546762185 -0.0025948810893976298 0.081713583908968906 -0.008309904042717144 0.044349813900002429 0.013017685743347183 -0.018294103685801474 -0.067606215142837919 1.0064753838581883e-05 0.0022086800068960312 -0.00068791214095710975 0.017806150237745452 0.031028711262151443 0.053101179498633404 -0.016012223361718932 0.0068137069902153491 -0.0033528246898071653 0.014209155137738697 -0.076411102597109037
leaf_weight=29263569.505468927 1089.2472606673837 24928.999626636505 11175.429391466081 2447.8377052973956 1733.3395818397403 5581.8566940687597 4258.7644073422998 3800.241580826696 314219.578153532 228258.27082841145 71533.284373342991 14526.956923618913 2497447.01602099 2480.2538169249892 1268732.3486258388 18076.938084661961 245542.58638276439 190671.00163363293 22043.705911814235 231947.42054020381 120670.84804270789 4312070.216406852 128537.47788748145 70777.350987209938 10336.505174750462 144849.31171361823 1280948.7467806824 886774.23890274018 8814.5012559592724 27898.843148043379
leaf_count=26329623 64380 303670 339305 40225 1150 58117 15536 1612 421501 147222 169238 67857 721239 4169 434663 5388 76795 82272 25372 164933 47590 2162541 46129 27962 7818 181327 1325505 1093936 8405 74680
internal_value=-2.54468e-06 1.68628e-06 -0.0235557 -0.0708337 0.0226421 -0.0026746 0.0102593 3.02336e-05 -0.00126327 -0.00071789 -0.0171038 0.00628219 0.00025648 -0.0471012 -0.00842698 -0.00757015 0.00164112 -0.00370844 -0.05109 0.0102253 0.0170159 0.000940449 0.000508857 0.000179104 -0.0014972 -0.0196823 0.00355191 0.00265477 -0.0238259 -0.0546541
internal_weight=4.14157e+07 4.14147e+07 50126.2 15356.6 4181.18 34769.6 29187.8 4.13645e+07 1.2101e+07 1.16982e+07 402760 88540.5 1.03855e+07 17007.2 1.31265e+06 1.28681e+06 7.69743e+06 2.68812e+06 25843.9 580877 348929 7.11655e+06 6.87101e+06 6.74247e+06 4.50397e+06 191899 2.2385e+06 2.16772e+06 181563 36713.3
internal_count=34450160 34385780 758003 380680 41375 377323 319206 33627777 7298154 6635389 662765 241264 6168354 72026 467035 440051 5364843 803511 26984 359745 194812 5005098 4928303 4882174 2434771 272230 2447403 2419441 264412 83085
is_linear=0
shrinkage=0.1


Tree=77
num_leaves=31
num_cat=0
split_feature=5 1 2 10 1 6 5 9 6 9 8 7 11 4 10 3 3 3 10 11 6 10 3 8 3 10 9 9 11 10
split_gain=2688.94 4113.64 3233.15 4131.12 3434.63 6574.79 4915.24 3218.89 3183.84 3165.75 6689.9 4866.63 4361.68 6175.45 3867.39 4031.4 3120.99 3834.07 3216.6 5713.99 3767.82 3303.35 2958.78 2940.95 7108.86 6666.43 6008.28 7351.47 9096.47 7106.97
threshold=162.1048278808594 95.27384185791017 162.00595855712893 -0.93545489084327571 28.600035667419437 25.894374847412113 0.37183985114097601 10.980000019073488 31.120038032531742 5.5652065277099618 27.907335281372074 2.0038683414459233 0.50370931781787065 2.4514033794403081 -0.89406062840022227 21.500000000000004 68.500000000000014 5.5000000000000009 -0.84315017450793706 -0.53495380374625956 30.750249862670902 -0.39036798905311365 202.50000000000003 18.616177558898929 50.500000000000007 -0.108376950152639 16.350001335144047 13.562074661254885 0.45847758937963173 -0.34235669412071207
decision_type=10 8 2 2 10 8 10 8 10 10 8 10 2 10 2 2 2 2 2 2 8 2 2 8 2 2 10 10 2 2
left_child=1 2 4 8 9 7 -7 -6 -4 10 11 -1 -13 -14 15 -12 17 -16 19 -19 -20 -22 -18 24 26 -26 27 29 -29 -11
right_child=-2 -3 3 -5 5 6 -8 -9 -10 23 14 12 13 -15 16 -17 22 18 20 -21 21 -23 -24 -25 25 -27 -28 28 -30 -31
leaf_value=-0.045419006196340775 0.0089385692763130336 -0.011777239501047499 -0.0029897631832086083 0.004681685929728876 -0.020629012641875905 0.022183121930931308 -0.0039012483828654077 -0.071200273037161838 -0.030822676281706807 0.037787939824361218 0.013104806104360531 -0.011022123414735564 0.046197448597246255 -0.0027516164663536 0.0025103981334862022 -0.094893563640224068 -0.06496706992301636 0.18137915397982329 0.062783181661826809 0.0097890100722320683 -0.030940766051396458 0.020252680341722545 0.028056773462194741 -0.00048341895417803828 -0.14308683560103946 -0.018346723913593679 0.072955710501013807 -0.093959440265203573 -0.0081419303482113143 0.005574468966979427
leaf_weight=32030.476600715425 333658.18789855391 298210.31828217208 188463.8478320539 2371473.6032204628 114889.43420737982 75478.887201875448 1684077.7696712017 14134.784008964896 52561.528026767075 74475.634332306683 531575.18052247167 347822.68329582177 35206.629393738694 96198.150422374718 2294166.229286015 3479.0025202766992 12472.015589646995 3436.0012344866991 15123.420335784554 4459.3883058279753 16755.442138284445 50878.914303921163 4710.5984803754836 31748618.975015067 5835.9099761545658 16114.26938946452 13228.466422783211 13964.513244457543 106934.68056280166 851742.9624080197
leaf_count=25245 46389 69871 52049 554632 36932 41474 507724 13067 27883 51446 156053 109849 15223 25115 676435 18616 55593 314 6406 6432 37649 85407 44033 30671460 50557 54815 28984 34002 251773 694732
internal_value=-2.36517e-06 -7.49875e-05 1.05865e-05 0.00341395 -0.000222366 -0.00438006 -0.00278232 -0.0261692 -0.00905942 -5.92957e-06 0.00287642 -0.00768063 -0.00515828 0.0103631 0.00471411 0.0124026 0.00300147 0.00330744 0.0234782 0.0844635 0.01766 0.00757024 -0.0394647 -0.00030867 0.00481749 -0.0515115 0.00598355 0.00513748 -0.0180543 0.0081647
internal_weight=4.14122e+07 4.10785e+07 4.07803e+07 2.6125e+06 3.81678e+07 1.88858e+06 1.75956e+06 129024 241025 3.62792e+07 3.44831e+06 511258 479227 131405 2.93706e+06 535054 2.402e+06 2.38482e+06 90653.2 7895.39 82757.8 67634.4 17182.6 3.28309e+07 1.0823e+06 21950.2 1.06035e+06 1.04712e+06 120899 926219
internal_count=34450160 34403771 34333900 634564 33699336 599197 549198 49999 79932 33100139 1262370 175432 150187 40338 1086938 174669 912269 812643 136208 6746 129462 123056 99626 31837769 1166309 105372 1060937 1031953 285775 746178
is_linear=0
shrinkage=0.1


Tree=78
num_leaves=31
num_cat=0
split_feature=1 6 8 6 11 9 10 8 9 10 9 3 9 7 6 8 9 10 7 9 3 10 10 3 10 11 10 11 8 10
split_gain=2621.85 2585.29 2838.03 6724.91 4248.14 4045.71 2942.34 3355.49 4252.56 3288.5 2688.83 4131.97 4744.08 5850.93 3686.82 3353.49 2914.28 2572.43 2538 3765.05 5175.13 4144 4702.65 3799.36 4553.1 3623.4 3598.7 3297.28 3145.41 5493.59
threshold=inf 44.139904022216804 41.842855453491218 42.340236663818366 -0.41399101439218416 17.145058631896976 0.35846314187849709 43.570522308349616 14.130311965942385 0.89404822654372251 19.040639877319339 45.500000000000007 20.530893325805668 18.181499481201175 38.929847717285163 37.80285835266114 20.016410827636722 0.72695311118111527 -1.0000000180025095e-35 16.730000495910648 14.500000000000002 -0.108376950152639 0.30983042691905771 7.5000000000000009 -0.54939360607974019 0.91852788691372023 0.43733377705052551 0.93769647993491489 18.616177558898929 -0.78326540922535159
decision_type=8 10 10 10 2 10 2 10 10 2 10 2 10 10 10 10 10 2 8 8 2 2 2 2 2 2 2 2 8 2
left_child=1 2 3 10 5 6 7 -4 -9 -8 18 14 -13 -14 15 16 -12 -7 19 20 21 23 -23 24 -1 -21 -24 -27 29 -20
right_child=-2 -3 4 -5 -6 17 9 8 -10 -11 11 12 13 -15 -16 -17 -18 -19 28 25 -22 22 26 -25 -26 27 -28 -29 -30 -31
leaf_value=0.12004942662800791 -0.19214437839769893 -0.02812949535335886 0.015625944523552485 -0.035795152616096941 -0.069409069367135035 0.084857846850459009 0.0012466270749079361 0.016493751721163699 0.13108052069800977 0.1062516284593767 0.015730371091069048 -0.10369623212918565 -0.10725392251596821 0.1448040949487856 -0.082382141720987206 0.12527804788768263 -0.077430540231971837 0.0095745931206598443 -0.12058126604846892 -0.075583166648787281 -0.068983795527118849 0.018221882265676198 -0.058324630566060236 0.035699585066879674 -0.12111883366421405 0.17537131088750857 -0.0075490285272962815 -0.0056658986510095309 -7.2515072823431021e-05 0.005856365873487349
leaf_weight=866.64793989807367 710.1572475656867 32644.276556812227 60208.936493471265 52568.792312838137 6734.3708031140268 11643.14842414856 231616.8450846225 6722.8375164717436 6249.5542345941067 3021.3858676292002 19704.734156562481 10436.324798938353 1715.7044936520979 1988.0103390812874 5030.9981089383364 2341.9655196387321 4047.6197239607573 7438.704786658287 3447.6019220091403 1361.7911284659058 16166.925621591508 54593.0039100945 18761.43241623044 2797.6661714315414 8094.0324660167098 2834.2104590460658 54523.817060530186 1559.6875289101154 39721792.833304025 1057207.8128365022
leaf_count=701 4964 115605 53078 179996 43700 16193 393155 5791 2323 3795 206335 306211 59801 6730 60224 5656 84085 26619 7130 5632 74933 72907 28284 7033 20845 858 61099 3680 31653055 939742
internal_value=-2.15026e-06 1.14502e-06 2.33394e-05 -5.13329e-05 0.00920907 0.0108287 0.00805884 0.0255653 0.0716969 0.00259875 -5.49141e-06 -0.0243645 -0.0691902 0.028041 -0.00400041 0.0111116 -0.000145106 0.0555101 2.14385e-05 -0.0124875 -0.0154217 -0.0092203 -0.00399652 -0.0660317 -0.0977938 0.0669379 -0.0205479 0.111109 7.09926e-05 0.00544539
internal_weight=4.14088e+07 4.14081e+07 4.13755e+07 4.10418e+07 333636 326901 307820 73181.3 12972.4 234638 4.09893e+07 45265.4 14140 3703.71 31125.3 26094.3 23752.4 19081.9 4.0944e+07 161559 155804 139637 127878 11758.3 8960.68 5755.69 73285.2 4393.9 4.07824e+07 1.06066e+06
internal_count=34450160 34445196 34329591 33784937 544654 500954 458142 61192 8114 396950 33604941 729042 372742 66531 356300 296076 290420 42812 32875899 275972 265802 190869 162290 28579 21546 10170 89383 4538 32599927 946872
is_linear=0
shrinkage=0.1


Tree=79
num_leaves=31
num_cat=0
split_feature=3 2 1 0 2 10 2 10 9 7 10 11 9 9 9 10 9 5 7 3 8 8 8 3 3 10 7 6 3 8
split_gain=2454.43 2428.99 5707.79 3889.9 2521.12 4768.37 7578.03 16383.7 9256.79 9136.37 6306.73 5424.01 7869.26 5014.3 4647.66 4292.28 4696.4 4557.39 4389.13 3757.44 4429.6 3695.9 3527.24 3460.34 3699.28 3741.13 3406.28 3309.72 3987.38 3408.25
threshold=1122.5000000000002 375.85374450683599 95.27384185791017 80.984638214111342 83.068527221679702 -0.97509794945709805 5.0816690921783456 -0.99467753128998015 12.94999933242798 13.770178318023683 -0.98214942551678475 0.11478523713130605 13.190001487731935 13.52000141143799 5.6900310516357431 -0.94139628442229062 8.490000247955324 0.11106529086828233 26.040122985839847 23.500000000000004 33.694284439086921 32.413030624389656 24.531338691711429 15.500000000000002 3.5000000000000004 -0.9905448150984083 2.0038683414459233 33.40028381347657 37.500000000000007 32.73481750488282
decision_type=2 2 8 2 2 2 2 2 8 8 2 2 10 10 10 2 10 10 10 2 10 10 8 2 2 2 8 8 2 10
left_child=1 2 4 -3 5 6 7 8 19 10 11 12 -9 -13 -8 16 -6 18 -17 -1 -21 -18 -16 24 25 -15 -19 28 29 -11
right_child=-2 3 -4 -5 15 -7 14 9 -10 27 -12 13 -14 23 22 17 21 26 -20 20 -22 -23 -24 -25 -26 -27 -28 -29 -30 -31
leaf_value=0.0043422314539842063 -0.14149774461068398 -0.00057241694853311085 -0.016608798809852325 0.018010834956342321 -0.0010973199384689181 -0.00078726757000177703 0.014356153119872476 0.095207478308898572 -0.041187008818363659 0.018776646480155576 -0.022081100050102855 -0.028303247220256268 -0.092810678876318956 0.14110068496053341 -0.074646823037124874 0.019667701090042553 -0.024198374045580125 -0.042296930173910854 -0.017502480331726019 -0.16661767126776378 -0.00964319671016633 0.010917437157299795 -0.00093366987376105053 0.001719534315634417 0.1672412639761004 -0.088392999843729725 0.0019861094040245142 0.0090790816510363387 -0.17891225740901587 0.042585777405870051
leaf_weight=286147.13687983155 1225.8880271092057 269108.57459841669 207841.83541421592 193730.22832143307 782554.40773889422 29281679.594874062 213308.09201675653 6142.9141615331173 58168.841909961775 161415.75981077552 6054.4653389775194 2130.3761911988258 3491.1620386950672 1675.5944644734263 6512.7761865258217 245050.44350067526 170711.91376876831 17412.620037615299 36499.666153803468 2802.729036284145 5012.9001910882071 36354.699891835451 1986750.7424487695 1811.8643723353744 14699.310426227748 1233.0599565431476 7134886.9474387467 174943.56220091507 937.96772222686559 95810.721491847187
leaf_count=283534 72006 54850 55640 21695 229149 29627003 54207 3592 209730 133696 14136 3133 10777 829 8284 150723 102670 8757 24550 9175 9424 17322 1076691 7223 6266 2519 1879429 305575 5337 62238
internal_value=-1.95193e-06 2.23738e-06 -7.91988e-05 0.00720597 5.14164e-06 -0.000396546 0.00338054 0.0115731 -0.00473859 0.0237851 0.0713163 0.0894495 0.0270741 0.117335 0.000326822 0.00154594 -0.00464093 0.00236955 0.014849 0.00247376 -0.0659351 -0.0180331 -0.00117452 0.133311 0.146852 0.0438119 0.0018783 0.0196984 0.0268945 0.027645
internal_weight=4.14061e+07 4.14049e+07 4.0942e+07 462839 4.07342e+07 3.23107e+07 3.02905e+06 822478 352132 470347 37238.7 31184.3 9634.08 21550.2 2.20657e+06 8.42347e+06 989621 7.43385e+06 281550 293963 7815.63 207067 1.99326e+06 19419.8 17608 2908.65 7.1523e+06 433108 258164 257226
internal_count=34450160 34378154 34301609 76545 34245969 31833369 2206366 1067184 511863 555321 48475 34339 14369 19970 1139182 2412600 349141 2063459 175273 302133 18599 119992 1084975 16837 9614 3348 1888186 506846 201271 195934
is_linear=0
shrinkage=0.1


Tree=80
num_leaves=31
num_cat=0
split_feature=1 11 1 11 10 6 8 9 7 9 8 8 7 3 9 11 10 10 6 3 3 5 6 8 7 8 7 6 9 2
split_gain=2329.01 2410.85 4875.1 4224.62 7224.86 4431.74 6832.3 6498.65 6030.83 5212.04 4198.43 4223.8 4572.89 5257.56 4306.25 4168.98 6033.11 4602.93 6062.18 4526.25 4345.56 4426.57 4116.29 4067.19 4521.36 4054.46 3931.79 3877.82 4492.9 3721.42
threshold=inf 0.99958851518450398 5.2713332176208505 0.98486764554468398 -0.091260668982868151 22.060064315795902 26.65000152587891 12.94999933242798 11.423154830932619 11.940001487731935 30.89714336395264 26.537406921386722 15.770097732543947 54.500000000000007 8.8997106552124041 0.9989598388634241 0.074116354202380205 0.10837544681456425 29.890322685241703 9.5000000000000018 44.500000000000007 0.16920451074838641 27.19010162353516 30.358491897583011 13.282958984375002 32.018877029418952 13.020359516143801 31.167242050170902 12.551109313964846 13.966343402862551
decision_type=8 2 10 2 2 10 10 10 10 10 10 10 10 2 10 2 2 2 10 2 2 10 10 10 10 10 10 10 10 2
left_child=1 3 10 -1 27 7 -7 8 -6 25 11 22 -13 14 -14 16 -11 18 20 -19 21 -18 -3 26 -25 -8 -17 -5 -29 -9
right_child=-2 2 -4 4 5 6 9 29 -10 15 -12 12 13 -15 -16 23 17 19 -20 -21 -22 -23 -24 24 -26 -27 -28 28 -30 -31
leaf_value=6.4327182815449068e-05 -0.19036469547531487 0.01749701124783512 -0.08838169478222016 -0.042967565262837328 -0.0022347239405999921 0.023426635360689636 0.0013434304255853929 -0.073432337834220651 -0.074907137222417999 -0.11047255898235853 0.08160051625458295 -0.064766058009905952 0.029056248333586207 0.094357070722255965 -0.063360670581133136 -0.17333799394782168 -0.12966024685569119 0.017762082283617166 -0.17016514940277253 -0.10656750027360778 0.10229341615765403 0.12293739065957039 0.12260029516581016 0.18355851630196318 -0.024774762041647726 0.1349251963566748 0.011457429678046379 0.1113072359578221 -0.13670964512026099 0.052520439333516813
leaf_weight=40751130.110051043 642.68743203580379 105702.45720692445 4682.4722080156207 72212.207695361227 148372.08021135535 108721.79055529088 67216.48320260644 24049.49968980439 12371.415916714817 12282.404931887984 8969.2727292887866 13283.621872979216 10323.826879799366 5482.1054051946849 9854.7602006774396 1517.4096233760938 2024.884361859411 4452.6907685734332 1388.5337596740574 8551.9532417412847 6176.2216503825039 1055.336124047637 3862.4237620607018 2411.221576419659 1834.1192232072353 2351.6509844213724 4772.663372755982 3264.4779077768326 940.93253304809332 2599.3532431870699
leaf_count=32539020 4964 165920 4503 351036 218641 371380 98863 137377 12339 153878 18448 70806 5122 6452 26234 23121 17193 19805 20653 91250 18441 513 5319 3222 12694 1446 21221 3231 22997 4071
internal_value=-1.59957e-06 1.35546e-06 0.0121705 -4.64955e-05 -0.00929015 -0.00405389 0.00541456 -0.0154103 -0.00782786 -0.0114622 0.0151603 0.0111476 -0.0171395 0.00751511 -0.0160781 -0.0373944 -0.0536135 -0.0240837 0.0246783 -0.063998 0.0539062 -0.043116 0.0212022 0.0179222 0.0935521 0.00585897 -0.0331224 -0.0375314 0.0558151 -0.0611468
internal_weight=4.14025e+07 4.14019e+07 162161 4.12397e+07 488567 412150 224757 187392 160743 116036 157478 148509 38944.3 25660.7 20178.6 46467.4 35932 23649.6 10645 13004.6 9256.44 3080.22 109565 10535.4 4245.34 69568.1 6290.07 76417.6 4205.41 26648.9
internal_count=34450160 34445196 302804 34142392 1603372 1226108 853680 372428 230980 482300 298301 279853 108614 37808 31356 381991 321733 167855 56800 111055 36147 17706 171239 60258 15916 100309 44342 377264 26228 141448
is_linear=0
shrinkage=0.1


Tree=81
num_leaves=31
num_cat=0
split_feature=7 8 6 11 2 9 3 9 11 4 9 10 11 8 7 2 3 11 11 9 10 6 8 6 7 10 10 10 10 10
split_gain=2264.9 3406.87 8697.21 7139.46 7511.63 5192.43 5110.26 5051.26 4600.28 4582.85 3889.67 3842.06 3795.6 4126.82 3602.1 4458.51 4452.78 5366.78 7594.87 6050.17 4541.34 3553.54 3814.02 3658.9 3467.2 3446.92 3622.01 3812.02 3403.53 4580.79
threshold=28.212017059326175 36.928594589233406 37.720558166503913 -0.8611288361322974 1.0000000180025095e-35 13.830000400543215 170.50000000000003 10.02000141143799 -0.46800559042974538 6.3459246158599862 20.016410827636722 0.3744682635859638 -0.84313311835787952 34.307142257690437 23.030083656311039 10.087961673736574 20.500000000000004 -0.074115882986646633 0.39629089145655322 19.040639877319339 -0.99940763397299126 44.139904022216804 42.150119781494148 40.186279296875007 26.810574531555179 0.99466373373798567 0.98802474685579866 0.96234642434711437 0.99966190462023474 0.98667101781630195
decision_type=10 8 10 2 2 8 2 8 2 10 10 2 2 10 8 2 2 2 2 8 2 10 10 8 10 2 2 2 2 2
left_child=1 2 6 4 5 -3 10 -5 -4 14 -1 -11 13 -8 16 21 20 19 -19 25 -9 22 23 28 -24 26 27 -18 29 -16
right_child=-2 3 8 7 -6 -7 12 9 -10 11 -12 -13 -14 -15 15 -17 17 18 -20 -21 -22 -23 24 -25 -26 -27 -28 -29 -30 -31
leaf_value=-7.9401281928731087e-05 -0.0080418263645371663 0.015177248359718301 -0.014024119001164931 0.02443044101667971 0.0049141309878751836 0.047581327697429752 -0.095661764293314799 0.14484516199465558 -0.05453593066619622 0.001602927350184676 -0.081406813650521145 -0.024279948440028131 -0.054950522256699177 0.037136783981593036 -0.00029136291576661871 0.0082731343673285839 0.020398080328931589 -0.025530699063894664 0.098486673162684668 -0.10520291709080934 -0.0010427923793082361 -0.085489788181385987 0.032442211118356185 -0.013319817478438026 -0.0048071206857132976 0.099638435841909262 -0.022862267787372603 0.076415627271602879 0.047019544061814654 -0.03062591865266643
leaf_weight=36979945.777634159 347411.67299415171 196830.92260107398 105624.66590859741 76202.605785296764 1418342.6476460472 66042.680466957856 2981.3227673438378 2159.3914482146502 38155.178749658167 91447.760437296238 5881.7626577466726 153813.80302905571 29267.232689741533 10879.475359283388 651939.18660933524 335732.89606865495 23971.358676126227 29918.133576495573 5914.1948950444348 2669.3211053516716 179751.72388118133 5421.3051452562213 51513.920003570616 427002.91258428153 48529.501537717879 10957.41632624343 8253.8510943315923 24629.813177946955 14095.37337769568 53896.670203611255
leaf_count=28549999 452501 186055 101616 41349 758268 100779 27293 2977 189092 26459 180836 78742 244760 15040 898423 241673 79486 222095 20681 41287 377637 37256 110494 1082066 108583 24625 38392 61457 21518 128721
internal_value=-1.52657e-06 6.65166e-05 -0.000227764 0.0028866 0.00779178 0.0233182 -0.00013245 -0.0008656 -0.0247748 -0.00177416 -9.23346e-05 -0.0146293 -0.0345348 0.00857311 -9.38473e-05 -0.00196041 0.010191 0.0264496 -0.00506139 0.0424696 0.000688983 -0.00470374 -0.00435252 -0.0059859 0.0143731 0.0482824 0.0383848 0.0487863 -0.00163603 -0.00260767
internal_weight=4.13992e+07 4.10518e+07 3.71727e+07 3.87904e+06 1.68122e+06 262874 3.7029e+07 2.19782e+06 143780 2.12162e+06 3.69858e+07 245262 43128 13860.8 1.87636e+06 1.58813e+06 288225 106314 35832.3 70481.8 181911 1.2524e+06 1.24698e+06 1.14693e+06 100043 67812.4 56855 48601.2 719931 705836
internal_count=34450160 33997659 29308636 4689023 1045102 286834 29017928 3643921 290708 3602572 28730835 105201 287093 42333 3497371 2628734 868637 488023 242776 245247 380614 2387061 2349805 2130728 219077 203960 179335 140943 1048662 1027144
is_linear=0
shrinkage=0.1


Tree=82
num_leaves=31
num_cat=0
split_feature=7 8 4 10 0 6 8 2 10 4 7 8 9 3 11 6 8 9 8 11 4 6 3 10 7 3 8 10 11 2
split_gain=2349.33 7156.86 5202.8 3775.13 3858.75 3570.1 3941.09 6000.03 4500.86 5689.87 5199.76 4086.32 7337.07 4317.49 5890.44 4208.75 3958.57 3575.73 3425.87 10682.2 9957.28 7859.64 8347.83 5903.73 5669.56 5602.37 4742.67 4935.38 4717.96 4571.28
threshold=25.250028610229496 30.053479194641117 inf 0.93544191479114935 2.9211194515228276 30.090209007263187 31.461536407470707 17.201185226440433 -0.61237985104942771 0.022948059253394607 26.630189895629886 36.928594589233406 8.3901214599609393 9.5000000000000018 -0.85225707553516283 39.070049285888679 33.751338958740241 6.3099997043609628 34.655714035034187 -0.88620506325989179 6.8166618347167978 34.560029983520515 3.5000000000000004 -0.99985146406598202 16.710239410400394 171.50000000000003 42.150119781494148 0.85226249403558707 0.53312596302726967 8.0571894645690936
decision_type=10 8 8 2 2 10 10 2 2 10 10 10 10 2 2 10 10 10 8 2 10 8 2 2 10 2 10 2 2 2
left_child=18 -2 3 4 5 -3 7 17 9 10 -8 13 -13 15 16 -10 -15 -7 25 -20 21 22 -21 -23 -24 -1 29 -28 -26 -25
right_child=1 2 -4 -5 -6 6 8 -9 11 -11 -12 12 -14 14 -16 -17 -18 -19 19 20 -22 23 24 26 28 -27 27 -29 -30 -31
leaf_value=-3.3442649681483882e-06 -0.046792062937593686 0.036675284676318448 -0.07687353026947065 -0.018624289011555231 -0.004833942631051108 -0.10970315736287035 0.011504819753997832 -0.0087087674575746978 -0.0025640967756176136 0.00097052808012868636 0.043710321560356126 0.03775115306749037 0.0013772149568851025 -0.088032029556953287 -0.057879214210393874 -0.066555626862339609 -0.0013543895734966795 -0.012947836850306337 0.010319666401811863 0.0038369780210633394 -0.01468520987078239 0.058059591342113651 -0.14190476700890145 -0.004428985553283654 0.040306286522270515 -0.060101242964944138 0.064738962693657129 -0.10593888033183781 -0.086705837723668869 0.0066221474277197686
leaf_weight=30586888.755184241 35038.988043337595 27141.532138934359 9140.2881693579257 124509.34067052975 1905074.3081122339 10279.191074755974 279598.37907479494 106701.56015664339 1644939.5177045441 574934.82089630817 61085.9028146239 57284.960265606642 1736118.1231241152 5697.5913825640455 34194.439198164269 10342.609785705805 70037.369453379419 6078.0883320802823 1352321.8702927572 228723.16367259901 421232.36170584382 17074.093317219988 1785.4026773916557 1411103.3744684723 131240.28038740763 15519.356185235083 17504.789298735559 1875.7511521726847 2991.2414463106543 509433.81268458813
leaf_count=24494818 15572 7703 8855 203663 633359 11569 220043 49363 882244 262319 36992 22914 2093001 9873 75366 13572 79121 4781 584958 138862 174688 25845 25618 3559559 192746 181203 19755 15897 20951 384950
internal_value=-1.32105e-06 -0.00171593 -0.00147889 -0.00137532 -0.00104641 0.000513899 0.000300409 -0.0173543 0.000785982 0.00703874 0.0172794 -0.000822831 0.00253907 -0.00423843 -0.0234294 -0.00296393 -0.00787521 -0.0737505 0.000329674 0.00304593 -0.000540129 0.00202622 0.0155034 -0.000485627 0.0351213 -3.38216e-05 -0.00100091 0.0482199 0.0374759 -0.00149761
internal_weight=4.13959e+07 6.6982e+06 6.66316e+06 6.65402e+06 6.52951e+06 4.62443e+06 4.59729e+06 123059 4.47423e+06 915619 340684 3.55861e+06 1.7934e+06 1.76521e+06 109929 1.65528e+06 75735 16357.3 3.46977e+07 4.09529e+06 2.74296e+06 2.32173e+06 364740 1.95699e+06 136017 3.06024e+07 1.93992e+06 19380.5 134232 1.92054e+06
internal_count=34450160 4630310 4614738 4605883 4402220 3768861 3761158 65713 3695445 519354 257035 3176091 2115915 1060176 164360 895816 88994 16350 29819850 5143829 4558871 4384183 378177 4006006 239315 24676021 3980161 35652 213697 3944509
is_linear=0
shrinkage=0.1


Tree=83
num_leaves=31
num_cat=0
split_feature=9 8 4 6 11 3 11 10 6 7 10 9 9 6 11 10 7 10 10 3 3 8 1 2 7 10 0 9 3 8
split_gain=2136.72 3133.52 4053.92 3270.27 2961.94 2593.69 2550.08 2504.02 10914.4 12072.6 11931.3 8996.69 8767.39 6620.21 6623.11 11204.9 10963.8 9279.82 8704.82 8633.69 7521.39 6136.21 6121.46 10699.9 7502.72 16658.5 6944.89 5619.64 5611.33 5892.49
threshold=4.4299993515014657 30.444285392761234 2.6606502532958989 29.190434455871586 -0.8142754349318998 68.500000000000014 -0.21022037796396451 -0.34235669412071207 22.350226402282718 19.650196075439457 -0.83377653105606597 17.210001945495609 8.790006637573244 26.710247993469242 0.21652257995689161 -0.90163369914317015 17.510086059570316 -0.88622299073327826 -0.92923668111203805 50.500000000000007 10.500000000000002 28.255781173706058 12.821287155151369 43.690019607543952 2.7907195091247563 -0.39036798905311365 2.1455184221267705 10.484718799591066 118.50000000000001 30.271428108215336
decision_type=10 10 10 10 2 2 2 2 8 8 2 10 10 10 2 2 10 2 2 2 2 10 10 2 10 2 2 10 2 10
left_child=1 3 -3 4 -1 -6 -4 8 22 10 11 13 21 -10 19 18 -17 20 -16 -15 -18 -12 23 24 25 -2 -25 -20 29 -14
right_child=7 2 6 -5 5 -7 -8 -9 9 -11 12 -13 28 14 15 16 17 -19 27 -21 -22 -23 -24 26 -26 -27 -28 -29 -30 -31
leaf_value=0.0063571933804884686 -0.076329683957654507 0.035228750957098008 0.003140315950628875 -0.041070417747965292 -0.0016176733446884592 -0.046271399984357232 0.024256128799771366 0.00059054197339449097 0.012331608611107339 -0.0004595412473616302 -0.010999442301412884 -0.093074824397162734 -0.028770461616848743 0.0019151074498476716 -0.021723051263492072 -0.043692993817926996 0.019465444595657782 -0.0024965952629776821 -0.019726474823903335 0.17181903203762194 0.11528236969006476 0.023966995275818484 -0.034392642516596156 0.12258504910413676 0.022761915777357367 0.075288990280628354 0.020963049152711848 -0.10339542520370731 0.14014856994223182 -0.0072633352398738145
leaf_weight=714423.49792046333 22879.226871467195 57778.713628507685 324346.43834429979 18202.515261028893 882416.13923365204 13202.398043527268 69436.164687013719 20692902.332572728 300124.40622532926 16518191.661682574 169699.93101136154 10449.668949469924 507029.47567726951 324768.34930069745 85443.714116216637 37302.215568558779 17990.98719041422 62144.133593957871 11356.462143712211 3018.6152718123049 15042.074716927018 71263.513043069281 20411.350409463048 16471.637231171131 204173.78541510226 10605.632647974882 11365.00663536787 27384.999458242208 2105.2145677446388 170135.86520759948
leaf_count=192840 92397 19874 61236 7470 423889 87953 11482 20646280 278716 8088705 90782 183097 1698108 385095 235399 202439 23178 128116 9517 1735 24480 32946 10893 6677 282285 13818 2950 147013 15974 1044816
internal_value=-1.25282e-06 0.00312244 0.0104931 0.00107833 0.00155485 -0.00227592 0.00686369 -0.000166511 -0.00100787 -0.00131022 -0.0090511 -0.000830449 -0.0170466 0.000259252 -0.00594008 -0.0179702 0.00225918 0.0202689 -0.0395507 0.00347977 0.063097 -0.000658325 0.0183799 0.0224371 0.0155665 -0.0283076 0.0810953 -0.0788692 -0.0228601 -0.0233669
internal_weight=4.13921e+07 2.07981e+06 451561 1.62824e+06 1.61004e+06 895619 393783 3.93123e+07 1.86194e+07 1.83335e+07 1.81526e+06 895026 920234 884576 584452 256665 132479 95177.2 124185 327787 33033.1 240963 285907 265495 237659 33484.9 27836.6 38741.5 679271 677165
internal_count=34450160 804744 92592 712152 704682 511842 72718 33645416 12999136 12590116 4501411 1618785 2882626 1435688 1156972 770142 378213 175774 391929 386830 47658 123728 409020 398127 388500 106215 9627 156530 2758898 2742924
is_linear=0
shrinkage=0.1


Tree=84
num_leaves=31
num_cat=0
split_feature=7 10 8 3 3 2 5 6 6 9 11 10 8 7 8 8 7 1 11 2 0 7 8 8 11 11 3 11 9 10
split_gain=2200.88 7159.49 6829.98 5166.59 4853.96 4763.99 4501.2 4195.17 4077.25 4004.98 3816.41 3289.08 3359.3 3543.39 3268.16 3191.68 8623.12 7812.95 18718.7 14815.6 12951.2 8219.47 7770.04 7439.32 7634.63 8335.32 8004.26 6497.77 6365.49 6174.91
threshold=24.308832168579105 0.88220160189607266 31.618573188781742 28.500000000000004 99.500000000000014 1.8652705550193789 28.128164291381839 29.695860862731937 31.940091133117679 8.5900006294250506 -0.013976481981245173 0.30983042691905771 29.632857322692875 25.10002422332764 40.901550292968757 29.438961029052738 15.210086345672609 1.0000000180025095e-35 -0.6523320455745395 2.8428689241409306 6.1946980953216562 18.370016098022464 27.160102844238285 30.858056068420414 0.99958851518450398 0.53312596302726967 4.5000000000000009 0.47369649395226454 7.3699998855590829 0.63920241694561786
decision_type=10 2 8 2 2 2 8 8 8 8 2 2 10 10 8 8 8 8 2 2 2 8 8 8 2 2 2 2 8 2
left_child=15 2 5 14 -5 7 8 -2 -4 -8 -6 12 13 -7 -3 17 23 18 19 21 22 28 -19 -17 25 27 -27 -25 -1 -20
right_child=1 3 6 4 10 11 9 -9 -10 -11 -12 -13 -14 -15 -16 16 -18 20 29 -21 -22 -23 -24 24 -26 26 -28 -29 -30 -31
leaf_value=0.039288780945783308 0.052964073693018011 -0.022935359697741148 0.0075044190025576399 0.018497969495928995 -0.060972196774063209 -0.015162566557966623 -0.00179902204527307 -0.065580856535375806 0.00044720412877775613 -0.01341370426724706 0.074680996629562915 0.033102273765827799 -0.0052500638501942129 -0.061858442513947787 0.018996043068253067 -0.005296537459399276 0.001521337739637352 -0.015390069323895694 0.0019551540604339549 -0.0061429026738299341 0.00078401355922955011 -0.022952751719367039 -0.0043544028837907934 -0.041718145177383301 0.13756493243208484 0.045455326472191145 -0.11116470558519587 0.053005249743211136 -0.085365353851489148 0.010379658015119081
leaf_weight=4466.6185558910947 3450.656531909015 293563.56289105862 919013.07596832933 71363.608287807554 14320.01703710109 103474.44075226784 1308872.8668184646 22134.599752588198 7496725.8230155297 383978.89933393965 2425.1665481291711 21123.618710637093 1413973.8685531914 19277.85489821434 19844.141580861062 149587.30989553151 18036548.242673215 982679.43310628831 2715763.3637236888 404501.27086777985 3706926.7864826024 69177.015376122901 1818998.0605029948 34636.938097478822 2249.827935628593 3745.7213148511946 25323.951695564669 9156.2236366062425 49444.186602078378 1280172.5268701259
leaf_count=3517 1542 369475 290611 170103 68051 33046 327923 29263 5313082 148597 4169 6711 489001 8789 52757 859924 14531203 831559 6230770 236701 948270 85597 972430 162611 6491 9065 530667 52700 119330 1556205
internal_value=-1.07445e-06 -0.00113602 -0.000685128 -0.0142658 0.00712838 -0.00679188 0.000271448 -0.0495928 0.00121786 -0.00443351 -0.0413259 -0.00608894 -0.00662765 -0.022496 -0.0202804 0.000467478 0.00127879 -0.000875473 0.00231668 -0.0153869 -0.00309404 -0.0457652 -0.00822513 -0.0181901 -0.0438678 -0.04947 -0.0909837 -0.0219135 -0.0750375 0.0046541
internal_weight=4.13869e+07 1.20935e+07 1.1692e+07 401516 88108.8 1.58344e+06 1.01086e+07 25585.3 8.41574e+06 1.69285e+06 16745.2 1.55785e+06 1.53673e+06 122752 313408 2.92934e+07 1.82612e+07 1.10321e+07 4.52352e+06 527589 6.5086e+06 123088 2.80168e+06 224700 75112.7 72862.8 29069.7 43793.2 53910.8 3.99594e+06
internal_count=34450160 7313120 6648565 664555 242323 568352 6080213 30805 5603693 476520 72220 537547 530836 41835 422232 27137040 16152661 10984379 8232120 445145 2752259 208444 1803989 1621458 761534 755043 539732 215311 122847 7786975
is_linear=0
shrinkage=0.1


Tree=85
num_leaves=31
num_cat=0
split_feature=7 8 10 7 8 11 2 10 4 6 3 9 6 11 10 9 10 10 10 7 3 8 3 10 11 7 5 2 7 10
split_gain=2122.87 4177.79 3286.12 4353.83 2811 6365.77 6917.06 5429.22 4720.57 5477.74 5611.3 4548.95 4237.95 12501.2 7251.33 8177.16 9809.39 6824.94 6104.56 5686.11 5307.37 4834.82 10952.8 4828.39 8442.58 18800 18542.6 16951.1 12665.3 6496.95
threshold=26.040122985839847 32.687143325805671 -0.62588817255938378 27.484587669372562 35.275363922119148 -0.85225707553516283 1.0000000180025095e-35 -0.99866806308218525 10.515420436859133 34.500131607055671 34.500000000000007 11.139999866485597 34.010030746459968 -0.45273527932988084 -0.97876850416056738 16.458660125732425 0.81428061195174062 -0.99630266176052629 -0.97113884758256674 23.870160102844242 7.5000000000000009 34.110002517700202 4.5000000000000009 0.42179998225932674 0.080547328232315238 9.7100672721862811 1.0000000180025095e-35 7.1278321743011483 19.227850914001468 0.99466373373798567
decision_type=10 8 2 10 8 2 2 2 10 8 2 10 10 2 2 8 2 2 2 10 2 8 2 2 2 8 10 2 8 2
left_child=4 -2 3 -3 12 6 -6 -7 9 10 -9 -10 21 19 17 -16 18 -15 -17 -14 -20 23 -23 -1 25 27 -27 29 -26 -25
right_child=1 2 -4 -5 5 7 -8 8 11 -11 -12 -13 13 14 15 16 -18 -19 20 -21 -22 22 -24 24 28 26 -28 -29 -30 -31
leaf_value=-0.00064042150061506477 -0.013286148786804095 0.0050491675229370281 -0.0024354116574978471 0.054778280243312154 0.0298437306410839 0.033840069328237375 0.0055160512577874798 0.010137710343680674 -0.0056939171083427277 -0.0013554500331762038 0.064726333842957978 -0.036623715587421078 0.014358447171883469 -0.018568037769347685 -0.023653923358892121 0.13757662501149107 0.025579705620112539 0.013627391934478095 0.035574204932502934 -0.0015749072683104584 -0.13874051776192023 0.0030582991739576833 0.034304079591283142 -0.1368908702712332 0.0011298444613209106 0.024280911337484039 0.0039881639178716392 -0.0097020596378391936 -0.019307775779621526 -0.048637562746623682
leaf_weight=24417902.587680101 317687.22154985904 360860.62340120226 2832292.4261272228 18508.578606661875 125916.44646964641 45107.11659270199 1627601.1658248901 190759.4874345595 159606.24450583477 2091935.9800979551 20892.749557766132 67728.791227161884 285640.33681644546 112724.05070513114 548073.02640796127 1207.7573917545378 66673.507623377256 158318.22700339928 2241.7562510985881 1037492.4470970551 7908.972928928677 902050.64663738571 128121.05440125428 16564.165795853361 2499033.7471186295 558556.85709172953 2322981.7439152556 95945.581824250519 345089.0718850228 16803.796131158248
leaf_count=17275329 135047 184145 2524454 7900 128803 62177 723787 135143 47985 4001587 37040 38415 202123 171011 913610 3709 356516 180598 9812 574405 162074 350958 218428 41899 3920954 564629 958711 62407 427099 29405
internal_value=-1.19845e-06 -0.00234681 -0.00126473 0.00747534 0.000217503 0.00261542 0.00726297 -0.000548198 -0.00116108 0.000195634 0.0155263 -0.0149087 -9.21878e-05 -0.00431395 -0.0134265 -0.0193418 0.0109455 0.000237602 -0.074956 0.00186481 -0.100244 0.000207256 0.00694429 -2.20025e-05 0.00255709 0.00624775 0.00792171 -0.0310536 -0.00134994 -0.0924473
internal_weight=4.13822e+07 3.52935e+06 3.21166e+06 379369 3.78529e+07 4.32955e+06 1.75352e+06 2.57603e+06 2.53092e+06 2.30359e+06 211652 227335 3.35233e+07 2.22028e+06 897147 626105 78032 271042 11358.5 1.32313e+06 10150.7 3.1303e+07 1.03017e+06 3.02729e+07 5.85497e+06 3.01085e+06 2.88154e+06 129314 2.84412e+06 33368
internal_count=34450160 2851546 2716499 192045 31598614 5174937 852590 4322347 4260170 4173770 172183 86400 26423677 2573858 1797330 1445721 532111 351609 175595 776528 171886 23849819 569386 23280433 6005104 1657051 1523340 133711 4348053 71304
is_linear=0
shrinkage=0.1


Tree=86
num_leaves=31
num_cat=0
split_feature=9 4 10 11 7 11 9 11 7 7 3 8 7 6 10 3 5 3 2 6 4 10 11 3 3 10 10 8 10 7
split_gain=2212.41 4813.16 6916.14 4693.44 9503.79 6823.9 9548.41 7265.68 5681.4 6715.95 7765.59 6858.65 5361.64 6994.95 13637.4 6128.88 7009.74 5421.7 7369.93 5254.89 12449.3 9501.23 14878.3 9791.99 9493.43 9287.54 15792.8 16836.9 9564.02 8990.23
threshold=10.642842292785646 6.1279971599578866 0.34235194516023087 -0.42958798411962301 11.830269813537599 -0.30164489695395946 16.100001335144047 -0.15101602693478741 9.7100672721862811 22.890057563781742 3.5000000000000004 35.532857894897468 26.329743385314945 30.19007778167725 0.58481550752069722 19.500000000000004 0.11106529086828233 116.50000000000001 1.2435640096664431 29.081247329711918 0.014398725237697365 0.84313847884979054 0.51849435583340198 11.500000000000002 6.5000000000000009 0.19337368024598436 0.40614137006726808 30.65152740478516 0.17646842360078763 18.470034599304203
decision_type=10 8 2 2 10 2 10 2 8 10 2 10 10 10 2 2 10 2 2 8 10 2 2 2 2 2 2 8 2 8
left_child=-1 3 -3 4 -2 6 -5 8 -7 10 -10 -11 13 14 17 16 -16 18 -6 24 21 25 29 -24 -9 28 -27 -28 -21 -23
right_child=1 2 -4 5 12 7 -8 19 9 11 -12 -13 -14 -15 15 -17 -18 -19 -20 20 -22 22 23 -25 -26 26 27 -29 -30 -31
leaf_value=0.00043709594329901705 -0.053910841462817882 0.0021286267352995905 -0.013508077556068452 -0.0099080091511319825 -0.0681078283377657 -0.054865730580310114 -0.064569279851649161 -0.0052323290944276991 0.0068447612799891373 -0.036493582285237747 0.036363435880588602 0.0062555880221167219 -0.0034215887711307028 0.006888685653130883 0.048295895831093866 -0.13173907445482333 -0.0015275173740799278 0.17528452216805709 -0.017971232114812687 -0.011223649035795777 0.0063732502280308334 0.010890043766320166 -0.05663843310459158 0.1009875301757579 0.0072912542853866089 -0.096861219758971773 0.0057460953261546993 -0.045627221296930469 0.10934379942949463 -0.01165290281998423
leaf_weight=30439824.203336157 29838.678558521438 471262.16307666525 707543.73401799798 402299.21060255263 37456.38255161792 13546.849796954077 34715.071837868541 1252106.7995660808 220261.83392187953 48623.240434661973 149686.57174537843 164507.42818822479 1018676.7701348686 2385489.1703063333 50273.33126744628 2713.7275878023356 64425.017253607512 1310.7999011278152 134961.89787274599 822186.22331569903 644171.64783038618 269107.32591606025 4818.085966438055 21651.502039257437 1171730.9414588357 32384.132311490364 114890.36129805073 143445.924472671 6632.3859296543524 516358.03864475433
leaf_count=13194590 53725 201227 351066 536641 92259 22318 200917 1821150 195493 64484 286556 320781 1340122 2345243 47811 10428 45507 543 124136 3848426 589860 949674 13571 44920 4531263 318376 479409 825685 20078 1573901
internal_value=-1.216e-06 -0.00122112 -0.00725685 -0.000491995 0.002299 -0.00221529 -0.0142501 -0.00127546 0.00915507 0.0106425 0.0187885 -0.00349713 0.00275288 0.00510277 -0.00953029 0.0167962 0.0203105 -0.0273227 -0.028863 -0.00252021 -0.00566527 -0.00968027 -0.0014445 0.0722959 0.000821818 -0.0156532 -0.031032 -0.0227799 -0.0102588 -0.00392949
internal_weight=4.13769e+07 1.09371e+07 1.17881e+06 9.75827e+06 3.72515e+06 6.03312e+06 437014 5.59611e+06 596626 583079 369948 213131 3.69531e+06 2.67663e+06 291141 117412 114698 173729 172418 4.99948e+06 2.57565e+06 1.93147e+06 811935 26469.6 2.42384e+06 1.11954e+06 290720 258336 828819 785465
internal_count=34450160 21255570 552293 20703277 4059774 16643503 737558 15905945 889632 867314 482049 385265 4006049 2665927 320684 103746 93318 216938 216395 15016313 8663900 8074040 2582066 58491 6352413 5491974 1623470 1305094 3868504 2523575
is_linear=0
shrinkage=0.1


Tree=87
num_leaves=31
num_cat=0
split_feature=6 1 7 8 11 2 8 9 10 7 5 11 11 11 3 9 9 11 3 10 10 3 10 7 11 10 3 11 11 6
split_gain=2093.59 7646.1 12888 12330 11921.2 15384.5 13783.5 8493.13 9679.46 8321.25 10049.9 6283.87 6835.67 9306.57 7534.61 7167.59 6170 7919.22 9737.87 8170.81 9975.56 12801.9 10170.8 8917.19 7551.14 6375.65 6370.61 6085.07 7054.54 6046.57
threshold=29.420019149780277 1.0000000180025095e-35 19.040272712707523 29.730000495910648 -0.33426211444629356 3.3603427410125737 25.361121177673343 7.4799997806549081 0.76140650896573492 12.890314579010012 0.56980884075164806 -0.15950993297387572 -0.30164489695395946 -0.41399101439218416 10.500000000000002 15.460266113281252 14.34999990463257 0.97648852793709995 10.500000000000002 -0.19337636264337835 -0.159513159777915 63.500000000000007 -0.108376950152639 7.7010314464569101 0.99349222267034787 -0.17647087149565668 2.5000000000000004 0.99748108949426018 0.99024581825578073 28.670063972473148
decision_type=10 8 8 10 2 2 8 10 2 8 10 2 2 2 2 8 8 2 2 2 2 2 2 10 2 2 2 2 2 10
left_child=1 3 27 4 5 6 -1 -8 -9 -5 -11 12 13 -2 -14 -15 17 29 24 -20 21 23 -22 -21 26 -25 -19 28 -3 -6
right_child=11 2 -4 9 16 -7 7 8 -10 10 -12 -13 14 15 -16 -17 -18 18 19 20 22 -23 -24 25 -26 -27 -28 -29 -30 -31
leaf_value=-0.12082032416708768 0.00031631507595188189 -0.0076776055285537222 0.0013411125533159965 -0.084587859675997967 0.010650413049332305 -7.5830343112886638e-05 -0.0011337098491022669 -0.055393072848171909 0.020576861200830947 0.037477565757006927 0.010278918798019204 -0.0035183662441906835 0.004052025955960748 -0.0069585196415495433 0.02558207026481539 -0.047460260735795554 -0.0028934059008945191 -0.016466682950029166 -0.14520045406308327 0.16357294987605861 -0.081240328049472066 -0.17484835916324692 0.010310512590401737 -0.095895729433582697 -0.0057105972032391594 0.079881232305387809 -0.072379526562931437 -0.050560761410743588 0.038871235483984821 -0.0082124766956167827
leaf_weight=16011.028764348011 18842647.96564785 2036684.6827373095 6866311.3271500617 8051.0823772030417 2127561.4948856253 530894.08124272525 88566.819604643621 96529.529476298019 20297.966146407649 186551.05762009439 499891.21526669664 5538110.1724330075 1479088.3853209866 1286277.4429283314 182612.23119671363 45230.88662787294 851854.88382180501 39847.370768882334 3380.9878226229921 10217.24348911643 13035.168063561432 1888.2691084370017 175669.64988210704 2833.2283141352236 121304.87757974491 7595.1065351292491 41706.316075481474 32472.065845072269 33086.384395897388 184691.00592549192
leaf_count=43335 10219748 1307919 1912147 94479 2408897 278036 115141 175462 27382 282193 172435 10160185 896801 855198 413963 217856 3683594 39488 17476 3616 64495 12335 413978 11485 158337 11888 118601 41554 27485 264651
internal_value=-1.19073e-06 0.000993645 -0.000756428 0.00411505 0.00213279 -0.00931082 -0.0314548 -0.0244885 -0.0421938 0.0164851 0.0176706 -0.000509873 0.000253155 -0.000254635 0.00641807 -0.00833435 0.00453647 0.00685508 -0.00582091 0.0090274 0.0114959 0.0743821 0.00398645 0.0971771 -0.0215301 0.0321252 -0.0450603 -0.00760738 -0.0069335 0.00914374
internal_weight=4.13709e+07 1.39969e+07 8.96855e+06 5.02838e+06 4.33389e+06 752299 221405 205394 116827 694493 686442 2.7374e+07 2.18359e+07 2.01742e+07 1.6617e+06 1.33151e+06 3.58159e+06 2.72973e+06 417478 214620 211239 22533.8 188705 20645.6 202859 10428.3 81553.7 2.10224e+06 2.06977e+06 2.31225e+06
internal_count=34450160 11686409 3289105 8397304 7848197 639356 361320 317985 202844 549107 454628 22763751 12603566 11292802 1310764 1073054 7208841 3525247 851699 535273 517797 39324 478473 26989 316426 23373 158089 1376958 1335404 2673548
is_linear=0
shrinkage=0.1


Tree=88
num_leaves=31
num_cat=0
split_feature=1 2 0 5 11 10 2 10 9 7 11 6 10 6 5 11 7 9 10 9 6 11 7 3 11 6 3 8 9 0
split_gain=2073.31 4547.47 4342.06 4427.94 3644.07 3524.32 5616.6 12719 7817.06 7646.2 5591.25 6094.34 3742.22 4116.88 3731.95 3403.24 4064.37 3378.13 3581.65 3603.29 4486.49 5041.99 3907.93 3213.31 3094.57 4598.24 2947.53 2919.61 3049.07 4863.25
threshold=39.048664093017585 91.522487640380874 118.52466201782228 0.46724203228950506 0.92191100909954782 -0.97509794945709805 5.0816690921783456 -0.99467753128998015 11.992140769958498 13.770178318023683 0.097680735332368748 24.37018966674805 -0.9905448150984083 26.710247993469242 0.5176435410976411 -0.19337245081799007 21.210034370422367 5.9299993515014657 -0.99866806308218525 9.6035952568054217 25.761960983276371 -0.14250536273956091 23.913949966430668 15.500000000000002 -0.039769286347669845 35.060447692871101 5.5000000000000009 32.145544052124031 10.860001564025881 0.43277670443058019
decision_type=8 2 2 10 2 2 2 2 8 8 2 10 2 10 10 2 10 10 2 10 10 2 10 2 2 10 2 8 10 2
left_child=1 5 3 4 -2 6 7 8 24 10 12 -12 -9 -14 23 16 -5 -8 27 20 21 -20 -21 -13 25 -1 -10 28 -19 -30
right_child=2 -3 -4 15 -6 -7 17 9 26 -11 11 14 13 -15 -16 -17 -18 18 19 22 -22 -23 -24 -25 -26 -27 -28 -29 29 -31
leaf_value=-0.022570284073950328 0.027900496090664945 0.0026901187110466959 0.01183646807079688 0.0074344511578059123 -0.16135325783855595 -0.00062384931670423228 0.010899903389063683 -0.12980798600833265 -0.0068156225494941242 0.017140342595124102 -0.022693758183908203 0.13197826564032053 0.074800972699388166 -0.14400727262961865 -0.017990390756687819 -0.015623185718164588 -0.0055305747825111981 0.0030898731988278309 0.09025245813716759 -0.01476532437594175 -0.0011667345176694418 -0.0078751006059449308 0.012472400415215804 0.014458154015912293 0.0109773546406523 0.056925442591288428 -0.044275161132054396 0.016360219091924585 -0.076882822641937396 0.025409528343400462
leaf_weight=63222.374303801451 52250.880272932351 6048809.6315762103 182759.18213826418 289078.83916926384 1037.6176193207502 29959167.963237952 268358.78022965789 1986.1692170724273 33985.06038204208 431909.44787710998 4415.7096505612135 19173.017945814878 4284.491964092711 1075.7961806282401 2233.8555685207248 261974.06787757576 1478251.4767071307 235148.79293906689 11452.100448310375 378326.65132991225 1100837.0163834691 9647.2596498131752 61195.439344257116 2647.9642170183361 190847.31645592325 8222.5107841277495 54999.779876419343 187652.0263408497 12185.584667645395 7513.4224473834038
leaf_count=65586 26682 1741059 21535 61481 5904 29912034 68709 4433 60167 509604 8507 15268 3199 4594 2387 84266 361484 107784 2748 332443 472946 3894 41469 10087 167901 7243 213330 105182 23939 4295
internal_value=-1.18636e-06 0.000169226 -0.00294245 -0.00423938 0.0242154 -0.000292141 0.00292257 0.0100225 -0.00435733 0.0208223 0.0652218 0.085292 -0.0125583 0.0308867 0.105115 -0.00498659 -0.00340991 0.000363551 -0.00104742 -0.00329797 -0.000291262 0.0453856 -0.010973 0.117717 0.00433151 -0.0134212 -0.0299686 0.00689415 -7.60049e-05 -0.0378674
internal_weight=4.13647e+07 3.90993e+07 2.26535e+06 2.08259e+06 53288.5 3.30505e+07 3.09132e+06 819003 351277 467726 35817 28470.5 7346.46 5360.29 24054.8 2.0293e+06 1.76733e+06 2.27232e+06 2.00396e+06 1.56146e+06 1.12194e+06 21099.4 439522 21821 262292 71444.9 88984.8 442500 254848 19699
internal_count=34450160 33888808 561352 539817 32586 32147749 2235715 1072306 514227 558079 48475 36249 12226 7793 27742 507231 422965 1163409 1094700 853500 479588 6642 373912 25355 240730 72829 273497 241200 136018 28234
is_linear=0
shrinkage=0.1


Tree=89
num_leaves=31
num_cat=0
split_feature=10 8 6 10 7 10 11 3 3 9 3 9 3 8 3 3 11 3 9 7 3 7 9 5 8 10 6 11 5 7
split_gain=2064.27 4941.65 5954.33 6752.74 5811.81 3582.42 7984.19 5777.17 4364.45 4642.76 3826.5 3756.82 3482.26 3397.97 3376.17 2981.24 8318.85 5804.39 3890.02 2944.19 2943.71 5483.19 2938.06 4297.4 2602.33 7972.4 7567.38 11548.4 7509.77 13194.4
threshold=0.9962888416657264 17.882857322692875 30.53642559051514 0.99761913169647187 14.87002468109131 0.9916835347852474 0.080547328232315238 7.5000000000000009 4.5000000000000009 13.919998645782472 19.500000000000004 12.049998283386232 13.500000000000002 27.597004890441898 33.500000000000007 49.500000000000007 0.04621408538533487 59.500000000000007 16.558690071105961 20.380391120910648 5.5000000000000009 18.560169219970707 14.602698802948 0.12544821202754977 30.485714912414554 0.55656748448714433 30.84027194976807 0.79773375822167203 0.11106529086828233 12.890314579010012
decision_type=2 8 8 2 10 2 2 2 2 10 2 10 2 10 2 2 2 2 8 10 2 10 8 10 8 2 10 2 8 10
left_child=5 -2 3 4 12 24 8 20 11 10 -10 -7 -3 14 -5 -4 17 -17 -19 -6 -8 -22 23 -15 25 -1 -26 -28 29 -27
right_child=1 2 15 13 19 6 7 -9 9 -11 -12 -13 -14 22 -16 16 -18 18 -20 -21 21 -23 -24 -25 26 28 27 -29 -30 -31
leaf_value=-0.0021583317733751823 -0.072495268527009674 0.078704209207522802 -0.0059452137575524916 -0.0006854746466522652 0.0038700131236732945 0.0067092403614441611 -0.019695518466501416 -0.059033623548985781 0.026082711720980728 0.05369534608709399 -0.056605453738407391 -0.034599593863111927 -0.18693580368211349 0.067830212768852288 -0.1885847988774717 0.096208613018870293 -0.091741085303347208 0.028579190732732487 -0.061298966263574908 0.085969266950031709 0.10540456925978192 -0.071820081999583701 -0.063441886158292646 0.015443096454305312 0.0038046753211934438 -0.00067369197567388568 -0.00013506308604787498 -0.03080545929107999 -5.2724618054069538e-05 0.021668983539530506
leaf_weight=12405416.479093339 8036.1831918163225 32411.101458720863 312874.04894615896 130169.73520097136 29567.161063658074 64608.263950468972 102241.17544160783 41375.367808242328 14801.166773915291 30627.106667205691 8999.171224267222 33395.668080065399 501.11456594616175 19149.566110140644 963.33229954726994 11335.047364098951 5936.6871689753607 29671.914046355523 5748.4494047891349 5125.2161188665777 5064.2573377043009 2664.1579417996109 3896.1025347532704 85899.004201232456 5746291.7552193813 535369.83878561109 19032542.335468117 123564.69929146022 2011128.385867537 522049.83784669358
leaf_count=10944893 8761 15557 555657 80853 14913 28962 86419 185909 14744 80511 22852 41563 2121 11391 4363 21694 42405 82026 61957 978 3805 6815 7524 32960 2715035 1150386 15652667 795482 963405 813552
internal_value=-9.63121e-07 0.00545803 0.00638851 0.0166394 0.0445569 -9.23868e-05 -0.0109113 -0.0271814 0.00524289 0.0279489 -0.0051826 -0.00736709 0.0746596 0.00877796 -0.00206582 -0.00223923 0.0197661 0.0339245 0.0139927 0.0159988 -0.0151973 0.0443113 0.0218303 0.0249929 -1.09894e-05 -0.00102943 0.000621856 -0.0003329 0.00353443 0.0103569
internal_weight=4.13614e+07 681285 673248 307682 67604.6 4.06801e+07 303776 151345 152431 54427.4 23800.3 98003.9 32912.2 240078 131133 365566 52692.1 46755.4 35420.4 34692.4 109970 7728.42 108945 105049 4.03764e+07 1.5474e+07 2.49024e+07 1.91561e+07 3.06855e+06 1.05742e+06
internal_count=34450160 943160 934399 170660 33569 33507000 471580 282948 188632 118107 37596 70525 17678 137091 85216 763739 208082 165677 143983 15891 97039 10620 51875 44351 33035420 13872236 19163184 16448149 2927343 1963938
is_linear=0
shrinkage=0.1


Tree=90
num_leaves=31
num_cat=0
split_feature=3 11 3 8 7 7 9 7 3 6 3 3 8 3 6 3 7 7 3 5 9 11 2 3 11 3 11 11 11 1
split_gain=1975.48 1933.61 4107 3083.22 4337.33 2839.8 2501.91 2528.69 3228.42 2701.04 3244.82 2812.12 3980.05 2301.56 3327.76 2840.73 2020.01 1902.98 3546.64 3452.57 3427.45 3405.94 2877.66 2976.73 4044.37 4516.39 3491.34 3399.52 3229.1 4147.49
threshold=1506.5000000000002 0.99988440732898443 91.500000000000014 12.856428146362306 2.7907195091247563 5.5702970027923593 10.430001258850099 11.564236164093019 69.500000000000014 23.120876312255863 52.500000000000007 15.500000000000002 19.211283683776859 18.500000000000004 29.310121536254886 16.500000000000004 1.0609077811241152 -1.0000000180025095e-35 26.500000000000004 0.12544821202754977 11.249998569488527 0.64414586362404946 19.470888137817386 21.500000000000004 0.97062204580664158 14.500000000000002 0.92191100909954782 0.97832380634958016 0.99024581825578073 0.10636131092906
decision_type=2 2 2 8 10 8 8 8 2 8 2 2 10 2 10 2 10 8 2 10 10 2 2 2 2 2 2 2 2 10
left_child=1 17 3 4 -3 -4 -5 9 13 10 11 -8 -13 15 -15 -9 -12 18 19 21 -21 -1 23 24 26 27 -23 -26 29 -29
right_child=-2 2 5 6 -6 -7 7 8 -10 -11 16 12 -14 14 -16 -17 -18 -19 -20 20 -22 22 -24 -25 25 -27 -28 28 -30 -31
leaf_value=-0.11517010360482108 -0.14467278647135254 0.002409350596740386 -0.15528482185591858 -0.034294454286013014 0.14957303192949289 0.094503024258122459 -0.025331635485374357 0.0077397736429155699 0.099727018968866016 -0.066742195370570773 0.16272765150199867 -0.12193559258062521 0.11495634569984706 -0.10927872513790904 0.032454461278495432 0.14891008163171648 -0.15288114413785048 1.6228046208693831e-05 -0.079691195824685604 -0.010912028199145329 -0.062961940079020881 -0.012757802811110316 0.04012493881615848 0.074840615812673761 0.093694886830217927 -0.12811720925738831 -0.087785546208965393 -0.1314010542448103 0.031115395255905367 0.077342344982544331
leaf_weight=2297.5852431878448 943.82886500656605 4745.1614441685379 481.69875945709646 16068.986568167806 3465.2524054646492 8255.0308247990906 4294.2612420916557 4439.266516264528 5907.4858516883105 6301.155182512477 233.82808089256287 826.54598520696163 4996.9614866226912 2972.1943618878722 3742.4296216778457 2099.5865342598408 1527.9409572146833 41129119.59988597 7174.8826894834638 44143.838883653283 17733.430243417621 23161.680252403021 21249.458850950003 4643.2114203870296 6358.9792579263449 1939.4155200794339 8470.4636284261942 3026.0975334569812 15621.576419565827 1388.6026869565248
leaf_count=5172 64380 4736 2080 14461 542 10965 7821 7915 7512 27617 82 2270 4637 10475 11497 1429 4871 33994662 47024 29065 22635 46598 25668 8776 5989 9784 24515 12277 32866 1839
internal_value=-8.20374e-07 2.48128e-06 0.0165662 0.00746887 0.0645206 0.080731 -0.00130126 0.0128965 0.0382447 -0.0138185 0.0142534 0.0360619 0.0813336 0.0108401 -0.030283 0.0530687 -0.110992 -2.57457e-05 -0.0110069 -0.00772235 -0.025829 0.0049867 0.00820207 -0.00229697 -0.00826971 0.0191697 -0.0328488 0.0299918 0.00977412 -0.0657428
internal_weight=4.13576e+07 4.13567e+07 70357.8 61621.1 8210.41 8736.73 53410.6 37341.7 19161 18180.7 11879.5 10117.8 5823.51 13253.5 6714.62 6538.85 1761.77 4.12863e+07 157209 150034 61877.3 88157.1 85859.5 64610 59966.8 28334.7 31632.1 26395.3 20036.3 4414.7
internal_count=34450160 34385780 118910 105865 5278 13045 100587 86126 38828 47298 19681 14728 6907 31316 21972 9344 4953 34266870 272208 225184 51700 173484 168312 142644 133868 62755 71113 52971 46982 14116
is_linear=0
shrinkage=0.1


Tree=91
num_leaves=31
num_cat=0
split_feature=6 8 6 8 10 0 10 10 3 3 9 10 6 11 11 11 7 7 8 10 8 9 6 11 7 4 11 0 9 3
split_gain=1854.95 3598.22 6333.91 4253.26 3906.44 3838.93 3975.95 3138.44 3083.16 3441.09 4611.78 3107.51 2897.76 2853.84 2825.13 4332.18 2720.54 3555.11 4771.61 2631.22 2480.89 5767.69 5101.19 5605.84 4838.53 4374.63 3848.79 3724.11 3277.95 3091.31
threshold=43.02324295043946 40.127141952514656 39.371036529541023 36.928594589233406 -0.065535378769913874 1.0000000180025095e-35 0.93544191479114935 -0.031173458710879235 113.50000000000001 111.50000000000001 17.570000648498539 0.95242846126021108 40.370006561279304 -0.98212955754013376 0.029024409397335523 -1.0000000180025095e-35 21.620153427124027 22.451672554016117 39.607858657836921 -0.18492532721306487 37.538572311401374 20.530893325805668 37.130416870117195 0.04621408538533487 21.800694465637211 0.03044847492128611 -0.46800559042974538 1.7790930271148684 20.016410827636722 54.500000000000007
decision_type=10 10 10 10 2 2 2 2 2 2 10 2 8 2 2 2 10 8 10 2 10 10 10 2 10 10 2 2 10 2
left_child=1 2 20 -4 19 6 12 -6 9 10 11 -8 -3 -7 15 16 -9 18 -18 -5 22 27 28 24 29 -25 -26 -22 -1 -24
right_child=-2 5 3 4 7 13 8 14 -10 -11 -12 -13 -14 -15 -16 -17 17 -19 -20 -21 21 -23 23 25 26 -27 -28 -29 -30 -31
leaf_value=1.7614475096678166e-05 -0.012414570496938367 0.019840584569683826 -0.070944062489994297 -0.023667932065054142 0.066338639880221886 0.020095721365900245 -0.063392078539618757 -0.088135046373278958 -0.14990925707075495 0.17067215716179338 -0.15285940005714382 0.009462399335448889 0.0062227401858323773 -0.0091058596176232659 -0.090523307867681521 0.086392311567398752 -0.0070911444308166503 -0.010784955293693395 0.12840735402882264 -0.11590081449154913 0.0068243696013616656 0.16653989213991091 0.037392826849780403 -0.065877111596521917 -0.0055469008622363539 0.044334443816169106 -0.02864119187870301 -0.0044302048460360026 -0.078708928271371992 -0.086017573670311612
leaf_weight=37834944.60682518 120020.93003927171 266837.90579566732 11949.427899600007 6808.0214611487463 5488.7568034529686 39847.265878587961 8064.7301380001009 4413.2310037687421 1811.412726437673 959.70882539823651 2466.4175652004778 21363.935377277434 377068.49821780808 209013.94385877997 4288.4512183330953 4712.2027093674988 6466.6449805218726 380789.268246416 4345.3182164300233 5668.2502548992634 1088812.9693385698 2180.5699452571571 31401.889504735824 26828.871933678165 385675.32702995976 4159.9689261838794 88773.223658959381 402771.19046230614 5289.567809574306 2169.9984618611634
leaf_count=29371252 352934 288465 37403 14594 3323 17033 35354 50858 19092 1052 38119 70089 748375 149854 49333 12191 36504 662370 9855 9250 1252781 2789 105414 212152 316468 4673 187195 190310 175662 25416
internal_value=-7.287e-07 3.54034e-05 -0.000106292 -0.0121088 -0.0104466 0.00619373 0.01009 -0.00877125 -0.0228999 -0.0158974 -0.0215112 -0.0105029 0.011866 -0.00443015 -0.00978913 -0.00892514 -0.0100593 -0.00917944 0.0473656 -0.0655714 2.46296e-05 0.00402289 -0.000130987 -0.00979075 -0.007272 -0.0510822 -0.00986803 0.00378531 6.60954e-06 0.0294159
internal_weight=4.13554e+07 4.12354e+07 4.03079e+07 434930 422980 927434 678573 410504 34666.2 32854.8 31895.1 29428.7 643906 248861 405015 400727 396014 391601 10812 12476.3 3.9873e+07 1.49376e+06 3.83792e+07 539009 508020 30988.8 474449 1.49158e+06 3.78402e+07 33571.9
internal_count=34450160 34097226 32729793 885681 848278 1367433 1200546 824434 163706 144614 143562 105443 1036840 166887 821111 771778 759587 708729 46359 23844 31844112 1445880 30398232 851318 634493 216825 503663 1443091 29546914 130830
is_linear=0
shrinkage=0.1


Tree=92
num_leaves=31
num_cat=0
split_feature=7 10 8 8 6 8 3 3 9 5 10 3 11 10 10 10 6 2 8 3 10 6 4 8 10 7 7 8 3 10
split_gain=1851.84 5267.18 5846.94 4586.46 5254.86 4575.19 4118.7 5787 4506.8 3988.54 3888.73 3540.01 3397.17 3160.14 4241.36 2935.99 2900.81 2930.5 4179.3 6384.47 5470.46 4895.79 3877.36 4666.63 3734.95 3575.41 3266.61 3226.02 4190.22 11450.2
threshold=24.308832168579105 0.76140650896573492 31.42004489898682 36.079999923706062 41.56170845031739 40.700918197631843 115.50000000000001 28.500000000000004 9.6035952568054217 18.158052444458011 0.63920241694561786 3.5000000000000004 -0.98521978256641018 0.99966190462023474 0.98802474685579866 0.79904096188274243 31.810018539428714 118.69426727294923 33.751338958740241 3.5000000000000004 -0.13398594226331254 34.190149307250984 0.03044847492128611 34.947141647338874 -0.97876850416056738 26.720172882080082 25.916987419128422 39.443765640258796 11.500000000000002 0.54219432480460406
decision_type=10 2 8 8 10 10 2 2 10 8 2 2 2 2 2 2 8 2 8 2 2 10 10 8 2 10 10 8 2 2
left_child=-1 2 10 -3 5 6 7 -5 -9 16 11 -2 -11 14 -10 -6 -4 18 19 -18 -21 22 23 -20 -23 -22 -19 28 -26 -30
right_child=1 3 9 4 15 -7 -8 8 13 12 -12 -13 -14 -15 -16 -17 17 26 21 20 25 24 -24 -25 27 -27 -28 -29 29 -31
leaf_value=0.00042939583265917116 -0.0062258717115087009 -0.022264274296987869 0.0078942069539937633 -0.0081507122772328921 -0.064540902918819407 0.020783842953423864 -0.053364796836344514 0.11503367848639745 0.021431672204975105 0.0033883320459432067 0.090444633474833114 -0.03914164758527764 -0.0048807990212990718 0.10272633862886885 -0.054486613352028701 -0.018240033741788873 -0.0013160971470366869 0.02021730056786392 0.011785644166184592 -0.013044103823739106 -0.045090183738879852 0.019040686717836736 0.0058702329873806108 0.048443740521808297 -0.00046290221131367409 -0.14401666097990048 -0.0056067610255388679 0.0052319205504274737 -0.0030240858942296076 -0.060019236930765198
leaf_weight=29264004.380446784 1272626.0018013204 193873.49438162521 659130.49111951818 367564.81522366405 18097.27927570045 80817.683944325894 16978.251270260662 4981.3741752207279 51441.640725329518 652140.89001169382 4102.2429342968389 33534.492202656576 2085939.6442525503 3966.9828024581075 8587.3396608941257 56305.962121650577 1807896.4099676325 155739.65460981429 110252.0500130835 177165.05093052168 26650.366041399539 108005.17005376145 605791.12339609861 50694.119445012882 2331615.154501765 4233.8402255475521 71458.489745780826 919627.04470592737 164614.3159696809 44852.053738411516
leaf_count=27137040 433228 183646 220688 442518 64622 145575 72678 2715 100348 179305 1032 33741 640356 3913 25593 233346 831225 55800 76453 157055 27097 100986 235848 26704 1494628 5799 31855 1161872 210942 113552
internal_value=-7.0696e-07 -0.00104189 -0.00048524 -0.00886928 -0.00460321 -0.00113623 -0.0050424 -0.00316302 0.0234153 0.000339654 -0.00676565 -0.00707095 -0.0029113 0.0162838 0.0105713 -0.0295019 0.00156951 0.000935821 0.000536638 -0.00322516 -0.0198144 0.00228584 0.00953565 0.0233321 0.000728219 -0.0586518 0.0120951 0.000156705 -0.00168003 -0.0152282
internal_weight=4.13527e+07 1.20887e+07 1.12861e+07 802615 608741 534338 453520 436542 68977.3 9.97581e+06 1.31026e+06 1.30616e+06 2.73808e+06 63996 60029 74403.2 7.23773e+06 6.57859e+06 6.3514e+06 2.01595e+06 208049 4.33545e+06 766737 160946 3.56871e+06 30884.2 227198 3.46071e+06 2.54108e+06 209466
internal_count=34450160 7313120 6038166 1274954 1091308 793340 647765 575087 132569 5570165 468001 466969 819661 129854 125941 297968 4750504 4529816 4442161 1021176 189951 3420985 339005 103157 3081980 32896 87655 2980994 1819122 324494
is_linear=0
shrinkage=0.1


Tree=93
num_leaves=31
num_cat=0
split_feature=2 1 0 2 10 7 9 8 7 1 8 2 11 7 11 2 6 11 3 11 10 10 7 6 8 8 10 11 11 9
split_gain=1836.74 4605.12 2792.16 2343.69 3384.99 3483.91 3021.13 2679.39 11626.9 14536.9 8214.65 7916.29 11760.7 15720.8 10536 8881.52 7111.53 9353.59 9108.37 7549.68 9297.66 8719.25 9276.44 8006.63 8872.64 7511.77 6979.09 7106.3 6709.73 6625.38
threshold=375.85374450683599 82.108852386474624 80.984638214111342 133.78949737548831 -0.90893996196865023 21.680189132690433 8.8997106552124041 28.318849563598636 16.090071678161625 3.7208011150360112 26.311429023742679 15.937403678894045 -0.23537842981696178 10.690012454986574 0.011826144619637555 4.0337414741516122 29.081247329711918 -0.43733099657705293 14.500000000000002 0.53312596302726967 0.21022171450811275 0.3744682635859638 13.533187389373781 32.070011138916023 32.594411849975593 33.985715866088874 -0.53493989022977317 0.88117331841669433 0.99681593486783593 14.090000629425051
decision_type=2 8 2 2 2 8 10 8 8 10 10 2 2 10 2 2 8 2 2 2 2 2 10 10 10 10 2 2 2 10
left_child=1 3 -2 7 6 -6 -5 8 9 11 -10 12 13 -1 -13 -15 17 18 -9 -18 23 22 -22 26 -25 -23 -21 29 -11 -28
right_child=2 -3 -4 4 5 -7 -8 16 10 28 -12 14 -14 15 -16 -17 19 -19 -20 20 21 25 -24 24 -26 -27 27 -29 -30 -31
leaf_value=-0.1032504281346452 -0.00032401382933335552 -0.011811613330822021 0.015427635203674113 -0.0026786585897920724 0.010477488789760266 0.0020360385018667773 -0.029149079907326309 0.00019377813468796187 -0.024525748206876891 -0.01187942299937433 -0.0057263831795431224 0.03393903032797458 0.0028254561793963897 -0.035411291238762459 0.0058681975915415071 0.013905671107886295 -5.476364328944447e-05 0.009400620293108496 -0.09515507690089231 -0.014173023674292682 0.011240488384479814 -0.012176895043577031 -0.090866292537066989 0.04257688102160518 -0.011532492333531277 -0.081688641173128587 0.053468252138716567 -0.00077986289014713925 -0.089530084596973022 -0.086380458775256866
leaf_weight=22004.21682126401 268983.40803720057 331410.47657515854 193483.56064790487 459406.69441100955 603107.2370115146 2582180.615907222 47582.684955693781 2259532.357721806 264921.35739212669 583385.7909187153 1895518.979674309 179545.31818004698 2544073.8847782938 79004.423218540847 523769.9544923678 67902.494221389294 25346456.750459839 1815634.3561408222 10063.278205429669 411121.3836476868 12411.078772178851 384466.2236467083 31429.916804905981 77441.121032854076 49787.661034065764 16201.377877674997 42288.584454129916 231417.38398511661 11344.32959485054 3682.6174658886157
leaf_count=50248 54850 86237 21695 128795 144758 637658 31212 754210 155441 367850 1018391 104783 5756958 142183 412896 52288 18653312 1521930 31001 1046573 56515 1289221 207423 246890 305744 129303 61668 902036 13333 64758
internal_value=-6.78828e-07 -7.15607e-05 0.00626605 2.4376e-05 0.00242638 0.00363436 -0.005163 -0.000216212 -0.00211746 0.00106806 -0.00803163 0.00357989 0.00112894 -0.0244233 0.0130342 -0.0126163 0.000166087 0.00405078 -0.000228994 -0.000430374 -0.00798476 -0.0196205 -0.0619606 -0.00164427 0.0214026 -0.0149877 -0.00590306 0.00635396 -0.0133606 0.0422654
internal_weight=4.13496e+07 4.08871e+07 462467 4.05557e+07 3.69228e+06 3.18529e+06 506989 3.68634e+07 6.17147e+06 4.01103e+06 2.16044e+06 3.4163e+06 2.71299e+06 168911 703315 146907 3.06919e+07 4.08523e+06 2.2696e+06 2.66067e+07 1.26025e+06 444509 43841 815739 127229 400668 688510 277389 594730 45971.2
internal_count=34450160 34373615 76545 34287378 942423 782416 160007 33344955 8074371 6900539 1173832 6519356 6001677 244719 517679 194471 25270584 2307141 785211 22963443 4310131 1682462 263938 2627669 552634 1418524 2075035 1028462 381183 126426
is_linear=0
shrinkage=0.1


Tree=94
num_leaves=31
num_cat=0
split_feature=1 11 8 8 7 3 6 9 8 6 11 10 8 8 11 6 6 9 10 11 5 9 7 7 7 9 3 9 8 3
split_gain=1819.84 1774.77 3510.78 3393.67 3599.71 4405.12 3446.6 3200.24 2985.85 3483.63 2769.82 5422.55 4777.07 5997.39 5184.26 5094.34 4683.07 4373.18 4280.79 3990.63 6152.61 3797.7 5362.26 3502.98 4179.54 3329.27 3329.12 3175.64 4562.73 3090.73
threshold=inf 0.99958851518450398 30.89714336395264 26.537406921386722 15.770097732543947 54.500000000000007 27.19010162353516 9.4516229629516619 27.828949928283695 27.463160514831547 0.98486764554468398 -0.074117382312902977 23.542143821716312 26.65000152587891 0.9980355542543059 23.120876312255863 14.064279556274416 11.300007820129396 0.022575936829235418 0.9989598388634241 0.16920451074838641 9.8600788116455096 19.73261642456055 14.030786514282228 17.900031089782718 14.560034751892092 65.500000000000014 16.669999122619632 30.358491897583011 31.500000000000004
decision_type=8 2 8 10 10 2 10 10 10 10 2 2 10 10 2 10 10 8 2 2 10 10 10 10 10 10 2 8 10 2
left_child=1 10 3 6 8 7 -3 -6 9 -5 -1 21 16 14 26 -16 25 -15 29 20 -19 -12 23 -23 -25 -13 -14 -21 -29 -18
right_child=-2 2 -4 4 5 -7 -8 -9 -10 -11 11 12 13 17 15 -17 18 19 -20 27 -22 22 -24 24 -26 -27 -28 28 -30 -31
leaf_value=5.0239799953233854e-05 -0.18556583183320774 0.012314181566680283 0.063541640666999841 -0.080000899160288602 0.0124484843669683 0.08420464155687607 0.11142473625218435 -0.065808179717741555 -0.10915529431133958 0.066527893020802878 -0.061368488798270483 0.0059300396275456099 0.054822320225316516 0.011109410601042192 -0.08520158168856877 0.015576338395110354 -0.018231868431479843 -0.060564154351694079 -0.037970533688859054 -0.0075036419903219929 0.062465861646325407 -0.012012814114828567 0.11068838507056392 -0.11290905374769103 0.012790703733934681 -0.18987259335909917 -0.0074537062615315985 -0.17292414127173439 0.16962500306162132 0.058950437729957533
leaf_weight=40698853.88880603 528.48694708943367 104207.35429054033 11581.222302356735 3584.0142196342349 13755.612296283245 5298.8116089217365 3630.996770106256 8426.9773571100086 6549.9085916085169 2964.5954567845911 26096.112633905839 83796.687971431762 50542.33946477063 59499.818333297968 6503.2863652836531 21932.744979570154 13357.634691065177 32752.861297647469 83634.269158498384 9341.4091419577599 4640.7150981556624 55035.022492370568 3156.365897808224 8058.7394816521555 3937.7266157772392 877.47631139867008 10340.085367247462 465.25907688215375 2367.6113003585488 8483.3801823733374
leaf_count=32539020 4964 164560 22657 16175 8216 6452 5331 24686 45209 9518 45306 105242 104095 73483 17353 76535 36606 299885 253880 45365 4709 331003 4120 77553 13598 7709 57878 13242 5590 30220
internal_value=-8.02451e-07 1.56959e-06 0.0105132 0.00637533 -0.018275 0.00228726 0.0156513 -0.0172806 -0.0614156 -0.0136664 -3.92683e-05 -0.00755315 -0.00228845 0.00856723 0.0277806 -0.00747145 -0.0136144 -0.00716709 -0.0276754 -0.0291057 -0.0452956 -0.0287978 -0.0166879 -0.0226858 -0.0716493 0.00390094 0.0442455 0.0206219 0.113366 0.0117469
internal_weight=4.13442e+07 4.13437e+07 159999 148418 40579.9 27481.4 107838 22182.6 13098.5 6548.61 4.11837e+07 484820 388536 198386 89318.5 28436 190149 109068 105475 49567.9 37393.6 96284 70187.9 67031.5 11996.5 84674.2 60882.4 12174.3 2832.87 21841
internal_count=34450160 34445196 302804 280147 110256 39354 169891 32902 70902 25693 34142392 1603372 1131792 698135 255861 93888 433657 442274 320706 368791 304594 471580 426274 422154 91151 112951 161973 64197 18832 66826
is_linear=0
shrinkage=0.1


Tree=95
num_leaves=31
num_cat=0
split_feature=3 2 4 8 11 7 10 10 3 10 4 11 9 10 10 10 11 10 11 8 11 6 8 6 11 11 7 10 7 10
split_gain=1777.43 12173.8 11998.4 7173.94 10886.7 7577.22 12393.7 9628.78 8371.72 6898.44 5567.85 8156.79 5661.23 7560.08 6887.44 6270.63 7805.13 8290.95 6288.53 11458.1 8635.28 6001.54 7780.53 9569.16 7758.49 13679.1 7750.8 7707.02 10666 8925.76
threshold=6.5000000000000009 1.0000000180025095e-35 13.063788414001467 12.856428146362306 0.7710868207630478 2.7907195091247563 -0.55657520495441892 0.70290292807158605 50.500000000000007 0.61237135649459018 1.0000000180025095e-35 0.89309379682046119 16.350001335144047 -0.022576249993022688 -0.108376950152639 0.074116354202380205 0.79253265336324141 0.45273815774107123 0.70138038092733435 31.13634014129639 0.53312596302726967 28.610116004943851 37.663537979125984 36.900154113769538 -0.013976481981245173 0.76556758748011056 10.690012454986574 -0.35846811432664222 11.564236164093019 -0.30983472475487867
decision_type=2 2 8 8 2 8 2 2 2 2 8 2 10 2 2 2 2 2 2 10 2 8 10 8 2 2 10 2 10 2
left_child=1 -1 3 4 -2 6 -5 8 -8 -6 12 -12 21 14 -14 -15 18 -18 20 -20 -17 24 -23 -24 26 -26 -7 -27 29 -29
right_child=2 -3 -4 5 9 10 7 -9 -10 -11 11 -13 13 15 -16 16 17 -19 19 -21 -22 22 23 -25 25 27 -28 28 -30 -31
leaf_value=-0.1695127644239956 -0.15474783393316974 -0.00023346541885997009 -0.096156855248672846 -0.16023140540851244 -0.026379052771160694 -0.11867167112369742 0.059718116867072617 -0.13681615140119327 -0.088320657861063578 0.13233366394556309 0.0058183770478433226 0.037466627452389122 -0.030537818644699084 0.061906225194037545 -0.16450404760033963 0.0011006275376834929 -0.01695127313565388 -0.10441362531348281 0.070356141573749337 -0.12776632105139688 -0.057903476616058464 -0.0039758182073852105 0.049318141851075345 0.0049036113214212208 0.026868318913536238 -0.023403867323408087 -0.012835488856722442 0.064883065744110957 0.022530329212208391 -0.0088144275012866213
leaf_weight=4248.8346602171659 6506.824370212853 35992036.131391123 12500.176408465952 3133.5848129596561 49633.642075009644 7944.2778798928484 62888.560679732822 2854.3316835686564 4067.0431822137907 2898.5228349789977 832650.16141904378 90264.960869201925 82678.94514717022 13916.337129294872 4024.4704347024672 247568.55449503567 38126.728776138276 15143.048374647275 23584.411915067583 3331.4004061305895 27565.127533663064 2050126.2982756034 52416.533479135484 650733.04359688982 327347.78946405323 101674.01698186528 53644.574817013461 17324.037383066025 240723.10887967329 319826.34686085954
leaf_count=29455 17145 18486174 31092 31431 116166 30056 110411 8771 36006 1352 775118 85505 1421049 99383 128457 1591979 465735 260014 106263 56425 293609 5772222 59253 1390091 678445 469858 114989 44854 623567 1115285
internal_value=-7.77109e-07 -0.000253446 0.00170081 0.0019302 -0.0327349 0.00231829 0.0343247 0.0430578 0.0507259 -0.0176219 0.00186937 0.00891371 0.000349545 -0.0101829 -0.0367561 -0.003943 -0.00652204 -0.0418143 -0.00029786 0.0458343 -0.00481088 0.00160607 -0.000862573 0.00821451 0.00796729 0.0100748 -0.0264872 0.00198508 0.00645214 -0.00502758
internal_weight=4.13414e+07 3.59963e+07 5.3451e+06 5.3326e+06 59039 5.27356e+06 72943.5 69809.9 66955.6 52532.2 5.20061e+06 922915 4.2777e+06 455939 86703.4 369236 355319 53269.8 302049 26915.8 275134 3.82176e+06 2.75328e+06 703150 1.06848e+06 1.0069e+06 61588.9 679548 577873 337150
internal_count=34450160 18515629 15934531 15903439 134663 15768776 186619 155188 146417 117518 15582157 860623 14721534 4422914 1549506 2873408 2774025 725749 2048276 162688 1885588 10298620 7221566 1449344 3077054 2932009 145045 2253564 1783706 1160139
is_linear=0
shrinkage=0.1


Tree=96
num_leaves=31
num_cat=0
split_feature=7 8 6 10 4 6 10 7 8 9 9 8 10 0 9 6 8 7 9 8 11 9 10 8 11 6 11 10 10 4
split_gain=1842.6 2434.15 2913.49 2890.55 2321.84 3646.64 3238.64 3676.07 2232.35 2027.31 2021.92 1925.38 3925.51 3284.32 3116.77 3055.6 3122.6 2420.94 2400.1 6618.99 2449.99 3989.03 2329.15 2222 4377.43 4229.61 4122.92 4398.92 4103.4 4064.17
threshold=28.212017059326175 42.477680206298835 42.340236663818366 0.93544191479114935 0.022948059253394607 44.139904022216804 0.35846314187849709 26.810574531555179 43.570522308349616 15.73520088195801 6.2199995517730722 40.127141952514656 0.19337368024598436 1.0000000180025095e-35 18.370001792907718 39.371036529541023 36.928594589233406 21.620153427124027 18.079998970031742 39.607858657836921 -0.98801846520836312 13.239999294281008 0.99995780822346225 36.70428657531739 0.39629089145655322 35.920557022094734 -0.45273527932988084 -0.53493989022977317 0.99966190462023474 10.327429294586183
decision_type=10 10 10 2 10 10 2 10 10 10 10 10 2 2 10 10 10 8 10 10 2 10 2 10 2 10 2 2 2 8
left_child=1 2 11 4 5 6 8 -8 -3 -9 -2 15 -13 14 -14 23 -17 -18 20 -20 21 -19 -22 25 29 -1 27 -27 -28 -25
right_child=10 3 -4 -5 -6 -7 7 9 -10 -11 -12 12 13 -15 -16 16 17 18 19 -21 22 -23 -24 24 -26 26 28 -29 -30 -31
leaf_value=4.3149294238754905e-05 0.050310282406453945 0.047265843435758882 -0.021982760557289288 -0.12895956592684971 -0.0014939922689920398 -0.056063285710060168 0.05484637170673376 0.016011553993092328 0.15499146021749038 -0.045914388382104876 -0.0082701687672021504 0.030336394441479415 0.0082936288616959151 -0.008869299944935587 -0.10150720871346804 -0.062612780829603296 -0.069251442415337899 -0.0081657193866249127 -0.066205082965361942 0.11935434844095705 -0.01032240419645847 0.084370349989038695 0.090784482848770359 0.0042794442347524149 0.072353583631809895 0.017064678901547847 -0.018843835766103333 -0.0054134342602909068 0.031585293624071864 -0.0090506205404129025
leaf_weight=36419703.464218929 5995.5403046347201 4451.1343455463648 60098.408119514585 1390.8325951620936 45905.114044159651 4885.3802945688367 24613.015004228801 27583.442106314003 3387.7127827331424 6540.0130894072354 340954.77066380158 57685.099900402129 429202.6754293479 167361.43111848831 2600.8610031045973 10549.420355471782 6228.3218534393236 12435.09436878562 3138.4215883184224 4960.9806835353374 332290.77889115736 7449.1112256199121 2294.1621072106063 2041735.0286512123 9080.7013355372474 100922.13239587378 293397.31553807808 633920.13342373027 17074.478308005258 257576.150401555
leaf_count=28050181 2384 4903 232544 13332 39447 30576 53371 52797 1140 26798 450117 29516 766674 118317 35577 35517 79196 10948 30226 14445 632399 4178 4040 2149904 34990 71570 861327 469380 45093 99273
internal_value=-9.57293e-07 6.04694e-05 1.89289e-05 0.0143565 0.0160548 0.0273279 0.0334472 0.0253898 0.0938216 0.00414299 -0.00725786 5.13298e-05 0.00542166 0.00302298 0.00763227 -3.65224e-05 -0.00896895 -0.00743447 -0.00637255 0.0474523 -0.00760242 0.0265006 -0.00962914 4.86723e-05 0.00305983 -0.000136859 -0.00640851 -0.00232632 -0.0160705 0.00278617
internal_weight=4.13354e+07 4.09885e+07 4.08697e+07 118757 117366 71460.7 66575.3 58736.5 7838.85 34123.5 346950 4.08096e+07 656850 599165 431804 4.01528e+07 379346 368797 362569 8099.4 354469 19884.2 334585 3.97734e+07 2.30839e+06 3.7465e+07 1.04531e+06 734842 310472 2.29931e+06
internal_count=34450160 33997659 33775295 222364 209032 169585 139009 132966 6043 79595 452501 33542751 950084 920568 802251 32592667 810949 775432 696236 44671 651565 15126 636439 31781718 2284167 29497551 1447370 540950 906420 2249177
is_linear=0
shrinkage=0.1


Tree=97
num_leaves=31
num_cat=0
split_feature=7 8 11 10 4 6 8 9 5 4 11 8 10 8 10 7 11 6 4 10 9 1 9 3 10 3 5 7 9 9
split_gain=1797.25 3756.14 3336.91 5162.46 5779.44 3189.38 3160.66 5978.67 3026.16 2866.65 2726.19 2711.65 2651.22 2615.44 7769.62 6973.26 9513.35 5622.29 7422.71 6823.32 9042.07 6598.55 5848.16 6754.82 8427.38 5656.82 5505.14 11022.7 9272.42 6935.77
threshold=25.550364494323734 30.010023117065433 -0.14250536273956091 -0.95754239937548935 0.038337817415595062 29.530110359191898 33.380012512207038 6.4800004959106454 3.2874512672424321 inf -0.26037106507032781 35.618570327758796 0.10837544681456425 30.485714912414554 0.55656748448714433 15.322363376617433 0.99932962452255414 28.280142784118656 0.96732300519943248 0.49812943072827093 14.560034751892092 0.15569595247507098 19.040639877319339 50.500000000000007 0.039769539193789977 13.500000000000002 0.11106529086828233 12.240072727203371 12.551109313964846 10.920000553131105
decision_type=10 8 2 2 8 8 8 8 10 8 2 10 2 8 2 8 2 10 8 2 8 8 10 2 2 2 8 10 8 8
left_child=13 10 3 4 -3 -5 12 8 11 -9 -2 -8 -7 14 17 16 -15 19 22 -1 -21 -20 23 25 -25 -19 27 28 -16 -28
right_child=1 2 -4 5 -6 6 7 9 -10 -11 -12 -13 -14 15 26 -17 -18 18 21 20 -22 -23 -24 24 -26 -27 29 -29 -30 -31
leaf_value=0.00076296980373829874 -0.071766476396672108 0.052278518325056644 -0.020882517967867362 0.03322595912150425 0.0024738675833088824 -0.0053440373773162861 0.024967189958321135 -0.0014008928059052652 0.0080994849005296393 -0.072992815562024665 0.047591187904405072 0.082042502868305195 -0.025479236447131539 -0.029355103512345628 0.017623502839950355 0.001148491984705124 0.12393337093968076 -0.0084841907165252358 0.0070608413891064502 -0.012718783242979877 -0.094791444178859763 -0.0034766136278248146 -0.16618675050374554 0.055121714094922405 -0.01522888682886675 -0.027986439175107083 0.0045728096691865722 0.017761346034583146 -0.010945661695302384 -0.0069312235313983526
leaf_weight=6030673.0665208576 12062.916982735042 37544.392445033416 88060.64950982295 26027.914927649312 61408.830591680482 1025203.1962777327 52331.906316900626 3766184.9461183366 161889.43156252103 5601.332978412509 2274.4286875724792 9898.60926425457 69848.824579621665 109492.48332700762 167319.36128320266 20044420.420608714 4204.1450617481023 1631986.0861156578 711574.3244123254 129706.54192339629 14973.281511324458 3604542.5588347614 2372.5959395277314 35928.342894470552 32368.226245944388 163645.30449402146 1533813.3451285535 647824.94586126087 353879.65833575651 796082.7154006185
leaf_count=6126760 6748 21860 76704 4446 23853 417970 23543 3234916 40482 6159 682 2911 33506 1001752 156497 15408484 12467 1674897 296024 134245 98216 1151679 121582 237410 229629 857650 549412 1021671 922095 555910
internal_value=-7.94934e-07 -0.00171676 -0.00157859 -0.00125268 0.0213705 -0.00169017 -0.00186868 -0.00056432 0.0153039 -0.00150721 -0.052832 0.0340458 -0.00662838 0.000252603 -0.000708236 0.00100841 -0.023687 -0.00188609 -0.00401785 0.000248111 -0.0212127 -0.00173936 -0.00928721 -0.00908749 0.02178 -0.0102615 0.0034518 0.00905161 -0.00177417 0.000642093
internal_weight=4.13331e+07 5.31834e+06 5.304e+06 5.21594e+06 98953.2 5.11699e+06 5.09096e+06 3.99591e+06 224120 3.77179e+06 14337.3 62230.5 1.09505e+06 3.60148e+07 1.58567e+07 2.01581e+07 113697 1.23578e+07 6.18242e+06 6.17535e+06 144680 4.31612e+06 1.8663e+06 1.86393e+06 68296.6 1.79563e+06 3.49892e+06 1.16902e+06 521199 2.3299e+06
internal_count=34450160 3893780 3886350 3809646 45713 3763933 3759487 3308011 66936 3241075 7430 26454 451476 30556380 14133677 16422703 1014219 10928092 4568871 6359221 232461 1447703 3121168 2999586 467039 2532547 3205585 2100263 1078592 1105322
is_linear=0
shrinkage=0.1


Tree=98
num_leaves=31
num_cat=0
split_feature=2 10 5 11 7 1 10 10 10 3 7 10 11 7 4 3 9 11 9 6 6 9 6 6 8 10 6 2 4 7
split_gain=1834.12 4177.07 4860.03 4285.58 3546.95 3347.87 4652.6 3332.69 4258.28 13865.7 10833.6 8607.4 6567.26 9265.69 7873.32 5547.79 3683.05 5828.69 3547.27 3371.72 3252.52 3227.73 3051.46 3049.22 4956.85 5906.07 3162.85 3003.95 2948.44 4462.48
threshold=66.742511749267592 -0.98214942551678475 0.11106529086828233 0.11478523713130605 26.904783248901371 25.906477928161625 -0.03977009085991149 -0.97509794945709805 -0.99467753128998015 3.5000000000000004 15.322363376617433 -0.98214942551678475 -0.056951011027366626 20.300239562988285 0.038337817415595062 12.500000000000002 10.220034599304201 -0.19337245081799007 12.099998950958254 27.28843975067139 23.975421905517582 9.4000000953674334 35.130153656005866 33.40028381347657 35.107219696044929 -0.99985146406598202 37.470350265502937 8.0571894645690936 1.0000000180025095e-35 18.850197792053226
decision_type=2 2 10 2 10 10 2 2 2 2 8 2 2 8 10 2 8 2 10 10 10 10 10 8 10 2 10 2 10 8
left_child=7 3 4 22 -3 -4 -7 8 12 19 11 15 28 14 -14 18 -12 -18 -11 21 -16 -10 -2 -15 -25 26 -26 -23 29 -1
right_child=1 2 5 -5 -6 6 -8 -9 9 10 16 -13 13 23 20 -17 17 -19 -20 -21 -22 27 -24 24 25 -27 -28 -29 -30 -31
leaf_value=0.027688105118121711 -0.0039291506506553648 0.013510324359353461 0.0023385696175458174 -0.027143427904336589 -0.027285226522919662 -0.0039145858695354653 0.0044099970645393128 -0.00075817728299929648 0.025684502808704809 -0.012879694507323812 0.029510713944391549 -0.054468529647019016 -0.061200263942053856 0.009654155633110199 -0.1156008181121909 0.015725097029997425 -0.057025902388897889 0.013152769239547569 0.12687495717173625 -0.00039725566659737089 0.0038104224479059861 0.021098857755388306 0.082469640259377239 -0.012485021481141912 0.085328030633105373 0.00018334392718103758 -0.11621471804551041 -0.03969545003637865 -0.0085005900066781794 -0.040578234019608479
leaf_weight=11129.343608789146 683309.61107763648 444208.03670228273 7118339.6439144611 85570.413680717349 22386.327228188515 2337089.7072219104 941992.31555610895 26913900.565525722 97782.422638789751 1971.6943185031414 144803.67569314782 4466.6974507179111 39589.194029206876 597430.12384079141 2393.1505492851138 7106.646480306983 12881.849677646067 145602.53261027508 23028.534169692546 1111685.1834230348 48683.351405769587 15558.401068091393 4112.4230959638953 166216.27053700085 14707.096224586945 33880.183796978556 822.18265058845282 17017.693730734289 212903.95286045433 68586.22304346133
leaf_count=18404 248256 294353 2045801 37844 16429 565530 218731 28907293 30057 2230 101220 13738 120979 296049 1915 18220 25552 302927 16330 587213 30460 15050 2143 205000 14207 77438 5384 16370 110182 104855
internal_value=-7.42105e-07 0.00106337 0.00156873 -0.00603932 0.011553 0.00112068 -0.00152316 -0.00041779 0.00287967 0.00628429 0.024182 0.0755958 -0.00162222 0.00259377 -0.0277284 0.0936903 0.017982 0.00744854 0.115853 0.00138692 -0.0017845 0.0166022 -0.00341228 0.00597506 -0.00421853 0.0235904 0.0746575 -0.01066 -0.0146428 -0.0310474
internal_weight=4.13292e+07 1.1637e+07 1.0864e+07 772992 466594 1.03974e+07 3.27908e+06 2.96921e+07 2.77825e+06 1.58191e+06 339862 36573.6 1.19634e+06 903722 90665.7 32106.9 303288 158484 25000.2 1.24204e+06 51076.5 130359 687422 813056 215626 49409.5 15529.3 32576.1 292620 79715.6
internal_count=34450160 3429087 3140844 288243 310782 2830062 784261 31021073 2113780 1128907 480217 50518 984873 751432 153354 36780 429699 328479 18560 648690 32375 61477 250399 598078 302029 97029 19591 31420 233441 123259
is_linear=0
shrinkage=0.1


Tree=99
num_leaves=31
num_cat=0
split_feature=3 2 1 8 9 11 9 11 6 3 5 8 7 1 0 2 11 7 11 3 2 6 10 10 6 1 8 9 11 11
split_gain=1676.12 1619.76 3495.38 3161.6 3976.58 3238.28 2853.45 2242.44 2382.42 2433.48 2196.74 1936.53 6569.57 11592.7 10679.4 7157.09 8897.68 13432.8 8292.21 9820.87 8176.05 6374.91 8108.17 6464.38 6311.1 7921.72 6048.22 6013.42 5987.86 5575.33
threshold=1506.5000000000002 200.97452545166018 57.231533050537116 11.574999809265138 11.194006919860842 -0.12545862287572049 14.130311965942385 0.48877522411129348 26.021056175231937 2.5000000000000004 21.896436691284183 28.255781173706058 16.200611114501957 1.8056158423423769 6.1946980953216562 15.937403678894045 -0.23537842981696178 10.690012454986574 0.41202506375868281 2.5000000000000004 4.4063014984130868 18.414566040039066 -0.34235669412071207 0.21022171450811275 29.081247329711918 0.11438561603426935 26.537406921386722 13.919998645782472 0.99681593486783593 0.53312596302726967
decision_type=2 2 8 8 10 2 10 2 8 2 8 8 8 10 2 2 2 10 2 2 2 10 2 2 8 8 10 10 2 2
left_child=1 2 11 4 -3 -5 7 -7 10 -10 -9 12 13 15 26 16 17 -1 19 -17 27 22 -20 -24 25 -13 -14 -19 -15 -26
right_child=-2 3 -4 5 -6 6 -8 8 9 -11 -12 24 14 28 -16 18 -18 20 21 -21 -22 -23 23 -25 29 -27 -28 -29 -30 -31
leaf_value=-0.099304946323157506 -0.13715746205909651 0.011919521992700667 -0.0089710391008746612 0.0036016460453044291 0.1845237093638474 -0.022325593608497687 0.15727459092485749 0.11515141393821884 -0.014876401636251058 0.1189492279177798 0.017389553180708908 0.010492069010582042 -0.027100565516648707 -0.0087436532169146951 0.0015683984477688796 0.015898539384015319 0.0026728720393462608 -0.053320699861508863 0.065968472999791972 0.061299183737864575 0.017996772293318777 -0.013754093689167246 -0.033621268689596744 0.015002816819458864 1.2575192788713186e-05 0.0011822520619055527 -0.0088514679716811817 0.0029652920517328251 -0.071817059454582541 -0.0067712839949873142
leaf_weight=19613.932265445124 890.96426499634981 3524.1391045749187 443209.29733885825 1908562.6372417361 2148.5289073288441 92670.395400747657 985.12355096638203 3158.0133687704802 30497.685227423906 1422.1443968862295 8444.7715518474579 1249404.9189257957 218634.92329516402 784236.37523150817 1069977.212119475 205645.06474646181 2446015.0183710032 48950.298870913684 26164.369185566902 62013.941822852939 57301.754804395139 137433.51241645031 33035.27022343874 158639.45752690732 26520240.715215392 3404447.9407081529 1072494.9691028302 31002.767085243016 15346.014576777816 1269472.5827852897
leaf_count=48494 64380 870 136714 394546 105 31999 196 648 8929 659 1234 1433273 158764 513951 285792 116456 5621805 80878 11758 49628 42797 170138 35452 87466 18974730 1047434 729238 62162 18980 4320684
internal_value=-5.48715e-07 2.4084e-06 -0.000140678 0.00274172 0.0772935 0.002535 -0.0123053 -0.0135319 0.00519196 -0.00891398 0.0439981 -3.98875e-05 -0.00163159 0.000824764 -0.00581936 0.00349654 0.00119223 -0.021895 0.013125 0.0264174 -0.010833 0.00311057 0.0137504 0.00662242 0.000273438 0.00368163 -0.0119417 -0.0314951 -0.00995419 -0.000297321
internal_weight=4.13256e+07 4.13247e+07 3.92733e+07 2.05141e+06 5672.67 2.04574e+06 137178 136193 43522.6 31919.8 11602.8 3.88301e+07 6.3865e+06 4.0254e+06 2.36111e+06 3.22582e+06 2.60288e+06 156869 622932 267659 137255 355273 217839 191675 3.24436e+07 4.65385e+06 1.29113e+06 79953.1 799582 2.77897e+07
internal_count=34450160 34385780 33946594 439186 975 438211 43665 43469 11470 9588 1882 33809880 8033759 6859965 1173794 6327034 5856136 234331 470898 166084 185837 304814 134676 122918 25776121 2480707 888002 143040 532931 23295414
is_linear=0
shrinkage=0.1


end of trees

feature_importances:
diurnal_range_1deg=488
cos_doy=444
sin_doy=443
tmax_1deg_roll7=343
days_since_rain=322
tmax_1deg_lag1=253
tmin_1deg_lag1=200
rf_roll7_sum=173
neighbor_mean_lag1=143
rf_lag_2=83
rf_lag_1=61
neighbor_max_lag1=47

parameters:
[boosting: gbdt]
[objective: tweedie]
[metric: tweedie]
[tree_learner: serial]
[device_type: cpu]
[data_sample_strategy: bagging]
[data: ]
[valid: ]
[num_iterations: 100]
[learning_rate: 0.1]
[num_leaves: 31]
[num_threads: -1]
[seed: 42]
[deterministic: 0]
[force_col_wise: 0]
[force_row_wise: 0]
[histogram_pool_size: -1]
[max_depth: -1]
[min_data_in_leaf: 20]
[min_sum_hessian_in_leaf: 0.001]
[bagging_fraction: 1]
[pos_bagging_fraction: 1]
[neg_bagging_fraction: 1]
[bagging_freq: 0]
[bagging_seed: 400]
[bagging_by_query: 0]
[feature_fraction: 1]
[feature_fraction_bynode: 1]
[feature_fraction_seed: 30056]
[extra_trees: 0]
[extra_seed: 12879]
[early_stopping_round: 0]
[early_stopping_min_delta: 0]
[first_metric_only: 0]
[max_delta_step: 0]
[lambda_l1: 0]
[lambda_l2: 0]
[linear_lambda: 0]
[min_gain_to_split: 0]
[drop_rate: 0.1]
[max_drop: 50]
[skip_drop: 0.5]
[xgboost_dart_mode: 0]
[uniform_drop: 0]
[drop_seed: 17869]
[top_rate: 0.2]
[other_rate: 0.1]
[min_data_per_group: 100]
[max_cat_threshold: 32]
[cat_l2: 10]
[cat_smooth: 10]
[max_cat_to_onehot: 4]
[top_k: 20]
[monotone_constraints: ]
[monotone_constraints_method: basic]
[monotone_penalty: 0]
[feature_contri: ]
[forcedsplits_filename: ]
[refit_decay_rate: 0.9]
[cegb_tradeoff: 1]
[cegb_penalty_split: 0]
[cegb_penalty_feature_lazy: ]
[cegb_penalty_feature_coupled: ]
[path_smooth: 0]
[interaction_constraints: ]
[verbosity: -1]
[saved_feature_importance_type: 0]
[use_quantized_grad: 0]
[num_grad_quant_bins: 4]
[quant_train_renew_leaf: 0]
[stochastic_rounding: 1]
[linear_tree: 0]
[max_bin: 255]
[max_bin_by_feature: ]
[min_data_in_bin: 3]
[bin_construct_sample_cnt: 200000]
[data_random_seed: 175]
[is_enable_sparse: 1]
[enable_bundle: 1]
[use_missing: 1]
[zero_as_missing: 0]
[feature_pre_filter: 1]
[pre_partition: 0]
[two_round: 0]
[header: 0]
[label_column: ]
[weight_column: ]
[group_column: ]
[ignore_column: ]
[categorical_feature: ]
[forcedbins_filename: ]
[precise_float_parser: 0]
[parser_config_file: ]
[objective_seed: 16083]
[num_class: 1]
[is_unbalance: 0]
[scale_pos_weight: 1]
[sigmoid: 1]
[boost_from_average: 1]
[reg_sqrt: 0]
[alpha: 0.9]
[fair_c: 1]
[poisson_max_delta_step: 0.7]
[tweedie_variance_power: 1.5]
[lambdarank_truncation_level: 30]
[lambdarank_norm: 1]
[label_gain: ]
[lambdarank_position_bias_regularization: 0]
[eval_at: ]
[multi_error_top_k: 1]
[auc_mu_weights: ]
[num_machines: 1]
[local_listen_port: 12400]
[time_out: 120]
[machine_list_filename: ]
[machines: ]
[gpu_platform_id: -1]
[gpu_device_id: -1]
[gpu_device_id_list: ]
[gpu_use_dp: 0]
[num_gpu: 1]

end of parameters

pandas_categorical:null
