tree
version=v4
num_class=1
num_tree_per_iteration=1
label_index=0
max_feature_idx=11
objective=tweedie
feature_names=rf_lag_1 rf_lag_2 rf_roll7_sum days_since_rain neighbor_mean_lag1 neighbor_max_lag1 tmax_1deg_lag1 tmin_1deg_lag1 tmax_1deg_roll7 diurnal_range_1deg sin_doy cos_doy
feature_infos=[0:385.5301513671875] [0:467.57992553710938] [0:1484.6839599609375] [0:6930] [0:356.41162109375] [0:435.11480712890625] [2.3299999237060547:48.46484375] [-7.6100001335144043:32.610000610351562] [3.3942859172821045:46.181095123291016] [1.0200004577636719:23.680000305175781] [-0.9999994220246925:0.99998555065071859] [-0.99997919295908233:0.9999907524084426]
tree_sizes=3610 3751 3748 3741 3768 3744 3756 3746 3759 3747 3765 3749 3768 3761 3760 3758 3761 3762 3758 3750 3753 3761 3743 3731 3727 3734 3744 3742 3733 3794 3755 3737 3755 3719 3686 3729 3739 3755 3733 3738 3690 3684 3735 3729 3671 3655

Tree=0
num_leaves=31
num_cat=0
split_feature=2 9 9 11 11 11 11 2 3 3 9 11 11 2 2 7 8 8 10 8 9 11 8 7 2 3 10 3 11 8
split_gain=4.84813e+07 5.61471e+06 5.21416e+06 1.87171e+06 1.75135e+06 1.2e+06 1.13192e+06 1.08429e+06 747034 730063 451274 388502 347107 252393 231142 218092 159950 156574 155285 145114 138715 137305 135155 133266 132787 129694 116548 109715 106912 103772
threshold=4.2857587337493905 10.220034599304201 12.099998950958254 -0.17646730165275518 0.3484035575467645 -0.83375966452616657 -0.8611288361322974 60.28906440734864 13.500000000000002 13.500000000000002 12.75000047683716 0.84199059757024453 0.14888728888808328 22.412291526794437 178.99919128417972 19.227850914001468 19.805377960205082 16.131060600280765 0.51297097409535064 29.730000495910648 9.650057792663576 0.063390085881955341 17.882857322692875 19.227850914001468 26.549152374267582 20.500000000000004 0.58481550752069722 33.500000000000007 -0.71502926860092908 33.171485900878913
decision_type=2 10 8 2 2 2 2 2 2 2 8 2 2 2 2 10 10 8 2 10 10 2 10 8 2 2 2 2 2 10
left_child=2 3 4 7 9 -4 23 13 16 15 12 24 -8 19 28 -1 -7 -12 -19 -2 -17 -18 -14 -3 -5 -6 29 -10 -9 -11
right_child=1 6 5 11 25 8 10 14 27 26 17 -13 22 -15 -16 20 21 18 -20 -21 -22 -23 -24 -25 -26 -27 -28 -29 -30 -31
leaf_value=1.0250168626882974 1.1249636586998628 1.0784308409841272 1.061824586071848 1.1149537929035247 0.99888387635465203 1.033505879391039 1.1221394626331407 1.2234870453348599 0.94420564637019677 0.97822144006442802 1.1315947731065579 1.0323085657433022 1.1121813407406211 1.193743620966204 1.2479961651083329 1.1308919928631729 0.9945515650162029 0.98496496709283343 1.0484832688100298 1.1722479855517673 1.0931875364405417 0.95855038315349383 1.0303789130865844 1.1649518925099029 1.1547383260989512 0.94715164426928844 0.96901379427461709 0.922162088607278 1.2006297057642989 1.0649448195858899
leaf_weight=303206.69727653265 784877.53556752205 194380.69161766768 981015.3917427063 1315608.4830101728 1442806.5473233461 488692.60702115297 2134446.5288845897 6932798.5374585986 3770995.8110937476 198144.34555453062 178128.04244035482 366606.86682468653 273621.70068013668 7782448.8764749169 3115406.6102820635 2062117.8877783418 1785838.7187433243 497382.93599706888 1701681.6112360358 3750288.5888404846 1852147.2421733737 2604247.6719254255 771359.30530422926 2115414.7608506083 2315403.0144321918 729718.28768342733 381168.93439406157 5627110.8629514575 2903284.3313373327 454387.14136826992
leaf_count=243139 403483 125973 682684 714240 1265555 379932 1114617 1596968 3901499 185592 88169 286281 150733 2459277 497748 1024871 1588725 456215 1249570 1417252 1121620 2586794 606636 843872 991752 748781 367129 6179056 859874 312123
internal_value=1.10348 1.17384 0.988284 1.194 1.05702 0.95484 1.09884 1.20406 0.947488 1.08826 1.07438 1.13042 1.09902 1.18282 1.22426 1.10672 0.979236 1.04142 1.03412 1.16406 1.11305 0.973195 1.0518 1.15767 1.14032 0.981508 1.01295 0.931007 1.21674 1.03861
internal_weight=5.98147e+07 3.71331e+07 2.26816e+07 2.92667e+07 7.4237e+06 1.52579e+07 7.86642e+06 2.52691e+07 1.42769e+07 5.25117e+06 5.55662e+06 3.99762e+06 3.17943e+06 1.23176e+07 1.29515e+07 4.21747e+06 4.87878e+06 2.37719e+06 2.19906e+06 4.53517e+06 3.91427e+06 4.39009e+06 1.04498e+06 2.3098e+06 3.63101e+06 2.17252e+06 1.0337e+06 9.39811e+06 9.83608e+06 652531
internal_count=34450160 13862660 20587500 9226875 5268810 15318690 4635785 7234602 14636006 3254474 3665940 1992273 1871986 4280012 2954590 2389630 4555451 1793954 1705785 1820735 2146491 4175519 757369 969845 1705992 2014336 864844 10080555 2456842 497715
is_linear=0
shrinkage=1


Tree=1
num_leaves=31
num_cat=0
split_feature=2 9 9 11 11 2 11 3 3 2 11 11 2 11 7 11 3 4 4 11 2 9 8 3 7 10 11 8 3 11
split_gain=4.09173e+07 5.08862e+06 4.48004e+06 1.84719e+06 1.69726e+06 1.11656e+06 869216 858269 636083 379669 354444 326687 306672 224218 198406 197187 195475 190502 147343 138467 136928 135956 133172 129589 127548 118417 110027 109864 109042 108104
threshold=3.5792907476425175 10.540481567382814 12.702729225158693 -0.17646730165275518 0.28313308994381592 46.489736557006843 -0.86974577485258975 13.500000000000002 17.500000000000004 21.671146392822269 0.8511460603353429 -0.83375966452616657 129.38776397705081 -0.82413948779581736 19.040272712707523 0.14888728888808328 13.500000000000002 0.58089429140090953 1.0000000180025095e-35 -0.86974577485258975 25.692635536193851 12.999998569488527 19.805377960205082 1.5000000000000002 21.740029335021976 0.54219432480460406 0.45847758937963173 19.211283683776859 33.500000000000007 -0.71502926860092908
decision_type=2 10 8 2 2 2 2 2 2 2 2 2 2 2 8 2 2 10 10 2 2 10 10 2 8 2 2 10 2 2
left_child=2 3 4 5 8 17 -3 11 14 15 20 -4 29 -9 -1 21 -6 -2 -16 -10 26 -8 -13 -11 -19 -24 -5 -17 -15 -7
right_child=1 6 7 10 16 12 9 13 19 23 -12 22 -14 28 18 27 -18 24 -20 -21 -22 -23 25 -25 -26 -27 -28 -29 -30 -31
leaf_value=-0.080785852233877978 0.046030034128539232 0.044924174327363647 -0.034808984050731386 0.021578211304793284 -0.091432477398673356 0.10577459953009427 -0.0087882521122314549 -0.077488221066278229 -0.036326367961305943 0.019263488620739039 -0.068983349414579953 -0.067648372439732762 0.12880594762279121 -0.15535000495043735 -0.015225129253800016 -0.026907906015696322 -0.14486460345856328 0.043821064573394297 0.022959014462507393 -0.12104927316869532 0.0445624500416886 -0.062518097395611455 -0.15050273578080578 -0.033433328628150093 0.081058743123807453 -0.11335902285733349 -0.04191497257325022 -0.098327981165029457 -0.17887491543530765 0.083426731689899003
leaf_weight=315245.3316770792 3200911.5380313396 1947153.6769282818 483752.9585878253 1112375.2460951209 1439647.1195042729 6894114.8544063568 1011613.1604750156 273874.49299365282 275182.64314818382 1313581.7375550866 397678.49373072386 407831.42233008146 5130782.5478888154 3283514.2911950946 2301926.9734559059 269702.93950814009 1305603.0710343122 1084853.5060125589 1801380.8250121474 645187.06199109554 2453323.4938238263 881141.35496664047 1413133.8529093266 723791.83478718996 6047009.2430612445 2186106.8207318187 361659.42658555508 1069437.77046597 4926623.1016303897 3155189.5373541713
leaf_count=266190 1373466 849820 333992 569330 1273285 1769796 606021 224535 193156 691032 319106 325531 986558 3638594 1438289 178056 1397981 474166 918306 634514 1073006 687848 1530303 497205 1993483 2099545 252432 958517 5885322 1010775
internal_value=-7.25462e-05 0.0631854 -0.111378 0.08141 -0.0529452 0.0916544 -0.0121682 -0.147785 -0.0200888 -0.0332655 0.0209795 -0.112434 0.108914 -0.166497 -0.00433548 -0.054578 -0.116844 0.0662978 0.00153798 -0.0957179 0.030089 -0.0338013 -0.121806 0.00054256 0.0753944 -0.127942 0.00599994 -0.083944 -0.169467 0.098758
internal_weight=5.81133e+07 3.70543e+07 2.1059e+07 2.98379e+07 8.08417e+06 2.55129e+07 7.21642e+06 1.29748e+07 5.33892e+06 5.26927e+06 4.32504e+06 4.49083e+06 1.51801e+07 8.48401e+06 4.41855e+06 3.2319e+06 2.74525e+06 1.03328e+07 4.10331e+06 920370 3.92736e+06 1.89275e+06 4.00707e+06 2.03737e+06 7.13186e+06 3.59924e+06 1.47403e+06 1.33914e+06 8.21014e+06 1.00493e+07
internal_count=34450160 14290617 20159543 9822118 6121721 7608244 4468499 14037822 3450455 3618679 2213874 4289371 3767129 9748451 2622785 2430442 2671266 3841115 2356595 827670 1894768 1293869 3955379 1188237 2467649 3629848 821762 1136573 9523916 2780571
is_linear=0
shrinkage=0.1


Tree=2
num_leaves=31
num_cat=0
split_feature=2 9 9 11 2 11 3 11 9 3 11 2 11 2 2 7 9 11 11 3 11 8 10 4 8 11 3 8 8 4
split_gain=3.44562e+07 4.62906e+06 3.79997e+06 1.40356e+06 1.32628e+06 1.1022e+06 766304 633133 573945 571925 524065 283844 275971 226939 219695 217404 212788 184418 148931 141252 128017 122678 119198 115774 97108.3 94944.7 94748.7 91890.1 89378.1 96709.6
threshold=2.8428689241409306 9.7543802261352557 12.84999990463257 0.39629089145655322 40.992027282714851 -0.17646730165275518 15.500000000000002 0.45847758937963173 13.239999294281008 20.500000000000004 -0.42958798411962301 155.22714996337893 -0.85225707553516283 34.998832702636726 19.470888137817386 22.350042343139652 10.320081710815431 -0.7614016681079937 -0.82413948779581736 22.500000000000004 -0.7614016681079937 19.805377960205082 0.49812943072827093 0.051704343408346183 29.131464004516605 0.87291090774974645 33.500000000000007 20.790689468383793 15.10928535461426 0.062149494886398322
decision_type=2 10 8 2 2 2 2 2 8 2 2 2 2 2 2 10 10 2 2 2 2 10 2 10 8 2 2 8 10 8
left_child=2 4 3 9 7 8 12 15 13 16 11 -6 -4 -3 25 -2 24 -8 -11 -5 -18 -14 -23 -17 -1 -7 27 -19 -16 -30
right_child=1 5 6 19 10 14 17 -9 -10 18 -12 -13 21 -15 28 23 20 26 -20 -21 -22 22 -24 -25 -26 -27 -28 -29 29 -31
leaf_value=-0.053891606916114165 0.0293901982761549 0.024108650183788247 -0.031390489694674888 -0.098231499666979027 0.095440939617857712 -0.055073380248275051 -0.088971150611098226 -0.0458285204573326 -0.035227294993562121 -0.041553689216133963 0.058343845550799057 0.12884619017671009 -0.066001565408435076 0.068493063430640252 0.042698572053542619 0.038897251631238292 -0.00087127784586433588 -0.073620050782622751 -0.12877633675844344 -0.14844017666849807 -0.053391122512539108 -0.14713024809646946 -0.10996916175974214 0.070917582966714229 0.016179386507539868 -0.11256520102514532 -0.17574755778865117 -0.15620210222369399 -0.050268319679035882 0.0032245379466149826
leaf_weight=217188.49287211895 2319382.3171110153 3332790.0613099933 398095.80549246073 1569758.3281307817 10337447.865775406 1892273.5157911181 317434.3280903101 652769.2830375433 1289803.212536633 298477.01471757889 3135508.7816901803 3373745.5485374928 398512.424708426 1760510.7069010139 228876.53532427549 1405420.9610661864 732847.60121518373 142662.67313826084 568851.92372852564 871344.08275669813 1265616.9665803313 1414382.0122272372 2214786.4979167581 5744655.9137769938 2213090.7885789871 338657.60876315832 4437636.3163101077 2426351.8252399564 711619.4156101346 643667.54533493519
leaf_count=164328 1090259 1641970 275921 1506106 2807619 1481582 291529 479316 904748 219880 1202304 605320 329339 631627 103398 619294 433997 131562 613831 1020654 971201 1638339 2233221 1993267 1170892 330205 5749302 2912879 530617 365653
internal_value=-0.000134404 0.0563347 -0.107837 -0.0534186 0.0780366 -0.00105539 -0.14367 0.0494274 0.0243605 -0.0245025 0.0952262 0.103661 -0.110818 0.0394502 -0.0435792 0.0559938 -0.0099598 -0.163522 -0.0987601 -0.116153 -0.0341318 -0.118669 -0.124452 0.0646237 0.0099173 -0.0638007 -0.1669 -0.151616 -0.0151018 -0.0248629
internal_weight=5.66542e+07 3.71671e+07 1.9487e+07 7.73718e+06 2.69689e+07 1.01982e+07 1.17499e+07 1.01222e+07 6.3831e+06 5.29607e+06 1.68467e+07 1.37112e+07 4.42578e+06 5.0933e+06 3.81509e+06 9.46946e+06 4.42874e+06 7.32409e+06 867329 2.4411e+06 1.99846e+06 4.02768e+06 3.62917e+06 7.15008e+06 2.43028e+06 2.23093e+06 7.00665e+06 2.56901e+06 1.58416e+06 1.35529e+06
internal_count=34450160 14787179 19662981 6100889 8797379 5989800 13562092 4182136 3178345 3574129 4615243 3412939 4476820 2273597 2811455 3702820 2740418 9085272 833711 2526760 1405198 4200899 3871560 2612561 1335220 1811787 8793743 3044441 999668 896270
is_linear=0
shrinkage=0.1


Tree=3
num_leaves=31
num_cat=0
split_feature=2 9 9 2 7 11 11 3 11 3 2 2 11 11 3 11 8 7 7 6 5 11 8 11 3 7 10 11 10 10
split_gain=2.89516e+07 4.13764e+06 3.24145e+06 1.58148e+06 1.25478e+06 710287 677419 671385 608966 522571 308332 288702 233743 186897 183532 166735 165846 164574 150526 150066 145405 131577 130051 125956 115772 102200 100383 99340.8 95047.4 93571.2
threshold=2.2681553363800053 10.759998798370363 13.096703529357912 36.725057601928718 19.989834785461429 0.14888728888808328 -0.84313311835787952 18.500000000000004 -0.4755978891912595 12.500000000000002 125.71569824218751 33.260227203369148 -0.75013812021657655 -0.86974577485258975 13.500000000000002 0.14888728888808328 20.31369781494141 22.60003757476807 19.73261642456055 35.839796066284187 1.0000000180025095e-35 -0.82413948779581736 20.31369781494141 -0.18493013702746822 36.500000000000007 19.130130767822269 0.48314048284850658 -0.17646730165275518 0.49812943072827093 0.96465729447553372
decision_type=2 10 8 2 8 2 2 2 2 2 2 2 2 2 2 2 8 8 10 8 10 2 10 2 2 10 2 2 2 2
left_child=2 3 4 5 14 17 25 12 10 23 -5 15 -4 -11 29 19 26 -2 -7 -8 -19 -9 -14 -6 -15 -3 -17 -10 -24 -1
right_child=1 6 7 8 9 18 11 21 27 13 -12 -13 22 24 -16 16 -18 20 -20 -21 -22 -23 28 -25 -26 -27 -28 -29 -30 -31
leaf_value=-0.092419957196710215 0.025123735425135643 -0.034489612817663766 -0.049079315226526588 0.084414486409755421 0.0085496399435160565 -0.06380630203589277 -0.012306057539163067 -0.076426187415329166 0.066532663751989671 -0.012401122721274164 0.11589668313038189 0.0083615004684804411 -0.06589863158345341 -0.068266912298880766 -0.13894901718649222 -0.073990639991748888 -0.089705792102861337 0.027430154966397433 0.0011517219392348046 -0.06473831948903884 0.061714486737254708 -0.16401280353239811 -0.14473979753241953 -0.033346830647516 -0.13227031586031174 0.039294968702692661 0.023454656116031369 0.035696054944658592 -0.11106722992266838 0.015660987952024946
leaf_weight=1255583.213866353 2597085.086242497 209428.67019987106 547922.15967822075 9894194.74492383 2459891.2304544449 654389.53362292051 1497171.7135939002 176643.50293445587 2069318.4444385171 387359.61653769016 4537644.207218349 1125448.2456148267 413483.84318679571 754558.74324184656 1235340.6843285561 185040.14631509781 1322707.0473999381 1572646.2424727678 784272.59809958935 859086.81523245573 5796963.7745445967 5907927.9586517215 1448887.560318768 1013096.0164110065 451855.04663199186 1811302.2054530382 246601.01649552584 2109901.3223315477 1989110.8412286639 85560.629863262177
leaf_count=1215219 1236986 141663 434000 2852993 1365833 529304 954829 156819 702327 250166 912364 631060 359339 675484 1496342 158632 1248920 735848 456624 696997 2098107 8011261 1798770 732556 528929 798709 131916 941992 2145564 50607
internal_value=-0.000185574 0.0502279 -0.103846 0.0666101 -0.0543205 0.0372888 -0.0175339 -0.139952 0.0845789 -0.0254274 0.0943131 -0.0365144 -0.110191 -0.0728348 -0.11114 -0.048801 -0.0721418 0.0467701 -0.0283951 -0.0314227 0.0543983 -0.16147 -0.118885 -0.00367187 -0.092239 0.0316479 -0.0183191 0.0509646 -0.125258 -0.0855247
internal_weight=5.54004e+07 3.72732e+07 1.81272e+07 3.00164e+07 7.64325e+06 1.14054e+07 7.25679e+06 1.0484e+07 1.86111e+07 5.06676e+06 1.44318e+07 5.23605e+06 4.3994e+06 1.59377e+06 2.57648e+06 4.11061e+06 1.75435e+06 9.9667e+06 1.43866e+06 2.35626e+06 7.36961e+06 6.08457e+06 3.85148e+06 3.47299e+06 1.20641e+06 2.02073e+06 431641 4.17922e+06 3.438e+06 1.34114e+06
internal_count=34450160 15229271 19220889 10466545 6315136 5056869 4762726 12905753 5409676 3552968 3765357 3822354 4737673 1454579 2762168 3191294 1539468 4070941 985928 1651826 2833955 8168080 4303673 2098389 1204413 940372 290548 1644319 3944334 1265826
is_linear=0
shrinkage=0.1


Tree=4
num_leaves=31
num_cat=0
split_feature=2 2 9 7 11 7 3 9 2 3 11 11 11 11 8 4 3 8 11 11 2 9 9 4 11 10 6 11 11 11
split_gain=2.42529e+07 3.76501e+06 2.6793e+06 1.27498e+06 1.03451e+06 1.00277e+06 618012 601469 491371 425017 270144 222110 213313 196080 176887 168550 164994 151623 151148 146820 140985 135885 119030 113029 98928.5 98778.7 93645.8 93494.7 88050.4 87940.4
threshold=1.6423947215080263 26.549152374267582 13.190001487731935 20.460153579711918 -0.19337245081799007 19.820332527160648 23.500000000000004 12.099998950958254 95.680320739746108 21.500000000000004 0.18281312110578132 -0.75013812021657655 -0.83375966452616657 -0.21862536810265826 20.790689468383793 0.38986279070377355 22.500000000000004 17.080183029174808 -0.52034141052533245 -0.82413948779581736 234.51544952392581 9.4000000953674334 10.642842292785646 0.14921022206544879 0.84199059757024453 0.54219432480460406 31.246928215026859 -0.77243990499604276 -0.75013812021657655 -0.17646730165275518
decision_type=2 2 8 8 2 10 2 10 2 2 2 2 2 2 10 8 2 8 2 2 2 10 10 10 2 2 10 2 2 2
left_child=2 3 5 10 8 16 11 13 15 18 -2 -4 -9 23 -13 -3 -1 -12 -7 -11 -10 -6 -20 -5 -19 29 -27 -8 -17 -16
right_child=1 4 6 7 21 9 27 12 20 19 17 14 -14 -15 25 28 -18 24 22 -21 -22 -23 -24 -25 -26 26 -28 -29 -30 -31
leaf_value=-0.087529304357204657 -0.015742910660224246 0.041247297396049126 -0.04786879819684331 0.021816502121052617 0.035419490096202183 0.0069691790533391159 -0.088607743968317276 0.0095504315085449577 0.091507159959858364 -0.026482248751069543 -0.013678586139373379 -0.058386947081991748 -0.065951659848923871 0.0031714482623793764 -0.0031172144944278117 0.078560338060925633 -0.14246309937006466 -0.066383005244433232 -0.010248720582608431 -0.11191096891121016 0.12524673519732962 -0.0045885538665152914 -0.061511714220043381 0.049081372747715152 -0.12089940109607851 -0.075994030228093784 -0.12322698934084893 -0.16252957263841153 0.059135866188585295 -0.14597926446678641
leaf_weight=1551051.0370281935 1906539.7278738022 2236016.1133440733 527125.09784781933 2225518.7471603155 2140511.3401997089 1949265.0800500512 177522.69512718916 637952.89201980829 5695282.4439291954 285392.28011214733 423602.39662247896 460711.93190944195 905076.65834158659 1766287.1701325178 44267.673547387123 6493933.7672023177 844409.04432684183 1296918.742964685 1019603.2912682891 681755.77228009701 1582651.6047289371 1406944.8918889761 815009.51863855124 4799573.5368959904 447794.22360211611 596645.24485039711 1415841.865886271 4726654.1736825109 3642640.1207423806 1616630.4540042281
leaf_count=1575764 1223197 906449 429340 1068755 937106 1098651 178797 338923 1442588 204932 285467 411812 777766 1004157 34399 1918461 1123584 1153783 657648 798239 264991 836515 694291 1874745 496207 611904 1695717 6953580 1276907 2175485
internal_value=-0.000226541 0.0443168 -0.100464 0.00416993 0.0692537 -0.05414 -0.135073 0.0228485 0.0782263 -0.0275417 -0.0432016 -0.109001 -0.0347359 0.0329555 -0.116795 0.0660982 -0.106894 -0.0673452 -0.0124205 -0.0867021 0.0988441 0.019552 -0.0330218 0.040444 -0.0803751 -0.124121 -0.109224 -0.159854 0.07158 -0.142172
internal_weight=5.43191e+07 3.76072e+07 1.67119e+07 1.44093e+07 2.3198e+07 7.14649e+06 9.5654e+06 1.03344e+07 1.96505e+07 4.75103e+06 4.07486e+06 4.66122e+06 1.54303e+06 8.79138e+06 4.1341e+06 1.23726e+07 2.39546e+06 2.16832e+06 3.78388e+06 967148 7.27793e+06 3.54746e+06 1.83461e+06 7.02509e+06 1.74471e+06 3.67339e+06 2.01249e+06 4.90418e+06 1.01366e+07 1.6609e+06
internal_count=34450160 15806017 18644143 8223000 7583017 6153109 12491034 5064346 5809396 3453761 3158654 5358657 1116689 3947657 4929317 4101817 2699348 1935457 2450590 1003171 1707579 1773621 1351939 2943500 1649990 4517505 2307621 7132377 3195368 2209884
is_linear=0
shrinkage=0.1


Tree=5
num_leaves=31
num_cat=0
split_feature=2 9 9 2 11 11 11 9 3 3 11 8 2 2 3 11 8 2 7 11 9 11 8 10 11 8 10 11 8 7
split_gain=2.02931e+07 3.49768e+06 2.17327e+06 980929 862618 788619 536581 513009 500153 314377 290900 289455 213588 169818 168182 161489 149055 148145 146502 129048 125123 115339 114789 113170 100877 124310 90224.4 87422.9 83829.6 91991.9
threshold=1.0645016431808474 9.7019462585449237 13.52000141143799 63.433809280395515 0.28313308994381592 0.14888728888808328 0.080547328232315238 12.702729225158693 26.500000000000004 35.500000000000007 -0.71502926860092908 18.616177558898929 14.759875774383547 20.183384895324711 22.500000000000004 -0.73865259438682551 21.580000877380375 215.81109619140628 19.73261642456055 -0.8142754349318998 10.593381404876711 0.76556758748011056 29.965634346008304 0.15951094710994371 -0.86974577485258975 32.457225799560554 0.54219432480460406 -0.86974577485258975 19.211283683776859 19.650196075439457
decision_type=2 10 8 2 2 2 2 8 2 2 2 10 2 2 2 2 10 2 10 2 10 2 10 2 2 10 2 2 10 8
left_child=2 3 4 6 9 7 12 13 15 20 17 23 22 -3 28 -4 -17 -5 -8 -11 -1 -13 -2 -7 -9 -26 -18 -22 -6 -30
right_child=1 5 8 10 14 11 18 24 -10 19 -12 21 -14 -15 -16 16 26 -19 -20 -21 27 -23 -24 -25 25 -27 -28 -29 29 -31
leaf_value=0.0011536959533048666 -0.0068862198420302743 0.0075445793848027678 -0.051066101254389873 0.085545558100125499 -0.031424438948814665 -0.07235723899733465 -0.050326385062788387 0.0037188760941123458 -0.15715428325245479 -0.038524860618881857 0.059027554740299561 -0.054595770154128975 0.056528997462563582 0.04062584251893004 -0.13029158760840737 -0.061556324052451511 -0.140028829276932 0.12120725806492888 0.011145927711159933 -0.13460959648694984 -0.00037065456203719277 -0.10633846126950386 0.03711326391593233 0.026803982390550429 -0.0092332633237897175 -0.063099360827649761 -0.10708220004747698 -0.049786627357445989 -0.10919269271162124 -0.055299724504235571
leaf_weight=1858533.7564049363 751895.99255496264 3101396.0478673577 444650.68350332975 6155246.0969815254 294505.40606969595 145263.16813921928 614740.87187296152 654807.76246845722 4059335.1199715734 233131.49089074135 4020559.1185303926 1790529.505264461 9528421.6775240898 3105559.6602571607 1091300.9878664613 462899.40074014664 1526923.1693682075 1436801.4512587786 1049679.9341514707 349075.25002723932 497080.48779630661 567296.08314412832 2804509.9527577162 554152.76627397537 701886.30271571875 1099622.7039447427 1824227.7958502769 1279587.2906114459 897274.24173593521 489523.0540676713
leaf_count=1094955 425452 1670503 380555 1570175 249757 127390 485509 360232 6364577 183392 1354560 1540181 3325870 1278983 1511354 443524 2177102 237031 559116 472251 301535 628735 1176350 291755 468176 961554 2214650 1096205 1058371 440360
internal_value=-0.000258069 0.0388296 -0.097498 0.0590372 -0.0563955 -0.00662125 0.0419208 0.0087881 -0.132038 -0.0279121 0.0807767 -0.0502865 0.0487235 0.0240963 -0.0997215 -0.108098 -0.114747 0.0922946 -0.0115584 -0.0961346 -0.0169857 -0.0670451 0.0278109 0.00620898 -0.0298948 -0.0421126 -0.122094 -0.0359609 -0.0798791 -0.0901691
internal_weight=5.33904e+07 3.80824e+07 1.5308e+07 2.63619e+07 6.99001e+06 1.17205e+07 1.47492e+07 8.66327e+06 8.31804e+06 4.21741e+06 1.16126e+07 3.05724e+06 1.30848e+07 6.20696e+06 2.7726e+06 4.2587e+06 3.81405e+06 7.59205e+06 1.66442e+06 582207 3.6352e+06 2.35783e+06 3.55641e+06 699416 2.45632e+06 1.80151e+06 3.35115e+06 1.77667e+06 1.6813e+06 1.3868e+06
internal_count=34450160 16461572 17988588 9134063 6408180 7327509 5972297 4739448 11580408 3148338 3161766 2588061 4927672 2949486 3259842 5215831 4835276 1807206 1044625 655643 2492695 2168916 1601802 419145 1789962 1429730 4391752 1397740 1748488 1498731
is_linear=0
shrinkage=0.1


Tree=6
num_leaves=31
num_cat=0
split_feature=3 2 9 7 11 7 3 10 2 3 9 11 3 7 8 11 11 2 9 4 8 11 8 4 11 10 11 7 10 8
split_gain=1.70795e+07 2.7188e+06 2.40614e+06 794847 745252 742708 581722 452753 445712 301578 217957 215588 166774 141641 138620 198597 130297 126972 119345 111925 104672 104165 94033 93081.2 92018.4 91350.7 81457 77766.3 83789.5 70621.6
threshold=3.5000000000000004 20.183384895324711 13.280001640319826 21.620153427124027 -0.19337245081799007 19.73261642456055 26.500000000000004 0.65233619298682533 91.522487640380874 19.500000000000004 16.054862022399906 0.67007489853957602 13.500000000000002 19.040272712707523 21.923569679260257 0.011826144619637555 -0.86974577485258975 234.51544952392581 10.642842292785646 1.7628858089447024 33.328573226928718 -0.17646730165275518 17.080183029174808 0.016939329914748672 -0.77243990499604276 0.48314048284850658 0.86869874770991873 19.130130767822269 0.96234642434711437 33.171485900878913
decision_type=2 2 8 10 2 10 2 2 2 2 10 2 2 8 10 2 2 2 8 8 10 2 8 10 2 2 2 8 2 10
left_child=1 3 5 11 8 12 10 23 13 18 14 20 25 -3 -4 -16 -11 -10 -7 -15 27 -20 -13 -5 -8 -2 -6 28 -1 -9
right_child=2 4 6 7 26 9 24 29 17 16 -12 22 -14 19 15 -17 -18 -19 21 -21 -22 -23 -24 -25 -26 -27 -28 -29 -30 -31
leaf_value=-0.041514437243831019 -0.081743535077704432 0.0022365448935954715 -0.03798456619758625 0.0080434325006149259 0.020299361189157247 0.0023092584040792798 -0.072197803961077042 0.026232808389237056 0.077485240807448966 -0.0099702177735125699 -0.12777905689095695 -0.022031086587314164 -0.11835201414829513 0.041616464959745497 -0.058175039753543656 -0.11495766628282796 -0.091456477697477223 0.11030075842065096 -0.012644247996447533 0.061805888769338159 -0.073954576659564161 -0.065272733195291519 -0.090516981070884073 0.035895656830767564 -0.15274671891078639 -0.017516216943397288 -0.038850953735613536 0.0015700658761415938 0.010766744320539576 -0.05368030205766762
leaf_weight=1402856.7585378289 808692.7510394454 520395.65297085047 571275.65891319513 1608153.1947617531 3619500.4542725086 2548097.6576312184 147304.52120518684 126610.16552370787 5888478.9482218623 261357.91136050224 1610913.3508170247 267168.16036206484 1158416.4419530034 4003976.5967661142 1020809.7818053365 1553015.4735205173 787476.10574132204 1474303.6375065446 994765.23116636276 8738828.4972664714 351171.84965598583 604687.65536820889 803219.45062047243 4726423.0621775985 3813235.7450868487 304955.60450154543 248821.8286908865 1366341.1316747069 392265.05864006281 873780.92781728506
leaf_count=1136550 842187 273161 497247 866119 1766723 1431919 157699 60793 1553441 174884 2216060 199322 1601908 1525830 1000968 2103866 947717 263962 644521 2788966 337989 553874 878699 2027764 6414502 238253 184098 785749 245741 729648
internal_value=-0.000279692 0.0377119 -0.0857515 -0.00146185 0.0567724 -0.0440971 -0.121442 0.0189516 0.0643263 -0.0232448 -0.0978671 -0.0341329 -0.0917879 0.0533737 -0.0825463 -0.092437 -0.071151 0.0840561 -0.0111303 0.0554621 -0.0221603 -0.0325409 -0.0734229 0.0288248 -0.149751 -0.0641559 0.0164946 -0.016407 -0.0300901 -0.0435664
internal_weight=5.25973e+07 3.64123e+07 1.6185e+07 1.1918e+07 2.44943e+07 7.46845e+06 8.71655e+06 7.33497e+06 2.0626e+07 5.19638e+06 4.75601e+06 4.58302e+06 2.27206e+06 1.32632e+07 3.1451e+06 2.57383e+06 1.04883e+06 7.36278e+06 4.14755e+06 1.27428e+07 3.51263e+06 1.59945e+06 1.07039e+06 6.33458e+06 3.96054e+06 1.11365e+06 3.86832e+06 3.16146e+06 1.79512e+06 1.00039e+06
internal_count=34450160 15624555 18825605 7268374 8356181 6435263 12390342 3684324 6405360 3752915 5818141 3584050 2682348 4587957 3602081 3104834 1122601 1817403 2630314 4314796 2506029 1198395 1078021 2893883 6572201 1080440 1950821 2168040 1382291 790441
is_linear=0
shrinkage=0.1


Tree=7
num_leaves=31
num_cat=0
split_feature=2 9 9 2 11 4 11 3 9 3 11 11 11 2 3 11 2 7 8 10 2 11 9 8 8 11 7 8 8 7
split_gain=1.41794e+07 2.60648e+06 1.62964e+06 722049 664905 614035 400313 374137 238260 237870 230790 212641 195308 167339 158470 125174 119959 117683 107921 107845 106942 106315 105409 87931.6 85631.5 85114.9 78402.4 77918.7 74716.7 73749.6
threshold=0.67805093526840221 9.650057792663576 14.049999713897707 71.720588684082045 0.28313308994381592 1.0000000180025095e-35 0.080547328232315238 23.500000000000004 14.090000629425051 58.500000000000007 -0.86974577485258975 -0.7614016681079937 -0.17646730165275518 13.444333553314211 25.500000000000004 0.84199059757024453 12.664200782775881 17.211653709411625 19.211283683776859 0.52766072109828632 200.97452545166018 -0.8142754349318998 16.200165748596195 30.098591804504398 22.226320266723636 -0.75013812021657655 18.654123306274418 32.831430435180671 17.882857322692875 24.170306205749515
decision_type=2 10 8 2 2 8 2 2 8 2 2 2 2 2 2 2 2 10 10 2 2 2 10 10 10 2 8 10 10 8
left_child=2 3 4 6 9 8 13 22 12 17 26 20 -3 23 18 -8 -12 -1 -6 29 -5 -11 -4 -2 -10 -15 -7 -21 -14 -19
right_child=1 5 7 11 14 10 15 -9 24 21 16 -13 28 25 -16 -17 -18 19 -20 27 -22 -23 -24 -25 -26 -27 -28 -29 -30 -31
leaf_value=-0.099219903496464382 -0.0080924424932500068 0.0018009100859942085 -0.082950629788902178 0.074345349740957439 -0.01977122566544583 -0.034439871896450057 0.0038599132476834089 -0.145196624657081 -0.013128806579153504 -0.03759654665363308 -0.019530228437971399 0.0517183881338035 0.0014275492747586583 0.055367993632110701 -0.11955545261376364 -0.063871593537899479 0.013864565230047123 -0.024059056631982455 -0.083212952931968731 0.032678957901735563 0.10534985419871315 -0.1358185802159384 -0.12123589222489711 0.030671717791538738 -0.076127581622939963 0.037448037206212745 0.0425719959821729 -0.054506671308790083 -0.051744435071563677 0.010387086485192249
leaf_weight=177200.42043939233 755490.2236956954 2137662.043033123 1894050.7121916413 4677578.8107306957 324853.59402215481 140345.47227567434 1421177.5589339733 3560210.6677182913 260395.75193232298 184797.75294393301 1874578.5462704301 3841207.0402066112 319378.53657650948 6052684.5204179883 1134465.9419679344 337688.17321580648 2523942.7398918271 1110915.4710740447 1535756.7879226208 116507.47377547622 1459651.357899785 272983.37365162373 1159321.1217150688 2595695.6411577463 1258672.8344744444 4715470.0033522844 2276237.9880963564 853001.90943387151 1531649.0688931346 1411005.292193085
leaf_count=209920 433715 1193487 2319819 1209722 276674 96202 796213 6267838 193047 151604 1366052 1268259 201303 1979203 1750809 307309 1309071 827801 1814525 67759 260089 423681 1683854 1106778 1280233 1801829 892847 813099 1337591 809827
internal_value=-0.000293231 0.0310529 -0.0874264 0.0490906 -0.0542321 -0.00679502 0.0358433 -0.12317 -0.0316258 -0.0281998 0.0132724 0.0701704 -0.0187903 0.0414475 -0.0900976 -0.009144 -0.000367755 -0.0197186 -0.0721363 -0.0156836 0.0817193 -0.0961682 -0.097487 0.0219327 -0.0653285 0.0475207 0.0380995 -0.0440294 -0.0425701 -0.00478657
internal_weight=5.19146e+07 3.81795e+07 1.37351e+07 2.58566e+07 7.12149e+06 1.23229e+07 1.58782e+07 6.61358e+06 5.50776e+06 4.12641e+06 6.8151e+06 9.97844e+06 3.98869e+06 1.41193e+07 2.99508e+06 1.75887e+06 4.39852e+06 3.66863e+06 1.86061e+06 3.49143e+06 6.13723e+06 457781 3.05337e+06 3.35119e+06 1.51907e+06 1.07682e+07 2.41658e+06 969509 1.85103e+06 2.52192e+06
internal_count=34450160 17032950 17417210 9163117 7145699 7869833 6425047 10271511 4205661 3303691 3664172 2738070 2732381 5321525 3842008 1103522 2675123 2728406 2091199 2518486 1469811 575285 4003673 1540493 1473280 3781032 989049 880858 1538894 1637628
is_linear=0
shrinkage=0.1


Tree=8
num_leaves=31
num_cat=0
split_feature=3 2 9 7 3 11 10 3 11 2 4 11 11 10 5 9 8 9 8 11 7 10 0 8 3 10 8 10 8 10
split_gain=1.18393e+07 2.14413e+06 1.58368e+06 697828 616721 570771 387549 310200 305181 240471 179307 173699 159765 115133 110765 108507 102970 96830.9 130689 105129 86746.6 86134.3 81390.2 81189.7 80205.1 86696.5 79248.3 74917.6 69245.4 71591.6
threshold=4.5000000000000009 23.199997901916507 14.309998512268068 20.920034408569339 24.500000000000004 -0.6652727025667432 0.66527693225344786 32.500000000000007 -0.15950993297387572 112.50811767578126 1.2656208872795107 -0.82413948779581736 0.19969739736768838 0.21022171450811275 0.16920451074838641 16.558690071105961 32.73481750488282 10.809999942779543 19.805377960205082 0.76556758748011056 19.31424713134766 -0.45274443793211405 9.7174654006958026 34.798601150512702 138.50000000000003 0.55656748448714433 33.924226760864265 -0.074117382312902977 33.380012512207038 0.79904096188274243
decision_type=2 2 10 8 2 2 2 2 2 2 8 2 2 2 10 8 10 8 8 2 8 2 2 10 2 2 8 2 8 2
left_child=1 3 4 12 8 9 14 15 -2 20 -7 26 28 -14 -5 21 -8 -10 -19 -20 -3 -4 -11 -22 25 -13 -6 -9 29 -1
right_child=2 5 7 6 11 10 16 27 17 22 -12 24 13 -15 -16 -17 -18 18 19 -21 23 -23 -24 -25 -26 -27 -28 -29 -30 -31
leaf_value=-0.022998531820778587 -0.0091263046778757972 -0.0095321455059413657 -0.11848927433338768 0.0035027484657627638 -0.13905817750476943 0.0074827435656950663 0.024841502868932396 -0.17154292287547954 -0.027962294398458244 0.060961867836550936 0.037637262875342074 -0.11807487891303935 -0.078409713032483078 -0.033150999893748541 0.02903116567077443 -0.12312626149922845 -0.048570947006549826 -0.0059544971489130932 -0.062272334661180165 -0.11646509537064875 0.056756123436013828 -0.073470264980590824 0.09016051866367919 0.030897291467805229 -0.16590560633167947 -0.07242303109911917 -0.0067015704520498424 -0.13397261230099475 -0.069922830486610785 0.016344845226186573
leaf_weight=1351307.2669969201 2771075.3851895928 226762.81440186501 581481.57800480723 2390781.4259157181 53972.618091464043 2916525.3271680474 230236.82557278872 766902.56685099006 911558.85482627153 1459665.4834891558 6088565.79923141 1011522.9350344837 983964.58228546381 1310919.250077486 5879263.7838351429 1196179.1773316562 1122847.7854807377 300049.78844571114 1293150.2971874475 494982.75817656517 8418842.8202971816 1579226.1286802888 2759305.8490549326 1418801.5761761069 202057.31294637918 706571.56062346697 279515.20401877165 1723660.5756431222 209204.75708797574 703183.80686920881
leaf_count=915641 1810822 120831 912926 1329754 66697 1477171 113525 1584033 745949 392333 2327813 1650452 1069325 1157783 2561765 1886245 957519 235034 1412409 708500 2577159 1957524 573306 558744 373708 960672 201566 3184408 207723 418823
internal_value=-0.000297623 0.0289205 -0.0792203 -0.00173362 -0.0503772 0.0475876 0.0135338 -0.118802 -0.0330527 0.0600181 0.027871 -0.0947394 -0.0339631 -0.0525563 0.0216512 -0.0989627 -0.0360793 -0.0551553 -0.0670259 -0.0772737 0.0516172 -0.0855856 0.0800585 0.0530267 -0.106309 -0.0993004 -0.0281225 -0.145541 -0.0151137 -0.00953261
internal_weight=5.13421e+07 3.74702e+07 1.38719e+07 1.41817e+07 8.02446e+06 2.32885e+07 9.62313e+06 5.84745e+06 5.77082e+06 1.42834e+07 9.00509e+06 2.25364e+06 4.55858e+06 2.29488e+06 8.27005e+06 3.35689e+06 1.35308e+06 2.99974e+06 2.08818e+06 1.78813e+06 1.00644e+07 2.16071e+06 4.21897e+06 9.83764e+06 1.92015e+06 1.71809e+06 333488 2.49056e+06 2.2637e+06 2.05449e+06
internal_count=34450160 16759215 17690945 8731858 8165809 8027357 4962563 9525136 4912714 4222373 3804984 3253095 3769295 2227108 3891519 4756695 1071044 3101892 2355943 2120909 3256734 2870450 965639 3135903 2984832 2611124 268263 4768441 1542187 1334464
is_linear=0
shrinkage=0.1


Tree=9
num_leaves=31
num_cat=0
split_feature=3 9 9 2 11 11 11 11 2 3 3 4 10 2 8 11 7 9 3 3 7 10 8 11 7 10 8 11 0 10
split_gain=9.85223e+06 2.38956e+06 911051 815274 422967 418181 357534 237381 205870 178185 169859 163104 155398 128171 110428 117902 102540 93094.6 92054.8 87643.6 83746.5 81148.2 110351 93924.7 80499.9 75915.1 72657.1 123137 69944.9 69562.1
threshold=7.5000000000000009 10.980000019073488 14.810787200927736 48.708066940307624 0.45847758937963173 0.011826144619637555 -0.86974577485258975 -0.7614016681079937 7.7000012397766122 37.500000000000007 33.500000000000007 1.1541715860366824 0.49812943072827093 200.97452545166018 19.805377960205082 0.68274389090025245 22.790231704711918 15.59999990463257 452.00000000000006 89.500000000000014 17.310421943664554 0.49812943072827093 32.831430435180671 -0.19337245081799007 19.227850914001468 0.61237135649459018 27.515900611877445 0.011826144619637555 1.896825969219208 -0.074117382312902977
decision_type=2 10 10 2 2 2 2 2 2 2 2 10 2 2 8 2 10 8 2 2 10 2 10 2 8 2 8 2 2 2
left_child=1 3 5 4 11 12 20 13 17 14 26 16 18 -5 -7 -16 -1 -8 24 -14 -3 23 -23 -10 -2 -18 -4 -28 -9 -12
right_child=2 6 10 7 -6 9 8 28 21 -11 29 -13 19 -15 15 -17 25 -19 -20 -21 -22 22 -24 -25 -26 -27 27 -29 -30 -31
leaf_value=-0.0037306306131410063 -0.093921622983089023 -0.070846188393054357 -0.072136296887796034 0.057988312962258926 -0.033508501515667886 -0.015593158044151303 -0.041284110095476584 0.021835111393798182 0.016692365980185173 -0.11774167676585955 -0.17071889365047993 0.03472482496173155 -0.046575362714999964 0.090924403901150877 -0.056904618114952232 -0.10327449858890897 0.025387417351318949 -0.080282570868216482 -0.19968890842998094 -0.1171523612989121 0.018988114522433389 0.011968338162360235 -0.033047521194451542 -0.056248119846576884 -0.0023566647126540986 -0.025908613986128943 -0.076331955216226252 -0.13354200626447649 0.044878584297345488 -0.13053684672452637
leaf_weight=2244760.5682603121 102907.58511507511 109649.86695355177 575450.96505180001 7074482.9386506081 1344922.6685681045 330326.72512254119 3027873.588264823 1918372.9842716455 230669.31432360411 1096574.2180913091 616850.79883247614 8072713.9384096265 878529.80672428012 1418425.2349978685 1230696.2469193637 988977.93193638325 4535670.2177253962 767207.43174880743 25600.755256086588 220016.75426128507 1936026.1982250214 1456472.1882195473 869748.0968824625 752312.77029812336 1433409.4301712811 308108.50626456738 580574.95231387019 1068863.686524719 4203515.1401705742 1428677.5317709148
leaf_count=1266924 126866 93964 797068 1980617 1104704 297493 2837224 780569 118114 1943863 1386547 3134092 924687 266044 1431212 1483471 1980793 942480 44308 364996 933598 864753 640069 679053 947988 191419 781403 1897032 1410838 2797971
internal_value=-0.000299678 0.0222595 -0.0861879 0.0354678 0.0202378 -0.0620387 -0.0226646 0.0526687 -0.033272 -0.0840328 -0.121854 0.0250056 -0.0318925 0.0634891 -0.069537 -0.0775648 0.0139369 -0.049168 -0.0116239 -0.0607105 0.0141729 -0.0150421 -0.00486259 -0.0391317 -0.00848999 0.0221245 -0.102731 -0.113405 0.0376576 -0.142654
internal_weight=5.08484e+07 4.02709e+07 1.05775e+07 3.1121e+07 1.65062e+07 6.30704e+06 9.14996e+06 1.46148e+07 7.10428e+06 3.64658e+06 4.27042e+06 1.51613e+07 2.66046e+06 8.49291e+06 2.55e+06 2.21967e+06 7.08854e+06 3.79508e+06 1.56192e+06 1.09855e+06 2.04568e+06 3.3092e+06 2.32622e+06 982982 1.53632e+06 4.84378e+06 2.22489e+06 1.64944e+06 6.12189e+06 2.04553e+06
internal_count=34450160 19225255 15224905 12116000 7677932 7564884 7109255 4438068 6081693 5156039 7660021 6573228 2408845 2246661 3212176 2914683 3439136 3779704 1119162 1289683 1027562 2301989 1504822 797167 1074854 2172212 3475503 2678435 2191407 4184518
is_linear=0
shrinkage=0.1


Tree=10
num_leaves=31
num_cat=0
split_feature=3 9 4 9 5 11 7 11 2 3 9 11 3 10 5 11 11 8 8 11 8 11 11 3 10 10 10 10 3 7
split_gain=8.17985e+06 2.10678e+06 728990 722582 341729 310725 306414 293759 195243 168909 162375 127425 124639 111084 106640 105100 102083 122239 90614.2 88556.9 84734.7 111754 83451.1 78488 77218.7 73320 68798.1 67850.6 65940 66425.8
threshold=8.5000000000000018 11.089108467102053 3.4411041736602788 14.810787200927736 1.0000000180025095e-35 0.011826144619637555 21.920111656188968 -0.22700609751797865 112.50811767578126 33.500000000000007 15.160000324249269 0.28313308994381592 37.500000000000007 0.57077594689671507 1.0000000180025095e-35 -0.86974577485258975 0.87291090774974645 17.080183029174808 20.790689468383793 0.68274389090025245 27.251429557800297 1.0000000180025095e-35 -0.17646730165275518 112.50000000000001 -0.082689790342551819 -0.048361574224334618 0.43733377705052551 0.27694220057652758 452.00000000000006 19.040272712707523
decision_type=2 10 8 8 8 2 10 2 2 2 10 2 2 2 10 2 2 8 10 2 10 2 2 2 2 2 2 2 2 10
left_child=1 2 6 5 10 13 11 8 -4 20 16 26 18 28 -8 -6 17 -3 -7 -20 -5 -22 -19 -15 -11 -26 -1 -14 29 -2
right_child=3 4 7 9 15 12 14 -9 -10 24 -12 -13 27 23 -16 -17 -18 22 19 -21 21 -23 -24 -25 25 -27 -28 -29 -30 -31
leaf_value=-0.005128296810158822 -0.095677970862070791 0.047192169796763168 0.044247948746702292 -0.062198960244490953 0.02390780815504882 -0.017238514608480842 0.010470102014708755 0.014398542219911473 0.070188441408543564 -0.1656221675633244 -0.06973804579736817 -0.035235882405883226 -0.1339832746882865 -0.04640748710806096 0.030997910448139911 -0.011399240072119829 -0.075328560337851611 -0.013534763172290227 -0.055133035945746339 -0.098412659175841355 -0.06940160982614077 -0.12668274125375126 -0.045061751112180165 -0.12873003220425702 -0.0030926166477736783 -0.12710016942380331 0.031917947335054639 -0.082393719238840618 -0.1996664090331321 -0.0059345800866359016
leaf_weight=2059951.3554365635 87996.618443101645 227766.36148935556 9514577.531421423 573800.70901304483 1234939.8087161183 324045.93067681789 3758725.6036729813 2425311.3933996558 4174488.0160338879 598231.40844637156 1310507.5124087036 1199243.8900603056 512507.95252609253 730006.40320804715 7745716.3610169291 2657144.3761022985 428790.98720574379 1768278.6580709815 1060845.7339587808 852862.57650104165 514845.52309167385 1006354.2961983383 1598628.7867643535 137654.00196307898 49401.085406959057 1367665.0814690888 662510.7041362524 507260.85437509418 18887.225837647915 1314831.5300724804
leaf_count=1115102 115491 110251 3115322 781102 562602 304891 1815127 1175375 974886 1440173 1537259 1009939 1018571 820847 2961013 1913063 502444 1214957 1273187 1337120 705188 1872520 1560498 259891 63591 2823152 290395 836673 34781 904749
internal_value=-0.000297638 0.0193056 0.0316007 -0.0830502 -0.0227268 -0.0595036 0.0160624 0.0464754 0.0521585 -0.114827 -0.0391667 -0.00807671 -0.0793452 -0.0312712 0.0242911 -0.000196482 -0.0292091 -0.0237077 -0.0661405 -0.074421 -0.0949444 -0.107296 -0.028504 -0.0594679 -0.135495 -0.122777 0.0038869 -0.108321 -0.0140629 -0.011564
internal_weight=5.04238e+07 4.07666e+07 3.15405e+07 9.6572e+06 9.22606e+06 5.5469e+06 1.54261e+07 1.61144e+07 1.36891e+07 4.1103e+06 5.33397e+06 3.92171e+06 3.25752e+06 2.28938e+06 1.15044e+07 3.89208e+06 4.02346e+06 3.59467e+06 2.23775e+06 1.91371e+06 2.095e+06 1.5212e+06 3.36691e+06 867660 2.0153e+06 1.41707e+06 2.72246e+06 1.01977e+06 1.42172e+06 1.40283e+06
internal_count=34450160 19858233 12457159 14591927 7401074 6906201 7191576 5265583 4090208 7685726 4925409 2415436 4770442 2135759 4776140 2475665 3388150 2885706 2915198 2610307 3358810 2577708 2775455 1080738 4326916 2886743 1405497 1855244 1055021 1020240
is_linear=0
shrinkage=0.1


Tree=11
num_leaves=31
num_cat=0
split_feature=2 3 11 9 9 2 7 7 9 11 2 11 10 8 3 10 3 11 10 8 4 0 8 10 10 3 8 9 10 11
split_gain=6.78607e+06 1.76003e+06 700572 476523 453634 409958 221118 204692 170880 125369 112311 110184 118404 170095 106429 95199.7 92264 86092.6 84756.3 82658 71155.4 69948.4 67708.5 66411.6 62851.6 65452.7 56649.8 60865.3 57723.6 53874.1
threshold=6.1459491252899179 13.500000000000002 -0.16799793862756093 15.1109676361084 12.150000095367433 70.387599945068374 19.130130767822269 23.700026512146 12.350000858306887 0.98332250088165762 260.54122924804693 -0.75013812021657655 0.48314048284850658 31.094925880432132 1.5000000000000002 -0.082689790342551819 38.500000000000007 -0.17646730165275518 0.49812943072827093 29.084286689758304 0.056989222764968879 1.3469030857086184 20.31369781494141 0.27694220057652758 -0.03977009085991149 54.500000000000007 16.131060600280765 10.920000553131105 0.89787622492179153 0.81304046271159414
decision_type=2 2 2 8 10 2 10 10 10 2 2 2 2 8 2 2 2 2 2 8 8 2 10 2 2 2 8 10 2 2
left_child=1 4 5 7 6 8 -1 16 19 14 21 -6 17 -14 -4 -5 22 -13 -9 -2 -21 -7 29 -18 -17 -26 -16 -28 -29 -3
right_child=2 3 9 15 11 10 -8 18 -10 -11 -12 12 13 -15 26 24 23 -19 -20 20 -22 -23 -24 -25 25 -27 27 28 -30 -31
leaf_value=-0.045104367876329515 0.0069334087635002321 -0.14685083423160092 0.0079575034110771787 -0.14335893894995802 -0.01598692671321679 0.030285584475490925 0.0025136692015390173 -0.0034256317843822668 -0.0077545597118194795 -0.095680670280628141 0.081920137399682416 0.0098981179391276486 -0.0098454594351436459 -0.06430927438938093 0.03288360914699897 -0.0047340187586817888 -0.12681896771453116 -0.08344537418894131 -0.056405445018531113 0.015506418713183277 0.034494079243601254 0.052185354884227014 -0.072027226249179441 -0.07919489016274972 -0.092515193007163432 -0.12898046318829701 -0.0060674731586628896 -0.063409437775541602 -0.0074352859083748144 0.010956136690891266
leaf_weight=1201770.1629748046 1607092.2645201087 24820.115514069796 4187983.5610775352 970650.07557249069 906469.20970606804 1866137.9623032212 5171852.4696674347 585563.84038820863 1441120.9259980917 142253.95334243774 1059456.2561525702 106405.1518522501 1011963.105992198 1323209.1929332614 172848.07065498829 60235.543830633163 546510.83108735085 1384157.4751770198 623469.44923490286 2423712.8674339652 10627982.298076689 6676376.4731705785 1567958.3077039123 630773.21836650372 1129411.4234573245 872485.64124804735 720873.27267479897 578464.98458245397 270338.73098552227 168502.76353749633
leaf_count=1165537 725401 41105 2247314 2233311 660696 627655 2978312 423319 920830 159533 203284 78932 941551 1584663 89365 76707 1137500 1951819 817684 1087262 3801176 1836975 2286577 1076744 2001958 1931967 425260 586802 202442 148479
internal_value=-0.000292148 -0.0488253 0.0276385 -0.0874086 -0.0238796 0.0348562 -0.00646489 -0.0653798 0.0251028 -0.00290893 0.05121 -0.0473348 -0.0547623 -0.040707 -0.000683635 -0.117535 -0.0796295 -0.076782 -0.030746 0.0283331 0.0309681 0.0474013 -0.0651426 -0.101303 -0.105379 -0.108408 -0.0214517 -0.027435 -0.045582 -0.0093042
internal_weight=5.00608e+07 1.82862e+07 3.17746e+07 7.18038e+06 1.11058e+07 2.57019e+07 6.37362e+06 4.1476e+06 1.60999e+07 6.07276e+06 9.60197e+06 4.7322e+06 3.82573e+06 2.33517e+06 5.93051e+06 3.03278e+06 2.93857e+06 1.49056e+06 1.20903e+06 1.46588e+07 1.30517e+07 8.54251e+06 1.76128e+06 1.17728e+06 2.06213e+06 2.0019e+06 1.74253e+06 1.56968e+06 848804 193323
internal_count=34450160 21536861 12913299 12175351 9361510 9202583 4143849 5931408 6534669 3710716 2667914 5217661 4556965 2526214 3551183 6243943 4690405 2030751 1241003 5613839 4888438 2464630 2476161 2214244 4010632 3933925 1303869 1214504 789244 189584
is_linear=0
shrinkage=0.1


Tree=12
num_leaves=31
num_cat=0
split_feature=3 2 9 9 11 7 11 4 9 3 3 2 3 10 8 10 11 11 11 8 11 10 11 10 11 8 11 10 8 10
split_gain=5.61636e+06 1.51125e+06 579152 413153 392135 252833 252326 154517 147284 119817 116927 112042 106538 96735.9 81342.8 77848.1 76920.5 76803.6 75091.8 72076.3 86276.2 69905.6 67947.3 65085.3 64454.6 61296 90869.3 59653.4 64921.7 70204
threshold=8.5000000000000018 15.622578620910646 15.1109676361084 13.69999933242798 -0.6652727025667432 19.401484489440922 0.011826144619637555 5.0894865989685067 9.0407443046569842 33.500000000000007 37.500000000000007 178.99919128417972 89.500000000000014 0.96465729447553372 21.923569679260257 -0.074117382312902977 -0.21862536810265826 0.68274389090025245 0.96633974041180493 19.211283683776859 0.80798785254895478 -0.40614700388750385 -0.83375966452616657 -0.022576249993022688 0.97263757644091875 27.515900611877445 0.029024409397335523 -0.51297808981038739 32.327142715454109 0.89404822654372251
decision_type=2 2 10 10 2 8 2 8 10 2 2 2 2 2 8 2 2 2 2 8 2 2 2 2 2 10 2 2 10 2
left_child=1 3 6 5 7 13 12 -3 24 25 14 -9 -2 19 -8 -11 -7 -16 27 -1 -21 -12 -14 -17 -6 -4 -27 -5 -29 -30
right_child=2 4 9 18 8 16 10 11 -10 15 21 -13 22 -15 17 23 -18 -19 -20 20 -22 -23 -24 -25 -26 26 -28 28 29 -31
leaf_value=-0.0043507064115078584 -0.018061631623028897 0.028906244293705918 -0.053481905528897457 -0.080280107035176032 0.025112063288050337 0.010856344001607307 -0.014888094377407873 0.043709634560896181 0.00018694870460840365 -0.15740213214817048 -0.15690311227964274 0.073355696049852231 -0.027010860775588681 0.027965930352145448 -0.047413039002185603 -0.010386837713021058 -0.010297120719160162 -0.086922359198752741 -0.11873776679802953 -0.035942432883652863 -0.09114132928514472 -0.085416625306820676 -0.11523117416971165 -0.11480151310234175 -0.11050976840111748 -0.061273511973063612 -0.11682980349502969 -0.017759676075713299 -0.033179708233786478 -0.082757914000071875
leaf_weight=478796.18002933264 2059699.0107234418 6840453.9457398653 450401.9260366261 341791.55006301403 6643733.1334785223 6793430.3693726659 393764.65637281537 7160802.4004616737 4028620.7984856069 468596.45849815011 160129.14888557792 1550926.4512462616 153177.270873487 245455.17621192336 1130474.0289039612 63086.500683069229 2301346.1655237973 871190.70303750038 131305.59009638429 1239144.2326731384 367029.21856796741 938656.21853688359 203011.72734332085 1111454.8569666445 35228.301576554775 465219.5200561583 801849.76823186874 1090339.4046027064 783348.62085154653 449508.13423448801
leaf_count=372503 1809700 2460399 658469 478219 2549777 3382594 390536 2154457 2274817 1290723 395029 306976 134538 139697 1415212 88046 1576525 1432934 216956 1099476 494260 1768094 400278 2503864 37290 673742 1630762 1021952 711366 580969
internal_value=-0.000282392 0.0157963 -0.0704914 -0.0104588 0.0300153 -0.00202653 -0.051644 0.040155 0.015288 -0.103637 -0.068825 0.0489874 -0.0267944 -0.0314141 -0.0564356 -0.122942 0.00550366 -0.0646088 -0.0449115 -0.0384046 -0.048556 -0.0958346 -0.0772925 -0.109193 0.0243967 -0.0851682 -0.0964317 -0.041274 -0.0355354 -0.0512563
internal_weight=4.9752e+07 4.04813e+07 9.27071e+06 1.42215e+07 2.62598e+07 1.14252e+07 5.9101e+06 1.55522e+07 1.07076e+07 3.36061e+06 3.49421e+06 8.71173e+06 2.41589e+06 2.33042e+06 2.39543e+06 1.64314e+06 9.09478e+06 2.00166e+06 2.79629e+06 2.08497e+06 1.60617e+06 1.09879e+06 356189 1.17454e+06 6.67896e+06 1.71747e+06 1.26707e+06 2.66499e+06 2.3232e+06 1.23286e+06
internal_count=34450160 19858233 14591927 10074517 9783716 7065055 7746321 4921832 4861884 6845606 5401805 2461433 2344516 2105936 3238682 3882633 4959119 2848146 3009462 1966239 1593736 2163123 534816 2591910 2587067 2962973 2304504 2792506 2314287 1292335
is_linear=0
shrinkage=0.1


Tree=13
num_leaves=31
num_cat=0
split_feature=4 3 2 9 9 7 11 11 3 8 11 10 11 2 11 10 10 10 8 11 10 10 3 11 8 11 6 10 11 8
split_gain=4.69725e+06 1.51339e+06 541267 377384 331727 245717 163959 150971 145210 142737 203348 139717 122935 89622.3 79647.4 78379.5 74027.8 69572.2 67852.5 137982 116579 55582.6 53220.8 62155.4 52944.5 52645.1 50406 48677.1 47381.9 46809.6
threshold=1.0000000180025095e-35 13.500000000000002 33.260227203369148 11.992140769958498 16.054862022399906 22.500025749206547 -0.7614016681079937 -0.7614016681079937 37.500000000000007 19.211283683776859 0.76556758748011056 0.54219432480460406 0.47369649395226454 260.54122924804693 0.67007489853957602 -0.074117382312902977 -0.03977009085991149 -0.37447345805034543 30.227694511413578 -0.39827153806311183 0.90162119223771331 0.48314048284850658 136.50000000000003 0.95936279103287792 19.805377960205082 0.68274389090025245 32.790052413940437 0.22700754078277605 0.78192542922038288 33.924226760864265
decision_type=8 2 2 10 10 10 2 2 2 10 2 2 2 2 2 2 2 2 10 2 2 2 2 2 8 2 8 2 2 10
left_child=1 3 5 12 7 14 13 26 24 21 18 -7 -1 29 -2 -6 -17 -10 20 27 -11 -5 23 -19 28 -26 -3 -20 -9 -4
right_child=2 4 6 9 15 11 -8 8 17 10 -12 -13 -14 -15 -16 16 -18 22 19 -21 -22 -23 -24 -25 25 -27 -28 -29 -30 -31
leaf_value=0.0015294367129978339 -0.0027988512330187581 -0.109798695634997 0.044100633170821094 -0.024584292520108107 -0.14574387344516307 0.024811020146008209 0.024383721502946903 -0.15800629892505261 -0.14483038053681091 -0.039305985375952847 -0.096096488945577194 -0.015438688322154207 -0.036119262734366386 0.076446346604965312 -0.037063481647928116 0.02075049318990561 -0.10576093565607025 -0.064317260155111411 0.024171269241861949 -0.066904763586513094 0.021889710157684414 0.038569206678429127 -0.1360020265388277 -0.11389137862076087 -0.0473136509526383 -0.080212560362412158 -0.0094075475221351724 -0.030224261985376956 0.011157559794009973 0.023495191816749434
leaf_weight=5992251.2214847505 4542000.6138332188 54926.144165694714 7776050.5197505355 263675.39090722799 563021.86177873611 6959533.5987686217 7534843.294351995 18301.895177066326 233003.51534038782 905426.67547568679 661288.05706506968 984422.33777099848 1014092.614042908 782825.01728445292 797505.28211662173 48017.540115058422 1258291.6078240871 887625.45093509555 190938.54279908538 1445935.9901871681 474409.76413699985 295594.06150209904 184515.15276271105 353688.50774133205 1275026.5258543491 786399.90674030781 559238.48777416348 1188660.2849378586 173729.33915528655 1284611.4475300908
leaf_count=3236048 2839710 75669 2191177 238561 1522252 2860310 2814367 34214 611695 969503 1071796 728583 964135 140792 806662 54854 2756969 1599777 100322 1866782 340421 157327 439419 806806 1723164 1381680 466898 1045935 154821 449511
internal_value=-0.000272019 -0.0395871 0.0238697 -0.0192521 -0.0791148 0.00867276 0.0354857 -0.0644793 -0.0717152 -0.0390503 -0.0445485 0.0198232 -0.00391981 0.0439839 -0.0079166 -0.114554 -0.101111 -0.0941699 -0.0364427 -0.0453193 -0.0182659 0.00879461 -0.0858912 -0.0784425 -0.0551857 -0.059864 -0.0183858 -0.0226958 -0.00496492 0.0411792
internal_weight=4.94899e+07 1.88281e+07 3.06618e+07 1.24323e+07 6.39579e+06 1.32835e+07 1.73783e+07 4.52645e+06 3.91229e+06 5.42593e+06 4.86666e+06 7.94396e+06 7.00634e+06 9.84349e+06 5.33951e+06 1.86933e+06 1.30631e+06 1.65883e+06 4.20537e+06 2.82553e+06 1.37984e+06 559269 1.42583e+06 1.24131e+06 2.25346e+06 2.06143e+06 614165 1.3796e+06 192031 9.06066e+06
internal_count=34450160 21619048 12831112 9990830 11628218 7235265 5595847 7294143 6751576 5790647 5394759 3588893 4200183 2781480 3646372 4334075 2811823 3457697 4322963 3013039 1309924 395888 2846002 2406583 3293879 3104844 542567 1146257 189035 2640688
is_linear=0
shrinkage=0.1


Tree=14
num_leaves=31
num_cat=0
split_feature=3 9 2 3 7 3 11 11 10 7 9 11 10 2 3 7 11 8 11 10 9 10 8 5 9 8 8 2 8 10
split_gain=3.8775e+06 975326 558182 340231 228490 204459 164372 161837 151502 95543.8 91811.9 91218.4 81621.9 80865.3 74436.1 73397 86931 73042.8 110497 72446.7 67761.5 59851.3 57227.4 57225.6 51200 48796.7 47173.9 46804.3 45768.3 45742.9
threshold=2.5000000000000004 14.730000019073488 30.781850814819339 23.500000000000004 22.250313758850101 33.500000000000007 0.16587474750015932 -0.75013812021657655 0.57077594689671507 24.870016098022464 17.210001945495609 0.67007489853957602 -0.074117382312902977 298.86936950683599 167.50000000000003 4.1574494838714608 0.93158198870884079 28.448573112487797 0.029024409397335523 0.21022171450811275 11.194006919860842 0.54219432480460406 19.805377960205082 1.0000000180025095e-35 18.275887489318851 33.122783660888679 21.923569679260257 84.560729980468764 33.694284439086921 0.43733377705052551
decision_type=2 10 2 2 8 2 2 2 2 10 10 2 2 2 2 8 2 8 2 2 8 2 8 10 8 10 8 2 8 2
left_child=2 3 4 6 11 10 23 13 -6 14 17 28 -7 25 19 -8 20 21 -19 -5 -17 -3 -13 -2 -14 -4 -22 -9 29 -1
right_child=1 5 7 9 8 12 15 27 -10 -11 -12 22 24 -15 -16 16 -18 18 -20 -21 26 -23 -24 -25 -26 -27 -28 -29 -30 -31
leaf_value=-0.011815675416626894 -0.011884933125458144 -0.05311404618734638 0.040206058800568503 -0.085934304317163604 0.019580855787553701 -0.14166528142381984 0.0068973488052482051 0.014248203265786291 -0.020274299889013272 -0.021243245655842419 -0.093317816024723499 -0.0078150661491425376 -0.082954474640369327 0.07455952224006715 -0.15027875932580953 -0.0076686299293472942 -0.078914640829774937 -0.038983458313010387 -0.094059459011799074 -0.044680221122223168 0.0037135924566449063 -0.0007428981846845144 -0.05838330634221315 0.010148892940821911 -0.13560088057186898 0.023789487644610183 -0.051017847617358926 0.029571317372558855 -0.038405693497739375 0.0097723804838375661
leaf_weight=2345294.3545629382 4351134.694349438 505522.86545503139 7854574.4934580326 808157.64938637614 7274506.0957151055 465028.3295969367 379045.68467468023 5274823.1392788291 1097708.4583096206 536804.95285108685 748178.82006582618 352748.96152177453 1014524.2139200568 587996.26341587305 106751.08282348514 764327.59547019005 475421.68009966612 719388.96780773997 737934.33210769296 899449.3609726727 179289.77605417371 383960.27549609542 612175.99503284693 1616676.7858989835 225851.73840928078 2353024.2976801991 1294652.0530797541 3204315.8900336623 396042.41671553254 1687914.3855698407
leaf_count=1458638 3006178 754746 2226618 1604654 3084041 1413031 287576 2223277 805160 579986 1397895 278066 2251868 103593 254573 622757 694534 874165 1420790 1433540 149812 371689 704044 854439 603488 807647 1664815 1090385 363867 1064288
internal_value=-0.000260174 -0.0403161 0.0193938 -0.024408 0.00401424 -0.0781335 -0.0156122 0.0303782 0.0143553 -0.0583039 -0.0628139 -0.012036 -0.105936 0.038499 -0.0692688 -0.0343221 -0.0400796 -0.053089 -0.0668719 -0.0642045 -0.0318308 -0.0305072 -0.039897 -0.00591598 -0.0925405 0.0364218 -0.0443603 0.0200389 -0.00596638 -0.00278099
internal_weight=4.92532e+07 1.62121e+07 3.30411e+07 1.14117e+07 1.37664e+07 4.80039e+06 9.06055e+06 1.92747e+07 8.37221e+06 2.35116e+06 3.09499e+06 5.39418e+06 1.7054e+06 1.07956e+07 1.81436e+06 3.09274e+06 2.71369e+06 2.34681e+06 1.45732e+06 1.70761e+06 2.23827e+06 889483 964925 5.96781e+06 1.24038e+06 1.02076e+07 1.47394e+06 8.47914e+06 4.42925e+06 4.03321e+06
internal_count=34450160 20240536 14209624 11152864 7758104 9087672 7280111 6451520 3889201 3872753 4819285 3868903 4268387 3137858 3292767 3419494 3131918 3421390 2294955 3038194 2437384 1126435 982110 3860617 2855356 3034265 1814627 3313662 2886793 2522926
is_linear=0
shrinkage=0.1


Tree=15
num_leaves=31
num_cat=0
split_feature=5 3 2 9 9 7 11 11 3 8 11 10 10 11 10 10 8 10 10 3 7 8 3 8 11 10 11 7 11 8
split_gain=3.19823e+06 1.06975e+06 362105 267534 267415 219189 119543 113041 110154 108595 101248 97480.8 91538.9 85893.3 76436.7 74769.4 72109.9 72083.8 67446.3 60951.8 59900 59502.3 53099 52215 84474.7 68444.4 50669.2 48510.5 46570 55354
threshold=1.0000000180025095e-35 13.500000000000002 53.761812210083015 13.190001487731935 16.100001335144047 19.570019721984867 -0.86974577485258975 0.86869874770991873 51.500000000000007 22.226320266723636 0.76556758748011056 0.77788564761185042 0.79383249484937135 -0.8611288361322974 -0.074117382312902977 0.21022171450811275 32.881446838378913 0.48314048284850658 -0.022576249993022688 279.50000000000006 22.500025749206547 30.527144432067875 111.50000000000001 30.819877624511722 -0.022575793296316496 0.9053161325100999 -0.16799793862756093 5.5702970027923593 -0.92272482904738262 35.107219696044929
decision_type=8 2 2 10 10 8 2 2 2 8 2 2 2 2 2 2 10 2 2 2 8 10 2 8 2 2 2 8 2 10
left_child=1 3 5 7 6 11 -3 26 -8 17 23 -2 19 21 -6 -10 -14 -5 -16 20 -7 -4 -17 25 -25 -11 -1 -9 -22 -30
right_child=2 4 13 9 14 12 8 27 15 10 -12 -13 16 -15 18 22 -18 -19 -20 -21 28 -23 -24 24 -26 -27 -28 -29 29 -31
leaf_value=0.0027978095658451243 -0.030058529752846709 -0.0019046989039855204 0.052439901754391206 -0.038512432400245662 -0.13337722076790923 0.0055845388410102319 -0.048162744249682275 -0.0094813828911009465 -0.12156205916150789 -0.03946287378103884 -0.092437510939542777 0.0077900081400866326 0.022705990931075355 0.02474527146205284 0.014004431259578051 -0.049212625744302879 -0.031928654457824272 0.029013049336415454 -0.092452086920710386 -0.1946475143212979 0.029707266907043752 0.032410988088434151 -0.099791393402874073 -0.033884117731673852 -0.080092087087662411 0.015265979210699257 -0.014201063466885738 -0.068037287077970396 0.020350296133964853 -0.0033615136390450456
leaf_weight=5247160.0514871776 1710956.7282951176 399939.06734463573 2648613.8447801471 279801.34408256412 500776.53330588341 3173746.9062664807 2799395.9407260716 219145.64267799258 369917.1136354506 657527.41384768486 400175.54158625007 1129861.9248969853 370084.55608293414 6666484.3963134885 62741.500478059053 557229.08180224895 695722.37595951557 363428.11947438121 1156646.1815903187 13536.218933641911 4036742.0093874633 3371185.1783753633 330773.14187818766 1221215.4231787622 585227.96528229117 350222.37544327974 2633579.3316220045 399206.12721833587 5510575.0996140242 1198658.3092349768
leaf_count=2747474 1459393 299623 627063 313786 1491673 1595661 4365527 180543 982098 761992 723843 735000 176312 2270105 81530 989996 607047 226216 2676802 33286 1474027 971662 740969 1257689 936210 275059 2055339 512679 2182493 699063
internal_value=-0.000245903 -0.0330131 0.0196489 -0.0160265 -0.0669916 0.0104645 -0.0540663 -0.00611333 -0.059208 -0.0378672 -0.0453727 -0.0150053 0.0152884 0.0325643 -0.100483 -0.0837883 -0.0129576 -0.000360171 -0.0869745 0.0174491 0.0176553 0.0412234 -0.0680528 -0.0386801 -0.048854 -0.020443 -0.00288286 -0.0472849 0.0212203 0.016114
internal_weight=4.90603e+07 1.85341e+07 3.05262e+07 1.23567e+07 6.17742e+06 1.78399e+07 4.45725e+06 8.49909e+06 4.05732e+06 3.8576e+06 3.21437e+06 2.84082e+06 1.49991e+07 1.26863e+07 1.72016e+06 1.25792e+06 1.06581e+06 643229 1.21939e+06 1.39333e+07 1.39197e+07 6.0198e+06 888002 2.81419e+06 1.80644e+06 1.00775e+06 7.88074e+06 618352 1.0746e+07 6.70923e+06
internal_count=34450160 21619048 12831112 9990830 11628218 8962282 7378213 5496035 7078590 4494795 3954793 2194393 6767889 3868830 4250005 2713063 783359 540002 2758332 5984530 5951244 1598725 1730965 3230950 2193899 1037051 4802813 693222 4355583 2881556
is_linear=0
shrinkage=0.1


Tree=16
num_leaves=31
num_cat=0
split_feature=2 9 7 11 3 4 10 10 8 10 2 9 7 11 10 10 11 3 3 11 8 11 9 6 3 3 7 11 8 9
split_gain=2.62927e+06 765466 309489 286670 221087 184707 106009 98768.3 98313.3 86801.7 83718 82431.2 70719.7 69918.5 68920.2 64051.5 74791.3 62709.7 61978.8 53595.5 71475.6 56920.1 52821.9 50372.4 48629.4 48222.1 46269.7 43938 42646.7 59777.5
threshold=7.3053064346313485 14.179965019226076 19.401484489440922 -0.17646730165275518 33.500000000000007 8.1554694175720233 0.57077594689671507 0.49812943072827093 19.805377960205082 -0.39036798905311365 188.68995666503909 17.420001029968265 23.494898796081547 0.98332250088165762 -0.72696319516528884 -0.45274443793211405 -0.19337245081799007 1.5000000000000002 157.50000000000003 0.95691861501572195 29.390223503112797 0.50370931781787065 18.740000724792484 17.65082931518555 452.00000000000006 110.50000000000001 19.486653327941898 -0.97111920233974802 13.993053913116457 9.4000000953674334
decision_type=2 10 10 2 2 8 2 2 10 2 2 10 8 2 2 2 2 2 2 2 10 2 10 10 2 2 8 2 8 10
left_child=1 2 7 5 11 17 12 8 -1 -6 -7 15 -4 28 -10 16 -3 26 -8 20 -17 27 -11 -21 -14 -9 -2 -22 -5 -30
right_child=3 4 6 13 9 10 18 25 14 22 -12 -13 24 -15 -16 19 -18 -19 -20 23 21 -23 -24 -25 -26 -27 -28 -29 29 -31
leaf_value=-0.017474608571849053 -0.0054089702741196479 0.076958516823074918 -0.012004186779336458 0.033060895635169472 -0.13915166987787225 0.029232970476949567 -0.022519203139525171 -0.011740962045720277 -0.035301978188813254 -0.072892240941318215 0.054751230186850457 -0.080036993432128278 0.0097629790585733872 -0.076877126428660708 -0.07499201617322783 -0.0050708966318163632 -0.074280837005017517 0.0026851516748695858 -0.12148130712644645 0.018868921411158774 0.05266235361332481 -0.10191827645871904 -0.13251850034413143 -0.095829308707438082 -0.19938098599675072 -0.10945402392367867 0.02035693687127858 -0.038769517514664037 0.0075959213403917775 -0.01341765369110913
leaf_weight=673358.65822100639 742400.43644583225 34333.387349545956 2640055.3927793205 354786.74345380068 284678.26393181086 8015116.5148875713 1903545.2681423128 1160947.6022797823 656712.34288024902 1413049.3855087161 1531245.9622940421 626933.77844026685 3909087.437472105 122487.76776838303 1310702.3168204725 831799.9829633534 686474.48949664831 3024600.5465878844 65462.01669383049 46296.025690555573 54600.955041915178 140840.49042773247 166029.57973799109 221398.16552144289 11149.23341101408 52802.909517228603 11386070.372156203 1405259.5048078895 2755737.2523528337 2660916.9893778265
leaf_count=718871 411208 21367 2006229 172797 964935 2535001 1860144 1164037 788815 3319982 319766 1220241 2113131 144040 2235665 915406 1312462 1451792 161197 40127 29048 290112 501346 441443 26620 127545 4141752 1782840 1313002 1919239
internal_value=-0.000231315 -0.0302197 -0.0160872 0.0177024 -0.0598245 0.0224311 -0.00545989 -0.0396034 -0.0504557 -0.0883247 0.0333261 -0.0467024 0.000647788 -0.00211367 -0.0617437 -0.0405935 -0.067077 0.0155672 -0.0258093 -0.0335238 -0.0288501 -0.041207 -0.0791615 -0.075993 0.00916817 -0.0159919 0.0187798 -0.0353498 -0.000526962 -0.00272694
internal_weight=4.88889e+07 1.82955e+07 1.23838e+07 3.05934e+07 5.91169e+06 2.46994e+07 8.5293e+06 3.85452e+06 2.64077e+06 1.86376e+06 9.54636e+06 4.04794e+06 6.56029e+06 5.89393e+06 1.96741e+06 3.421e+06 720808 1.51531e+07 1.96901e+06 2.7002e+06 2.4325e+06 1.6007e+06 1.57908e+06 267694 3.92024e+06 1.21375e+06 1.21285e+07 1.45986e+06 5.77144e+06 5.41665e+06
internal_count=34450160 22041563 11202254 12408597 10839309 8859519 6167321 5034933 3743351 4786263 2854767 6053046 4145980 3549078 3024480 4832805 1333829 6004752 2021341 3498976 3017406 2102000 3821328 481570 2139751 1291582 4552960 1811888 3405038 3232241
is_linear=0
shrinkage=0.1


Tree=17
num_leaves=31
num_cat=0
split_feature=4 3 2 9 9 7 8 11 10 3 10 10 7 10 10 11 2 7 11 10 3 11 11 11 7 8 11 3 8 6
split_gain=2.18763e+06 753675 247248 206884 186934 153081 91616.6 116881 89823.6 87449.2 86348.2 72417.4 65877.2 65165.6 64419.6 63750.8 62020.1 54867.9 63842.4 61008.6 54744.6 54403.8 51580.4 50045.4 48744.2 49890.1 49977.9 44346.2 42764.2 40155.6
threshold=1.0000000180025095e-35 13.500000000000002 58.337553024291999 16.25000095367432 11.570000171661379 22.500025749206547 16.131060600280765 0.76556758748011056 0.58481550752069722 37.500000000000007 -0.38242426011641079 -0.90893996196865023 18.750151634216312 -0.074117382312902977 -0.0053757284505435614 -0.8142754349318998 298.86936950683599 11.280004024505617 -0.18493013702746822 -0.97509794945709805 136.50000000000003 0.67007489853957602 0.95936279103287792 0.84199059757024453 23.614005088806156 20.790689468383793 0.78192542922038288 279.50000000000006 27.674286842346195 24.870082855224613
decision_type=8 2 2 10 10 8 8 2 2 2 2 2 8 2 2 2 2 8 2 2 2 2 2 2 8 8 2 2 8 10
left_child=1 4 5 9 12 21 -6 17 27 24 -11 -4 -1 29 -15 -12 -13 -8 19 -19 22 -2 -17 -16 25 26 -3 -7 -24 -5
right_child=2 3 11 13 6 8 7 -9 -10 10 15 16 -14 14 23 20 -18 18 -20 -21 -22 -23 28 -25 -26 -27 -28 -29 -30 -31
leaf_value=-0.031536032127626012 0.00053691347285723305 -0.13924939831325725 0.0078344618653201654 -0.042564026951550614 0.021430209601466684 0.018846796664033067 0.0046952633179469863 -0.065264162886519941 -0.011805807782597265 -0.12110322787626274 -0.0048145501613993018 0.028571390112570871 0.0018922844214923598 0.016138194594285712 -0.070087786583700282 -0.042483272616283013 0.059548977816188703 0.080834047591140656 -0.041012429139676933 -0.018905681961817841 -0.11365033273424743 -0.026151255230069666 -0.063637844549144382 -0.12362098022307232 -0.011740314532806833 -0.048208233802173768 0.018370526457009675 -0.19209884309066164 -0.13994438273538867 -0.13296935751063407
leaf_weight=656687.18138694763 5916677.3241399676 22386.952922821045 1606063.1322828531 56526.225735962391 377769.41905024648 10780593.94232887 600578.009888798 782821.52368855476 1063728.1519500017 219113.98083998263 224939.92752534151 9476231.9688993096 5764657.8189016283 71993.806384414434 804064.9190761447 923869.36652050912 693610.54823857546 63138.159843593836 1915060.7815017104 2138396.8209124207 179967.38965380192 877044.87547850609 227966.98528793454 223078.47328194976 722944.81493008137 1664161.6932619661 198366.48421293497 9975.0880496799946 108351.61272786558 375554.85318137705
leaf_count=622777 3400427 45402 633624 132096 241285 4212095 518215 1250035 763454 661073 195681 2800384 3138349 100481 1862022 1724153 131583 28504 2377514 1814151 487362 861890 524101 635284 714369 2773106 183819 27655 324995 1264274
internal_value=-0.000216456 -0.0275146 0.0162235 -0.0564961 -0.0133214 0.00905974 -0.0262073 -0.0294793 0.0159187 -0.0456757 -0.0620904 0.0275678 -0.00152631 -0.0882394 -0.0753049 -0.0543247 0.0306841 -0.0235407 -0.0276601 -0.0160452 -0.0620578 -0.00290843 -0.0546899 -0.0817143 -0.0338159 -0.0422828 0.00238604 0.0186518 -0.0882215 -0.121142
internal_weight=4.87463e+07 1.83224e+07 3.04239e+07 6.02329e+06 1.22991e+07 1.8648e+07 5.87776e+06 5.5e+06 1.18543e+07 4.49207e+06 1.88421e+06 1.17759e+07 6.42135e+06 1.53122e+06 1.09914e+06 1.6651e+06 1.01698e+07 4.71717e+06 4.1166e+06 2.20153e+06 1.44016e+06 6.79372e+06 1.26019e+06 1.02714e+06 2.60786e+06 1.88492e+06 220753 1.07906e+07 336319 432081
internal_count=34450160 21619048 12831112 11628218 9990830 9265521 6229704 5988419 5003204 7634061 3917365 3565591 3761126 3994157 2597787 3256292 2931967 4738384 4220169 1842655 3060611 4262317 2573249 2497306 3716696 3002327 229221 4239750 849096 1396370
is_linear=0
shrinkage=0.1


Tree=18
num_leaves=31
num_cat=0
split_feature=3 9 2 3 11 9 11 10 3 8 8 9 11 8 11 7 11 2 10 11 8 11 10 7 10 10 7 10 7 10
split_gain=1.7968e+06 509157 278060 183496 121310 108797 103043 96967.3 82451.2 76468.6 75355.1 79608.7 61560.1 60191.7 62182.8 57244 56989.1 55104.5 53407.4 49162.9 48670.5 110075 60545.1 44649 44380.7 43550.1 42268.8 41056.5 39316.4 36065.8
threshold=2.5000000000000004 15.160000324249269 13.160539150238039 33.500000000000007 -0.8611288361322974 18.170379638671879 0.16587474750015932 -0.082689790342551819 320.50000000000006 25.924284934997562 19.211283683776859 10.642842292785646 -0.8142754349318998 35.107219696044929 0.080547328232315238 21.620153427124027 0.93158198870884079 143.27314758300784 0.7210268013660811 -1.0000000180025095e-35 29.490000724792484 0.59003219687534991 0.54219432480460406 16.302390098571781 -0.40614700388750385 0.65233619298682533 18.082599639892582 -0.34235669412071207 18.750151634216312 -0.0053757284505435614
decision_type=2 10 2 2 2 8 2 2 2 10 8 8 2 10 2 10 2 2 2 2 10 2 2 8 2 2 10 2 8 2
left_child=2 3 15 6 17 7 -2 9 12 27 -8 26 -5 14 23 -1 -13 28 -17 -11 22 25 29 -6 -14 -22 -12 -3 -4 -9
right_child=1 5 4 8 13 -7 10 20 -10 19 11 16 24 -15 -16 18 -18 -19 -20 -21 21 -23 -24 -25 -26 -27 -28 -29 -30 -31
leaf_value=-0.014425366307874636 -0.0048430001834855159 -0.0046743287618474369 -0.028756435543398979 -0.00042483415949301755 -0.018534534851825407 -0.098704251126950665 0.0050588721757530309 0.011502752260996667 -0.18808513919182332 0.042796040549225561 -0.061462536866351662 -0.034619991276722314 -0.097018318768092082 -0.020060390608704074 -0.00096519585361157408 0.0072792261882146034 -0.077576508253144327 0.041544205964614223 -0.026244651359667817 -0.10523690860786615 0.0008964381175493426 -0.12430677622232218 -0.00020791219951441168 0.017680323857142029 -0.04529072686032054 -0.050559052175112917 0.0060510933347904597 -0.099785575947484648 0.023780449929961697 -0.065557809905648079
leaf_weight=2991335.0557034016 6415307.2088124156 160962.13516370952 144862.31700664759 275497.10191744566 351034.13427317142 601564.52481724322 655420.9564025104 73768.171712905169 40546.836451008916 23312.945620939136 108571.71221292019 1971168.5611432493 190027.37507231534 554120.99537953734 2442257.4637690485 4055176.8555696011 366219.07163384557 1940414.6237465143 538300.05381855369 595528.55946947634 193754.51728102565 190197.75712957978 493759.48224160075 11277940.514289021 1304329.8135797679 1088828.1791200042 635697.5022469461 63208.053024917841 8534331.4758588076 343728.26364290714
leaf_count=2478574 4359161 244561 86896 226118 211706 1607721 532207 103093 133122 22839 150680 2657362 504995 331744 1401180 1961683 688884 433944 465189 1727333 190897 541764 595760 4066889 2530859 2023258 496402 168292 2771819 735228
internal_value=-0.000202539 -0.0279205 0.01313 -0.0177622 0.0181745 -0.0596608 -0.0125322 -0.0523826 -0.0470909 -0.0815333 -0.025732 -0.0322808 -0.0438608 0.0122676 0.0135407 -0.00365995 -0.0413504 0.0263096 0.00335063 -0.0996602 -0.0420746 -0.0533137 -0.0239101 0.0165871 -0.0518686 -0.0427859 -0.00379759 -0.0314923 0.0229036 -0.0519418
internal_weight=4.86212e+07 1.57914e+07 3.28298e+07 1.19628e+07 2.5245e+07 3.82861e+06 1.01524e+07 3.22705e+06 1.8104e+06 843012 3.73708e+06 3.08166e+06 1.76985e+06 1.46254e+07 1.40712e+07 7.58481e+06 2.33739e+06 1.06196e+07 4.59348e+06 618842 2.38404e+06 1.47278e+06 911256 1.1629e+07 1.49436e+06 1.28258e+06 744269 224170 8.67919e+06 417496
internal_count=34450160 20240536 14209624 12279790 9304178 7960746 8884696 6353025 3395094 2163025 4525535 3993328 3261972 6011519 5679775 4905446 3346246 3292659 2426872 1750172 4190000 2755919 1434081 4278595 3035854 2214155 647082 412853 2858715 838321
is_linear=0
shrinkage=0.1


Tree=19
num_leaves=31
num_cat=0
split_feature=4 3 2 9 9 8 11 6 11 10 8 9 10 3 10 11 10 10 11 11 3 2 11 10 7 11 11 3 11 7
split_gain=1.48969e+06 520850 174419 163401 140500 119696 73925.6 70428.6 76877.9 79645.6 73599 67060.3 65752.6 58173.8 83931.2 57789.2 50312.9 49543.7 48579.9 47286.6 44668.2 44356.3 42713.5 55098.5 38638.1 58699 37867.8 42162.6 37700.8 35339.9
threshold=1.0000000180025095e-35 18.500000000000004 74.36643218994142 13.52000141143799 16.25000095367432 28.569790840148929 0.86869874770991873 27.10002422332764 0.2332836900311728 0.58481550752069722 33.025739669799812 9.4000000953674334 0.48314048284850658 55.500000000000007 -0.091260668982868151 -0.73865259438682551 -0.90893996196865023 -0.40614700388750385 0.2499757677084001 0.74298546529340237 279.50000000000006 375.85374450683599 0.99681593486783593 0.55656748448714433 7.1703755855560312 0.97648852793709995 -0.8142754349318998 136.50000000000003 0.81304046271159414 4.1574494838714608
decision_type=8 2 2 10 10 8 2 10 2 2 8 10 2 2 2 2 2 2 2 2 2 2 2 2 8 2 2 2 2 8
left_child=1 3 5 6 13 -2 -1 12 10 -10 -9 20 -5 17 -15 -12 -4 19 -13 -3 -7 -18 23 -6 28 -26 -16 -28 -19 -8
right_child=2 4 16 7 22 11 29 8 9 -11 15 18 -14 14 26 -17 21 24 -20 -21 -22 -23 -24 -25 25 -27 27 -29 -30 -31
leaf_value=-0.0028966932982229469 -0.010443141574442379 -0.038198319839417433 0.0056872688746217072 -0.033035579376861558 -0.1082312899575274 0.016106741462041392 -0.001904904701328031 0.0072798773598139188 -0.090925808848267703 -0.03342355680232368 -0.0086811340856107738 0.0057169509727540979 0.013844642672722741 -0.12256851297445007 -0.0038975581806835399 -0.052704452434254326 0.026059044217660778 -0.14854677104139621 -0.027260382447574671 -0.098385869670245985 -0.19472205557032937 0.06103035529953732 -0.013117108648492616 -0.06488620195458851 -0.019113280799416661 -0.081722329346762435 -0.045457751245193058 -0.10071819454175562 0.041230823136516062 -0.049309839303452514
leaf_weight=8631710.3648386598 2916061.1564213485 501816.14831465483 1190218.3133016825 592694.71210595965 541148.65399824083 11665048.432528287 222329.82310834527 480619.20138525963 466110.50173220038 498476.82174420357 443578.57339766622 6096213.6629899591 604137.62269756198 174183.14748178422 166487.55965515971 909697.95746827126 7616414.0600687265 11326.253659963608 482031.36135084927 176427.09588734806 10058.019990891218 380820.63797575235 89574.988437265158 640219.93201708794 1252276.5245182961 170084.95373861492 739810.55749927461 169749.86057947576 138133.74827465415 537325.78401526809
leaf_count=5545106 1943373 878649 463019 835274 1815358 4441660 178087 423054 1005996 684507 369706 3256366 486875 561444 143867 1328461 2154654 26639 469724 458259 34515 67801 164493 1603875 1845191 402930 1519763 478985 137107 725422
internal_value=-0.000188889 -0.0228461 0.0133635 -0.0127349 -0.0512151 0.0083699 -0.00552874 -0.0296736 -0.0383563 -0.06121 -0.0263358 0.0113754 -0.00937136 -0.0408747 -0.0581695 -0.0382744 0.0248695 -0.0312651 0.00330048 -0.0538545 0.0159251 0.0277243 -0.0796932 -0.0847413 -0.0215177 -0.0266 -0.047745 -0.0557709 0.0268493 -0.0354357
internal_weight=4.85148e+07 1.81579e+07 3.03569e+07 1.33867e+07 4.77124e+06 2.11694e+07 9.39137e+06 3.99532e+06 2.79848e+06 964587 1.8339e+06 1.82534e+07 1.19683e+06 3.5003e+06 1.25023e+06 1.35328e+06 9.18745e+06 2.25006e+06 6.57825e+06 678243 1.16751e+07 7.99723e+06 1.27094e+06 1.18137e+06 1.57182e+06 1.42236e+06 1.07605e+06 909560 149460 759656
internal_count=34450160 21619048 12831112 11582488 10036560 10145638 6448615 5133873 3811724 1690503 2121221 8202265 1322149 6452834 2704059 1698167 2685474 3748775 3726090 1336908 4476175 2222455 3583726 3419233 2411867 2248121 2142615 1998748 163746 903509
is_linear=0
shrinkage=0.1


Tree=20
num_leaves=31
num_cat=0
split_feature=2 9 11 4 8 11 3 3 8 2 10 8 9 8 7 10 7 11 8 10 9 10 8 10 8 10 8 10 7 9
split_gain=1.22375e+06 383154 167103 152625 92678.9 108112 91595.4 79112.6 76598.9 73692.5 68975.1 132403 67468.2 61401.5 59540.2 53250.1 52293.6 52027.2 55897.7 49187.2 42487.3 41825 38344.2 37729.3 66794.6 36798.3 35111.7 34600.8 33433.1 33137.5
threshold=7.7000012397766122 15.419999599456789 0.26659387353423869 2.6606502532958989 19.805377960205082 0.95936279103287792 32.500000000000007 344.50000000000006 28.318849563598636 155.22714996337893 0.39036257410962044 32.881446838378913 11.889999866485597 27.597004890441898 19.040272712707523 -0.091260668982868151 24.960653305053714 0.14888728888808328 16.131060600280765 0.73865729060996177 18.740000724792484 -0.45274443793211405 34.584287643432624 0.54219432480460406 33.43153381347657 0.15951094710994371 27.342857360839847 -0.65234524191686594 23.075953483581547 7.4799997806549081
decision_type=2 10 2 8 8 2 2 2 8 2 2 8 8 8 8 2 8 2 8 2 10 2 10 2 8 2 10 2 10 8
left_child=1 2 7 17 29 12 23 8 -1 14 16 -12 26 21 19 -8 -10 -2 25 -5 -17 -14 27 -3 -25 -19 -6 -16 -20 -4
right_child=3 6 4 9 5 -7 15 -9 10 -11 11 -13 13 -15 22 20 -18 18 28 -21 -22 -23 -24 24 -26 -27 -28 -29 -30 -31
leaf_value=-0.040352446029137949 0.0066382339108437471 -0.054909392767612732 -0.096914147512414839 -0.027767288532117948 -0.043643408732002488 -0.07061763422571439 -0.1083047398431481 -0.19823244170218926 -0.0044413561971512047 0.033686969621362743 0.032302256099718846 -0.023082989514460164 -0.061806352386505815 -0.049456107875178179 0.012882911793770664 -0.051744416638172724 0.015040771455909124 -0.044363645516423862 -0.023894565320949617 0.013345310889066559 -0.113381809192654 -0.0020179055912652368 0.0028370333478840316 -0.0048438693524473393 -0.048593369351418121 0.039450534921766325 -0.0018169490940721387 0.023799704834442662 0.02019550177276272 0.0055399221945068118
leaf_weight=587258.87952695787 10787722.817062467 857601.98816461861 32812.308611631393 553488.99219301343 245861.03770668805 685095.79093013704 307274.82542353868 21314.508640959859 3334208.4553280324 2631897.1452676654 510256.79857937992 2801024.3759674132 146510.15321350098 1501434.1627336442 4922168.1896997094 804269.25526304543 2348018.7048544288 63548.655968844891 1455013.3366122246 613634.27783364058 129894.94312922657 580979.53684788942 1598957.4812905192 651302.68707846105 751797.34683439136 298143.11407250166 1092660.8572678417 7078624.8316807449 195040.95171821117 833159.32955184579
leaf_count=576700 4717218 1741200 46050 370884 339787 1440898 1195328 77223 2198873 632718 325235 2922903 272995 2708369 1835593 1998971 1207576 57529 1227952 304227 437231 774334 671035 830140 1247744 138397 1074923 2201723 92357 784047
internal_value=-0.000175702 -0.0206408 -0.0135681 0.0121737 -0.028161 -0.0342332 -0.0503695 -0.00578922 -0.00536108 0.0182713 -0.00307621 -0.0145483 -0.0272459 -0.0379029 0.0155238 -0.0721932 0.00360908 0.00388501 -0.0108788 -0.00615166 -0.0603151 -0.0140588 0.0173839 -0.0383852 -0.0282854 0.0247245 -0.00949967 0.0193221 -0.018683 0.00165786
internal_weight=4.8421e+07 1.82227e+07 1.47206e+07 3.01982e+07 5.11851e+06 4.25254e+06 3.50214e+06 9.60208e+06 9.58077e+06 1.73988e+07 8.99351e+06 3.31128e+06 3.56745e+06 2.22892e+06 1.47669e+07 1.24144e+06 5.68223e+06 1.27995e+07 2.01175e+06 1.16712e+06 934164 727490 1.35998e+07 2.2607e+06 1.4031e+06 361692 1.33852e+06 1.20008e+07 1.65005e+06 865972
internal_count=34450160 22200527 14749913 12249633 7441403 6611306 7450614 7308510 7231287 6016180 6654587 3248138 5170408 3755698 5383462 3631530 3406449 6233453 1516235 675111 2436202 1047329 4708351 3819084 2077884 195926 1414710 4037316 1320309 830097
is_linear=0
shrinkage=0.1


Tree=21
num_leaves=31
num_cat=0
split_feature=5 3 9 2 9 7 3 10 10 8 11 4 8 10 8 10 10 10 7 7 11 11 11 11 11 8 10 10 8 10
split_gain=1.01522e+06 360011 121928 116743 98149.4 90041 63478.7 78992.9 58663.1 52558.1 76883.7 41267.6 39230.9 37800.8 53362.3 36971.5 43160.8 40874.2 36145.2 41196.1 44784.6 39387.4 37762.4 35772.5 35374.8 50595.6 81806.8 46374.8 33336.2 37210.1
threshold=1.0000000180025095e-35 14.500000000000002 16.669999122619632 79.954265594482436 10.809999942779543 22.500025749206547 55.500000000000007 -0.091260668982868151 0.40614137006726808 16.131060600280765 0.76556758748011056 12.07764768600464 28.318849563598636 -0.39036798905311365 23.991030693054203 -0.34235669412071207 -0.074117382312902977 -0.03977009085991149 23.614005088806156 11.830269813537599 0.44312301391210612 0.68274389090025245 0.56191161272202661 0.67007489853957602 -0.97507822412530132 33.328573226928718 0.89787622492179153 0.91248814248966237 34.798601150512702 0.3261394409934788
decision_type=8 2 10 2 10 8 2 2 2 10 2 8 8 2 10 2 2 2 8 10 2 2 2 2 2 10 2 2 8 2
left_child=1 4 6 5 12 23 18 -8 -7 -6 24 -5 -1 14 -4 -15 -17 -18 19 20 -3 22 -21 28 -11 26 -26 -27 29 -2
right_child=3 2 13 11 9 8 7 -9 -10 10 -12 -13 -14 15 -16 16 17 -19 -20 21 -22 -23 -24 -25 25 27 -28 -29 -30 -31
leaf_value=-0.025512251334359283 -0.0034374347611115966 -0.11858681597383468 0.049758290969445562 0.013431781082033198 0.016259942561407569 0.014412309019082782 -0.11278550247490791 -0.041359761801979499 -0.0045502377164685307 0.013894794947986764 -0.046742477235921183 0.027492926326663225 0.0033783798847976973 0.045279424920481752 -0.12570572681203374 -0.14248031827991098 0.045036633928160867 -0.06334858764974767 -0.0066804526116789817 -0.037523858655297955 -0.0021342736912059322 -0.057149272586925697 0.0078558246510491078 -0.02005135448424478 -0.019345265502677039 -0.020309145155528785 0.017599710261430736 -0.05270877203509771 -0.031815221049244148 0.012167319791149806
leaf_weight=519934.934022367 4032994.3458250612 35052.894264891744 19163.705723151565 3859083.9952955246 438073.27479305863 12308979.507475287 179149.84012150764 1140999.0670909435 1880713.4702471197 388355.06826776266 896157.87924730778 4545911.7957162857 4895675.5974432826 31593.45802333951 181372.68985073268 66204.685559302568 36405.574282646179 786208.28735868633 807741.92124471068 740616.62949714065 570569.33236703277 713186.1654869467 243716.90632040799 918317.85792554915 2002283.2238343805 1912776.5227532089 855394.18277823925 574451.72904887795 296456.21826049685 2460263.6353040785
leaf_count=444806 2092912 81828 29766 1214245 287995 4622398 624454 2349184 1152396 207492 1449384 1219352 2592287 62642 737719 289383 41354 2080289 875105 1259606 874861 1589361 376050 889742 2123618 1779644 671098 791122 271788 1368279
internal_value=-0.000162023 -0.0189473 -0.0401327 0.0110183 -0.0095249 0.00717287 -0.032679 -0.0510525 0.011899 -0.0172869 -0.0195037 0.0210369 0.000604686 -0.0695964 -0.108938 -0.0610248 -0.0648034 -0.0585519 -0.024882 -0.0312655 -0.00887445 -0.0392539 -0.026288 -0.00152746 -0.015246 -0.0173634 -0.00828645 -0.0277922 0.000977926 0.00247513
internal_weight=4.83378e+07 1.80351e+07 5.55198e+06 3.03027e+07 1.24831e+07 2.18977e+07 4.43103e+06 1.32015e+06 1.41897e+07 7.06749e+06 6.62942e+06 8.405e+06 5.41561e+06 1.12095e+06 200536 920412 888819 822614 3.11088e+06 2.30314e+06 605622 1.69752e+06 984334 7.70803e+06 5.73326e+06 5.34491e+06 2.85768e+06 2.48723e+06 6.78971e+06 6.49326e+06
internal_count=34450160 21619048 11271602 12831112 10347446 10397515 8030449 2973638 5774794 7310353 7022358 2433597 3037093 3241153 767485 2473668 2411026 2121643 5056811 4181706 956689 3225017 1635656 4622721 5572974 5365482 2794716 2570766 3732979 3461191
is_linear=0
shrinkage=0.1


Tree=22
num_leaves=31
num_cat=0
split_feature=9 2 3 7 11 8 11 8 11 10 3 11 11 8 10 9 10 10 4 11 6 11 11 3 11 9 8 6 11 8
split_gain=836101 243297 173525 119078 83270 82046.6 92652 92706.1 70529.7 68601.5 59102.3 57979 48685.2 49161.6 47432.2 46193.6 44404.8 43518.9 40126.2 39411.8 38281.8 47580.3 48385.7 40319.6 36841.6 35886.7 33735.2 32377 31618.2 35418.4
threshold=12.84999990463257 10.087961673736574 32.500000000000007 17.120238304138187 -0.92272482904738262 20.790689468383793 0.011826144619637555 29.682858467102054 0.76556758748011056 -0.40614700388750385 344.50000000000006 -0.022575793296316496 0.97648852793709995 34.725713729858406 -0.48314718476766422 19.22970008850098 -0.099819732675876835 -0.53493989022977317 7.0633015632629403 -0.97507822412530132 36.690071105957038 0.60383265664488517 0.56191161272202661 28.500000000000004 0.96407344085605606 17.900000572204593 31.094925880432132 40.186279296875007 -0.7614016681079937 28.862753868103031
decision_type=10 2 2 10 2 10 2 10 2 2 2 2 2 10 2 8 2 2 8 2 10 2 2 2 2 10 8 10 2 8
left_child=1 3 5 16 -3 17 19 8 -8 11 -5 -4 13 18 -10 28 -1 -2 -6 -7 21 22 26 25 -16 -24 -9 -21 -11 -30
right_child=2 4 9 10 12 6 7 20 14 15 -12 -13 -14 -15 24 -17 -18 -19 -20 27 -22 -23 23 -25 -26 -27 -28 -29 29 -31
leaf_value=-0.051563043602630726 -0.069658609539605551 0.019749393602083855 0.11845061440153073 -0.00092209514621612867 0.0054665769867064153 0.028097427052360388 -0.0016636698678580862 -0.0056972822312779479 -0.11894346465497935 0.0075399051191552373 -0.19776325619641377 -0.10395521581614509 -0.064051874961456562 -0.013586063134196195 -0.016129234534247718 -0.11359436605933729 -0.018295920024094064 0.018054197661956442 0.015288613897327963 -0.0075434392156756283 -0.10320447469035061 -0.077318297420742144 -0.043943488198753572 0.13948927954569079 -0.064143345527633636 0.11219522048300348 -0.051984102881020511 -0.029215296659969903 -0.025227920663650729 -0.054796923852009211
leaf_weight=596991.6890681833 61193.049761533737 8779300.0697786212 12220.760256245732 9309533.905229196 10111497.188526422 240764.5253905952 1055423.8559596539 195105.24295981228 71774.521823078394 129938.93752881885 15278.64776314795 286841.23098817468 93566.469739496708 974147.91818541288 440810.03629943728 89474.714640587568 1223639.4421973974 748005.42144599557 7065886.2786181867 2393364.1566852778 130536.84891471267 379661.16510140896 60947.126179203391 24862.440886154771 250693.92849868536 19407.528089791536 816061.76617456973 968235.5579713285 651436.19267003238 1071240.1332773715
leaf_count=890835 88225 2760191 9220 6349621 4381977 123606 1171316 241218 188775 145034 59676 1127878 103419 488666 703690 337268 1407779 565592 2428851 2178121 305498 880921 111127 14259 539518 14730 1458071 1099374 1538268 2737436
internal_value=-0.000149515 0.00662001 -0.0257379 -0.0058119 0.0117472 -0.0187367 -0.0221993 -0.0339236 -0.0184105 -0.0502823 -0.00124462 -0.0948669 0.00789664 0.00826751 -0.0415672 -0.0434167 -0.0292043 0.0114212 0.00950685 -0.0109863 -0.051269 -0.0467374 -0.0363375 0.0282012 -0.033536 -0.00623234 -0.043053 -0.0137855 -0.0400274 -0.0436153
internal_weight=4.82678e+07 3.81698e+07 1.0098e+07 1.11454e+07 2.70244e+07 7.85685e+06 7.04765e+06 3.44528e+06 1.8187e+06 2.24115e+06 9.32481e+06 299062 1.82451e+07 1.81515e+07 763278 1.94209e+06 1.82063e+06 809198 1.71774e+07 3.60236e+06 1.62658e+06 1.49605e+06 1.11638e+06 105217 691504 80354.7 1.01117e+06 3.3616e+06 1.85262e+06 1.72268e+06
internal_count=34450160 18871015 15579145 8707911 10163104 9684041 9030224 5629123 2603299 5895104 6409297 1137098 7402913 7299494 1431983 4758006 2298614 653817 6810828 3401101 3025824 2720326 1839405 140116 1243208 125857 1699289 3277495 4420738 4275704
is_linear=0
shrinkage=0.1


Tree=23
num_leaves=31
num_cat=0
split_feature=4 9 3 7 9 4 10 10 8 11 7 3 11 8 11 11 8 3 10 8 11 6 3 10 11 7 10 10 10 7
split_gain=695004 259631 112669 88598.1 77233.2 66986.4 65850.5 52093.9 62537.2 73508 60645 47331.7 43143.3 41199.3 35403.9 34193.6 38160 37954.7 31683.2 32836.8 30994 31760.9 29693.6 28764.2 42437.6 27067.4 26533.9 26379.1 28398.6 25357.4
threshold=0.016939329914748672 15.160000324249269 8.5000000000000018 19.31424713134766 18.275887489318851 9.586954593658449 0.27694220057652758 0.54219432480460406 25.795714378356937 -1.0000000180025095e-35 13.650062561035158 405.00000000000006 0.9863035000474919 28.862753868103031 0.59003219687534991 -0.86974577485258975 32.927022933959968 110.50000000000001 -0.96689237009891416 33.924226760864265 -0.6523320455745395 34.560029983520515 47.500000000000007 -0.73866753694953124 0.44312301391210612 6.5913624763488778 0.96904697354198299 -0.39036798905311365 -0.34235669412071207 16.200611114501957
decision_type=8 10 2 8 10 10 2 2 10 2 10 2 2 10 2 2 8 2 2 8 2 10 2 2 2 8 2 2 2 10
left_child=1 2 12 6 7 20 25 8 23 -10 -9 15 -1 -7 -12 16 -4 -17 -15 -20 -5 -22 -11 24 -3 -2 -8 -6 -29 -27
right_child=3 4 11 5 27 13 26 10 9 22 14 -13 -14 18 -16 17 -18 -19 19 -21 21 -23 -24 -25 -26 29 -28 28 -30 -31
leaf_value=-0.0018348143510631858 0.013769706184636755 -0.059288646999563446 -0.070976154815496378 0.010810149091937433 -0.1371015467412586 0.031611895186851473 -0.0029373416246624615 0.0057312751488540368 -0.0011799867788397306 -0.063226087207772647 -0.028815074368244611 -0.18844478797567718 -0.049545673634426232 -0.0064894322871414476 -0.088521361097564755 -0.021724368150884955 0.010542832020107999 -0.061964374248331011 0.019740200299776026 0.00054025492287391303 0.0047071876673508099 -0.016349882960933367 -0.10707144009240761 -0.030020794083130173 0.082208471328627575 -0.056695387900506933 0.022428194073818353 0.066032523375601573 -0.071152653479037722 -0.021532528010769904
leaf_weight=9055407.4899686873 147572.52088096738 32900.382835030556 64470.981206923723 10807851.563802332 59766.499960839748 1787373.0653841943 1519320.462772727 552339.65240254998 163342.8938306123 582545.03703548014 1280222.4286953956 16931.179739549756 193581.94546195865 644670.25763826072 107666.52418962121 4089493.8837807477 525324.23089435697 248647.14929497242 5660687.179333359 1057103.9835065901 6136800.3056571484 810960.54798832536 210191.21695713699 399311.61135996878 59581.630194500089 294381.52892947197 566037.23402041197 15629.415723606944 437039.69515143335 676110.61253866553
leaf_count=6047819 113408 61037 75561 4112083 268713 472904 1076661 650652 153624 1588932 2258356 77222 266926 281467 297554 6128582 336206 595601 1682320 410831 2822890 636409 825937 804087 56034 343752 301233 26676 1200932 475751
internal_value=-0.000138075 -0.0156273 -0.00934793 0.00917043 -0.0384777 0.0110422 -0.00655049 -0.0330053 -0.0473594 -0.062265 -0.0222937 -0.0215328 -0.00283341 0.017993 -0.0334468 -0.0209594 0.00163193 -0.0240308 0.0146868 0.0167189 0.00746031 0.00224935 -0.0748515 -0.018382 0.031871 -0.0261312 0.00394773 -0.0746602 -0.066416 -0.0321986
internal_weight=4.82033e+07 1.80944e+07 1.41939e+07 3.01089e+07 3.90054e+06 2.69054e+07 3.20342e+06 3.3881e+06 1.44787e+06 956079 1.94023e+06 4.94487e+06 9.24899e+06 9.14983e+06 1.38789e+06 4.92794e+06 589795 4.33814e+06 7.36246e+06 6.71779e+06 1.77556e+07 6.94776e+06 792736 491794 92482 1.11806e+06 2.08536e+06 512436 452669 970492
internal_count=34450160 21720451 13527917 12729709 8192534 10418904 2310805 6696213 3489651 2568493 3206562 7213172 6314745 2847522 2555910 7135950 411767 6724183 2374618 2093151 7571382 3459299 2414869 921158 117071 932911 1377894 1496321 1227608 819503
is_linear=0
shrinkage=0.1


Tree=24
num_leaves=31
num_cat=0
split_feature=3 9 2 3 10 11 10 11 11 6 9 3 11 8 8 11 8 10 11 6 11 11 10 8 11 11 10 9 7 3
split_gain=566938 179753 99346.9 96105.4 73024.9 60724.6 57696.7 82036.7 52500 50635.1 49634.3 43589.8 43794.7 41792.8 41240 76637 40055.2 36548.7 34353.6 31326.4 48129.9 69907 31004 30935.7 28116.7 28311.6 36892.9 38001.5 34960.6 30147.2
threshold=2.5000000000000004 16.558690071105961 11.458796977996828 37.500000000000007 -0.40614700388750385 -0.92272482904738262 0.54219432480460406 0.99681593486783593 0.65720762023595369 29.030014038085941 10.070032119750978 405.00000000000006 0.95936279103287792 28.191126823425297 19.211283683776859 0.75438814418115718 34.725713729858406 0.67802080537253961 -0.17646730165275518 31.120038032531742 0.59003219687534991 0.56191161272202661 0.90162119223771331 29.029999732971195 0.73721509932751383 0.21652257995689161 -0.89406062840022227 12.551109313964846 9.8800859451293963 30.500000000000004
decision_type=2 10 2 2 2 2 2 2 2 10 10 2 2 8 10 2 10 2 2 10 2 2 2 8 2 2 2 8 8 2
left_child=2 3 -1 10 -5 -4 7 8 9 -3 23 12 17 -14 -12 24 18 -6 -7 -8 21 22 -21 -2 25 -16 27 -27 -28 -30
right_child=1 6 5 4 11 16 19 -9 -10 -11 14 -13 13 -15 15 -17 -18 -19 -20 20 -22 -23 -24 -25 -26 26 28 -29 29 -31
leaf_value=-0.0033685031674857884 -0.023159529558332545 0.046389103518102749 0.017180360616790284 -0.089519690495685866 -0.0014365379396434977 0.010723594345431027 -4.2918721431954052e-06 0.016140586470618098 -0.10157688228983641 -0.069926802604381222 0.011191142044852545 -0.17641506994181827 -0.035740180360071074 -0.11521626024027759 -0.0069526440769746792 -0.038216289441296618 -0.011952853409008609 -0.03278798880667113 0.00022989576248403645 -0.011815950184297819 -0.12214004595774278 0.098896754363015371 -0.055215968794876363 0.0049646767883528044 0.048080972100606273 -0.01654367677075232 0.032122767297614804 -0.07762001450641437 -0.024643079364149733 0.028945190857127979
leaf_weight=6851383.6981387436 447858.38591262698 51658.456612989306 8368386.1634221077 199051.17158104479 759986.05545528233 12207495.628946036 247713.3900257051 99508.527861654758 417582.52556234598 135842.53725394607 658067.83346834779 19012.4665376544 255292.91570024192 89312.350097090006 4386389.6613643765 1187293.8464062661 1067109.8823201358 728059.595735237 4190674.8612489104 250668.9241053462 66462.91188929975 37946.836642950773 479412.53849443793 3086698.4938333333 80868.87412494421 195926.12384498119 146458.2396787256 212211.45146855712 1109428.9477880448 115952.2364769578
leaf_count=4531006 409468 71517 2599132 710199 1181134 4258130 387617 172474 1556587 410451 534703 79883 626743 316100 3864550 2182046 576896 1535125 2244460 459412 232254 38859 1144219 1740389 81100 190233 137381 439383 1563818 174891
internal_value=-0.000126929 -0.0159021 0.00733698 -0.0120054 -0.0319649 0.0101762 -0.0457312 -0.0680014 -0.0818389 -0.0378806 -0.00848513 -0.0257778 -0.0242151 -0.0563382 -0.0128031 -0.0149269 0.0068202 -0.0167759 0.00804185 -0.0312318 -0.0405014 -0.0334367 -0.0403148 0.0014011 -0.0105008 -0.011269 -0.0219059 -0.0483004 -0.0140533 -0.0195723
internal_weight=4.81497e+07 1.54647e+07 3.26851e+07 1.36779e+07 2.05071e+06 2.58337e+07 1.7868e+06 704592 605084 187501 1.16272e+07 1.85166e+06 1.83265e+06 344605 8.0926e+06 7.43453e+06 1.74653e+07 1.48805e+06 1.63982e+07 1.0822e+06 834491 768028 730081 3.53456e+06 6.24724e+06 6.16637e+06 1.77998e+06 408138 1.37184e+06 1.22538e+06
internal_count=34450160 20240536 14209624 15767146 4449184 9678618 4473390 2211029 2038555 481968 11317962 3738985 3659102 942843 9168105 8633402 7079486 2716259 6502590 2262361 1874744 1642490 1603631 2149857 6451356 6370256 2505706 629616 1876090 1738709
is_linear=0
shrinkage=0.1


Tree=25
num_leaves=31
num_cat=0
split_feature=4 3 9 10 7 10 4 11 8 7 7 11 8 2 8 10 9 10 10 10 6 11 10 11 3 11 11 3 11 3
split_gain=472389 184655 88461.7 76198.2 64563.8 54788.5 50539.1 45048.9 49633.6 42931.6 41387.7 49245.9 38946.8 36041.4 35721.5 35321.3 34521.9 34424.8 33421.3 35476.3 32270 36704.5 39526.6 29753.6 32590.1 29113 28565.2 40399.2 28494.1 27546.4
threshold=0.016939329914748672 37.500000000000007 15.030000209808351 -0.39036798905311365 19.31424713134766 0.77788564761185042 4.3876810073852548 -0.15950993297387572 28.627143859863285 8.5889630317688006 3.543819904327393 0.97648852793709995 34.870746612548835 375.85374450683599 23.785716056823734 -0.14250824554987665 19.22970008850098 0.52766072109828632 -0.108376950152639 -0.2270106897347694 26.810079574584964 0.95691861501572195 -0.40614700388750385 0.1318557721318592 84.500000000000014 -1.0000000180025095e-35 -0.8142754349318998 138.50000000000003 0.97263757644091875 147.50000000000003
decision_type=8 2 10 2 8 2 10 2 8 10 8 2 10 2 8 2 10 2 2 2 10 2 2 2 2 2 2 2 2 2
left_child=1 2 7 14 5 9 -6 8 -1 -2 18 -12 -10 29 -3 -13 26 -14 19 -9 -4 22 25 24 -16 -22 -5 -28 -11 -8
right_child=4 3 20 16 6 -7 13 10 12 28 11 15 17 -15 23 -17 -18 -19 -20 -21 21 -23 -24 -25 -26 -27 27 -29 -30 -31
leaf_value=-0.033538914997517703 0.010483460044695574 0.0071480995619719037 -0.0054763622981689542 0.0037503012605561515 0.0045710588723837618 0.0092739953358270694 0.012553908104534989 -0.0080682174210325551 0.0092693333979507291 -0.022640185543830807 -0.011675626392210038 -0.13599824661258972 0.0021383215716607759 0.044900622262911714 0.062877513259950127 -0.038486322168275459 -0.098056257413937462 -0.021404231166444528 0.025981405285408182 -0.15822032865658484 0.038477158551538715 -0.099801467550232545 -0.021502000575616617 -0.11472546157236269 -0.19366298351609354 -0.063843834650183728 -0.028402535052441415 -0.073474432231664208 -0.093139993269981014 -0.1837588768549975
leaf_weight=405129.46967086196 429498.6167332679 34269.730852812529 678774.9754999727 228790.32153053582 12707241.976228341 1366967.114835158 13816983.615400374 76837.82931047678 3652445.5307315588 1342918.3765774965 4958967.1118494719 41928.555711463094 1664563.5920349658 351000.35363912582 19641.29111674428 325715.28243984282 76422.664419382811 990808.19035196304 451628.45063561201 19787.529428690672 30044.546454533935 73648.114691495895 1749612.035384506 209140.58267505467 6621.2718617469072 373407.4405465275 1724391.912917763 224790.29732868075 59886.284003436565 7151.4257907271385
leaf_count=324128 307283 85152 932600 204175 5723426 818765 4607104 69751 1829049 1079825 5352306 99835 945772 64449 22748 534783 309382 929574 297656 30367 27967 230624 2682867 976487 28728 1056970 4062204 687326 104932 23925
internal_value=-0.000117327 -0.0129225 -0.0088364 -0.0380042 0.00755234 -0.00587692 0.00915056 -0.00520612 0.000390293 -0.0171801 -0.0116009 -0.0142937 0.00256945 0.0132558 -0.0882406 -0.0496072 -0.0319949 -0.00664619 0.0145612 -0.0388173 -0.0245643 -0.0303829 -0.0280084 -0.102127 -0.00180103 -0.0562241 -0.0296769 -0.0336005 -0.0256499 0.0124524
internal_weight=4.8099e+07 1.80174e+07 1.54933e+07 2.52407e+06 3.00816e+07 3.19927e+06 2.68824e+07 1.25878e+07 6.71295e+06 1.8323e+06 5.87486e+06 5.32661e+06 6.30782e+06 1.41751e+07 269673 367644 2.2544e+06 2.65537e+06 548254 96625.4 2.90549e+06 2.22671e+06 2.15306e+06 235403 26262.6 403452 2.17797e+06 1.94918e+06 1.4028e+06 1.38241e+07
internal_count=34450160 21720451 15344249 6376202 12729709 2310805 10418904 10413221 4028523 1492040 6384698 5986924 3704395 4695478 1113115 634618 5263087 1875346 397774 100118 4931028 3998428 3767804 1027963 51476 1084937 4953705 4749530 1184757 4631029
is_linear=0
shrinkage=0.1


Tree=26
num_leaves=31
num_cat=0
split_feature=9 7 9 1 10 8 11 3 8 11 11 11 10 10 11 3 11 8 10 10 8 7 0 11 2 10 10 10 10 10
split_gain=389505 142815 97357.2 87559.7 73226.2 67868.5 97283.7 66147.3 59688.3 78296.7 58303.3 36996.8 34628.3 34213.4 54352 31145.3 28933.4 31983.9 50752.3 33364 27959.1 27347.3 26604.1 26036.9 23625.2 23188.7 23146.3 24030.4 23196.5 43629.4
threshold=12.84999990463257 17.211653709411625 17.279999732971195 0.3677711039781571 0.12545942051955489 22.794077873229984 0.1318557721318592 405.00000000000006 28.191126823425297 0.95178258287705175 -0.25206183926700709 -0.8611288361322974 0.21022171450811275 0.55656748448714433 0.99681593486783593 62.500000000000007 -0.97507822412530132 33.380012512207038 0.94138322595482449 0.73865729060996177 32.102998733520515 18.370016098022464 15.62895727157593 0.99249573635719013 178.99919128417972 0.94425825643485939 -0.51297808981038739 -0.72696319516528884 -0.34235669412071207 -0.108376950152639
decision_type=10 8 8 10 2 10 2 2 10 2 2 2 2 2 2 2 2 10 2 2 10 10 2 2 2 2 2 2 2 2
left_child=1 4 5 7 -1 26 16 -3 12 -10 -6 20 15 14 -4 -8 21 18 -18 -19 22 -7 -5 -11 -12 -15 27 -2 -28 -30
right_child=2 3 13 11 10 6 8 -9 9 23 24 -13 -14 25 -16 -17 17 19 -20 -21 -22 -23 -24 -25 -26 -27 28 -29 29 -31
leaf_value=-0.04015634459340274 0.003016376212603152 0.00071761761250305678 -0.082140690626453003 0.014733270512818511 -0.061053949013465614 -0.065657333400686496 -0.021723623601639378 -0.19449188981232979 -0.034779802433691567 -0.14134517763622631 -0.0011072537812684287 0.0066524725925007928 0.00065210984819550147 -0.017466994668337597 0.017199449887713027 -0.084977819673071484 -0.010701201830200908 -0.0040083560185343809 0.037375790502455507 -0.025474869824423235 0.0087521401620073505 0.03836611107078363 0.029630674345537258 -0.061781689812164121 0.10632836993576633 -0.053613114119572959 0.060187629018098522 -0.085516183481537403 -0.073672716660338144 0.01330160897758749
leaf_weight=940900.3233076036 76198.193953350186 15289473.275752112 365931.23079450428 3377093.5991501808 171558.17770683765 28627.908785969019 490612.14212074876 17378.152866430581 1961115.8035085201 93001.504156678915 1582325.2564186603 11034756.779958576 758235.79409712553 448794.36933602393 64834.761510029435 92521.655056402087 611440.53141283989 1474848.9552373737 342607.4363553822 1422218.4688768089 3799230.1626020074 215636.35867464542 1858418.6632005572 73743.604513794184 20736.433531582355 293582.26246537268 93004.892831116915 51299.454484820366 61429.401659995317 944014.21627226472
leaf_count=1264014 98104 8933333 1348028 1062629 145559 28523 977726 90981 4034966 361821 1330020 4305909 1009704 902682 115015 325290 551391 1312671 233484 2096081 1304481 98123 429704 210902 4385 709324 81638 101353 111632 870687
internal_value=-0.000108247 0.00449621 -0.0177114 0.00619266 -0.0176042 -0.0141003 -0.0176376 0.000495993 -0.0299589 -0.0403732 -0.00564711 0.0105375 -0.0134383 -0.0447701 -0.067189 -0.0317597 -0.00720006 -0.0093169 0.00656369 -0.0145466 0.0152825 0.0261745 0.0200213 -0.106158 0.000282482 -0.0317614 0.00772619 -0.0326052 0.0124075 0.00798775
internal_weight=4.80556e+07 3.80919e+07 9.9637e+06 3.53764e+07 2.71552e+06 8.79056e+06 7.56461e+06 1.53069e+07 3.46923e+06 2.12786e+06 1.77462e+06 2.00695e+07 1.34137e+06 1.17314e+06 430766 583134 4.09538e+06 3.85112e+06 954048 2.89707e+06 9.03474e+06 244264 5.23551e+06 166745 1.60306e+06 742377 1.22595e+06 127498 1.09845e+06 1.00544e+06
internal_count=34450160 18871015 15579145 16127037 2743978 12504096 11240682 9024314 6920409 4607689 1479964 7102723 2312720 3075049 1463043 1303016 4320273 4193627 784875 3408752 2796814 126646 1492333 572723 1334405 1612006 1263414 199457 1063957 982319
is_linear=0
shrinkage=0.1


Tree=27
num_leaves=31
num_cat=0
split_feature=4 3 9 10 2 10 8 9 11 11 10 8 9 10 8 10 6 10 3 3 10 11 8 11 6 3 10 3 7 11
split_gain=323514 133756 72005.6 66937 46869.9 46850.8 46732.3 43615.5 45602.7 39545 42334.1 41730.4 41410.1 39004.4 40580.3 37356.2 33607.4 32936.7 32572.7 29220.4 28701.3 28696.7 28692.3 43568.8 28614.9 29255.1 26465.4 33160.1 26262.2 25085
threshold=0.019774534739553932 55.500000000000007 16.558690071105961 -0.091260668982868151 104.61793518066408 -0.031173458710879235 28.448573112487797 18.740000724792484 0.97832380634958016 -0.15950993297387572 -0.96689237009891416 22.226320266723636 10.37527370452881 0.58481550752069722 30.65152740478516 0.54219432480460406 28.210115432739261 0.91248814248966237 61.500000000000007 344.50000000000006 0.9550229469509578 0.71353761266622884 34.870746612548835 -0.92272482904738262 26.021056175231937 7.5000000000000009 0.48314048284850658 19.500000000000004 23.154290199279789 -0.022575793296316496
decision_type=8 2 10 2 2 2 8 10 2 2 2 8 8 2 10 2 8 2 2 2 2 2 10 2 10 2 2 2 10 2
left_child=1 2 9 18 6 -5 -2 8 17 10 -1 26 -13 -14 20 24 -12 -7 -3 -8 21 -15 -18 -24 25 -4 27 -11 -6 -26
right_child=4 3 15 5 28 7 19 -9 -10 11 16 12 13 14 -16 -17 22 -19 -20 -21 -22 -23 23 -25 29 -27 -28 -29 -30 -31
leaf_value=0.030942813267272717 -0.007040030890167687 -0.027603366576271677 -0.10727901099815561 0.042163348619163106 0.021150948208482744 -0.014593016041833183 0.0061021433332811327 -0.11365982954535636 -0.088423488692152163 -0.017609427024495378 -0.037713388319768948 0.0013465032695967978 -0.02549084970084034 -0.018719292511006434 -0.022403848746078439 -0.017546873554587193 0.0048460965270585464 -0.053017786926748717 -0.11129166006031753 -0.19762786786523673 0.036156101622042379 0.029313612793754995 0.0078668816924960562 -0.016978418104385377 0.0063025447113670618 0.010428393095225873 0.019897466125161828 0.030342340216976391 0.0076661428801235087 -0.076310885646636017
leaf_weight=400021.46798963845 3142015.4746726006 64839.819174826145 26234.976397156715 85798.452201619744 2868334.7003916502 900662.35866415501 21046668.008357376 65462.369435012341 121435.9255656302 669664.17197845876 260994.94509759545 1277383.8144063801 3128453.4587341994 395606.69787041843 816410.71862894297 895680.0120472312 3663031.3280239701 296522.10581117123 164495.31373008341 7042.4112412780523 264640.75306673348 181420.66774696112 1089222.8616266251 2005102.1246018559 41606.60861736536 108198.24796779454 617375.16370245814 183794.03130225837 2908951.2953799367 315186.65378713608
leaf_count=206764 1987370 222861 59500 135510 775612 1809472 9056023 290965 405972 723130 240528 933067 5118473 471825 1180024 1592239 1915848 792028 750031 37735 184582 198620 578829 1903078 40836 207059 420160 228302 819489 1164228
internal_value=-9.96472e-05 -0.0106806 -0.00790385 -0.037383 0.00626852 -0.0295432 0.00433623 -0.0339883 -0.030033 -0.00588216 -0.00069941 -0.0109849 -0.0146501 -0.0189191 -0.00651944 -0.029701 -0.00250291 -0.0241102 -0.0876305 0.006034 0.0088883 -0.00361748 -0.00114294 -0.00823271 -0.0518622 -0.0125425 0.00412592 -0.00728291 0.0143611 -0.0666771
internal_weight=4.80123e+07 1.80392e+07 1.634e+07 1.69922e+06 2.9973e+07 1.46988e+06 2.41957e+07 1.38408e+06 1.31862e+06 1.49531e+07 7.41837e+06 7.53475e+06 6.06392e+06 4.78653e+06 1.65808e+06 1.38691e+06 7.01835e+06 1.19718e+06 229335 2.10537e+07 841668 577027 6.75736e+06 3.09432e+06 491226 134433 1.47083e+06 853458 5.77729e+06 356793
internal_count=34450160 21773931 17367092 4406839 12676229 3433947 11081128 3298437 3007472 14303230 4845047 9458183 8086591 7153524 2035051 3063862 4638283 2601500 972892 9093758 855027 670445 4397755 2481907 1471623 266559 1371592 951432 1595101 1205064
is_linear=0
shrinkage=0.1


Tree=28
num_leaves=31
num_cat=0
split_feature=9 7 4 9 10 11 8 11 8 11 10 3 11 11 3 2 10 7 10 10 10 3 6 8 11 10 11 3 7 11
split_gain=263299 106539 70952.5 68782.6 66979.2 58205.1 50774.7 67723.5 62180.9 63673 38461.9 37827.7 34023.5 31522.9 28281.8 28068.6 27213.6 27064.7 61402.2 28485.2 25750.8 22988.5 21111.2 22962 20980.1 56715.4 22979.1 33372.6 26337.8 20903.7
threshold=13.280001640319826 17.211653709411625 1.4962584972381594 18.275887489318851 -0.091260668982868151 -0.25206183926700709 23.063058853149418 0.011826144619637555 29.682858467102054 0.86869874770991873 0.57077594689671507 405.00000000000006 0.97263757644091875 0.7254836971458194 156.50000000000003 375.85374450683599 -0.89406062840022227 5.5702970027923593 0.21022171450811275 -0.022576249993022688 0.89787622492179153 48.500000000000007 27.370162010192875 21.923569679260257 0.88917497572200743 -0.72696319516528884 0.95691861501572195 41.500000000000007 10.690012454986574 -0.97507822412530132
decision_type=10 8 10 10 2 2 10 2 10 2 2 2 2 2 2 2 2 8 2 2 2 2 8 10 2 2 2 2 10 2
left_child=1 4 11 6 12 -6 16 29 10 -10 21 -3 22 20 15 -4 -2 19 -19 -7 -12 24 23 -1 25 -9 28 -28 -26 -8
right_child=3 2 14 -5 5 17 7 8 9 -11 13 -13 -14 -15 -16 -17 -18 18 -20 -21 -22 -23 -24 -25 26 -27 27 -29 -30 -31
leaf_value=-0.0099744126119318335 -0.13126290390790671 0.00019079342828626938 0.0085417117816111842 -0.052033218390807157 -0.054718952155690018 0.092750556919942495 0.027525800089019004 0.0060048798898859994 -0.032344580981703272 -0.091728108348240966 -0.028698004034631821 -0.18979532530142093 -0.097958528715897025 0.039037773918004448 -0.15760069128918092 0.036434927077790204 0.007722827434260413 -0.065131614573998228 -0.00076233030876546185 0.010012562764567742 0.015123917849259351 -0.04787358843659141 -0.0071567171002720163 -0.056911580724647054 -0.030081893148117718 -0.072740513962091885 -0.037426075995006768 0.071231654314638501 0.048071188741100335 -0.0082548081680585798
leaf_weight=146916.92359994352 14266.648083850741 16341217.013433099 19369145.975530937 494172.95789176226 217751.33283987641 44247.48535464704 172143.82238510251 182899.01668941975 1710842.4403204098 201865.58405993879 279683.10551521182 10486.849724449217 86548.279522404075 197443.28526908159 10187.263997010887 367610.81873369217 1124303.7010698915 169374.36057846248 1184989.1255433708 698383.54978814721 257599.46519057453 307542.62784109265 238056.10417622328 358685.96845774353 62483.850438788533 182957.52283470333 201566.92429383099 32876.641710668802 139150.16064535081 3170400.6010804623
leaf_count=155540 30258 9832679 6825189 1509507 190874 23682 91365 265077 3710749 720417 400153 64759 186916 236503 36736 69104 1226185 345078 1070148 488778 230830 998818 291940 517441 134742 485445 460900 50446 198618 3601283
internal_value=-9.15124e-05 0.00340303 0.00494095 -0.0157964 -0.0142495 -0.00550968 -0.0136227 -0.0167667 -0.0259793 -0.0386119 -0.0128774 6.89495e-05 -0.0386176 0.00486891 0.00897526 0.00906124 0.00598129 -0.000399806 -0.00881224 0.0149423 -0.00768764 -0.0246295 -0.0317114 -0.0432727 -0.0157153 -0.0333741 -0.000900116 -0.0221887 0.0238525 -0.00641208
internal_weight=4.79758e+07 3.92436e+07 3.60986e+07 8.7322e+06 3.14495e+06 2.31475e+06 8.23803e+06 7.09946e+06 3.75691e+06 1.91271e+06 1.8442e+06 1.63517e+07 830207 734726 1.97469e+07 1.97368e+07 1.13857e+06 2.09699e+06 1.35436e+06 742631 537283 1.10948e+06 743659 505603 801934 365857 436078 234444 201634 3.34254e+06
internal_count=34450160 20098864 16828467 14351296 3270397 2118560 12841789 11585346 7892698 4431166 3461532 9897438 1151837 867486 6931029 6894293 1256443 1927686 1415226 512460 630983 2594046 964921 672981 1595228 750522 844706 511346 333360 3692648
is_linear=0
shrinkage=0.1


Tree=29
num_leaves=31
num_cat=0
split_feature=2 3 10 11 7 10 10 9 11 10 10 8 8 10 10 6 11 8 8 11 10 11 10 7 8 10 10 7 7 11
split_gain=219480 83291.1 80950.6 47100.6 42900.2 67573.1 37378.9 39121.1 35124.2 30746.1 44261.6 50674.5 43560.7 43266.9 33650.6 31455.1 35625.8 30941.6 30725.2 29948.2 29130.6 27827.4 27707.5 28280.7 27599.6 42801.6 29772.4 30091.2 26282.7 63967.2
threshold=9.0299220085144061 57.500000000000007 -0.091260668982868151 -0.75013812021657655 23.456635475158695 0.49812943072827093 -0.031173458710879235 18.079998970031742 0.97832380634958016 0.48314048284850658 -0.72696319516528884 18.616177558898929 33.380012512207038 0.94425825643485939 0.9916835347852474 35.060447692871101 -0.022575793296316496 21.923569679260257 35.705837249755866 0.86869874770991873 0.91248814248966237 0.11478523713130605 -0.89406062840022227 22.550026893615726 31.859997749328617 0.90162119223771331 0.9550229469509578 15.770097732543947 17.990000724792484 0.88917497572200743
decision_type=2 2 2 2 10 2 2 8 2 2 2 10 8 2 2 10 2 10 10 2 2 2 2 8 10 2 2 8 8 2
left_child=1 4 -3 -2 9 -6 -4 8 20 10 15 -12 14 -14 -11 -1 -17 -16 19 22 -8 -15 23 -5 26 -26 -24 -28 29 -13
right_child=3 2 6 18 5 -7 7 -9 -10 12 11 28 13 21 17 16 -18 -19 -20 -21 -22 -23 24 -25 25 -27 27 -29 -30 -31
leaf_value=-0.0029774574704590617 0.0092582271005598581 -0.087581589796593917 0.042894648469405071 -0.011898236475334396 0.0073781488447056164 -0.015425701662992342 -0.0058647600037924179 -0.075138372380355117 -0.073286458174427402 -4.1323043248376408e-05 0.0042247855437722416 -0.062768537925718709 0.00098721562187064293 -0.024590925131210944 -0.059665566543601403 0.022260324314590567 -0.073397775292124559 0.046745039604270955 -0.025633674763595599 -0.023535245481177778 -0.042540626136195379 -0.072254686214533445 0.0070411616901773395 0.0030724248470468587 0.0022867188496925044 -0.039596047022810492 0.0033959911502346911 0.041559400916114653 -0.016399022918316821 -0.021781026628390324
leaf_weight=2947587.218977645 14926712.763305396 210286.71701703966 85373.993975892663 2064567.5433832407 4197952.7828211039 1882001.6141412407 899112.33527962118 141490.00692890584 112004.31076298654 2487529.3827303648 628971.38273608685 562569.40344642848 595348.85970969498 509424.99096432328 30484.056948110461 55183.031172543764 132215.46322915703 263756.79549250007 413499.98601123691 443654.23905317485 285279.17336577177 161263.41280116141 5232365.6471013427 3245456.4139128327 1748655.7591494024 283567.26900067925 334462.61157655716 540470.95084869862 1340817.4494145066 1178205.7238265276
leaf_count=3176857 4961639 935064 133267 1116047 2214975 2014460 1703336 536420 374757 2810086 602528 1355999 732082 816768 32773 49000 343020 177429 312853 415329 734461 347235 2299316 1322954 702607 210603 190022 211428 1152567 2464278
internal_value=-8.41168e-05 -0.00854249 -0.0294217 0.00532851 -0.00641002 0.000319398 -0.0213927 -0.0252098 -0.0197605 -0.0101659 -0.0142512 -0.0216423 -0.00325703 -0.0186342 0.00374139 -0.00550313 -0.0452294 0.0357206 0.00122849 0.00202798 -0.0146987 -0.0360514 0.00287122 -0.00274825 0.00653723 -0.00355741 0.00989626 0.0269706 -0.0269219 -0.035027
internal_weight=4.79403e+07 1.87069e+07 1.73355e+06 2.92334e+07 1.69733e+07 6.07995e+06 1.52326e+06 1.43789e+06 1.2964e+06 1.08934e+07 6.84555e+06 3.71056e+06 4.04781e+06 1.26604e+06 2.78177e+06 3.13499e+06 187398 294241 1.43067e+07 1.38932e+07 1.18439e+06 670688 1.34495e+07 5.31002e+06 8.13952e+06 2.03222e+06 6.1073e+06 874934 3.08159e+06 1.74078e+06
internal_count=34450160 22707362 4417305 11742798 18290057 4229435 3482241 3348974 2812554 14060622 9144249 5575372 4916373 1896085 3020288 3568877 392020 210202 6781159 6468306 2437797 1164003 6052977 2439001 3613976 913210 2700766 401450 4972844 3820277
is_linear=0
shrinkage=0.1


Tree=30
num_leaves=31
num_cat=0
split_feature=4 3 10 9 10 11 9 11 10 11 10 7 11 11 9 8 6 10 8 11 11 10 8 8 7 10 3 10 10 10
split_gain=184848 79070.6 54728.2 45200.8 33912.8 31910.7 31009 27966 26932.9 25321.4 35914.2 31976.3 43766.1 45630.5 35470 31251.2 30224.5 29045.5 26561.5 30666.9 24852.3 30465.4 29522.4 24559.9 24442 23879.7 24472.7 23465.6 22960.7 22878.4
threshold=0.047191143035888679 57.500000000000007 -0.091260668982868151 17.279999732971195 -0.031173458710879235 -0.4755978891912595 18.740000724792484 0.97832380634958016 0.91248814248966237 -0.15950993297387572 -0.96689237009891416 11.830269813537599 0.95691861501572195 0.98770287048522643 11.889999866485597 28.627143859863285 26.600187301635746 0.48314048284850658 35.193918228149421 -0.97111920233974802 0.93769647993491489 0.89017062131308955 29.490000724792484 31.978569030761722 19.401484489440922 0.7210268013660811 11.500000000000002 0.55656748448714433 -0.85227431625818906 -0.05695216311707673
decision_type=8 2 2 10 2 2 10 2 2 2 2 8 2 2 8 8 10 2 10 2 2 2 8 10 8 2 2 2 2 2
left_child=1 3 -3 9 -4 24 7 8 -6 10 -1 17 14 16 -13 -12 -14 -11 28 -20 21 -16 -22 -23 -2 -19 -27 -5 -17 -15
right_child=5 2 4 27 6 -7 -8 -9 -10 11 15 12 13 29 20 18 -18 25 19 -21 22 23 -24 -25 -26 26 -28 -29 -30 -31
leaf_value=0.02781069944424824 -0.010572085809691921 -0.078721269265970117 0.039695097007771393 -0.052240475984370531 -0.0095668069690338815 -0.00010683106658153352 -0.09641352948405503 -0.070118059098100968 -0.045022070852306119 -0.0081379795775197699 -0.026620156457536244 -0.00092126822338279223 -0.013232490138767579 0.026945493760236468 -0.025712931576948417 -0.011556269325490974 -0.1158373343621336 0.031144765818528309 0.01212257786106493 -0.012440190604851135 0.078818885352172352 0.015202873299955158 -0.03832703871745502 -0.017707905945340163 0.0077266582192301557 0.0072933711871362994 -0.062307766124406416 -0.016620192071556943 0.0084309620626220622 -0.041503373996627888
leaf_weight=418396.63586328924 758147.84298433363 194815.84417298436 83316.986487001181 279896.70559559762 884272.56633043289 8986336.3610282838 59846.997504889965 113669.56304034591 282760.53456825018 1406943.7490384281 493367.65656834841 2262532.3882678747 38901.945429831743 76772.854583650827 2071147.702642478 698819.47320835292 109574.78639242053 452388.31282962859 637898.43755576015 2501762.104638204 56299.163120925426 389815.30785390735 34816.993392556906 542064.01902879775 19626699.511352256 472759.0387160778 56562.657581523061 545154.48346996307 3237318.2179594636 134165.34423190355
leaf_count=215667 462556 896328 130488 952136 1770985 4956188 283498 394195 775820 2024930 409651 1834650 67080 123435 3729559 391662 320156 382169 317891 2314174 61508 366975 84501 855415 6905150 334396 99694 1062451 1638148 288704
internal_value=-7.70289e-05 -0.00789617 -0.0290108 -0.00587589 -0.0222094 0.0048576 -0.0260568 -0.0227691 -0.0181573 -0.00470548 -0.000709739 -0.00864344 -0.0127039 -0.0464846 -0.0104373 -0.00228625 -0.0889541 0.00107322 -0.00058954 -0.00744967 -0.0173957 -0.0189568 0.0340555 -0.00394097 0.0070461 0.0142743 -0.00014412 -0.0287043 0.00488244 -0.0165908
internal_weight=4.79072e+07 1.8536e+07 1.61868e+06 1.69174e+07 1.42387e+06 2.93712e+07 1.34055e+06 1.2807e+06 1.16703e+06 1.60923e+07 7.98756e+06 8.10474e+06 5.71609e+06 359415 5.35668e+06 7.56917e+06 148477 2.38865e+06 7.0758e+06 3.13966e+06 3.09414e+06 3.00303e+06 91116.2 931879 2.03848e+07 981710 529322 825051 3.93614e+06 210938
internal_count=34450160 22126266 4251314 17874952 3354986 12323894 3224498 2941000 2546805 15860365 5287193 10573172 7731983 799375 6932608 5071526 387236 2841189 4661875 2632065 5097958 4951949 146009 1222390 7367706 816259 434090 2014587 2029810 412139
is_linear=0
shrinkage=0.1


Tree=31
num_leaves=31
num_cat=0
split_feature=4 9 3 9 2 11 10 7 10 8 11 11 3 10 10 11 10 8 10 6 10 7 7 11 11 6 3 8 10 2
split_gain=152902 69282.3 35682.7 33843.7 30628.3 29637 59781.2 56315.5 34153.2 26120.3 98098.4 28920.3 26030.7 23428.5 22538.2 21513.1 27497 20189.7 24948.2 20818.8 20789.5 18615.1 19485.3 22537.6 18512.6 53989.5 28010.6 24889.8 23206.2 23012.8
threshold=0.3225113451480866 15.59999990463257 405.00000000000006 19.22970008850098 215.81109619140628 0.97648852793709995 -0.14250824554987665 4.1574494838714608 -0.022576249993022688 29.490000724792484 0.60383265664488517 0.56191161272202661 344.50000000000006 -0.099819732675876835 -0.108376950152639 0.67007489853957602 0.63920241694561786 34.870746612548835 0.40614137006726808 34.130393981933601 -0.36647417525074694 23.571677207946781 8.1402940750122088 0.96177147954086928 -0.92272482904738262 31.370846748352054 111.50000000000001 34.798601150512702 -0.99940763397299126 1.4360010623931887
decision_type=8 10 2 8 2 2 2 10 2 10 2 2 2 2 2 2 2 10 2 10 2 10 8 2 2 8 2 8 2 2
left_child=1 2 5 9 12 24 -7 14 -9 -3 11 13 15 -11 -8 17 21 20 -19 -20 -2 22 -17 -24 25 29 27 -26 -29 -1
right_child=4 3 -4 -5 -6 6 7 8 -10 10 -12 -13 -14 -15 -16 16 -18 18 19 -21 -22 -23 23 -25 26 -27 -28 28 -30 -31
leaf_value=-0.068591666656509453 0.0031643792825196853 -0.0062903765922784158 -0.17176598040301816 -0.062828320188128367 0.018972813437866484 -0.10576995943490691 -0.12492078070880695 0.0024990334659722412 -0.052292055796523053 -0.05678391130664482 -0.078836123363944577 0.046362933696258074 -0.19767805545046765 -0.013825814246161434 0.034638910862097326 0.014447847576806665 -0.059781606363329493 0.0038319593966130057 -0.054813363932850613 -0.01007310371868508 0.0095213852877708751 0.068543406796862175 -0.010150292519295369 -0.068422652178917964 -0.0015873846413088763 0.009528175179561062 -0.034685186835875119 0.051806798692299663 -0.01279718123910936 -0.015398151923902776
leaf_weight=105430.11024162173 11923329.540998742 1228307.6046386585 12666.392600946128 174274.40633125603 1482820.1154873371 78203.418555676937 9235.2955637574196 177924.27239296585 315493.859570086 141022.21524893492 286562.60094377398 73173.574472717941 6386.7495072707534 1272835.6452124417 213664.34482367337 248729.27845139802 103256.76740548015 2068328.8950715363 116220.47101297975 989604.26249721646 9048525.9870420098 33140.468382149935 382850.95182989538 80291.137713864446 10832980.52648335 2636431.1820130646 301346.62295083702 56608.528117567301 3124867.9815433249 355799.28491312265
leaf_count=113466 4595082 2387212 83721 626492 335278 217932 17938 323058 715487 469177 1159407 133322 39869 2327770 178876 175387 97447 831525 79584 692270 3372565 11050 323359 114844 9783979 1242304 688138 41692 3087960 183969
internal_value=-7.04679e-05 -0.00635742 -0.00398164 -0.0199865 0.00500896 -0.00386492 -0.0227525 -0.0136891 -0.0325346 -0.0174993 -0.0252621 -0.014938 0.00418074 -0.0181106 0.0280279 0.00423232 -0.0114203 0.00478221 -0.00265049 -0.0147752 0.00590718 -0.00471753 -0.00812812 -0.0202525 -0.00300314 0.00400628 -0.00451984 -0.00387121 -0.0116477 -0.0275574
internal_weight=4.78803e+07 2.13968e+07 1.82207e+07 3.17618e+06 2.64835e+07 1.8208e+07 794521 716318 493418 3.0019e+06 1.77359e+06 1.48703e+06 2.50007e+07 1.41386e+06 222900 2.49943e+07 848269 2.4146e+07 3.17415e+06 1.10582e+06 2.09719e+07 745012 711871 463142 1.74135e+07 3.09766e+06 1.43158e+07 1.40145e+07 3.18148e+06 461229
internal_count=34450160 23781900 16678520 7103380 10668260 16594799 1453291 1235359 1038545 6476888 4089676 2930269 10332982 2796947 196814 10293113 722087 9571026 1603379 771854 7967647 624640 613590 438203 15141508 1539739 13601769 12913631 3129652 297435
is_linear=0
shrinkage=0.1


Tree=32
num_leaves=31
num_cat=0
split_feature=11 8 9 10 7 3 3 11 7 10 10 7 6 10 10 11 7 10 8 1 8 11 7 10 10 8 11 10 9 3
split_gain=130200 56836.2 54547 51617.9 46230.7 41842.9 34089.8 32639.1 73963.8 66453.9 45836.3 41414 33276.4 51094.9 32052.1 36637.4 34437.4 31198.5 46872.2 32872.3 62138.8 28337.6 28323.9 54099.4 35821.4 35627.1 26226.4 26074.6 25263.8 23628.7
threshold=-0.15950993297387572 34.870746612548835 19.22970008850098 0.40614137006726808 15.322363376617433 167.50000000000003 204.50000000000003 0.95936279103287792 11.830269813537599 -0.091260668982868151 0.15951094710994371 17.510086059570316 33.51768875122071 0.9893236546938301 -0.022576249993022688 0.98486764554468398 2.7907195091247563 0.3261394409934788 32.504289627075202 2.2880700826644902 30.738570213317875 -0.23537842981696178 22.60003757476807 -0.97113884758256674 -0.99763297024448894 21.923569679260257 -0.42958798411962301 -0.8781231054254196 11.465310096740724 19.500000000000004
decision_type=2 10 10 2 8 2 2 2 10 2 2 10 8 2 2 2 10 2 8 8 8 2 10 2 2 10 2 2 10 2
left_child=1 4 5 29 21 7 17 12 9 -9 11 -10 13 22 -11 -16 -17 19 -19 20 -6 -1 25 24 -24 27 -20 -2 -14 -3
right_child=2 3 -4 -5 6 -7 -8 8 10 14 -12 -13 28 -15 15 16 -18 18 26 -21 -22 -23 23 -25 -26 -27 -28 -29 -30 -31
leaf_value=-0.033597205093530057 -0.12969769983690502 0.0018823940152253435 -0.069774845204758282 -0.012770612346874467 -0.010265042891573215 -0.093753688127004103 -0.12213437746251338 -0.054610795619211831 -0.06722835489908402 0.043130498375918092 -0.12728316875949083 -0.0030750774895898351 -0.002019954626395903 0.02168431105898164 0.025292738479132222 0.018991047847950204 -0.043772011100310135 0.023794356044897436 0.0063221831725113267 0.0087934642441332683 0.0064442759454932282 0.024092987115276864 0.016063357479118391 0.033411979764832254 -0.021135225478984318 -0.010190290673050788 -0.032112795495390555 0.0077367199479791444 -0.02311874134883652 0.035226556138148096
leaf_weight=452396.76612694561 13928.429513171315 3685806.830032289 140510.47764864564 3615191.3550738543 3323013.7512453645 55614.593398287892 20621.38462074846 221792.82399206609 239344.0953957662 189358.37140985578 70913.905436530709 173619.5379723832 876296.20589642227 786715.36166153848 263552.76559217274 131037.71272823215 262649.4624889493 2243695.785912782 910533.73698925972 11247222.201748729 6739137.4126742035 104885.10626326501 444516.6714874655 533695.33923207223 619872.00789876282 6878117.4118266404 220535.64987547696 1553570.2042376697 1610621.3971083313 225523.89828775078
leaf_count=417586 27899 1684476 557437 3760938 1611205 238018 84532 553413 737720 228384 237796 230634 638911 474234 335560 117482 580667 849958 441883 3493433 2734216 68004 187223 243439 317145 9070376 182455 1286289 2919709 139138
internal_value=-6.4842e-05 0.00347089 -0.00775989 -0.00415672 0.00574344 -0.00717606 0.00638595 -0.00685225 -0.0205751 -0.00588487 -0.0530108 -0.0402568 -0.00525271 -0.00285737 0.00688041 -0.00356366 -0.0228815 0.00649331 0.0154268 0.00507852 0.000926043 -0.0227394 -0.0047797 0.00742834 -0.00560012 -0.00708971 -0.00117186 0.00651551 -0.0156843 0.00380499
internal_weight=4.78543e+07 3.27886e+07 1.50657e+07 7.52652e+06 2.5262e+07 1.49252e+07 2.47048e+07 1.48696e+07 1.55227e+06 1.06839e+06 483878 412964 1.33173e+07 1.08304e+07 846598 657240 393687 2.46841e+07 3.37477e+06 2.13094e+07 1.00622e+07 557282 1.00437e+07 1.59808e+06 1.06439e+06 8.44562e+06 1.13107e+06 1.5675e+06 2.48692e+06 3.91133e+06
internal_count=34450160 15467824 18982336 5584552 9883272 18424899 9397682 18186881 3021656 1815506 1206150 968354 15165225 11606605 1262093 1033709 698149 9313150 1474296 7838854 4345421 485590 11132371 747807 504368 10384564 624338 1314188 3558620 1823614
is_linear=0
shrinkage=0.1


Tree=33
num_leaves=31
num_cat=0
split_feature=11 9 8 10 7 11 2 6 3 3 10 11 10 7 10 10 6 10 8 7 11 11 10 10 10 6 8 10 3 9
split_gain=105633 46983.1 46052.4 44413.5 38837.1 46509.1 43326.9 35464.8 35299.9 30500.6 28330 27090.9 69890.1 50952.6 34248.1 25559.9 24075.6 41592.9 23531.5 33696.4 44129.3 33307.3 30382.9 23651.4 32336.5 23229.8 24621.2 21446.1 20981.9 19927.6
threshold=-0.15950993297387572 18.170379638671879 34.870746612548835 0.73865729060996177 17.310421943664554 -0.61236746317008228 1.2435640096664431 23.350302696228031 167.50000000000003 344.50000000000006 -0.38242426011641079 0.97648852793709995 -0.14250824554987665 5.150853395462037 -1.0000000180025095e-35 -0.108376950152639 33.51768875122071 0.9893236546938301 21.923569679260257 22.084649085998539 0.26659387353423869 0.97461712852231652 -0.99763297024448894 0.49812943072827093 0.55656748448714433 21.384360313415531 33.122783660888679 -0.53493989022977317 22.500000000000004 20.530893325805668
decision_type=2 10 10 2 8 2 2 8 2 2 2 2 2 8 2 2 8 2 8 10 2 2 2 2 2 8 10 2 2 10
left_child=2 8 4 -4 5 6 -1 -7 11 10 -6 16 -13 15 -15 -14 17 18 21 -20 22 23 -21 -2 -25 -19 -27 -22 -26 -3
right_child=1 29 3 -5 9 7 -8 -9 -10 -11 -12 12 13 14 -16 -17 -18 25 19 20 27 -23 -24 24 28 26 -28 -29 -30 -31
leaf_value=-0.10930421295490043 -0.0091723984846127805 -0.034854334071277214 0.0003284965396337742 -0.018242738371094511 0.0028476839503978196 -0.055838157357755651 -0.024842059569878606 0.012816081741255349 -0.089649212517183538 -0.19401358678485528 0.0096981923538636116 -0.096736352188138808 -0.13595828935788196 -0.0037505095763908768 -0.047911234572604169 0.027117740566035706 -0.013621236398259129 -0.030379175161024632 -0.0099395515662347583 0.013177880315752439 0.034254986028322457 0.090933193150431135 -0.016933695209667712 0.060221726403828529 0.0093177005764604262 0.031155839421957751 -0.037466786563007774 -0.01203004259820727 -0.11286415118531996 -0.13574608618774786
leaf_weight=77154.841240763664 741506.04196734726 405663.46212492138 5875179.9978411645 1649246.0757839233 13068182.598591879 88366.038018256426 285369.43490961194 506632.41537999362 50325.705927677453 7625.5695060193539 11219416.92483522 109118.63786844164 9936.631513863802 330311.90945218503 374980.11907166243 293493.40437546372 2385869.6479803324 82953.506985291839 6478785.265749231 544908.76340907812 548198.31385432184 45426.691003739834 870247.66160134971 133980.86319285631 781919.23066711426 643883.90996938944 56905.49196241796 122472.59039802849 14312.26192522049 20569.602545499802
leaf_count=132490 843137 1326500 3385155 2199397 4983338 72125 218685 373563 222045 57708 4045363 337539 21695 654833 908527 262787 3272388 58921 8909564 235366 236067 26594 454250 76793 483900 349756 61837 96581 36197 107059
internal_value=-5.942e-05 -0.00699624 0.0031248 -0.00374205 0.00517088 -0.0145831 -0.0428179 0.00261992 -0.00604208 0.00594943 0.00601221 -0.00575328 -0.0207117 -0.0124878 -0.0272293 0.0217774 -0.0045102 -0.00254574 -0.00423843 -0.00638054 0.00467412 0.00644576 -0.00533917 0.00414993 0.0147696 0.0196603 0.0255835 0.0258028 0.00712148 -0.0397233
internal_weight=4.78229e+07 1.50458e+07 3.27772e+07 7.52443e+06 2.52527e+07 957523 362524 594998 1.46195e+07 2.42952e+07 2.42876e+07 1.45692e+07 1.11784e+06 1.00872e+06 705292 303430 1.34514e+07 1.10655e+07 1.02818e+07 8.56461e+06 2.08583e+06 1.71715e+06 1.41516e+06 1.67172e+06 930212 783743 700789 670671 796231 426233
internal_count=34450160 18982336 15467824 5584552 9883272 796863 351175 445688 17548777 9086409 9028701 17326732 2185381 1847842 1563360 284482 15141351 11868963 11398449 9931828 1022264 1466621 689616 1440027 596890 470514 411593 332648 520097 1433559
is_linear=0
shrinkage=0.1


Tree=34
num_leaves=31
num_cat=0
split_feature=1 9 3 11 8 11 10 11 2 11 6 10 10 11 11 10 9 8 3 10 6 11 7 3 10 8 11 8 7 10
split_gain=88403.9 42405.7 45952.3 23260.4 80649.4 61452.9 41254.1 37645.4 22715.1 23409.1 21187.9 26236 20973.5 23072.8 42613.9 27211.9 26903.8 22636 20698.8 22390.8 20176.2 19503.5 17547 16639.5 16508.8 21059.5 18304.1 26216.2 16339.6 33200.6
threshold=0.11438561603426935 15.550024986267092 405.00000000000006 0.59003219687534991 29.632857322692875 0.56191161272202661 -0.45274443793211405 0.67007489853957602 215.81109619140628 0.84199059757024453 29.94132232666016 -0.83377653105606597 -0.34235669412071207 0.84199059757024453 0.99681593486783593 0.78857998149907527 16.458660125732425 27.067143440246586 40.500000000000007 -0.34235669412071207 31.415515899658207 0.99681593486783593 10.060648918151857 9.5000000000000018 0.90892735371523092 32.191465377807624 0.47369649395226454 36.177145004272468 17.510086059570316 0.17646842360078763
decision_type=10 10 2 2 8 2 2 2 2 2 10 2 2 2 2 2 10 10 2 2 10 2 10 2 2 10 2 10 10 2
left_child=1 2 28 5 6 10 7 -5 9 -2 -3 -12 22 15 16 17 -15 -14 19 20 -6 -20 -8 -16 26 -26 -13 -28 29 -1
right_child=8 3 -4 4 18 -7 12 -9 -10 -11 11 24 13 14 23 -17 -18 -19 21 -21 -22 -23 -24 -25 25 -27 27 -29 -30 -31
leaf_value=-0.017154897347291573 0.0039000956270840909 0.013080453174025626 -0.17489269007399458 0.043135136473291168 -0.066609189317533665 0.07162308962858363 0.078669118178811101 -0.1049894409804451 0.016205551965183668 -0.020831132163940461 -0.059163030367221918 0.004504797027651288 -0.0045626730403106079 -0.0079846965877161027 -0.089517223844708976 -0.13929486986190753 -0.063184050302686756 0.055343360561386536 -0.10739498421170875 -0.084693048516136016 0.030049992198489747 0.012971406662815436 -0.025629690124554863 0.038577885314231543 0.011208466928130783 -0.030727816585450055 -0.070849780119552272 0.08833806741682397 -0.0010489744251447137 -0.00015591725955403502
leaf_weight=2083182.3890347108 21894021.785563231 282583.45593771338 15483.172885127366 22090.185426689684 37208.727347508073 91838.582628682256 52414.217313043773 76839.851945325732 1493850.1104679704 389540.28025726974 132932.2014074102 604540.07079207897 144508.58881285787 155830.08434636146 11089.68232768774 10963.154613405466 203741.83475819975 111930.4111136049 138304.00068327039 75190.92855001986 51462.343597322702 14913.369330123067 23301.210881263018 118522.59827432036 147927.20619167387 628619.13504999876 67535.857586190104 12216.923873543739 16142125.557500713 2561961.8411940858
leaf_count=3549766 8714452 339556 122639 34532 146977 124626 87061 330230 340389 383213 466143 844908 211446 341801 27532 26579 735908 151376 746020 267177 129091 35659 79828 195349 198457 1479850 200090 17741 11313248 2808516
internal_value=-5.44561e-05 -0.00433343 -0.00268122 -0.0150191 -0.025697 -0.00824665 -0.0108652 -0.0719146 0.00426804 0.00346777 -0.0121559 -0.0166304 -0.0036087 -0.00863049 -0.0215417 0.0149892 -0.0392619 0.0215851 -0.0692567 -0.0445506 -0.0105108 -0.0956792 0.0465715 0.027618 -0.0127601 -0.0227392 -0.00143557 -0.0464646 -0.00255295 -0.00777936
internal_weight=4.77967e+07 2.40193e+07 2.08028e+07 3.2165e+06 1.24831e+06 1.96819e+06 931232 98930 2.37774e+07 2.22836e+07 1.87635e+06 1.59377e+06 832302 756586 489184 267402 359572 256439 317079 163862 88671.1 153217 75715.4 129612 1.46084e+06 776546 684293 79752.8 2.07873e+07 4.64514e+06
internal_count=34450160 25012106 17794169 7217937 3546566 3671371 2221642 364762 9438054 9097665 3546745 3207189 1856880 1689991 1300590 389401 1077709 362822 1324924 543245 276068 781679 166889 222881 2741046 1678307 1062739 217831 17671530 6358282
is_linear=0
shrinkage=0.1


Tree=35
num_leaves=31
num_cat=0
split_feature=11 3 8 7 8 10 7 10 8 11 3 11 11 6 11 9 6 1 8 11 7 6 6 2 9 10 3 7 10 11
split_gain=73022 42049 38075.7 47282.8 37398 39834.6 39017.4 36655.4 70785.4 35327.9 27829.6 27760 41056.8 51221.3 29507.7 25150.9 24105.4 23887.3 41700.6 23521.9 29960.2 26014.9 22531.9 22351.2 23764.7 22235.4 37557 31529.9 28796.9 23901
threshold=0.1318557721318592 126.50000000000001 21.923569679260257 22.60003757476807 35.107219696044929 0.40614137006726808 15.322363376617433 0.3261394409934788 32.504289627075202 0.19969739736768838 204.50000000000003 0.95691861501572195 0.99138911339924218 29.470059394836429 0.97648852793709995 14.049999713897707 31.120038032531742 2.106382012367249 29.919923782348636 0.94353349168649059 10.982602119445803 29.530110359191898 33.190118789672859 102.14747238159181 8.3400106430053729 0.55656748448714433 20.500000000000004 16.60019683837891 0.69056404122701587 0.88917497572200743
decision_type=2 2 8 10 10 2 8 2 8 2 2 2 2 10 2 8 8 10 8 2 10 10 10 2 8 2 2 10 2 2
left_child=4 2 23 11 6 -6 15 10 -9 -5 17 16 13 14 -13 -1 19 18 -8 25 -21 -22 -7 24 -2 27 -27 29 -28 -4
right_child=1 -3 3 9 5 22 7 8 -10 -11 -12 12 -14 -15 -16 -17 -18 -19 -20 20 21 -23 -24 -25 -26 26 28 -29 -30 -31
leaf_value=-0.033466747908699503 -0.029755005895870518 -0.05942254691284541 -0.034176869735197624 -0.026195126743920973 0.003329558060876358 -0.070205231199874957 -0.012221662444485106 0.022806261935417758 -0.0041680041746770145 0.021523855954277069 -0.15371109320045429 -0.0070232980358615645 -0.0077947720684919761 -0.11350939250060195 -0.063609246241711936 -0.00026445489760171286 -0.017860624910389252 0.0060185969181967593 0.0027151933005927515 -0.048387591415052077 0.067595579061301397 -0.036000118705342386 -0.010064844334043385 0.060069086282525046 0.0068654340313604803 -0.0056510291632092431 0.058838244055042982 -0.002581837608762556 -0.00051629939497682773 -0.0040824817759051125
leaf_weight=449479.00832184777 195320.8532872051 152079.85347014666 812865.48485612124 195594.78046581894 3745654.516921103 63296.606069758534 2343005.09240596 2677067.1634478793 1528191.0370853692 750187.08292772621 11343.99562286213 207448.05373834819 495596.79517780989 97650.182488270104 165814.49451352656 463324.92849522084 2379214.382318601 12325351.247741073 9239989.6260142773 40548.0939739272 128001.77198905498 29903.289001263678 3943674.816068925 72161.354654073715 1911000.1327631772 1157993.7246474773 184449.13285066187 1470885.27292642 146793.48943436146 390770.47325518727
leaf_count=383558 184262 543545 1880967 149795 1865617 50958 1230198 1075589 1040704 425627 60272 449699 1084267 388659 521563 416239 4241229 3961391 4073994 115028 144046 70041 4516048 23898 1822502 1130697 244386 1237474 270075 847832
internal_value=-5.02167e-05 -0.00720521 -0.0064721 -0.00944679 0.00208601 -0.0040844 0.00373341 0.00439378 0.0130038 0.0116552 0.00288008 -0.0120361 -0.0278855 -0.0490293 -0.0321605 -0.0166138 -0.00976374 0.00295438 -0.00030623 -0.00534758 0.0282878 0.0479771 -0.0110149 0.00534443 0.00346959 -0.00695071 0.00284241 -0.0124038 0.0325347 -0.0244065
internal_weight=4.77747e+07 1.09843e+07 1.08322e+07 8.65372e+06 3.67904e+07 7.75263e+06 2.90378e+07 2.81249e+07 4.20526e+06 945782 2.39197e+07 7.70793e+06 966510 470913 373263 912804 6.74143e+06 2.39083e+07 1.1583e+07 4.36221e+06 198453 157905 4.00697e+06 2.17848e+06 2.10632e+06 4.16376e+06 1.48924e+06 2.67452e+06 331243 1.20364e+06
internal_count=34450160 15775592 15232047 13201385 18674568 6432623 12241945 11442148 2116293 575422 9325855 12625963 2444188 1359921 971262 799797 10181775 9265583 5304192 5940546 329115 214087 4567006 2030662 2006764 5611431 1645158 3966273 514461 2728799
is_linear=0
shrinkage=0.1


Tree=36
num_leaves=31
num_cat=0
split_feature=11 9 8 11 6 3 3 2 4 8 11 2 11 8 7 10 10 8 11 8 11 10 9 6 10 10 3 11 8 11
split_gain=60646.7 35638.1 28323.7 31820.3 28352.1 24791.5 23419.3 21983.2 20684.6 37887.9 33508.8 25443.7 26235.1 23668.1 20804 18240.7 26931.3 17211.1 36195 30839 25829.5 21339.1 20629.9 45614.4 28115.5 35107 33625.7 29714.9 36221.9 28093.8
threshold=-0.15950993297387572 19.22970008850098 34.870746612548835 -0.97111920233974802 23.350302696228031 172.50000000000003 344.50000000000006 3.6784236431121831 11.817853450775148 29.029999732971195 -0.23537842981696178 5.2280509471893319 -0.59867820553660911 27.753482818603519 17.410214424133304 0.91596454896554913 0.97112537654464559 21.923569679260257 0.95691861501572195 29.490000724792484 0.9863035000474919 -0.8781231054254196 11.410000324249269 25.630223274230961 0.58481550752069722 0.67802080537253961 109.50000000000001 0.59003219687534991 29.682858467102054 0.91852788691372023
decision_type=2 10 10 2 8 2 2 2 8 8 2 2 2 10 8 2 2 8 2 10 2 2 8 8 2 2 2 2 10 2
left_child=2 5 4 -4 7 17 8 -1 9 10 11 12 14 -10 -6 -5 -17 21 22 -20 -21 -2 23 -19 26 -26 29 -27 -29 -24
right_child=1 -3 3 15 6 -7 -8 -9 13 -11 -12 -13 -14 -15 -16 16 -18 18 19 20 -22 -23 24 -25 25 27 -28 28 -30 -31
leaf_value=-0.13617144286717886 -0.1221343097595846 -0.05648324467393348 0.0082357156965751476 -0.0047920121199612978 -0.097245280875598056 -0.080209923000217023 -0.19104350168450002 -0.024516694798172194 0.024667930199755411 0.0044668087768273872 0.034868986437044003 -0.0065805790023657981 -0.002779670002398627 0.0067494040433720487 -0.034801932506297151 -0.038542729030310224 0.0052796304167474764 -0.033844521799712458 -0.015479329119821576 -0.1047512837630851 -0.031259687853156679 0.0041095868673972575 -0.017845704129365297 0.0024390853809595817 0.02882768869318076 -0.0010611383440382628 -0.11080707101565346 -0.0092604479213155306 -0.071321633618617555 0.011067881186487489
leaf_weight=21566.502119168639 13468.805130973458 134887.36707753688 1882528.3009556681 5024778.2539952621 76525.8545037359 43525.224445827305 6142.0419270433486 96690.381192862988 843060.9620963186 15528387.22499828 171209.13049346209 2281084.0370827615 168632.6700270623 5868009.9880625606 176212.86145406961 396797.54286786914 216893.20423906296 371957.73282913864 754935.12799884379 77578.572202853858 124686.75839663297 2266530.0428184308 2633175.1118339151 5058909.5435601473 334217.20238350332 2331405.121004492 36430.547787562013 283758.83614075184 140662.56537371874 385214.0589659363
leaf_count=37941 28116 557437 799334 3850395 122292 207456 57836 58011 205753 6310411 86422 977784 157432 1723034 146356 628722 306101 371632 1762412 290683 316761 2087189 4968294 3058276 452453 3209336 138401 377801 374156 781933
internal_value=-4.58041e-05 -0.00531397 0.00236508 -0.00302132 0.00397027 -0.00484938 0.00420024 -0.0448792 0.004248 0.00251484 -0.00803296 -0.0107509 -0.0333271 0.00900037 -0.0537089 -0.00677974 -0.0230548 -0.00462795 -0.00608182 -0.0247702 -0.0594473 0.00336382 -0.00453647 -4.59631e-05 -0.00850521 -0.00177967 -0.0153083 -0.00549162 -0.0298289 -0.0141557
internal_weight=4.77499e+07 1.49913e+07 3.27585e+07 7.521e+06 2.52375e+07 1.48565e+07 2.51193e+07 118257 2.51131e+07 1.84021e+07 2.87366e+06 2.70246e+06 421371 6.71107e+06 252739 5.63847e+06 613691 1.48129e+07 1.25329e+07 957200 202265 2.28e+06 1.15757e+07 5.43087e+06 6.14486e+06 3.09004e+06 3.05482e+06 2.75583e+06 424421 3.01839e+06
internal_count=34450160 18982336 15467824 5584552 9883272 18424899 9787320 95952 9729484 7800697 1490286 1403864 426080 1928787 268648 4785218 934823 18217443 16102138 2369856 607444 2115305 13732282 3429908 10302374 4413746 5888628 3961293 751957 5750227
is_linear=0
shrinkage=0.1


Tree=37
num_leaves=31
num_cat=0
split_feature=11 9 7 2 8 10 3 3 10 6 3 7 7 11 11 10 11 3 10 6 11 11 7 10 10 11 10 10 10 8
split_gain=49492.5 28577.2 23470.3 26518 24244.9 27873.6 20972 20716.4 16261.7 46090.9 42163.4 30404.5 46500.4 43911.7 44376.8 28179.8 28102.2 26985.2 27425.9 26544.6 24240.4 22825.2 22684 28254.2 21863 20424.2 75360 38900.7 45304.2 35171.2
threshold=-0.17646730165275518 18.740000724792484 10.534201145172121 10.087961673736574 34.870746612548835 0.73865729060996177 167.50000000000003 344.50000000000006 0.49812943072827093 30.290039062500004 109.50000000000001 17.510086059570316 12.111235141754152 0.95436825032516992 0.93469109537144635 0.10837544681456425 0.59003219687534991 24.500000000000004 0.91248814248966237 35.506147384643562 -0.056951011027366626 0.99249573635719013 18.370016098022464 0.97314989601849466 -0.9905448150984083 0.88917497572200743 -0.72696319516528884 -0.34235669412071207 -0.091260668982868151 13.993053913116457
decision_type=2 10 8 2 10 2 2 2 2 10 2 10 10 2 2 2 2 2 2 10 2 2 8 2 2 2 2 2 2 8
left_child=2 6 3 -1 7 -6 8 -4 10 -10 11 12 25 14 -14 19 17 22 -19 20 -13 -15 -11 -24 -21 26 -2 -27 -29 -28
right_child=1 -3 4 -5 5 -7 -8 -9 9 16 -12 15 13 21 -16 -17 -18 18 -20 24 -22 -23 23 -25 -26 27 29 28 -30 -31
leaf_value=-0.11933361233836662 0.010437939056694642 -0.039022474366036231 0.0038484269923507904 -0.0076643018558682045 0.00050548192497755159 -0.014369456754876289 -0.067609790622606525 -0.18912299140838001 0.0085472814881715937 0.006566849228429943 -0.10497659054827474 -0.013201447013208446 -0.025685088388385891 -0.090115820208043915 0.035576854052991512 -0.051594839799079986 -0.037078532151773431 0.043490694301184837 -0.0025979683058937461 -0.011026712973014757 0.0039632931951653922 -0.032028668450165491 -0.053907941423200462 -0.012541673584703768 -0.077867295964735794 0.04482284517396954 0.027780215495009093 -0.038491449505650442 0.0047019779995026737 -0.072617322985384924
leaf_weight=33436.157181084156 368258.73194535077 239354.70479562879 24912306.972763166 58421.41411036253 5862975.2881153971 1604493.5119207352 51969.694380443543 5564.4997053407133 3024118.4355202168 382927.35927675664 43195.302872307599 1005112.7093345076 1031121.0549084917 146399.01705442369 133558.37241245806 109916.17648988217 335665.16224886477 187970.36774256825 412350.0966898948 135236.87822394073 4534525.9137128815 125758.44811928272 217233.74064926803 688234.64627349377 76684.968334391713 184223.51510174945 40758.429787456989 302421.47721303627 1232356.5493882149 242479.90358579159
leaf_count=53768 446665 900073 9618759 34864 3375612 2138917 237736 57272 2609242 464919 165264 541589 2309716 557528 220421 207294 725803 310225 864444 172025 3444596 346273 295976 778052 199578 267096 27950 721635 1737404 619464
internal_value=-4.24187e-05 -0.00474143 0.00216432 -0.0483119 0.00230749 -0.00269061 -0.00419487 0.00380533 -0.00397458 0.00051026 -0.00639824 -0.00595784 -0.0129157 -0.0271107 -0.0186599 -0.00143835 -0.0104163 -0.00567789 0.0118332 -0.000479827 0.000848921 -0.0632749 -0.0138371 -0.022466 -0.0352133 -0.00431167 -0.0193893 0.00140273 -0.0038091 -0.05817
internal_weight=4.7729e+07 1.52518e+07 3.24772e+07 91857.6 3.23853e+07 7.46747e+06 1.50125e+07 2.49179e+07 1.49605e+07 5.2485e+06 9.71201e+06 9.66881e+06 3.80734e+06 1.43684e+06 1.16468e+06 5.86148e+06 2.22438e+06 1.88872e+06 600320 5.75156e+06 5.53964e+06 272157 1.2884e+06 905468 211922 2.3705e+06 651497 1.719e+06 1.53478e+06 283238
internal_count=34450160 19170968 15279192 88632 15190560 5514529 18270895 9676031 18033159 6048661 11984498 11819234 7254152 3433938 2530137 4565082 3439419 2713616 1174669 4357788 3986185 903801 1538947 1074028 371603 3820214 1094079 2726135 2459039 647414
is_linear=0
shrinkage=0.1


Tree=38
num_leaves=31
num_cat=0
split_feature=7 10 7 11 11 10 10 3 9 3 11 10 9 3 11 11 11 9 6 9 8 8 10 10 6 7 4 8 10 11
split_gain=42560.7 45116.9 35227 34620.1 32819.2 28906.6 27840.9 27529.1 27350.5 24967.1 23869.2 44808.4 32305.1 28428.7 23480.6 23418.7 22972.4 21832.1 21509.1 20318.7 18462.8 18364 26886.5 28644.9 20082.4 22158.1 17663.3 18362.9 23994.6 17508.9
threshold=17.610344886779789 0.49812943072827093 11.70188093185425 0.95691861501572195 0.93469109537144635 0.30983042691905771 0.17646842360078763 405.00000000000006 14.474685668945314 33.500000000000007 0.99530134160901229 -0.2270106897347694 11.410000324249269 6.5000000000000009 -0.59867820553660911 -0.97111920233974802 -0.49812626372919411 17.145058631896976 26.710247993469242 20.530893325805668 29.682858467102054 26.054286003112797 -0.39036798905311365 -0.73866753694953124 25.037912368774418 9.7100672721862811 5.9037878513336191 31.178572654724125 -0.29343379936893921 0.98770287048522643
decision_type=8 2 8 2 2 2 2 2 10 2 2 2 8 2 2 2 2 8 8 10 10 8 2 2 10 10 10 10 2 2
left_child=1 2 5 4 9 6 10 8 26 14 11 21 -13 -12 -4 -10 -16 -8 -18 -3 -6 24 23 -23 25 -1 -2 28 -28 -5
right_child=7 19 3 29 20 -7 17 -9 15 -11 13 12 -14 -15 16 -17 18 -19 -20 -21 -22 22 -24 -25 -26 -27 27 -29 -30 -31
leaf_value=0.006399926919346148 0.00044784316735775885 0.0015710844308424569 -0.047423926941662357 -0.083371509632664084 0.043512963643274824 -0.029421396133517182 0.032879896360175159 -0.17844303075197609 0.050527952489537377 -0.053306189973941424 -0.030850129323894845 0.0056329647199700314 -0.068124690197723423 0.029257673936424668 0.057162727275192143 -0.011074305578803137 -0.040488715509181705 -0.062463813643002367 -0.0068205347351333783 -0.14001121289874799 -0.035039264632288757 -0.00066223988531371103 0.024459088548426544 -0.11272884945989443 0.053093886647358063 -0.059958044611470862 0.0041299603699248141 0.0010869222705866212 0.016725170397191225 -0.03429640731736263
leaf_weight=486066.25444037467 24723635.797474712 3856113.7265410125 215303.09002128243 123984.63607406616 125057.89824661613 398668.11240524799 321729.11053940654 8517.7101827040315 63499.657336294651 222164.6454231143 104510.8064327091 83071.513228803873 208237.18316613883 318427.36391569674 46839.900391727686 2191910.1785726696 244454.26765704155 25954.030646778643 847932.36083607376 10162.976269751787 39331.734115727246 39638.131954148412 52213.487959548831 53719.536520399153 80371.754347398877 56131.662880077958 4139201.7759895548 6060038.3674322963 2383485.8344325647 175759.90349111706
leaf_count=667524 14124452 4136357 205000 491838 168955 624619 348864 93430 30288 927154 147102 102376 612064 494365 26451 3760080 317321 98241 1525313 56717 122232 71212 145157 303562 119093 113954 1342778 2109952 651587 512122
internal_value=-3.94148e-05 -0.00662661 -0.013713 -0.0232053 -0.0178011 -0.00502097 0.000294494 0.00131494 0.00135365 -0.0222343 -0.00567887 -0.0136963 -0.0470915 0.0144046 -0.0171381 -0.00933993 -0.0114143 0.0257626 -0.0143548 0.00119892 0.0247186 -0.00103159 -0.0330072 -0.0651472 0.00644505 -0.000469858 0.00200014 0.00505024 0.00873244 -0.0545956
internal_weight=4.77061e+07 8.13584e+06 4.26957e+06 2.04083e+06 1.74108e+06 2.22874e+06 1.83007e+06 3.95703e+07 3.95618e+07 1.57669e+06 1.48239e+06 1.05945e+06 291309 422938 1.35453e+06 2.25541e+06 1.13923e+06 347683 1.09239e+06 3.86628e+06 164390 768141 145571 93357.7 622570 542198 3.73064e+07 1.25827e+07 6.52269e+06 299745
internal_count=34450160 12337593 8144519 4296386 3292426 3848133 3223514 22112567 22019137 3001239 2776409 2134942 714440 641467 2074085 3790368 1869085 447105 1842634 4193074 291187 1420502 519931 374774 900571 781478 18228769 4104317 1994365 1003960
is_linear=0
shrinkage=0.1


Tree=39
num_leaves=31
num_cat=0
split_feature=11 7 3 6 10 8 6 7 8 3 8 10 9 10 10 11 3 10 11 8 3 11 11 8 7 7 7 11 3 10
split_gain=35190.1 42640.2 32910.8 27389.6 26669.1 35067 38998.8 22748.3 27293.5 21408 22751.3 20142.3 20700.2 20133.1 19514.2 28535.8 27398.9 21696.6 36945.3 47001 28389.7 26763.7 29994.4 32886.1 29461.9 30256.4 27860.5 22815.4 20357.1 19964.8
threshold=-0.75013812021657655 18.750151634216312 138.50000000000003 34.700023651123054 0.97112537654464559 32.367830276489265 21.384360313415531 18.750151634216312 19.805377960205082 25.500000000000004 34.725713729858406 -0.53493989022977317 8.5400753021240252 -0.022576249993022688 0.58481550752069722 0.79253265336324141 109.50000000000001 -0.72696319516528884 0.88917497572200743 29.490000724792484 12.500000000000002 0.56191161272202661 0.19969739736768838 28.255781173706058 8.9979672431945819 14.87002468109131 13.533187389373781 0.96849880583763492 14.500000000000002 -0.14250824554987665
decision_type=2 8 2 10 2 10 8 10 8 2 10 2 10 2 2 2 2 2 2 10 2 2 2 8 8 8 8 2 2 2
left_child=1 -1 3 4 7 6 -6 8 11 -5 -11 -2 -13 -4 16 -16 17 21 -19 20 27 22 23 -10 -23 -26 -24 -20 -27 -29
right_child=2 -3 13 9 5 -7 -8 -9 14 10 -12 12 -14 -15 15 -17 -18 18 19 -21 -22 24 26 -25 25 28 -28 29 -30 -31
leaf_value=-0.02515656241367838 -0.042779142216752379 0.0039830455857872253 -0.18837307821101884 -0.013409347136107681 -0.031146138349278776 -0.016900248787595131 0.026531034580801097 0.00081678195426407069 -0.020041685857486682 -0.055716895699452401 0.010076231336455334 -0.021429706481092686 0.012439484422676702 -0.034022660199034764 -0.0040148741206049382 0.045930852127832197 -0.083881136494371289 -0.034784048111078228 -0.0017444617394905501 -0.048149409685742557 0.0082743085598916428 0.088736919024370142 0.0080099362195102854 0.023600713365549253 -0.052312256921053638 -0.0040436765625575695 -0.043145042452928078 -0.11793190294672301 0.053533083371301984 -0.032828399272344141
leaf_weight=515744.75485268235 81986.610965117812 19080156.728878148 8784.7458923310041 3143157.9068018422 131902.11612132192 326360.07917880267 1053986.3923159689 14267028.513872787 317858.6583927013 56752.337568357587 711277.02071028948 207372.86660797521 1390103.1125232875 222259.92554923519 2221191.9914815575 120602.42366796732 53618.704589568079 841562.75449771807 264967.95201762021 260556.15350645036 932331.97956611961 54657.115442089736 150490.71774161607 377980.41677828133 63710.932725086808 121640.83088076115 363940.15899642557 32278.354069903493 124012.58366560936 188806.61795665324
leaf_count=434287 122738 7488257 81142 3368101 95889 349491 598073 7284574 302352 176944 1431423 180337 1107838 731469 2568648 144108 210131 2040663 362766 933073 2183420 44724 223263 248476 190097 151529 721515 94537 201445 378850
internal_value=-3.63401e-05 0.00321612 -0.0023052 -0.00199349 -0.00072639 0.0121273 0.0201158 -0.00159274 -0.00580058 -0.00975222 0.00521455 0.00556184 0.00804283 -0.0398913 -0.00874082 -0.00144267 -0.0128607 -0.0119307 -0.0176835 -0.00911188 -0.00194072 -0.00272025 -0.00987103 0.0036649 0.0210541 0.00909619 -0.0281803 -0.0215349 0.0250227 -0.0452535
internal_weight=4.76871e+07 1.95959e+07 2.80912e+07 2.78601e+07 2.39489e+07 1.51225e+06 1.18589e+06 2.24367e+07 8.16967e+06 3.91119e+06 768029 1.67946e+06 1.59748e+06 231045 6.49021e+06 2.34179e+06 4.14841e+06 4.0948e+06 2.5205e+06 1.67894e+06 1.41838e+06 1.57429e+06 1.21027e+06 695839 364021 309364 514431 486053 245653 221085
internal_count=34450160 7922544 26527616 25715005 20738537 1043453 693962 19695084 12410510 4976468 1608367 1410913 1288175 812611 10999597 2712756 8286841 8076710 5993309 3952646 3019573 2083401 1495606 550828 587795 543071 944778 836153 352974 473387
is_linear=0
shrinkage=0.1


Tree=40
num_leaves=31
num_cat=0
split_feature=1 3 9 2 3 10 4 11 11 8 10 11 11 11 10 10 9 7 8 10 10 10 10 8 6 6 2 10 8 11
split_gain=30369.4 23091.6 20764.2 15705.8 15388.2 31042.5 15570 13493.3 11438.3 9525.33 15015.5 9356.42 9756.47 20811.7 13925 9571.71 9761.64 9230.53 9038.96 9710.21 9361.82 8462.44 15654.6 12419.2 12769.3 9393.56 8296.37 8177.36 8918.23 7920.58
threshold=0.17367456108331683 941.50000000000011 20.016410827636722 375.85374450683599 79.500000000000014 -0.16799356919963607 1.0000000180025095e-35 -0.9292178835113839 -0.92272482904738262 29.240000724792484 -0.30163705152652742 0.85561368268953431 0.7710868207630478 0.68274389090025245 -0.65234524191686594 0.14250626876356556 8.948179244995119 22.987835884094242 31.301426887512211 0.89404822654372251 0.80926549319045582 -0.97509794945709805 -0.99763297024448894 34.173860549926765 32.170053482055671 33.840059280395515 109.74516677856447 0.24372619187392155 17.080183029174808 0.38043945030393422
decision_type=10 2 10 2 2 2 10 2 2 8 2 2 2 2 2 2 8 10 10 2 2 2 2 10 10 8 2 2 10 2
left_child=1 2 4 8 -1 9 7 -7 -2 10 -6 12 13 21 -15 -13 -17 26 -4 20 -20 22 -10 -23 -25 -24 -14 28 -18 -26
right_child=3 -3 18 -5 5 6 -8 -9 11 -11 -12 15 17 14 -16 16 27 -19 19 -21 -22 23 25 24 29 -27 -28 -29 -30 -31
leaf_value=-0.0017615327481295196 0.0054776432024518824 -0.18828622418912616 -0.12423457229367847 0.022792072035494128 -0.0072249646947040239 0.032762769333274384 0.032704357368908532 -0.016946763887815481 0.0091888799432673762 -0.16480124584101868 -0.15717634147389514 -0.032152358717947353 0.0084462676334422209 -0.002877268308389129 -0.058784615412682033 -0.039724086663130265 0.085664292542987741 0.088598126326856666 -0.083619423306851348 -0.085352828916593515 0.062620501861320274 0.0031267803005820844 -0.01417825171708864 -0.050909018691227381 -0.0054601966366895852 0.015515444554411732 0.079251956445956562 -0.00032855293306696475 -0.030481874287102823 0.083040616276653323
leaf_weight=23255291.438847415 7323357.2582451999 6687.9788309782743 16864.525752022862 377184.58713597059 17547.405791465193 58087.890660971403 77174.04951165989 910890.74321095273 525275.40445265174 14132.934620343149 10780.582310456783 173574.38273951411 153419.56097908318 82448.21457028389 96923.638060793281 44459.387370228767 25930.912091940641 19549.556109130383 6603.7051321491599 20315.681012533605 12985.401118092239 11668682.778403103 1132368.4025580883 62851.048153668642 1319834.7593979537 117601.67802086473 18548.985263794661 98599.018323779106 8873.2407900243998 10190.677658855915
leaf_count=22234925 2355155 76284 102143 72927 62762 39620 97238 2343454 232191 88750 72065 195416 107262 56191 86708 41945 10526 4821 36578 87563 25739 4484383 555609 34816 776584 58036 4723 86228 13409 6109
internal_value=-3.32401e-05 -0.00249729 -0.00244637 0.0025524 -0.0023055 -0.0139259 -0.0105239 -0.0139668 0.00221878 -0.0977453 -0.0642909 0.000684894 0.00105768 0.000771627 -0.0330868 -0.0154464 0.00085671 0.0234856 -0.0628544 -0.036914 0.0133214 0.00118096 -0.00529711 0.00206142 -0.0068635 -0.0113846 0.0160836 0.0143811 0.0560531 -0.0047821
internal_weight=4.7667e+07 2.44074e+07 2.44007e+07 2.32597e+07 2.43439e+07 1.08861e+06 1.04615e+06 968979 2.28825e+07 42460.9 28328 1.55591e+07 1.52077e+07 1.50162e+07 179372 351437 177863 191518 56769.3 39904.8 19589.1 1.48368e+07 1.77525e+06 1.30616e+07 1.39288e+06 1.24997e+06 171969 133403 34804.2 1.33003e+06
internal_count=34450160 25267121 25190837 9183039 24938814 2703889 2480312 2383074 9110112 223577 134827 6754957 6407433 6290627 142899 347524 152108 116806 252023 149880 62317 6147728 845836 5301892 817509 613645 111985 110163 23935 782693
is_linear=0
shrinkage=0.1


Tree=41
num_leaves=31
num_cat=0
split_feature=7 10 7 11 11 3 10 10 9 11 10 9 10 9 10 10 10 11 2 3 7 6 11 3 9 11 6 9 10 11
split_gain=26447.5 31485 23840.9 34561.4 34515.6 21302.4 20759.1 23518.4 19375 19331 34003.5 23229.3 22788.5 26834.4 20282.7 57596.6 30657.2 30642.7 22350.9 21326.4 19160.5 22717.4 19526.9 18563.5 17833.8 17691.2 17591 20651.1 20469.9 17510.7
threshold=17.610344886779789 0.49812943072827093 12.111235141754152 0.95178258287705175 0.93469109537144635 405.00000000000006 0.30983042691905771 0.17646842360078763 16.350001335144047 0.99530134160901229 -0.2270106897347694 11.410000324249269 -0.022576249993022688 10.220034599304201 -0.45274443793211405 -0.71504373327588355 -0.34235669412071207 0.44312301391210612 27.458478927612308 12.500000000000002 14.980174064636232 33.460073471069343 -0.59867820553660911 28.500000000000004 8.8438520431518572 0.99349222267034787 25.037912368774418 16.009999275207523 -0.26037633224328088 0.73721509932751383
decision_type=8 2 8 2 2 2 2 2 8 2 2 8 2 8 2 2 2 2 2 2 10 10 2 2 10 2 10 10 2 2
left_child=1 2 6 4 20 24 7 9 -6 10 14 -12 -11 -14 15 17 -16 19 -17 -1 23 22 -22 -4 -2 -5 28 -28 -18 -3
right_child=5 29 3 25 8 -7 -8 -9 -10 12 11 -13 13 -15 16 18 26 -19 -20 -21 21 -23 -24 -25 -26 -27 27 -29 -30 -31
leaf_value=-0.0082929832426085655 0.0030310452629175762 -0.0022434093274812075 -0.022888647081478659 -0.072350757549100433 0.047038892700471388 -0.17089453231626173 -0.02459590315477226 0.023252172310067251 -0.12383068367881311 0.037944017262279015 0.0034694723353708018 -0.058502235568661715 -0.087758269926558108 0.0060682825425382092 0.043791107825276933 -0.073525787640494181 -0.07340743516092145 0.039100372694057556 0.043228327753151885 -0.12180462683648344 -0.036604496934658358 -0.094052511866931615 0.00011386883247045416 -0.06703136392974586 -0.0012290171979737882 -0.022223566479374908 0.085302298099811255 -0.048594664081504292 0.016709220725864265 0.014103860730821436
leaf_weight=110147.79700905085 21316006.217537113 3024722.9532239065 409223.61569149792 167638.14300402999 115627.32707834989 7205.1822433099151 416219.33691491187 355526.17260417342 7040.1272108927369 195628.17088755965 84168.980899576098 214956.71333885938 35943.884365901351 200586.68596678972 189415.39884322882 154368.64326022565 65783.566149622202 171196.97661483288 18345.057052850723 19478.40742316097 178625.75111266971 30837.884489938617 765570.85989721864 124174.19776551053 18231651.585066132 121387.60368611664 29885.951616510749 18742.312481977046 40863.834978498518 836469.01049631089
leaf_count=133166 7915111 3150959 703017 645837 162466 93430 657505 466738 38570 247871 106633 644389 60827 360177 293405 519996 141143 210780 10481 67076 169237 149057 1257944 572003 14104026 335139 38921 88553 63588 1042115
internal_value=-3.03877e-05 -0.00523533 -0.011183 -0.0194264 -0.0137788 0.00103581 -0.00436415 5.61498e-05 0.0372324 -0.00526604 -0.0122124 -0.0410644 0.0126939 -0.00818988 -0.00166472 -0.0150974 0.0167892 0.0113284 -0.0611246 -0.0253499 -0.0179271 -0.00959116 -0.00683261 -0.033165 0.00106714 -0.0512979 -0.0161496 0.0336957 -0.0388776 0.00129798
internal_weight=4.76574e+07 8.10258e+06 4.24138e+06 1.92013e+06 1.6311e+06 3.95549e+07 2.32126e+06 1.90504e+06 122667 1.54951e+06 1.11735e+06 299126 432159 236531 818228 473537 344691 300823 172714 129626 1.50843e+06 975034 944197 533398 3.95477e+07 289026 155276 48628.3 106647 3.86119e+06
internal_count=34450160 12337593 8144519 4033270 3052294 22112567 4111249 3453744 201036 2987006 2318131 751022 668875 421004 1567109 941499 625610 411022 530477 200242 2851258 1576238 1427181 1275020 22019137 980976 332205 127474 204731 4193074
is_linear=0
shrinkage=0.1


Tree=42
num_leaves=31
num_cat=0
split_feature=11 9 7 3 2 3 8 11 10 8 3 11 6 4 8 10 3 6 2 8 11 10 9 10 2 11 7 7 6 11
split_gain=22802.3 20312.2 20028.8 15356 14976.3 13829.7 13078.5 19158 15647.8 22158 26250.1 17339.1 16029.9 29114.8 24535.2 16772.5 17291.6 14975.8 14349.9 14237.5 15817.9 13252.2 16467.9 13449.4 13017 12899.7 18622 18342.4 24032.2 29646.6
threshold=-0.15950993297387572 20.016410827636722 9.8800859451293963 138.50000000000003 3.0359220504760747 531.50000000000011 34.870746612548835 -0.97111920233974802 0.3261394409934788 32.881446838378913 19.500000000000004 -0.42958798411962301 33.40028381347657 2.5038969516754155 29.341427803039554 -0.70291267844185523 43.500000000000007 32.510112762451179 39.753995895385749 28.318849563598636 -0.25206183926700709 0.022575936829235418 10.642842292785646 -0.97113884758256674 5.0816690921783456 -0.11692317777808843 15.44113063812256 23.494898796081547 31.120038032531742 0.75438814418115718
decision_type=2 10 8 2 2 2 10 2 2 8 2 2 8 8 10 2 2 8 2 8 2 2 8 2 2 2 8 10 8 2
left_child=2 3 4 25 -1 6 8 -8 12 10 19 -11 13 14 15 16 -4 -9 -17 20 -10 22 -16 -24 -23 26 -2 28 -27 -30
right_child=1 -3 5 -5 -6 -7 7 17 9 11 -12 -13 -14 -15 21 18 -18 -19 -20 -21 -22 24 23 -25 -26 27 -28 -29 29 -31
leaf_value=-0.13300078434900045 -0.089223012680737956 -0.071424157998700319 -0.0064085135576498215 -0.03679048313979226 -0.025590738775932986 -0.19700497505416947 0.0066604141225897993 -0.043517142636134792 -0.0078079881032082719 0.0024239131959552618 -0.086154005574216777 -0.030674823828233218 0.0074216766615604448 0.0034232937250552858 -0.0014886158428323046 -0.037065889206727494 0.15438254443099467 -0.0043039434805319842 -0.0099159890244393412 0.017767761379783604 0.038136476761890324 -0.048963358274504959 0.074066320024308227 0.014051874727685341 -0.0086389814434121807 -0.00031326893255876573 -0.01264425866796101 0.0091643048223420953 -0.006786820116609818 -0.035303057026693556
leaf_weight=17201.101418394595 33512.48620897904 43601.48202124238 689123.37374508381 133833.7057823427 52913.030516773462 3507.0940450243652 1881574.5681307912 99137.000664129853 456841.81968218088 780032.77561383694 26331.173806868494 198560.42553831637 3911485.9767609611 11131413.327345047 4130431.9308153987 479112.82495814562 6753.7677195370197 5534563.4652824253 327915.63259828091 2193925.690707162 89637.645097881556 103902.21182377636 44784.120422810316 224688.03854183853 348757.95526140928 8697923.9423879124 605464.71512964368 1304040.7701577693 3684352.5676766038 404616.43603967875
leaf_count=33416 39399 223182 402483 506152 35994 51985 798957 55475 271366 394790 60792 171757 1523852 3477585 1717389 352979 3497 4728610 113457 866701 39478 79384 17871 133294 136712 10911873 414030 794313 5069729 1023658
internal_value=-2.81523e-05 -0.00327001 0.00144828 -0.00307008 -0.0519416 0.00156289 0.00158421 -0.00207611 0.00267826 0.00864116 0.0132156 -0.00429195 0.00163458 0.000340112 -0.00505999 -0.0162245 -0.00484797 -0.00499398 -0.0260342 0.0141704 -0.000271834 -0.00160218 7.40145e-05 0.0240258 -0.0178949 -0.00276371 -0.0166606 -0.00213353 -0.00328571 -0.00960859
internal_weight=4.76399e+07 1.49073e+07 3.27326e+07 1.48637e+07 70114.1 3.26625e+07 3.2659e+07 7.51528e+06 2.51437e+07 3.74533e+06 2.76674e+06 978593 2.13984e+07 1.74869e+07 6.35547e+06 1.50291e+06 695877 5.6337e+06 807028 2.74041e+06 546479 4.85256e+06 4.3999e+06 269472 452660 1.47299e+07 638977 1.40909e+07 1.27869e+07 4.08897e+06
internal_count=34450160 18982336 15467824 18759154 69410 15398414 15346429 5583042 9763387 1804884 1238337 566547 7958503 6434651 2957066 872416 405980 4784085 466436 1177545 310844 2084650 1868554 151165 216096 18253002 453429 17799573 17005260 6093387
is_linear=0
shrinkage=0.1


Tree=43
num_leaves=31
num_cat=0
split_feature=11 3 10 7 8 10 6 8 10 3 2 11 11 11 8 7 10 2 11 2 7 8 8 5 10 9 7 9 2 11
split_gain=20360.7 22594 30708.5 18504.4 17167.5 25006.5 23635.2 25826 21747.6 18922.2 17161.7 15761.1 21301.6 14287.8 27811.3 18222.2 20263.8 16462.4 15040.1 14358.9 13833.4 20785 13964.2 17954.9 14097.7 13711.9 13011.5 14493.6 20501.4 14275.8
threshold=-0.92272482904738262 79.500000000000014 -0.159513159777915 18.654123306274418 34.110002517700202 0.97112537654464559 21.384360313415531 32.28167915344239 0.91248814248966237 22.500000000000004 1.3085516691207888 0.63089349388778826 0.56191161272202661 -0.19337245081799007 24.180133819580082 7.1703755855560312 -0.89406062840022227 104.61793518066408 -0.31800055644052067 8.6418476104736346 24.170306205749515 29.919923782348636 29.084286689758304 24.9460563659668 0.40614137006726808 18.881216049194339 24.870016098022464 14.049999713897707 0.40000002086162573 -0.26037106507032781
decision_type=2 2 2 8 10 2 8 10 2 2 2 2 2 2 8 8 2 2 2 2 10 8 8 8 2 8 10 10 2 2
left_child=3 4 -3 -1 5 13 10 -8 11 -10 -7 12 -6 14 19 16 -15 -18 20 -2 22 -22 23 -16 -24 -4 27 -20 -29 -30
right_child=1 2 25 -5 8 6 7 -9 9 -11 -12 -13 -14 15 18 -17 17 -19 26 -21 21 -23 24 -25 -26 -27 -28 28 29 -31
leaf_value=-0.02332703264963289 -0.11944957204804758 -0.10287024658718424 -0.0095363884877723501 0.0042094108911917101 -0.0027572695039621057 -0.11452106186917227 0.024167222906938554 -0.012251967708324979 -0.024230427230653346 0.0021878743418018462 -0.012203933136417881 -0.10843401469475088 0.069260955552068681 -0.10869526150892268 -0.0082908662297564838 -0.0046387149860061296 0.0055059079765215485 0.059477107677026735 0.0058602658049394015 -0.02908248828712183 -0.043026302245367992 -0.0027447792034375773 0.0027290285927684295 0.0090635265694231967 0.01319439680465234 -0.06107035946991244 0.037609417449548682 0.11632787946968859 -0.058908894620778765 0.068052131304517163
leaf_weight=249399.59567434713 24730.861848060042 39012.775628998876 927621.87723349035 11353412.506899077 5171507.5803512037 19206.265023902059 1044796.5432277024 239313.00759697706 959044.67754201591 377972.92687229067 111922.51706439257 13999.248289607465 41399.06565541774 15195.079404450953 1949423.7107720375 10072832.890890837 1722151.0096070357 58433.381594240665 1340450.9400033355 60839.07439249754 132573.51703459024 3793723.504815191 5033392.781010285 858794.37093511224 1729442.2356130332 54674.165703460574 167085.38342934847 29229.61111111939 18104.597468912601 17337.786675482988
leaf_count=214480 42724 254147 2263940 4124056 4257558 29712 589233 256893 1274222 763012 65435 57270 61251 37835 991698 12187845 1659473 18617 575771 39946 50513 1405966 1893616 235842 738201 264836 54732 14732 17757 8847
internal_value=-2.56964e-05 -0.00119912 -0.0158604 0.00361752 -0.000771333 0.000292631 0.0132503 0.01738 -0.00538108 -0.016762 -0.0271902 -0.00246989 -0.00218533 -0.000385966 0.00164888 -0.00298427 0.00629577 0.00727708 0.00197168 -0.0551998 0.000893467 -0.00410491 0.00294393 -0.00298364 0.00540531 -0.0124047 0.0112281 0.00809108 0.0543291 0.00319819
internal_weight=4.7627e+07 3.60242e+07 1.02131e+06 1.16028e+07 3.50029e+07 2.8439e+07 1.41524e+06 1.28411e+06 6.56392e+06 1.33702e+06 131129 5.22691e+06 5.21291e+06 2.70237e+07 1.51551e+07 1.18686e+07 1.79578e+06 1.78058e+06 1.50696e+07 85569.9 1.34974e+07 3.9263e+06 9.57105e+06 2.80822e+06 6.76284e+06 982296 1.57221e+06 1.40512e+06 64672 35442.4
internal_count=34450160 30111624 2782923 4338536 27328701 20915388 941273 846126 6413313 2037234 95147 4376079 4318809 19974115 6070345 13903770 1715925 1678090 5987675 82670 5315836 1456479 3859357 1227540 2631817 2528776 671839 617107 41336 26604
is_linear=0
shrinkage=0.1


Tree=44
num_leaves=31
num_cat=0
split_feature=7 10 8 11 10 3 10 9 11 9 10 7 6 11 11 10 8 8 11 6 3 11 10 3 3 3 10 6 8 8
split_gain=18358.4 24769.1 21849.5 25124.2 43344.3 33131.5 21334.5 22668.1 19766.1 19564.4 18861.3 20350.9 18975.4 17224.9 16726.4 17437 15999 15877.4 15609.4 39922.5 28983.8 19161.4 50516.2 15575.1 15414.3 24869.8 22692.3 17353.6 15601.2 17658
threshold=17.211653709411625 0.49812943072827093 29.538571357727054 0.88917497572200743 -0.72696319516528884 31.500000000000004 -0.89406062840022227 15.070001125335695 0.3484035575467645 17.900000572204593 -0.34235669412071207 10.060648918151857 15.090717792510988 0.95178258287705175 0.029024409397335523 -0.98523971305672675 13.993053913116457 27.251429557800297 0.73721509932751383 31.167242050170902 29.500000000000004 0.41202506375868281 0.89017062131308955 405.00000000000006 19.500000000000004 77.500000000000014 -0.091260668982868151 25.346751213073734 15.10928535461426 22.794077873229984
decision_type=8 2 8 2 2 2 2 10 2 8 2 10 10 2 2 2 10 10 2 10 2 2 2 2 2 2 2 10 10 10
left_child=1 2 3 4 6 16 8 -8 14 13 11 12 -5 -4 15 -1 -6 -18 20 -20 -3 -22 -23 -2 26 -26 27 -12 -28 -30
right_child=23 18 9 10 5 -7 7 -9 -10 -11 24 -13 -14 -15 -16 -17 17 -19 19 -21 21 22 -24 -25 25 -27 28 -29 29 -31
leaf_value=-0.071849957835662337 0.00086160142185865416 0.00092454933270108878 -0.01426810522965212 -0.036669536739380053 0.03239011150642216 -0.098417803044549279 0.0012972370513276979 0.061368645596744299 -0.093876253526011685 -0.078727583548741195 -0.059491720059974988 -0.0056227675456729919 0.067575269103365518 -0.065490398321186957 0.015667313146296952 -0.0072829362164768298 -0.050210764703169278 -0.011804245322004 0.018260968258104464 -0.089544541177490736 -0.081878235945299527 -0.044880856130429074 0.093768328027362569 -0.15364855254083648 0.018074707677989892 -0.020954327615562318 0.013122835437050718 0.0081022933569734803 -0.031121754508163152 0.0046661690311067981
leaf_weight=64845.325109943748 39947815.29283192 2618069.4985132664 499945.27855745703 20576.918742194772 39345.033257693052 79446.243723936379 220273.35348377004 87878.593986239284 30963.676142074168 65363.495680529624 146716.07027828693 113119.66040144488 115330.05070570111 75574.913122743368 140742.45904873312 117827.24972645938 257444.25151468813 184979.9874490872 786468.00066999346 35919.608574047685 65188.68628937006 135616.29026451707 32593.913980871439 6525.104410789907 571338.67332515121 228588.32547982037 319053.56518658996 51248.968788959086 299160.53476028144 255719.55751635134
leaf_count=92797 22570250 2260827 1290197 23459 24660 416470 258971 105886 69231 387859 260213 257005 142783 355454 174576 99014 438308 306599 866862 149981 229382 420452 45188 95188 1203899 705941 233852 100983 409759 454114
internal_value=-2.33675e-05 -0.00450811 -0.00996795 -0.00672681 -0.0181368 -0.0385851 -0.000815393 0.0184284 -0.0175489 -0.0268826 -0.000143201 0.0257116 0.0517921 -0.0209944 -0.0102413 -0.030203 -0.0287184 -0.0341528 0.00141485 0.0135523 -0.0020857 -0.0358521 -0.0180149 0.000836368 -0.00358291 0.00692171 -0.0114222 -0.0419931 -0.00449723 -0.0146287
internal_weight=4.76137e+07 7.65934e+06 3.98548e+06 3.3446e+06 1.22375e+06 561216 662531 308152 354379 640884 2.12085e+06 249027 135907 575520 323415 182673 481769 442424 3.67386e+06 822388 2.85147e+06 233399 168210 3.99543e+07 1.87183e+06 799927 1.0719e+06 197965 873934 554880
internal_count=34450160 11784722 7812030 5778520 1986512 1186037 800475 364857 435618 2033510 3792008 423247 166242 1645651 366387 191811 769567 744907 3972692 1016843 2955849 695022 465640 22665438 3368761 1909840 1458921 361196 1097725 863873
is_linear=0
shrinkage=0.1


Tree=45
num_leaves=31
num_cat=0
split_feature=3 11 7 6 11 10 8 6 3 10 11 2 2 7 8 2 10 10 11 11 11 7 11 10 6 3 10 6 3 10
split_gain=16994.5 16000.4 24227.6 19079 23342.4 19946.4 28788.6 30296.5 19391.8 18234.5 31701.1 16043.6 14524.4 12514.5 11823.8 16196 11720.9 20650.7 26287.7 31940.6 20082.6 19568 18935.4 18379.8 18195.3 21361.3 11372.2 10764.4 10467.1 10385.4
threshold=941.50000000000011 -0.75013812021657655 19.486653327941898 33.956455230712898 0.71353761266622884 0.96234642434711437 33.43153381347657 21.384360313415531 109.50000000000001 0.878110924644389 0.42763731121559989 1.3085516691207888 1.2435640096664431 16.200611114501957 27.515900611877445 45.007928848266609 0.91248814248966237 0.97112537654464559 -0.082691941062253513 0.19969739736768838 0.33222858587828868 22.300631523132328 0.2499757677084001 0.99374995976406788 41.360345840454109 5.5000000000000009 0.92602006027323147 26.380381584167484 55.500000000000007 -0.58482361983252518
decision_type=2 2 8 10 2 2 10 8 2 2 2 2 2 10 10 2 2 2 2 2 2 10 2 2 10 2 2 10 2 2
left_child=1 2 12 5 16 8 7 11 -3 -10 -11 -7 13 -1 15 27 -5 20 24 23 22 -21 -18 28 25 -19 -22 -4 -20 -16
right_child=-2 3 14 4 -6 6 -8 -9 9 10 -12 -13 -14 -15 29 -17 17 18 19 21 26 -23 -24 -25 -26 -27 -28 -29 -30 -31
leaf_value=-0.097195184844952459 -0.18147904591554676 -0.00079424615568201911 0.00553857027933449 -0.0035232642548029026 -0.15078817929984692 -0.1072113059803759 -0.035653158900696279 0.019247229990578027 -0.047577530355323 -0.06452444240675774 0.1156261836222061 -0.014640308205457198 -0.0092851705686217128 -0.026811132958270745 0.010375535047459602 0.021866755563541038 -0.028588159260368985 -0.013147115427992349 -0.0511314106075485 0.0027953768599392769 -0.042346757895341695 0.11183601794145122 -0.089093389210914489 -0.017565989146886538 -0.13283097634466809 0.033772892025436145 0.046626077794476112 -0.041070883211072037 -0.13968251137155702 0.001602315800979647
leaf_weight=35283.075862847269 5160.7572689950466 20905542.033065379 162520.20712297782 3693435.4578760006 11255.30723541975 21923.970337562263 124576.24647497758 1321691.7953413278 157175.95873975009 18871.922996874899 20248.194740489125 128188.5990780592 609459.64713615179 88941.79154676944 1469696.9344739802 675162.55966365337 465177.31163699552 152596.21052600443 94803.38715672493 42716.964492507279 20038.85440158844 26772.494906783104 58194.20782648772 405414.95515952259 8300.1089773252606 266474.4031354934 50743.732929125428 71282.344125725329 15536.279346086085 16470464.631654985
leaf_count=67905 76284 18224751 86066 3735864 59479 36127 153639 819214 555610 67795 21280 76246 385217 103808 499860 152314 721431 160677 200700 88094 48341 15399 164330 745768 32792 391762 76641 40818 72535 6569413
internal_value=-2.16977e-05 -2.02108e-06 0.00219085 -0.00153515 -0.00693042 -0.000272643 0.0105051 0.014412 -0.00108799 -0.0323721 0.0287198 -0.0281603 -0.0156374 -0.046802 0.0028848 0.0140117 -0.00662493 -0.0137546 -0.00507069 -0.0188392 -0.0285547 0.0448059 -0.0353158 -0.0274144 0.0137841 0.0166879 0.0214375 -0.00867184 -0.0635998 0.00232104
internal_weight=4.75977e+07 4.75925e+07 1.95828e+07 2.80097e+07 5.31146e+06 2.26982e+07 1.59638e+06 1.4718e+06 2.11018e+07 196296 39120.1 150113 733685 124225 1.88491e+07 908965 5.3002e+06 1.60677e+06 1.01261e+06 585244 594154 69489.5 523372 515755 427371 419071 70782.6 233803 110340 1.79402e+07
internal_count=34450160 34373876 7905401 26468475 6513813 19954662 1085226 931587 18869436 644685 89075 112373 556930 171713 7348471 279198 6454334 2718470 1707727 1122496 1010743 103493 885761 1019003 585231 552439 124982 126884 273235 7069273
is_linear=0
shrinkage=0.1


end of trees

feature_importances:
cos_doy=327
sin_doy=275
tmax_1deg_roll7=177
days_since_rain=162
tmin_1deg_lag1=123
diurnal_range_1deg=122
rf_roll7_sum=92
tmax_1deg_lag1=52
neighbor_mean_lag1=33
neighbor_max_lag1=8
rf_lag_2=5
rf_lag_1=4

parameters:
[boosting: gbdt]
[objective: tweedie]
[metric: tweedie]
[tree_learner: serial]
[device_type: cpu]
[data_sample_strategy: bagging]
[data: ]
[valid: ]
[num_iterations: 100]
[learning_rate: 0.1]
[num_leaves: 31]
[num_threads: -1]
[seed: 42]
[deterministic: 0]
[force_col_wise: 0]
[force_row_wise: 0]
[histogram_pool_size: -1]
[max_depth: -1]
[min_data_in_leaf: 20]
[min_sum_hessian_in_leaf: 0.001]
[bagging_fraction: 1]
[pos_bagging_fraction: 1]
[neg_bagging_fraction: 1]
[bagging_freq: 0]
[bagging_seed: 400]
[bagging_by_query: 0]
[feature_fraction: 1]
[feature_fraction_bynode: 1]
[feature_fraction_seed: 30056]
[extra_trees: 0]
[extra_seed: 12879]
[early_stopping_round: 0]
[early_stopping_min_delta: 0]
[first_metric_only: 0]
[max_delta_step: 0]
[lambda_l1: 0]
[lambda_l2: 0]
[linear_lambda: 0]
[min_gain_to_split: 0]
[drop_rate: 0.1]
[max_drop: 50]
[skip_drop: 0.5]
[xgboost_dart_mode: 0]
[uniform_drop: 0]
[drop_seed: 17869]
[top_rate: 0.2]
[other_rate: 0.1]
[min_data_per_group: 100]
[max_cat_threshold: 32]
[cat_l2: 10]
[cat_smooth: 10]
[max_cat_to_onehot: 4]
[top_k: 20]
[monotone_constraints: ]
[monotone_constraints_method: basic]
[monotone_penalty: 0]
[feature_contri: ]
[forcedsplits_filename: ]
[refit_decay_rate: 0.9]
[cegb_tradeoff: 1]
[cegb_penalty_split: 0]
[cegb_penalty_feature_lazy: ]
[cegb_penalty_feature_coupled: ]
[path_smooth: 0]
[interaction_constraints: ]
[verbosity: -1]
[saved_feature_importance_type: 0]
[use_quantized_grad: 0]
[num_grad_quant_bins: 4]
[quant_train_renew_leaf: 0]
[stochastic_rounding: 1]
[linear_tree: 0]
[max_bin: 255]
[max_bin_by_feature: ]
[min_data_in_bin: 3]
[bin_construct_sample_cnt: 200000]
[data_random_seed: 175]
[is_enable_sparse: 1]
[enable_bundle: 1]
[use_missing: 1]
[zero_as_missing: 0]
[feature_pre_filter: 1]
[pre_partition: 0]
[two_round: 0]
[header: 0]
[label_column: ]
[weight_column: ]
[group_column: ]
[ignore_column: ]
[categorical_feature: ]
[forcedbins_filename: ]
[precise_float_parser: 0]
[parser_config_file: ]
[objective_seed: 16083]
[num_class: 1]
[is_unbalance: 0]
[scale_pos_weight: 1]
[sigmoid: 1]
[boost_from_average: 1]
[reg_sqrt: 0]
[alpha: 0.9]
[fair_c: 1]
[poisson_max_delta_step: 0.7]
[tweedie_variance_power: 1.5]
[lambdarank_truncation_level: 30]
[lambdarank_norm: 1]
[label_gain: ]
[lambdarank_position_bias_regularization: 0]
[eval_at: ]
[multi_error_top_k: 1]
[auc_mu_weights: ]
[num_machines: 1]
[local_listen_port: 12400]
[time_out: 120]
[machine_list_filename: ]
[machines: ]
[gpu_platform_id: -1]
[gpu_device_id: -1]
[gpu_device_id_list: ]
[gpu_use_dp: 0]
[num_gpu: 1]

end of parameters

pandas_categorical:null
