tree
version=v4
num_class=1
num_tree_per_iteration=1
label_index=0
max_feature_idx=11
objective=tweedie
feature_names=rf_lag_1 rf_lag_2 rf_roll7_sum days_since_rain neighbor_mean_lag1 neighbor_max_lag1 tmax_1deg_lag1 tmin_1deg_lag1 tmax_1deg_roll7 diurnal_range_1deg sin_doy cos_doy
feature_infos=[0:385.5301513671875] [0:467.57992553710938] [0:1484.6839599609375] [0:6930] [0:356.41162109375] [0:435.11480712890625] [2.3299999237060547:48.46484375] [-7.6100001335144043:32.610000610351562] [3.3942859172821045:46.181095123291016] [1.0200004577636719:23.680000305175781] [-0.9999994220246925:0.99998555065071859] [-0.99997919295908233:0.9999907524084426]
tree_sizes=3616 3750 3750 3746 3764 3746 3732 3745 3755 3749 3759 3760 3766 3758 3749 3775 3740 3740 3752 3732 3769 3763 3752 3764 3720 3739 3724 3773 3752 3759 3720 3720 3718 3736 3731 3741 3732 3686 3720

Tree=0
num_leaves=31
num_cat=0
split_feature=2 11 9 2 11 11 9 9 3 3 2 11 7 7 2 10 11 5 2 10 3 9 11 3 10 11 8 7 8 10
split_gain=4.70733e+07 5.64665e+06 4.84036e+06 2.38145e+06 1.76132e+06 1.55384e+06 1.02238e+06 1.00644e+06 779661 621446 452204 409583 250205 237351 228947 195445 163453 159651 136635 133898 131116 125641 119134 117792 110291 107437 117371 106094 105502 102081
threshold=3.7912069559097294 -0.18493013702746822 11.889999866485597 36.725057601928718 0.33222858587828868 -0.83375966452616657 10.123434066772463 12.509542465209963 12.500000000000002 17.500000000000004 112.50811767578126 0.84199059757024453 19.130130767822269 21.141921043396 23.199997901916507 0.52766072109828632 -0.72694848937061807 1.0000000180025095e-35 25.692635536193851 0.14250626876356556 32.500000000000007 14.98644542694092 -0.79382744783423187 19.500000000000004 0.46800856592688472 0.16587474750015932 17.882857322692875 18.370016098022464 19.211283683776859 0.77788564761185042
decision_type=2 2 8 2 2 2 10 10 2 2 2 2 8 8 2 2 2 10 2 2 2 10 2 2 2 2 8 8 8 2
left_child=2 3 4 7 9 27 11 13 21 12 16 18 -1 -2 25 -9 -5 -15 -3 -16 28 24 -11 -6 -7 -8 -27 -4 -10 -14
right_child=1 6 5 10 23 8 14 15 20 22 -12 -13 29 17 19 -17 -18 -19 -20 -21 -22 -23 -24 -25 -26 26 -28 -29 -30 -31
leaf_value=1.0114287841440497 1.1269961457572428 1.1110968700510977 0.96878052979411033 1.209952954296817 0.99708402439551125 0.97609254110361077 1.0656373477010708 1.1206645714135586 1.0239534297782817 1.0556655355836548 1.2343829737969643 1.0256672881891129 1.1184768691571902 1.1467372454366331 1.0448615144804196 1.0469758953610104 1.185174466708194 1.1796228070108861 1.1520959938879844 1.1129051348584529 0.92420139089979658 0.96376633723314797 0.97453934889808957 0.94542790713615887 1.0162890635512811 1.0798019635869267 1.0036279285006113 1.0839873707266372 0.94420200495393847 1.0589711466606966
leaf_weight=255796.48779267073 1306293.5274606347 1261786.6779251695 87025.196976602077 8046768.7946739197 1274685.8490869999 1303713.4605701566 639558.10805088282 626374.84735536575 173323.04868453741 307902.18510711193 6567697.9531154633 360751.01901388168 3507554.7335591912 1872696.0104553699 476628.04234015942 846172.51577365398 3978466.8211596012 6973528.6950073242 2284633.0983359814 735439.80495244265 5858389.4240530133 1919470.8374339342 439242.97416037321 675309.2219851613 1432740.6070697904 243110.54274374247 1204304.9536153078 981055.45152997971 3860755.9534162879 314106.7312605381
leaf_count=215142 663945 699095 83882 2167595 1124752 1229174 438073 329786 139525 219743 1307124 288624 1868823 845368 354988 625069 1355581 2487574 996068 403642 6398866 1877859 416094 696332 1184978 156605 1039955 620144 3994573 221181
internal_value=1.1035 1.17211 0.988807 1.19108 1.0594 0.958183 1.09257 1.15558 0.949636 1.09181 1.21328 1.12718 1.10718 1.16679 1.05158 1.07832 1.20176 1.17266 1.13751 1.08615 0.933755 0.98338 1.00797 0.979195 0.997138 1.0315 1.01642 1.0746 0.947629 1.11359
internal_weight=5.98153e+07 3.74242e+07 2.23911e+07 3.0218e+07 6.7746e+06 1.56165e+07 7.20621e+06 1.16251e+07 1.45484e+07 4.8246e+06 1.85929e+07 3.90717e+06 4.07746e+06 1.01525e+07 3.29904e+06 1.47255e+06 1.20252e+07 8.84622e+06 3.54642e+06 1.21207e+06 9.89247e+06 4.65592e+06 747145 1.95e+06 2.73645e+06 2.08697e+06 1.44742e+06 1.06808e+06 4.03408e+06 3.82166e+06
internal_count=34450160 14159092 20291068 9782042 4762067 15529001 4377050 4951742 14824975 2940983 4830300 1983787 2305146 3996887 2393263 954855 3523176 3332942 1695163 758630 10532964 4292011 635837 1821084 2414152 1634633 1196560 704026 4134098 2090004
is_linear=0
shrinkage=1


Tree=1
num_leaves=31
num_cat=0
split_feature=2 9 3 11 9 11 2 11 11 9 11 11 11 3 2 2 7 9 10 8 8 7 2 8 11 8 10 8 9 11
split_gain=3.97102e+07 5.1904e+06 3.96619e+06 1.92792e+06 1.59891e+06 1.12205e+06 1.05775e+06 991258 865342 436190 387283 373953 320550 270633 262496 217835 192346 179380 171118 155580 155569 146563 137066 136496 125998 118034 115345 134695 112229 111970
threshold=2.8428689241409306 10.37527370452881 12.500000000000002 -0.19337245081799007 12.509542465209963 -0.85225707553516283 61.342947006225593 -0.7614016681079937 0.33222858587828868 12.900000095367433 0.84199059757024453 -0.82413948779581736 0.16587474750015932 32.500000000000007 20.183384895324711 188.68995666503909 19.040272712707523 14.309998512268068 0.48314048284850658 18.616177558898929 29.084286689758304 18.470034599304203 31.261874198913578 32.191465377807624 -0.71502926860092908 19.211283683776859 0.51297097409535064 32.881446838378913 10.320081710815431 0.18281312110578132
decision_type=2 10 2 2 10 2 2 2 2 10 2 2 2 2 2 2 8 10 2 10 8 8 2 10 2 10 2 10 8 2
left_child=2 3 4 6 8 21 14 26 16 12 22 -6 -7 17 20 24 -1 29 -11 -14 -2 -3 -5 -20 -8 -13 27 -4 -18 -9
right_child=1 5 7 10 11 9 15 13 -10 18 -12 25 19 -15 -16 -17 28 -19 23 -21 -22 -23 -24 -25 -26 -27 -28 -29 -30 -31
leaf_value=-0.084586857270826668 -0.001584538853085428 -0.041969710170439468 -0.12486823562474536 0.0078021315734461763 -0.025455525603570131 0.013201714795864246 0.11262200103938753 -0.086202232126077097 -0.099310390275658689 -0.11149238086920808 -0.073915899571697072 -0.053598555537139103 0.0066995606209551825 -0.17396519701251953 0.081778054868986469 0.13786176318600293 0.020284924455332771 -0.16006022834378497 -0.026680569701688601 -0.076592830532731804 0.058311991203333635 0.054789843497102281 0.045318639985781568 -0.080021791585864005 0.087215295351822278 -0.12432145540462969 -0.10766363476692503 -0.011336600469193891 -0.016491523502384541 -0.13583146597684131
leaf_weight=252329.61002254486 485452.89743220806 168262.26956057549 128444.36730343103 1751672.9246409535 480221.47725307941 2186377.9070809484 6804828.501021862 662863.68987327814 1155765.2700998783 586868.82433581352 405962.43806165457 253762.17542910576 313248.7775170207 5971772.4081498384 8349061.8453495502 2625308.9762111902 2111612.0492417216 2438776.4337912798 1101687.9057309628 789353.24617177248 4062191.4177575707 2247722.3078274727 2193039.7702209353 849746.8467194438 2737063.9419130087 3368745.6434600949 290149.17949855328 560568.42197418213 1366952.2789312005 1446876.9119357467
leaf_count=216976 277026 116046 123658 966970 317883 1165615 1616890 580039 1051844 546609 333065 196834 176264 7023042 2728326 440014 1086700 2735615 738471 654576 1608214 913769 954394 704102 846828 3346715 271777 345536 861724 1504638
internal_value=-7.38223e-05 0.0608826 -0.11211 0.0805362 -0.0623474 -0.00924744 0.0912025 -0.15101 -0.0237038 -0.0330033 0.0190879 -0.108375 -0.0089682 -0.159967 0.0712488 0.112353 -0.000282239 -0.14159 -0.0641465 -0.0529295 0.0519181 0.048051 0.0286592 -0.0499079 0.105334 -0.119367 -0.0547734 -0.0325009 0.00583309 -0.120238
internal_weight=5.81467e+07 3.76579e+07 2.04888e+07 2.94146e+07 8.98939e+06 8.24327e+06 2.50639e+07 1.14995e+07 4.88666e+06 5.82728e+06 4.35068e+06 4.10273e+06 3.28898e+06 1.05203e+07 1.28967e+07 1.21672e+07 3.73089e+06 4.54852e+06 2.5383e+06 1.1026e+06 4.54764e+06 2.41598e+06 3.94471e+06 1.95143e+06 9.54189e+06 3.62251e+06 979162 689013 3.47856e+06 2.10974e+06
internal_count=34450160 14787179 19662981 9771727 7078676 5015452 7517298 12584305 3217244 3985637 2254429 3861432 1996455 11843334 4613566 2903732 2165400 4820292 1989182 830840 1885240 1029815 1921364 1442573 2463718 3543549 740971 469194 1948424 2084677
is_linear=0
shrinkage=0.1


Tree=2
num_leaves=31
num_cat=0
split_feature=2 9 9 11 11 11 2 11 9 3 3 11 2 2 8 2 7 2 3 11 7 10 10 11 8 10 2 10 11 11
split_gain=3.3448e+07 4.6564e+06 3.41587e+06 1.50951e+06 1.49666e+06 1.12599e+06 918352 757518 526934 499755 457803 308950 248171 224668 211229 186995 186416 178125 175465 145374 137227 125812 117335 112564 112496 119476 104053 102974 96948.3 94445.6
threshold=2.2681553363800053 10.02000141143799 12.84999990463257 -0.17646730165275518 0.28313308994381592 -0.17646730165275518 67.910049438476577 -0.75013812021657655 13.379999637603762 22.500000000000004 20.500000000000004 0.84199059757024453 16.899656295776371 19.470888137817386 19.805377960205082 200.97452545166018 19.040272712707523 24.404079437255863 22.500000000000004 -0.8142754349318998 22.193128585815433 0.48314048284850658 0.65233619298682533 -0.72694848937061807 18.616177558898929 0.98522604642031408 19.815279006958011 0.52766072109828632 0.88117331841669433 -0.19337245081799007
decision_type=2 10 8 2 2 2 2 2 10 2 2 2 2 2 10 2 10 2 2 2 10 2 2 2 10 2 2 2 2 2
left_child=2 3 4 6 10 8 12 -4 17 14 16 26 20 28 -9 23 -1 -3 -6 -12 -2 29 -18 -8 -15 -26 -5 -10 -7 -16
right_child=1 5 7 11 18 13 15 9 27 -11 19 -13 -14 24 21 -17 22 -19 -20 -21 -22 -23 -24 -25 25 -27 -28 -29 -30 -31
leaf_value=-0.087131422321847271 0.0084710787263161842 0.020003072440003159 -0.055837043890298893 0.0010683716022801106 -0.096850913655076906 -0.058995752578051355 0.10717199134535899 -0.06149700935309263 0.0033512862629831025 -0.169131113326771 -0.03648048386562356 -0.068250189832750843 0.075467382583495293 0.032590507512414268 -0.025022097267438023 0.13223716992347834 0.006201581259994436 0.059238581255441014 -0.15148815108814617 -0.12268370746988509 0.05518367606018907 -0.11727424615158065 -0.044265039631810506 0.081983680838294437 -0.051216826150251721 0.027540057401625791 0.038209270324756905 -0.055471842622612261 -0.11667866939799545 -0.15479219298565122
leaf_weight=271633.13030290604 806040.31913095713 2625322.2200101614 942297.19155710936 1085098.0875724554 1670815.975923121 1965963.5563240051 5929726.6255803108 462157.91855317354 460904.78066313267 5835161.8059547544 319825.08412408829 377544.34171366692 9670143.9625962973 345690.53405219316 57742.960656762123 2221193.5303276181 3113568.1841257811 2068974.4431829453 906767.77263998985 503799.71323364973 2861415.9024354815 2441374.0030163527 540707.00152879953 2531679.648912549 830239.56246995926 250810.3668076992 2474414.9083330035 839915.29483377934 342067.44565910101 1951113.4134075046
leaf_count=246851 431188 1325400 743284 620086 1595719 1566664 1412983 385163 256867 7367321 229082 315323 3197227 168739 42496 379030 1745556 789627 1081059 540525 1126870 2548913 398646 782945 627442 124877 1107234 656728 340041 2296274
internal_value=-0.000134948 0.0544222 -0.108254 0.0751587 -0.0547218 -0.00516075 0.084566 -0.141808 0.0216894 -0.149346 -0.0214271 0.0177639 0.0670669 -0.0482611 -0.125844 0.106414 -0.00720678 0.0372958 -0.116072 -0.0892098 0.0449171 -0.132526 -0.00126574 0.0996356 -0.0170659 -0.0329447 0.0268871 -0.0346297 -0.0675448 -0.151062
internal_weight=5.67041e+07 3.76871e+07 1.9017e+07 2.79573e+07 7.32712e+06 9.72989e+06 2.40202e+07 1.16898e+07 5.99512e+06 1.07476e+07 4.74953e+06 3.93706e+06 1.33376e+07 3.73477e+06 4.91239e+06 1.06826e+07 3.92591e+06 4.6943e+06 2.57758e+06 823625 3.66746e+06 4.45023e+06 3.65428e+06 8.46141e+06 1.42674e+06 1.08105e+06 3.55951e+06 1.30082e+06 2.30803e+06 2.00886e+06
internal_count=34450160 15229271 19220889 9372886 5837438 5856385 7330243 13383451 3028622 12640167 3160660 2042643 4755285 2827763 5272846 2574958 2391053 2115027 2676778 769607 1558058 4887683 2144202 2195928 921058 752319 1727320 913595 1906705 2338770
is_linear=0
shrinkage=0.1


Tree=3
num_leaves=31
num_cat=0
split_feature=2 9 3 11 7 2 11 11 9 2 3 11 2 9 11 7 11 11 8 4 11 9 11 7 3 7 2 11 8 10
split_gain=2.80545e+07 3.88161e+06 3.19688e+06 1.48383e+06 1.11569e+06 924048 898181 803166 594209 318238 309853 285792 250205 211261 196068 183924 170386 144177 209710 143295 143174 137688 120840 115591 110307 109733 115034 108488 102678 100784
threshold=2.2681553363800053 10.540481567382814 12.500000000000002 -0.19337245081799007 20.460153579711918 49.510625839233406 -0.75013812021657655 -0.85225707553516283 13.04210424423218 19.13187408447266 35.500000000000007 0.84199059757024453 155.22714996337893 14.560034751892092 -0.84313311835787952 22.084649085998539 0.16587474750015932 0.28313308994381592 19.211283683776859 0.11143608018755914 -0.20180761162458913 13.789999485015871 -0.71502926860092908 18.470034599304203 1.5000000000000002 22.60003757476807 38.58305740356446 0.2499757677084001 19.211283683776859 0.51297097409535064
decision_type=2 10 2 2 8 2 2 2 8 2 2 2 2 10 2 8 2 2 8 10 2 8 2 10 2 10 2 2 10 2
left_child=2 3 4 5 17 15 29 23 20 16 13 25 22 27 -10 -2 21 -1 -19 -17 -6 -9 -7 -3 -11 26 -5 -8 -18 -4
right_child=1 7 6 11 8 12 10 9 14 24 -12 -13 -14 -15 -16 19 28 18 -20 -21 -22 -23 -24 -25 -26 -27 -28 -29 -30 -31
leaf_value=-0.067230384923386108 0.026911712690518265 -0.041171471637337871 -0.02664501824408479 -0.013263002426885093 0.012640071503155485 0.093096337427285125 -0.076980181206943415 -0.013189271596243543 -0.0099879569922110001 0.014384939491894464 -0.16578814476759998 -0.063350059155903901 0.11713315238023964 -0.15126109122271184 -0.10341664566405935 0.037576351521878978 -0.022677574559476898 -0.047447945798973608 -0.12516859376003595 0.06757732576258263 -0.033458120330462457 -0.067506537001959369 0.069336647588528019 0.044648155380473564 -0.031819400909244552 0.040456028158984608 0.031731429368372685 -0.1233330164848461 -0.090286360702424268 -0.095690518412649125
leaf_weight=1089503.3809794784 1941249.0721786618 169613.34720492363 684161.99862980843 1222960.0402022004 2421414.7583675981 7068750.0459923148 760825.02661800385 1322818.5964134932 294659.05375063419 1411522.6502225995 4810148.0495910645 430416.6565040946 3433802.3185260296 2200806.1774418354 944971.915102005 2055616.0582969785 278343.63355374336 423119.20072305202 1934193.9828990102 7059878.6964690685 933485.73061466217 721072.97518980503 3070344.1192675829 2101576.283767879 815051.40327721834 1840033.7452203035 1061320.7549220324 1501226.7134337425 1164058.0919097066 305944.04107576609
leaf_count=971745 902499 118399 471919 746990 1309970 1861134 711630 826057 187324 758536 6554576 364800 679591 2817637 979680 881115 195015 345238 2173771 2418380 668856 612319 1016794 879803 566759 813822 484564 1727991 1102694 300552
internal_value=-0.000184674 0.0497213 -0.101522 0.0666239 -0.0543092 0.0763205 -0.138514 -0.0120636 -0.0220468 -0.0320618 -0.148181 0.0141898 0.0938027 -0.129203 -0.0812087 0.05486 -0.0509237 -0.0973142 -0.111218 0.0608119 -0.00018654 -0.0323521 0.0859014 0.0382391 -0.00252845 0.0222819 0.00764228 -0.107743 -0.0772397 -0.0479802
internal_weight=5.54729e+07 3.71684e+07 1.83045e+07 2.91844e+07 8.04135e+06 2.46296e+07 1.02631e+07 7.98406e+06 4.59453e+06 5.71287e+06 9.27301e+06 4.55473e+06 1.35729e+07 4.46286e+06 1.23963e+06 1.10567e+07 3.48629e+06 3.44682e+06 2.35731e+06 9.11549e+06 3.3549e+06 2.04389e+06 1.01391e+07 2.27119e+06 2.22657e+06 4.12431e+06 2.28428e+06 2.26205e+06 1.4424e+06 990106
internal_count=34450160 15229271 19220889 10169689 6636584 7759513 12584305 5059582 3145830 4061380 11811834 2410176 3557519 5257258 1167004 4201994 2736085 3490754 2519009 3299495 1978826 1438376 2877928 998202 1325295 2045376 1231554 2439621 1297709 772471
is_linear=0
shrinkage=0.1


Tree=4
num_leaves=31
num_cat=0
split_feature=2 2 9 11 7 11 9 3 2 3 11 4 7 8 11 7 10 3 11 8 11 4 11 10 11 8 4 0 10 11
split_gain=2.34926e+07 3.56107e+06 2.64063e+06 1.41995e+06 1.09397e+06 1.03238e+06 698806 659030 391517 379128 287875 199237 195933 192591 167667 166846 207673 158108 150906 148364 135457 133200 118663 117906 110368 109348 102366 96232.5 84245.5 83589.6
threshold=1.6423947215080263 27.884795188903812 13.04210424423218 0.16587474750015932 19.73261642456055 -0.4755978891912595 12.509542465209963 22.500000000000004 104.61793518066408 18.500000000000004 -0.72694848937061807 0.014398725237697365 21.420004844665531 20.790689468383793 -0.8142754349318998 22.550026893615726 0.59868201182722736 22.500000000000004 -0.20180761162458913 17.080183029174808 -0.8142754349318998 0.38986279070377355 -0.84313311835787952 0.52766072109828632 0.8511460603353429 32.831430435180671 1.0000000180025095e-35 2.4262821674346928 0.12545942051955489 -0.039769286347669845
decision_type=2 2 8 2 10 2 10 2 2 2 2 8 10 10 2 8 2 2 2 8 2 8 2 2 2 8 10 2 2 2
left_child=2 3 4 6 17 8 15 10 21 18 -4 -7 19 -12 -11 -2 26 -1 -6 28 -9 -3 -8 29 -21 -24 -17 -10 -5 -15
right_child=1 5 7 12 9 11 22 20 27 14 13 -13 -14 23 -16 16 -18 -19 -20 24 -22 -23 25 -25 -26 -27 -28 -29 -30 -31
leaf_value=-0.089663466154518839 0.012059757376462147 0.045946836779261993 -0.040263461272529805 -0.095288916088965475 0.0058463569778609871 -0.003936496204158541 0.0040837573330752058 -0.067790258699143277 0.075761061311974687 -0.017536521902354451 -0.053376142817215415 0.04211793756373932 0.00024268577831109393 -0.045708056061429539 -0.10217324103326253 0.024551244096579196 -0.017650525335773413 -0.14630800574024513 -0.037691795340272019 -0.065620630369455923 -0.15852095472729921 0.075546491600386054 -0.012319317418723753 -0.10494771807221058 -0.12103112405294698 -0.069256948005248717 0.053154796894105606 0.10903680115280619 0.0096202835442383769 -0.14614566163517992
leaf_weight=1423554.7932047248 2824836.7756994367 1825293.82324332 614658.53405284882 98860.263145804405 2472064.3143392801 1177187.6818075776 655439.95729345083 170088.37844896317 1067523.7576050162 341683.58134019375 470870.97452270985 4649388.2286281586 526661.11765801907 87430.768108129501 743108.14794850349 1684894.1720671654 560124.26114469767 753634.91728383303 1174248.3597781658 1586571.4840068221 5051421.4505723119 9098763.612731874 548527.26241976023 2005722.7800311446 464770.28472310305 875905.45239013433 4860414.5158002973 4675582.0960921645 339115.7954543829 1585984.8951230049
leaf_count=1461660 1471260 705160 481741 94598 1394690 686829 359989 146713 307454 232147 416401 1930779 318115 77102 853394 792506 333825 1025629 899409 1375800 7292072 2761299 369445 2264123 514336 767875 1841529 975256 199962 2099062
internal_value=-0.000223975 0.0438671 -0.098143 0.00617352 -0.0506099 0.0690469 0.0215782 -0.131026 0.0817136 -0.0236149 -0.104133 0.0328132 -0.0551707 -0.113593 -0.0755147 0.0326175 0.0407905 -0.109271 -0.00817455 -0.0668944 -0.155565 0.0706007 -0.0311285 -0.121299 -0.0781749 -0.0473311 0.0457917 0.102852 -0.0140599 -0.140898
internal_weight=5.44143e+07 3.75199e+07 1.68945e+07 1.50261e+07 6.90829e+06 2.24937e+07 1.20101e+07 9.98618e+06 1.66672e+07 4.7311e+06 4.76467e+06 5.82658e+06 3.01598e+06 4.15001e+06 1.08479e+06 9.93027e+06 7.10543e+06 2.17719e+06 3.64631e+06 2.48932e+06 5.22151e+06 1.09241e+07 2.07987e+06 3.67914e+06 2.05134e+06 1.42443e+06 6.54531e+06 5.74311e+06 437976 1.67342e+06
internal_count=34450160 15806017 18644143 8439240 5866929 7366777 5936429 12777214 4749169 3379640 5338429 2617608 2502811 4856688 1085541 4439120 2967860 2487289 2294099 2184696 7438785 3466459 1497309 4440287 1890136 1137320 2634035 1282710 294560 2176164
is_linear=0
shrinkage=0.1


Tree=5
num_leaves=31
num_cat=0
split_feature=2 9 9 2 11 11 3 11 9 11 8 3 11 11 7 2 8 3 11 7 11 4 10 2 10 11 9 6 11 11
split_gain=1.96482e+07 3.32878e+06 2.0953e+06 983493 848666 840827 579621 502616 466999 410889 304656 254606 234073 196892 190942 185437 171391 140811 133142 114112 111220 108944 105358 103222 89518.9 84238.4 82749.9 81649.3 80477.2 80174.4
threshold=1.0110445618629458 9.8100008964538592 13.04210424423218 42.326393127441413 0.16587474750015932 0.28313308994381592 22.500000000000004 0.45847758937963173 13.789999485015871 -0.72694848937061807 19.211283683776859 34.500000000000007 -0.72694848937061807 -0.90892157495189674 22.550026893615726 178.99919128417972 19.805377960205082 23.500000000000004 -0.8142754349318998 18.560169219970707 -0.80417042486635371 0.014398725237697365 0.48314048284850658 14.759875774383547 0.46800856592688472 -0.19337245081799007 10.642842292785646 30.53642559051514 -0.85225707553516283 -0.7614016681079937
decision_type=2 10 8 2 2 2 2 2 8 2 8 2 2 2 10 2 10 2 2 10 2 8 2 2 2 2 8 10 2 2
left_child=2 3 5 7 8 11 12 14 13 15 24 19 -4 -3 -2 -5 -14 -7 -8 -1 -13 -12 -18 -15 -6 -11 -21 -24 -28 -16
right_child=1 4 6 9 10 17 18 -9 -10 25 21 20 16 23 29 -17 22 -19 -20 26 -22 -23 27 -25 -26 -27 28 -29 -30 -31
leaf_value=-0.086167915882288337 0.018703739027306026 0.042340033822953455 -0.037704704168497562 0.079699378480232952 -0.039854987625813743 -0.080069778449565032 -0.061722675274745377 -0.042900615954540505 -0.040606332602489241 0.060721480843765274 -0.087585031555893977 -0.035344649704858171 -0.043823939887893987 -0.0088661240194947161 0.058611086624564462 0.11424995547177177 -0.13426426850477574 -0.13189812496407957 -0.15224645573656817 0.006296435950317588 -0.12754067902768079 -0.0406959090250128 -0.065954162770536548 0.021632901111374239 0.031596388078539116 0.034226793523003292 0.0094815270145956684 -0.11221530485064762 -0.043037633731184001 0.037866301181109029
leaf_weight=196066.8774844408 2832577.6200738549 2551949.5284386873 545336.836550951 7722536.4719028473 292850.64781743288 1451829.8065859079 168231.60772526264 770317.02705651522 1541345.3036103845 4124963.7701207399 1454193.7757954597 235007.63926047087 376990.28914624453 2065844.2388914227 4093984.4136237502 1944557.2302297354 1537196.9877338409 820442.17866933346 4749622.9383196235 1828404.7133774757 295210.39244526625 751636.58680325747 536013.52364498377 2397557.1476189494 437000.03213280439 1692376.4916276932 427424.2671803236 1323703.4415267706 919298.6616075635 3418785.3697106242
leaf_count=202654 1375027 1037820 432002 2102135 228666 1512601 146713 592463 1205195 1348259 1459910 177839 325295 1263838 1429281 353337 2105521 1153805 7292072 1039530 395770 607966 557678 1153269 220383 739804 238538 1614906 726280 1411603
internal_value=-0.00025411 0.0382905 -0.095529 0.0577211 -0.00668328 -0.050426 -0.125674 0.0350265 0.00923386 0.0740127 -0.0530773 -0.0222616 -0.0989446 0.0201843 0.0408289 0.0866493 -0.107794 -0.0987833 -0.14915 -0.0121304 -0.0866768 -0.0716076 -0.114893 0.00751671 0.00292671 0.0530137 -0.00755855 -0.0988818 -0.0263691 0.0491709
internal_weight=5.35033e+07 3.80925e+07 1.54108e+07 2.66001e+07 1.14924e+07 6.17368e+06 9.2371e+06 1.11157e+07 8.5567e+06 1.54844e+07 2.93568e+06 3.90141e+06 4.31924e+06 7.01535e+06 1.03453e+07 9.66709e+06 3.7739e+06 2.27227e+06 4.91785e+06 3.37119e+06 530218 2.20583e+06 3.39691e+06 4.4634e+06 729851 5.81734e+06 3.17513e+06 1.85972e+06 1.34672e+06 7.51277e+06
internal_count=34450160 16528956 17921204 9351909 7177047 5447017 12474187 4808374 4660122 4543535 2516925 2780611 5035402 3454927 4215911 2455472 4603400 2666406 7438785 2207002 573609 2067876 4278105 2417107 449049 2088063 2004348 2172584 964818 2840884
is_linear=0
shrinkage=0.1


Tree=6
num_leaves=31
num_cat=0
split_feature=2 3 11 7 2 11 10 9 9 9 2 3 10 11 8 11 7 7 4 9 4 6 8 8 10 3 10 11 8 11
split_gain=1.64165e+07 3.30325e+06 1.73541e+06 929251 909074 718828 521804 373146 351170 302176 195825 181443 175289 172384 207142 147671 139088 138495 133311 120678 107078 105922 103745 95585.3 102091 95153.2 87256.6 86970.2 115520 76111
threshold=5.3747477531433114 12.500000000000002 -0.17646730165275518 20.460153579711918 57.437358856201179 -0.75013812021657655 0.57077594689671507 12.150000095367433 14.647208213806154 10.920000553131105 215.81109619140628 36.500000000000007 0.14250626876356556 0.28313308994381592 19.805377960205082 0.93769647993491489 19.570019721984867 23.410081863403324 0.94413292407989513 14.090000629425051 1.8856558799743655 34.130393981933601 31.540000915527347 32.191465377807624 0.42179998225932674 32.500000000000007 0.57077594689671507 0.2499757677084001 20.31369781494141 -0.77243990499604276
decision_type=2 2 2 8 2 2 2 10 8 10 2 2 2 2 8 2 8 10 10 10 8 10 8 10 2 2 2 2 8 2
left_child=1 3 4 13 7 23 17 16 11 15 20 27 -11 21 -15 -4 -2 -5 -18 -8 -6 -1 -14 -3 -25 -10 -16 -7 -29 -22
right_child=2 5 9 6 10 8 19 -9 25 12 -12 -13 22 14 26 -17 18 -19 -20 -21 29 -23 -24 24 -26 -27 -28 28 -30 -31
leaf_value=-0.034319540638373759 -0.0021117582729517923 -0.11979629307376866 0.015672781860176409 -0.017458421743440849 0.049301598302959632 -0.057866176563071636 -0.038247353282304455 -0.0073378101824701294 -0.12834607085689018 -0.07273390914685561 0.10544728140052462 -0.1313669084602973 -0.002000941129500227 -0.033984591880068186 -0.11593069452825051 -0.073811787442234988 0.031302412196847824 0.018164247182140318 0.052977464918016526 -0.093493278916709194 0.081268252866685167 -0.11266199730257309 -0.076490978987511962 0.010245817434633014 -0.059204204185208886 -0.15846170865359377 -0.072834969945432412 -0.027937937573734885 -0.11189644349832135 0.061027503443099478
leaf_weight=1301810.2345603704 654679.16542488337 119893.39925849438 4026862.5339278579 1692457.9815225601 2188645.3766016364 735693.44567608833 1033018.4479455948 1675797.9674588442 1737591.4020541906 766645.86369389296 1712724.043073833 1469856.9731919765 1212011.2624359131 578368.24123317003 1406032.8984820247 193267.1905593276 4429042.7215570211 3073125.3694713116 7896876.0217965245 640575.63544690609 5323843.836445868 198956.71183502674 221072.48164540529 424360.2631419301 422295.5875967741 2648027.2523539066 705585.76856780052 189877.94685047865 1196982.1290320754 2853531.9344522357
leaf_count=1063491 348578 134669 2055850 1137866 746717 722689 800899 1033448 2550833 712835 327350 2256955 788590 482308 1804654 181968 1855446 1567134 2772271 733306 1357263 243157 202197 248482 389320 4502347 750941 174873 1604137 899586
internal_value=-0.000273796 -0.0728914 0.0425992 -0.0352089 0.0538103 -0.117674 -0.0113565 0.0370703 -0.127541 -0.00408882 0.0741227 -0.10436 -0.0341389 -0.0718586 -0.0870076 0.0115747 0.0428034 0.00551315 0.045189 -0.059393 0.0689471 -0.0447054 -0.013492 -0.0362284 -0.0243945 -0.14653 -0.10153 -0.0856584 -0.100402 0.0742052
internal_weight=5.27295e+07 1.95745e+07 3.3155e+07 1.06299e+07 2.67351e+07 8.94458e+06 6.43918e+06 1.46564e+07 7.97803e+06 6.41986e+06 1.20787e+07 3.59241e+06 2.19973e+06 4.19075e+06 2.68999e+06 4.22013e+06 1.29806e+07 4.76558e+06 1.23259e+07 1.67359e+06 1.0366e+07 1.50077e+06 1.43308e+06 966549 846656 4.38562e+06 2.11162e+06 2.12255e+06 1.38686e+06 8.17738e+06
internal_count=34450160 21168061 13282099 8583756 9340659 12584305 4239205 6009743 11811834 3941440 3330916 4758654 1703622 4344551 3037903 2237818 4976295 2705000 4627717 1534205 3003566 1306648 990787 772471 637802 7053180 2555595 2501699 1779010 2256849
is_linear=0
shrinkage=0.1


Tree=7
num_leaves=31
num_cat=0
split_feature=3 2 9 7 7 11 3 10 2 9 3 8 10 3 7 10 7 11 11 8 11 11 11 8 11 10 3 9 7 2
split_gain=1.37624e+07 2.19668e+06 2.14214e+06 779472 641444 618574 577591 359838 303042 254972 204043 203823 173434 166748 153950 135689 112796 105955 104091 103426 121983 103206 101858 95879.7 94557.9 94531 88808.9 85664.9 74219.8 73135.9
threshold=3.5000000000000004 23.199997901916507 13.04210424423218 19.570019721984867 19.73261642456055 -0.49065906150552346 32.500000000000007 0.67802080537253961 125.71569824218751 16.300000190734867 19.500000000000004 32.73481750488282 -0.11692013674435776 22.500000000000004 22.350042343139652 0.76696112484652035 19.040272712707523 0.063390085881955341 -0.7614016681079937 20.790689468383793 0.84199059757024453 -0.19337245081799007 -0.8142754349318998 34.655714035034187 -0.54940789553007929 0.95752911693909493 155.50000000000003 10.700001716613771 4.1574494838714608 86.163890838623061
decision_type=2 2 8 8 8 2 2 2 2 10 2 10 2 2 10 2 8 2 2 10 2 2 2 10 2 2 2 10 8 2
left_child=1 3 4 15 13 8 9 14 16 12 24 -9 21 25 -5 -1 -3 -7 -8 -14 -21 -4 -12 -18 -6 28 -24 -26 -2 -19
right_child=2 5 6 7 10 17 18 11 -10 -11 22 -13 19 -15 -16 -17 23 29 -20 20 -22 -23 26 -25 27 -27 -28 -29 -30 -31
leaf_value=-0.057282984499836279 -0.011363730184996618 -0.0080232709998926226 0.0012619026200272371 -0.001864350585396745 0.0074958849522511906 0.035009433302051106 -0.062639632371043502 0.03619277262756275 0.086534487238288091 -0.12409043827290894 -0.012540525648099949 -0.052588401495236595 -0.013367119203695927 -0.12553623068335004 0.030262031593730199 -0.014317276568784411 0.059917519377073514 -0.0032761746639255367 -0.14601902412466358 -0.060220864299027656 -0.12836823435906336 -0.11208754666682604 -0.067087217456071158 0.033743009005791025 -0.0059486383747118779 0.039165206910102501 -0.17813937808270286 -0.047873024496213445 -0.080940117918994692 0.040524842065929774
leaf_weight=2031682.0889948606 179235.3417557478 276974.1862783432 85621.144062757492 1931298.8124164939 2071804.5530103445 4209772.8458865881 156939.74483567476 339678.23546332121 4047426.5159586668 1567716.9298142195 324392.04901057482 1083221.4728679061 384083.12461286783 658458.40823036432 6551775.7366479039 1151674.2103215456 10732313.766491652 1566906.3776285648 3257150.6414761841 1914272.9922014475 304436.68106001616 1299310.1868283749 571533.37570399046 1609347.8416567445 1205721.0228583813 83307.104897558689 82392.851281225681 818063.69541847706 1060338.6216417551 503768.74654221535
leaf_count=1844677 140855 147652 61759 1134810 1097213 1695984 154669 161782 913386 2282313 223255 920465 303615 1025629 2876762 854828 3312517 914045 5764051 2002150 465140 1825093 675753 631438 752763 47201 143081 685447 1175618 216209
internal_value=-0.000287725 0.0339986 -0.0773895 0.00130861 -0.0361649 0.052646 -0.109816 0.0151422 0.0627249 -0.0899227 -0.0173227 -0.0313943 -0.0764902 -0.0844168 0.022948 -0.0417389 0.055088 0.0259 -0.142186 -0.0612777 -0.0695716 -0.10508 -0.0583532 0.0565044 -0.00752165 -0.0639498 -0.0810795 -0.0228955 -0.0708798 0.00738005
internal_weight=5.20606e+07 3.60358e+07 1.60248e+07 1.30893e+07 7.05525e+06 2.29465e+07 8.96953e+06 9.90597e+06 1.66661e+07 5.55544e+06 5.07391e+06 1.4229e+06 3.98772e+06 1.98134e+06 8.48307e+06 3.18336e+06 1.26186e+07 6.28045e+06 3.41409e+06 2.60279e+06 2.21871e+06 1.38493e+06 978318 1.23417e+07 4.09559e+06 1.32288e+06 653926 2.02378e+06 1.23957e+06 2.07068e+06
internal_count=34450160 15624555 18825605 7793324 5966815 7831231 12858790 5093819 5004993 6940070 3577512 1082247 4657757 2389303 4011572 2699505 4091607 2826238 5918720 2770905 2467290 1886852 1042089 3943955 2535423 1363674 818834 1438210 1316473 1130254
is_linear=0
shrinkage=0.1


Tree=8
num_leaves=31
num_cat=0
split_feature=2 2 9 11 11 11 9 3 2 4 3 9 3 7 8 5 11 8 8 11 11 2 7 5 10 2 7 10 8 11
split_gain=1.14573e+07 2.14027e+06 1.37075e+06 720296 607441 605416 389217 352355 244486 201783 172222 145667 134712 121202 118190 104868 102760 156775 94590.7 110247 93951 93603.8 92303.5 82337.4 80884.4 78702.8 73172.9 69330.3 68320.5 65728.8
threshold=0.50801962614059459 22.412291526794437 13.872105598449709 0.16587474750015932 -0.67801649466304881 0.28313308994381592 13.096703529357912 32.500000000000007 89.676486968994155 0.14921022206544879 60.500000000000007 16.610001564025882 24.500000000000004 22.250313758850101 28.744288444519047 0.16920451074838641 0.04621408538533487 26.054286003112797 16.131060600280765 0.95936279103287792 -0.80417042486635371 260.54122924804693 17.410214424133304 1.0000000180025095e-35 -0.12546116083924153 70.387599945068374 19.130130767822269 0.19337368024598436 33.642726898193366 0.063390085881955341
decision_type=2 2 8 2 2 2 10 2 2 8 2 10 2 10 8 10 2 10 8 2 2 2 10 10 2 2 8 2 10 2
left_child=2 3 5 6 8 10 14 11 26 -6 22 16 -7 18 -2 -16 -4 -18 -5 -20 28 -10 -1 -24 -9 29 -3 -14 -12 -11
right_child=1 4 7 13 9 12 -8 24 21 25 20 -13 27 -15 15 -17 17 -19 19 -21 -22 -23 23 -25 -26 -27 -28 -29 -30 -31
leaf_value=-0.088540484308454598 -0.019114767138286939 -0.011763079573314714 -0.053012326173390203 -0.0058680567095382588 -0.0012379742437934192 -0.066811471955242258 -0.033113742352123332 -0.16548968343519985 0.06955332632613781 0.031894532989865464 -0.16855028972731101 -0.12297745792427195 -0.13703512235375132 0.0098292219787982065 0.0049005869448716334 0.028233108830948386 -0.054476091425447182 -0.11626369540728476 -0.051434804602679018 -0.12093327294432979 -0.12477984632631062 0.10428630764693787 -0.021108786185356831 0.014853876274794803 -0.12828957829665247 0.046120438360036806 0.049914069643968391 -0.085016365459511814 -0.0055357221188748317 0.0019218752442748241
leaf_weight=163777.33383440971 818529.88292706013 196827.07862699032 926727.72688025236 394299.98362350464 2075994.6783855557 1630365.7185739279 1829240.9710052013 818875.63555747271 4663760.6054512858 3246252.0306591392 30466.985365450382 1114152.2184024751 554464.95621341467 365393.03065162897 2859300.1130177379 5903298.6438661218 640993.72735518217 1142763.6787135005 2206011.1776794195 254596.57572591305 235957.36288136244 930756.09315288067 2411436.017747581 865008.66739544272 2042030.3541812599 3118003.8281875253 8464715.0363359451 476316.75082352757 164655.54686385393 944536.48549133539
leaf_count=194171 520202 107973 986207 277132 1162738 1863478 1491107 1647034 1196178 1291341 40202 1755748 968465 212753 1516868 2580261 736571 1760768 2088376 337531 385522 161842 1806008 502285 3648642 1091292 2780348 702383 113650 523084
internal_value=-0.000294211 0.027428 -0.0805613 -0.00263252 0.0460316 -0.0479831 0.00915498 -0.112393 0.0590372 0.0262751 -0.0227428 -0.092538 -0.0847014 -0.0443987 0.017225 0.0206195 -0.0800258 -0.0940603 -0.0513392 -0.0586257 -0.0823268 0.0753318 -0.0152765 -0.0116143 -0.138937 0.03409 0.0485125 -0.112998 -0.0309893 0.0251392
internal_weight=5.14895e+07 3.82715e+07 1.3218e+07 1.46307e+07 2.36408e+07 6.53245e+06 1.14104e+07 6.68554e+06 1.42561e+07 9.38479e+06 3.8713e+06 3.82464e+06 2.66115e+06 3.2203e+06 9.58113e+06 8.7626e+06 2.71049e+06 1.78376e+06 2.85491e+06 2.46061e+06 431080 5.59452e+06 3.44022e+06 3.27644e+06 2.86091e+06 7.30879e+06 8.66154e+06 1.03078e+06 195123 4.19079e+06
internal_count=34450160 17339026 17111134 9024230 8314796 6576164 6108438 10534970 4246341 4068455 3041838 5239294 3534326 2915792 4617331 4097129 3483546 2497339 2703039 2425907 539374 1358020 2502464 2308293 5295676 2905717 2888321 1670848 153852 1814425
is_linear=0
shrinkage=0.1


Tree=9
num_leaves=31
num_cat=0
split_feature=2 9 9 7 11 2 7 9 3 8 10 11 3 11 4 8 11 7 11 10 9 10 2 11 10 7 10 10 10 3
split_gain=9.49723e+06 1.96038e+06 1.10648e+06 523980 523494 491466 327944 309274 266702 239187 181005 159379 159345 141482 136840 133782 127267 110336 104978 104957 104910 98833.3 92047 85899.5 84880.9 82198.6 90559.3 81510.8 79992.9 77166.8
threshold=0.2570974081754685 9.5500144958496112 14.389999866485597 20.060028076171879 0.16587474750015932 73.001110076904311 19.227850914001468 14.34999990463257 32.500000000000007 19.805377960205082 0.52766072109828632 -0.79382744783423187 24.500000000000004 -0.90892157495189674 1.5340214967727663 34.725713729858406 -0.19337245081799007 22.748162269592289 0.8511460603353429 -0.97876850416056738 16.960001945495609 0.72695311118111527 234.51544952392581 -0.7614016681079937 0.58481550752069722 5.5702970027923593 0.95242846126021108 -0.108376950152639 0.46800856592688472 452.00000000000006
decision_type=2 10 8 10 2 2 8 10 2 10 2 2 2 2 8 10 2 10 2 2 10 2 2 2 2 8 2 2 2 2
left_child=2 5 3 12 7 6 21 13 20 28 16 22 25 -3 17 19 29 -8 -11 -15 -4 -2 -7 -16 -17 -1 -27 -10 -6 -5
right_child=1 4 8 10 9 11 14 -9 27 18 -12 -13 -14 15 23 24 -18 -19 -20 -21 -22 -23 -24 -25 -26 26 -28 -29 -30 -31
leaf_value=-0.011878153968273809 -0.052130655018764488 0.028692111732866701 -0.079285905136412121 0.0069990770035955443 -0.031277106102501458 0.063551704607760662 -0.00030470179972726135 -0.040383729098716903 -0.16342638006398827 -0.046692612943119216 -0.055947493875552048 0.043149157538501542 -0.11200675702986423 -0.018421849689668906 0.050407168448015065 0.0017075343938806023 -0.042585527217371633 0.029950068063379888 -0.10071261682601805 0.021208112333041651 -0.12107000758276575 0.020222188080684728 0.097339209104059576 0.030642412381703867 -0.041196534209776606 -0.079778562292875332 0.019386114853839426 -0.1232639800214928 0.030238693803217288 -0.19910229882500885
leaf_weight=261448.19979766011 606135.39880120754 3104078.0192892551 2220055.8666656911 1709310.3208836615 360343.89311623573 4506627.0714021921 1662885.8904049397 1321239.9840860963 710972.33782321215 2120260.774151355 1350637.7701946199 3895867.3664172292 1125875.5209423006 852850.54691511393 4697055.6714218259 911495.63933825493 843072.96982473135 4381318.1121827364 433249.9144988656 3088133.1299365163 823882.68741425872 274202.9631986022 981994.83393764496 4134435.7492284775 933237.12480157614 1324252.5777602494 98974.304045677185 1747096.9052377939 511369.4285312891 18361.543043255806
leaf_count=222576 494849 1301883 3027658 1002676 298701 1173093 894259 1148626 1546015 1977202 1509897 1307978 1941723 552147 1518257 482688 811294 1769819 565291 1490895 1379493 137385 173883 1666291 702203 1694866 72762 3287786 267316 30648
internal_value=-0.000294948 0.0239413 -0.0771143 -0.0499261 -0.00658854 0.0405007 0.0297102 0.00475942 -0.11038 -0.0404183 -0.026307 0.0586173 -0.0828804 0.0114688 0.0332199 0.00222836 -0.0107342 0.0216264 -0.0558581 0.012632 -0.0905953 -0.0295946 0.0695968 0.0411544 -0.0199973 -0.0634151 -0.0728824 -0.134881 0.00480964 0.00480865
internal_weight=5.10107e+07 3.87768e+07 1.22339e+07 6.73193e+06 1.36363e+07 2.51405e+07 1.5756e+07 1.0211e+07 5.50201e+06 3.42522e+06 3.92138e+06 9.38449e+06 2.81055e+06 8.88979e+06 1.48757e+07 5.78572e+06 2.57074e+06 6.0442e+06 2.55351e+06 3.94098e+06 3.04394e+06 880338 5.48862e+06 8.83149e+06 1.84473e+06 1.68468e+06 1.42323e+06 2.45807e+06 871713 1.72767e+06
internal_count=34450160 17922766 16527394 7286442 8786952 9135814 6480860 5678442 9240952 3108510 3354515 2654954 3931927 4529816 5848626 3227933 1844618 2664078 2542493 2043042 4407151 632234 1346976 3184548 1184891 1990204 1767628 4833801 566017 1033324
is_linear=0
shrinkage=0.1


Tree=10
num_leaves=31
num_cat=0
split_feature=3 2 11 11 9 9 10 11 4 3 2 11 9 8 10 8 8 10 3 10 3 7 7 9 11 11 5 9 3 9
split_gain=7.89769e+06 1.90575e+06 787483 534569 496019 325504 320979 301697 268532 180263 163149 132373 131281 126997 102364 141089 93013.6 90638.4 90481.3 89829.7 85794.1 86231.7 80779.4 81083.6 75078.7 70395.7 68526.6 63995.6 63264 57250.4
threshold=7.5000000000000009 15.029420375823976 -0.013976481981245173 -0.4755978891912595 12.459999561309816 15.204071044921877 0.51297097409535064 0.48877522411129348 3.9946470260620122 24.500000000000004 133.78949737548831 -0.73865259438682551 9.2999997138977069 27.160102844238285 0.46800856592688472 32.327142715454109 28.318849563598636 0.19337368024598436 85.500000000000014 0.55656748448714433 452.00000000000006 19.227850914001468 7.9205369949340829 11.030385971069338 0.96177147954086928 -0.19337245081799007 1.0000000180025095e-35 9.650057792663576 2.5000000000000004 15.373739242553713
decision_type=2 2 2 2 10 10 2 2 8 2 2 2 10 10 2 8 8 2 2 2 2 8 8 10 2 2 10 8 2 8
left_child=1 4 6 8 7 9 20 16 26 22 -10 -6 24 -7 25 -16 -1 -11 29 -15 21 -2 -4 -24 -5 -13 -3 -18 -14 -8
right_child=2 3 5 12 11 13 18 -9 10 17 -12 14 28 19 15 -17 27 -19 -20 -21 -22 -23 23 -25 -26 -27 -28 -29 -30 -31
leaf_value=-0.030518852984356682 -0.088827552927634751 0.013535157131344278 -0.015686131576008521 0.025294719071368217 -0.0080758393064012911 -0.089944967140882959 -0.042537358644083444 -0.045046795848015915 0.047320139504818753 -0.12418089917404714 0.074886885326646127 0.0097227867986344058 0.0049891308009926945 -0.15535359477808708 -0.013485351647233679 -0.064882657477081399 0.020139311394124986 -0.079395375457893658 -0.11416648384997713 -0.11351379841907319 -0.19910482367561219 0.00039695537279326528 -0.033375714122549173 -0.080579733325489608 -0.10184846043413194 -0.08621187283376372 0.035531681250005491 0.001796819090560594 -0.029695255881901098 -0.082308796263672657
leaf_weight=561385.80897128582 116270.50737953186 1883615.9926497936 354106.50850912929 4630115.0969561934 992302.01129794121 844618.109144032 954066.51783367991 1193015.7417191565 8328863.0977634788 914758.4210947752 2892507.9866855741 84012.163298904896 2434028.7433444262 1108033.3992826045 1119524.3818285167 1021327.526935637 4111024.75952214 893079.64045864344 346895.47073417902 955781.76716426015 23251.472641080618 1583556.7245936692 498567.55754083395 1347157.0557419956 46914.679616510868 854070.60517320037 5708468.2018133998 3539991.0214284956 670814.74090790749 583176.72347021103
leaf_count=410278 149084 821424 327003 1929274 654604 1438867 1026690 1145353 2624682 1765332 635464 55893 1356621 2400416 944865 1105834 1863918 1446684 619106 1759403 44312 1021822 484000 1841228 50609 1105110 2007731 2006807 506788 900958
internal_value=-0.000289671 0.0199569 -0.0773869 0.0354808 -0.0106786 -0.097143 -0.0395088 0.00194351 0.044599 -0.0786617 0.054426 -0.0398384 0.0134367 -0.122609 -0.0500751 -0.0380053 0.0087698 -0.102057 -0.0680353 -0.135977 -0.00831587 -0.00570612 -0.0594355 -0.067829 0.0240194 -0.0776202 0.0300743 0.0116526 -0.00250458 -0.0576253
internal_weight=5.05953e+07 4.0072e+07 1.05233e+07 2.65953e+07 1.34767e+07 6.9161e+06 3.60722e+06 9.40542e+06 1.88135e+07 4.00767e+06 1.12214e+07 4.07124e+06 7.78187e+06 2.90843e+06 3.07893e+06 2.14085e+06 8.2124e+06 1.80784e+06 1.88414e+06 2.06382e+06 1.72308e+06 1.69983e+06 2.19983e+06 1.84572e+06 4.67703e+06 938083 7.59208e+06 7.65102e+06 3.10484e+06 1.53724e+06
internal_count=34450160 19225255 15224905 9932593 9292662 11462933 3761972 5426356 6089301 5864247 3260146 3866306 3843292 5598686 3211702 2050699 4281003 3212016 2546754 4159819 1215218 1170906 2652231 2325228 1979883 1161003 2829155 3870725 1863409 1927648
is_linear=0
shrinkage=0.1


Tree=11
num_leaves=31
num_cat=0
split_feature=3 3 2 7 9 7 11 10 9 11 8 8 2 10 10 7 7 11 8 4 8 8 11 10 3 10 8 3 10 5
split_gain=6.53377e+06 1.24935e+06 1.04946e+06 477280 433592 362507 265810 240491 165297 150986 164306 144520 124394 121658 118855 98726.5 91818.6 80887.5 102170 73516.3 72337.9 72058.8 77839.3 68494 67750.9 67417.6 63236.4 61174.8 59464.1 59223.3
threshold=3.5000000000000004 17.500000000000004 32.742265701293952 20.060028076171879 11.680000782012941 24.081423759460453 -0.77243990499604276 0.67802080537253961 15.1109676361084 -0.022575793296316496 22.226320266723636 32.504289627075202 215.81109619140628 0.51297097409535064 0.78857998149907527 19.130130767822269 22.451672554016117 0.76556758748011056 29.830000877380375 3.0619858503341679 32.881446838378913 19.805377960205082 0.95436825032516992 0.46800856592688472 38.500000000000007 -0.099819732675876835 33.924226760864265 139.50000000000003 -0.065535378769913874 1.0000000180025095e-35
decision_type=2 2 2 8 10 10 2 2 8 2 8 10 2 2 2 10 10 2 10 8 10 8 2 2 2 2 10 2 2 10
left_child=2 4 3 14 15 8 12 16 21 -6 23 -9 26 -7 -1 -2 -5 18 -12 -8 -16 24 27 -11 -3 -10 -4 -23 -27 -18
right_child=1 5 6 7 9 13 19 11 25 10 17 -13 -14 -15 20 -17 29 -19 -20 -21 -22 22 -24 -25 -26 28 -28 -29 -30 -31
leaf_value=-0.038519207129978979 -0.043847572410967053 0.016380139479062583 0.049458848131700171 0.0017354817351381364 -0.029413564101095982 -0.00068367872353410986 0.014206526367123379 0.033023959775182785 -0.14208573227695054 -0.048643922431905254 -0.033319639331068573 -0.039999780512782003 0.080513256874098313 -0.066401133410152358 0.0054257004654567273 -6.6075845261470348e-05 0.0088107610503937051 -0.10973165369063637 -0.084927415854108082 0.03315990883062564 -0.070406391684707345 -0.074869646391519648 -0.12673174821357805 0.019587421403555672 -0.10316508832790675 -0.0022329624061540598 0.02690604160645509 -0.14839188423685309 -0.11119889770981009 0.02888462157827075
leaf_weight=2573681.1867131591 609071.76092690229 131511.87818512321 7786935.210942924 2293091.1089113057 1854812.2112291157 472090.04447165132 3260626.8793135285 352950.6960234046 876024.79063481092 343529.989757061 588048.32077670097 1167509.1820719838 1166111.2273665667 698467.45826891065 1248375.4202711582 3336651.3077569306 1902046.0328389704 599613.83774471283 1103444.4991703033 5495982.3577240109 139890.07402724028 1744256.3138552308 432360.71349412203 257333.28647491336 74130.844239801168 51684.423037827015 1479487.2271342278 121023.23079055548 1614372.8099409044 6465860.8007447124
leaf_count=2251397 618324 118017 2232115 1267321 1684941 334326 1460562 159324 1997601 378343 657962 972814 223411 1010969 830958 1966862 950820 997065 1563137 1992180 151424 2754051 877326 181385 142693 68425 527668 252530 3221648 2604561
internal_value=-0.000283777 -0.0558006 0.0231413 0.00435136 -0.0313208 -0.0900337 0.0389489 0.0141574 -0.101666 -0.0516834 -0.0659665 -0.0230485 0.0497317 -0.039897 -0.0257984 -0.0068243 0.0194637 -0.0781731 -0.0669859 0.0261024 -0.0022156 -0.0834257 -0.0885015 -0.0194223 -0.026714 -0.119627 0.045858 -0.0796399 -0.107819 0.0243218
internal_weight=5.0241e+07 1.49084e+07 3.53325e+07 1.61434e+07 8.69251e+06 6.21592e+06 1.91891e+07 1.21815e+07 5.04537e+06 4.74678e+06 2.89197e+06 1.52046e+06 1.04325e+07 1.17056e+06 3.96195e+06 3.94572e+06 1.0661e+07 2.29111e+06 1.69149e+06 8.75661e+06 1.38827e+06 2.50328e+06 2.29764e+06 600863 205643 2.54208e+06 9.26642e+06 1.86528e+06 1.66606e+06 8.36791e+06
internal_count=34450160 18825605 15624555 9188619 8048019 10777586 6435936 5954840 9432291 5462833 3777892 1132138 2983194 1345295 3233779 2585186 4822702 3218164 2221099 3452742 982382 4144617 3883907 559728 260710 5287674 2759783 3006581 3290073 3555381
is_linear=0
shrinkage=0.1


Tree=12
num_leaves=31
num_cat=0
split_feature=3 9 9 2 11 7 5 11 3 9 10 8 11 11 3 4 2 3 10 11 8 10 7 11 8 9 10 7 11 10
split_gain=5.40722e+06 1.42722e+06 542491 490461 311735 279748 266448 155491 137233 125369 122243 105517 105331 98104 91996 90539.1 90102.3 80474.3 77442.6 91677.3 69636.3 68775.5 66869.8 86694.9 76119.1 62615.4 59983.5 56950.2 60446 47889.3
threshold=8.5000000000000018 11.139999866485597 15.1109676361084 46.489736557006843 0.48877522411129348 21.420004844665531 1.0000000180025095e-35 -0.77243990499604276 24.500000000000004 15.419999599456789 -0.091260668982868151 28.318849563598636 -0.8611288361322974 -0.90892157495189674 156.50000000000003 0.1994976028800011 260.54122924804693 33.500000000000007 -0.11692013674435776 -0.19337245081799007 25.924284934997562 -0.05695216311707673 2.7907195091247563 0.47369649395226454 33.224294662475593 11.194006919860842 0.77244481603295057 7.4421160221099862 0.67007489853957602 0.19337368024598436
decision_type=2 10 10 2 2 10 8 2 2 10 2 8 2 2 2 10 2 2 2 2 10 2 8 2 10 8 2 10 2 2
left_child=1 3 5 4 11 8 9 16 27 18 20 -1 -7 -8 25 -13 -5 -12 19 -3 -4 -19 -20 24 -24 -14 -26 -2 -29 -10
right_child=2 6 10 7 -6 12 13 -9 29 -11 17 15 14 -15 -16 -17 -18 21 22 -21 -22 -23 23 -25 26 -27 -28 28 -30 -31
leaf_value=-0.01287420657462808 -0.013998118664314333 0.0039520378160533796 -0.075767299730128482 0.044675695302439457 -0.032523058866338626 0.0056825166089133619 0.027635496000118821 0.02728284177151636 -0.10711077902053923 -0.062944548947383355 -0.06917634392420649 0.0090398214230435047 -0.010249430891417074 -0.0086078348393768475 -0.1223296648976604 0.025949652065411999 0.080290470863800534 0.015010071455989052 0.035900164013261279 -0.06079740909808426 -0.14148387839344098 -0.11008988917785489 0.012806822777991424 -0.056492495860301473 -0.011307176353316835 -0.048550003657865305 -0.055990718624058501 -0.040943736941924609 -0.082616051737629273 -0.072403382827528159
leaf_weight=1029972.2270900607 351299.59850630164 281811.19842767715 200249.84149250388 7600574.9476813674 1325914.9505845606 760522.79597377777 1014473.8875538707 6374692.634763062 830833.57256558537 1143372.6863140762 1204449.8542976975 4766179.25725016 731762.38252651691 2830995.0111609399 122184.92766448855 9433035.091827631 783589.5893419981 45627.135157674551 224009.05586069822 975970.0979501307 827822.48929330707 1192718.5293910503 788337.86652520299 546991.58371174335 894252.42948722839 1024375.9603372514 452415.22342655063 804528.13568276167 613503.49004238844 762323.24756288528
leaf_count=609868 329227 168070 364685 2150254 1146112 464311 436484 2354914 1691289 1352702 1876656 2372079 582494 1991403 235530 3773802 142903 56184 126000 1096777 1984574 2563507 510584 608453 568932 1246026 448896 955642 928439 1313363
internal_value=-0.000273798 0.0156463 -0.0682866 0.0257994 0.0139828 -0.0500869 -0.0190907 0.0390542 -0.0692134 -0.0336144 -0.0997551 0.0180318 -0.0257153 0.000953525 -0.0384281 0.0202736 0.0480043 -0.0875803 -0.0255604 -0.04629 -0.128683 -0.105481 -0.0165882 -0.0209722 -0.0118718 -0.0325906 -0.0263187 -0.0500433 -0.058973 -0.0905033
internal_weight=4.99388e+07 4.04666e+07 9.4722e+06 3.1314e+07 1.65551e+07 6.00133e+06 9.15263e+06 1.47589e+07 3.36249e+06 5.30716e+06 3.47087e+06 1.52292e+07 2.63885e+06 3.84547e+06 1.87832e+06 1.41992e+07 8.38416e+06 2.4428e+06 4.16379e+06 1.25778e+06 1.02807e+06 1.23835e+06 2.90601e+06 2.682e+06 2.13501e+06 1.75614e+06 1.34667e+06 1.76933e+06 1.41803e+06 1.59316e+06
internal_count=34450160 19858233 14591927 12549932 7901861 7746321 7308301 4648071 5217960 4880414 6845606 6755749 2528361 2427887 2064050 6145881 2293157 4496347 3527712 1264847 2349259 2619691 2262865 2136865 1528412 1828520 1017828 2213308 1884081 3004652
is_linear=0
shrinkage=0.1


Tree=13
num_leaves=31
num_cat=0
split_feature=4 3 2 9 9 7 10 7 11 8 11 11 8 11 7 3 10 10 2 10 6 8 11 10 10 11 10 9 8 11
split_gain=4.48959e+06 1.46934e+06 478305 374058 286723 220766 150502 147644 145846 123091 219420 110621 104747 113322 103178 102915 90080.3 81037.8 78370.4 75450.4 72495.7 71265.8 68734 66635.3 61016.4 56838.8 49787.6 49684.5 46719.3 46631.2
threshold=1.0000000180025095e-35 13.500000000000002 34.998832702636726 11.570000171661379 15.373739242553713 22.250313758850101 0.59868201182722736 24.081423759460453 -0.8611288361322974 19.211283683776859 0.16587474750015932 0.65720762023595369 32.687143325805671 -0.6652727025667432 19.130130767822269 36.500000000000007 0.94704596667653973 0.48314048284850658 162.00595855712893 -0.091260668982868151 30.49000453948975 20.790689468383793 0.67007489853957602 0.45273815774107123 -0.39036798905311365 0.79253265336324141 0.26037272046371446 18.740000724792484 28.862753868103031 -0.21022037796396451
decision_type=8 2 2 10 10 10 2 10 2 10 2 2 10 2 8 2 2 2 2 2 10 8 2 2 2 2 2 10 8 2
left_child=1 3 5 14 7 11 -7 15 18 -5 12 -2 16 26 -1 21 28 -12 -4 -6 -19 25 -23 -9 -17 -3 -14 -21 -11 -10
right_child=2 4 8 9 19 6 -8 23 29 10 17 -13 13 -15 -16 24 -18 20 -20 27 -22 22 -24 -25 -26 -27 -28 -29 -30 -31
leaf_value=-0.036941651756605354 -0.00042648428844511787 -0.15207610014348183 0.039870257630923667 0.00666102060728952 -0.128896494873418 0.023988818386409198 -0.018974328063490982 0.0029170339263463849 0.030356766417165372 -0.051428356691687965 -0.081708838608356135 -0.040943468494627572 0.02600916998901398 -0.058005744258647046 0.0029193262862206621 -0.14431101110238351 0.043740788308191954 -0.023616709271505939 0.064815972668045382 -0.084598557164471899 -0.078344595720039031 -0.044065206055662338 -0.087034004782961791 -0.048619380740548224 -0.083482718849871435 0.018526289351439944 -0.02459009370089385 -0.13247513261483848 0.0039740583358160225 0.013643502589790857
leaf_weight=731461.20242324471 4288899.6592859626 21875.461403816938 6165426.2719182372 608345.13298839331 773244.38749322295 7735133.9655335546 911437.42995521426 426434.93137767911 6812976.5546049476 263651.44353094697 1241402.4429936111 799456.37569281459 252867.94460844994 1134182.3335864544 5786074.2600392103 194853.22461271286 353514.47653877735 654577.8794580698 1582676.4583437443 1515309.1338594556 384058.18088495731 856311.73549941182 658597.05011188984 609437.90811213851 1072946.9290134907 182042.03897371888 841906.91322678328 252939.72038856149 360094.72388926148 2211178.9095073938
leaf_count=684073 2693383 37976 1822689 433715 1931487 3196884 692041 289371 2256652 254378 1865716 828063 121933 1285825 3077053 483480 204882 653358 330901 2976280 520579 1126541 1152872 781207 2090482 159091 643290 599431 246028 1010499
internal_value=-0.000261782 -0.0381774 0.0235711 -0.0182078 -0.0765474 0.00973439 0.0194601 -0.0599345 0.0349022 -0.036017 -0.0407493 -0.0067923 -0.0238848 -0.035853 -0.00155426 -0.0712175 0.00341248 -0.0644644 0.0449658 -0.102841 -0.0438535 -0.055275 -0.0627456 -0.0274035 -0.0928317 0.000224741 -0.0129028 -0.0914471 -0.019444 0.0262615
internal_weight=4.96833e+07 1.91761e+07 3.05072e+07 1.26121e+07 6.56399e+06 1.37349e+07 8.64657e+06 4.0225e+06 1.67723e+07 6.0946e+06 5.48626e+06 5.08836e+06 3.20622e+06 2.22896e+06 6.51754e+06 2.98663e+06 977261 2.28004e+06 7.7481e+06 2.54149e+06 1.03864e+06 1.71883e+06 1.51491e+06 1.03587e+06 1.2678e+06 203918 1.09477e+06 1.76825e+06 623746 9.02416e+06
internal_count=34450160 21619048 12831112 9990830 11628218 7410371 3888925 6121020 5420741 6229704 5795989 3521446 2756336 2051048 3761126 5050442 705288 3039653 2153590 5507198 1173937 2476480 2279413 1070578 2573962 197067 765223 3575711 500406 3267151
is_linear=0
shrinkage=0.1


Tree=14
num_leaves=31
num_cat=0
split_feature=2 3 11 11 9 4 9 7 2 8 11 9 8 10 8 3 3 9 10 8 3 9 8 11 7 8 3 5 8 10
split_gain=3.72581e+06 1.04951e+06 387837 339218 252508 235715 153447 110273 108360 79368.9 118430 82380 77318 76773.7 69742.3 68607.4 66238.6 64462 62779.5 61626.5 56808.4 55152.3 53503.6 69620.2 48106.5 50205 46020.3 44852.3 44001.9 73653.2
threshold=7.1278321743011483 17.500000000000004 -0.21022037796396451 0.14888728888808328 14.647208213806154 5.6823246479034433 14.179965019226076 24.081423759460453 115.63498306274415 19.211283683776859 0.95936279103287792 12.200784683227541 28.318849563598636 -0.108376950152639 29.084286689758304 1.5000000000000002 56.500000000000007 12.150000095367433 -0.86976336936302323 25.924284934997562 165.50000000000003 18.740000724792484 33.538572311401374 -0.6652727025667432 17.990000724792484 34.584287643432624 1.5000000000000002 0.12544821202754977 21.923569679260257 0.57077594689671507
decision_type=2 2 2 2 8 8 10 10 2 8 2 8 10 2 8 2 2 10 2 10 2 10 10 2 8 10 2 10 10 2
left_child=1 3 5 6 7 17 14 20 24 -5 11 18 -13 16 -1 -4 19 26 -11 -6 27 -15 -8 -24 -7 -26 -2 28 -3 -30
right_child=2 4 15 9 13 8 22 -9 -10 10 -12 12 -14 21 -16 -17 -18 -19 -20 -21 -22 -23 23 -25 25 -27 -28 -29 29 -31
leaf_value=-0.03405396147592351 0.023169013073891642 -0.023656560819551135 0.0055694388049340503 -0.010174368814904827 -0.03813117862506106 -0.023902563295629221 -0.0045100146820423303 -0.019443016513991274 0.051788714774092082 0.0072321493414311839 -0.095857231141289634 -0.031668628088061639 -0.070978284188304583 -0.074982748405203345 0.0016399372243579412 -0.017640758635647999 -0.16628062744434674 -0.0042345291682941285 -0.038360441284241431 -0.11558622089158346 -0.15237119125669615 -0.12765632471477961 -0.017521979505638604 -0.068168282445267417 0.03514183874858761 0.011823889635401147 0.0079082496772190005 -0.010421289696502004 -0.085325706884322394 -0.040103997332852914
leaf_weight=599034.76619252563 9297898.1369687319 238139.72043591738 4462608.2364831269 670620.86047807336 126492.70579576492 157630.10048818588 387042.80609759688 850616.7019726038 3569665.8415510654 483966.96639713645 446642.33003151417 898291.58859211206 1129509.6735565662 1822918.9642348588 6351154.7267441154 1782126.8910557032 202351.49587577581 1218283.6847294569 803321.41305711865 546652.73665365577 67593.21209692955 223111.88209199905 456851.35163202882 668696.72703418136 6646287.4451586604 1072323.8699526191 2509349.99178195 172546.50220355392 1045004.7265093327 549572.6561242044
leaf_count=483974 3386508 334673 2408321 573681 217288 91042 348114 857493 859931 337508 741557 1085846 1725550 3608652 3714412 1339218 622504 754723 844351 1381983 164859 562984 394794 940297 2117384 439614 1085749 209197 1987972 829981
internal_value=-0.000249158 -0.0353887 0.0211897 -0.0194561 -0.070539 0.0268661 -0.00771832 -0.0497611 0.0373358 -0.0418674 -0.0475174 -0.0410046 -0.0535646 -0.0913307 -0.00143651 -0.0010543 -0.116112 0.017666 -0.0212195 -0.101031 -0.0622025 -0.0807266 -0.0365825 -0.0476113 0.0307855 0.0319023 0.0199257 -0.0591631 -0.063752 -0.06974
internal_weight=4.94563e+07 1.87401e+07 3.07162e+07 1.28951e+07 5.845e+06 2.44714e+07 8.46278e+06 2.92347e+06 1.14459e+07 4.43235e+06 3.76173e+06 3.31509e+06 2.0278e+06 2.92153e+06 6.95019e+06 6.24474e+06 875497 1.30255e+07 1.28729e+06 673145 2.07286e+06 2.04603e+06 1.51259e+06 1.12555e+06 7.87624e+06 7.71861e+06 1.18072e+07 2.00526e+06 1.83272e+06 1.59458e+06
internal_count=34450160 21967670 12482490 11190084 10777586 8734951 5881591 4384175 3507971 5308493 4734812 3993255 2811396 6393411 4198386 3747539 2221775 5226980 1181859 1599271 3526682 4171636 1683205 1335091 2648040 2556998 4472257 3361823 3152626 2817953
is_linear=0
shrinkage=0.1


Tree=15
num_leaves=31
num_cat=0
split_feature=4 3 2 9 9 7 10 3 11 9 11 2 10 10 11 10 7 11 10 3 7 10 7 8 11 3 11 11 8 11
split_gain=3.05906e+06 1.02284e+06 329591 250218 239904 204981 134238 134108 115305 98111.3 91888.7 84707.7 83826.7 77437.3 76190.3 74544.2 74519.5 88101 69598 85113.4 68335.5 66618 61762.9 76530.3 63291.3 54772.3 49373.2 47801.7 46818.1 61671.3
threshold=1.0000000180025095e-35 12.500000000000002 53.00001525878907 11.410000324249269 16.054862022399906 22.300631523132328 0.58481550752069722 38.500000000000007 -0.80417042486635371 16.508025169372562 0.65720762023595369 298.86936950683599 -0.099819732675876835 -0.091260668982868151 -0.19337245081799007 -0.05695216311707673 2.7907195091247563 0.87709077819680659 0.26037272046371446 126.50000000000001 18.95037937164307 -0.90893996196865023 23.24013710021973 21.214999198913578 0.79253265336324141 279.50000000000006 0.67007489853957602 0.96849880583763492 33.122783660888679 -0.35042475891464198
decision_type=8 2 2 10 10 8 2 2 2 10 2 2 2 2 2 2 10 2 2 2 8 2 8 8 2 2 2 2 8 2
left_child=1 3 5 20 7 10 25 22 -9 12 -2 21 14 -6 -5 -15 -14 28 -10 -20 -1 -4 23 24 -3 -7 -25 -16 -18 -30
right_child=2 4 11 9 13 6 -8 8 18 -11 -12 -13 16 15 27 -17 17 -19 19 -21 -22 -23 -24 26 -26 -27 -28 -29 29 -31
leaf_value=-0.03215804271793956 0.00069024248784208247 -0.13289405061307222 0.011319091601248265 0.0041337675083961472 -0.12530508223187017 0.022094886990799954 -0.014883437884729076 -0.0093918420120979 -0.10887113285969917 -0.063607448834794453 -0.034594284892947282 0.064807040556610046 0.03508828320872847 0.0420355299901818 -0.049555433439939234 -0.085103279728135861 -0.0026756866607465799 -0.07471485052778741 -0.050350742565774702 -0.12039556664047175 0.0029003320645561996 0.032712729009302804 -0.015837592485796661 -0.039856841477746874 0.019991858686291566 -0.19298836448876036 -0.073680202161453726 -0.13390399688853616 -0.016803210948976927 -0.062483068693920465
leaf_weight=617356.59890007973 5208658.7999258637 30599.378027707338 1695493.5068662167 270885.74411913753 542992.56283357739 10489763.04201901 1098798.2485079169 251890.25299584866 607085.58615288138 727951.16362893581 859911.91996705532 728446.53778409958 261672.24139112234 47795.262299358845 1206038.3413265049 1313094.5683221519 1497201.1364563406 273623.41013586521 778410.24049735069 223227.64884775877 5592798.9851599336 10284452.894384503 882732.76003813744 950899.63592419028 235260.52055901289 11853.263751327991 790232.09050270915 71151.249921470881 1343407.9705455005 378913.46479910612
leaf_count=579199 3080535 56216 688512 170658 1523597 4142588 790793 209920 1514792 1027843 867519 146774 149699 54345 1497973 2851518 1220548 410848 1388894 527390 2947520 3086319 836679 1369375 211964 28072 1462479 124368 1022897 460326
internal_value=-0.000235297 -0.0318283 0.019416 -0.0146741 -0.0633847 0.0105822 0.0183725 -0.0513641 -0.0723035 -0.0291823 -0.00430955 0.0316981 -0.0244566 -0.0933772 -0.0440375 -0.0806381 -0.0163836 -0.0202394 -0.0821541 -0.0659611 -0.000584849 0.0296849 -0.0378818 -0.0475774 0.00239532 0.0218521 -0.055208 -0.0542544 -0.0156095 -0.0268529
internal_weight=4.92726e+07 1.88952e+07 3.03774e+07 1.2241e+07 6.65422e+06 1.7669e+07 1.16004e+07 4.75034e+06 1.86061e+06 6.03084e+06 6.06857e+06 1.27084e+07 5.30289e+06 1.90388e+06 1.54808e+06 1.36089e+06 3.75482e+06 3.49315e+06 1.60872e+06 1.00164e+06 6.21016e+06 1.19799e+07 2.88972e+06 2.00699e+06 265860 1.05016e+07 1.74113e+06 1.27719e+06 3.21952e+06 1.72232e+06
internal_count=34450160 21619048 12831112 9611879 12007169 8909507 4961453 7577709 3640996 6085160 3948054 3921605 5057317 4429460 1792999 2905863 3264318 3114619 3431076 1916284 3526719 3774831 3936713 3100034 268180 4170660 2831854 1622341 2703771 1483223
is_linear=0
shrinkage=0.1


Tree=16
num_leaves=31
num_cat=0
split_feature=2 3 9 4 7 7 11 11 10 8 10 8 9 3 8 10 7 10 8 2 11 8 11 11 11 3 11 11 7 11
split_gain=2.5337e+06 734571 304569 270640 184027 160936 128754 117558 98724.5 80073.8 80304.8 79603.1 79154.9 74412.2 68079.4 59730.7 64953.7 53901.5 56629.5 50711.9 50620.2 49250.3 65795.4 48406.8 48257.2 62517.3 47733.6 47234.3 46890 46186.1
threshold=7.1278321743011483 25.500000000000004 13.789999485015871 2.6606502532958989 18.95037937164307 21.000008583068851 -0.8611288361322974 0.14888728888808328 -0.46801505794253101 23.542143821716312 0.55656748448714433 15.10928535461426 17.210001945495609 125.50000000000001 31.940001487731937 0.95998215779580554 7.9205369949340829 0.77788564761185042 32.73481750488282 75.720771789550795 -0.039769286347669845 19.805377960205082 0.95436825032516992 0.42763731121559989 -0.8142754349318998 137.50000000000003 0.18281312110578132 -0.97507822412530132 22.550026893615726 0.80798785254895478
decision_type=2 2 10 8 10 10 2 2 2 8 2 8 10 2 10 2 10 2 10 2 2 10 2 2 2 2 2 2 10 2
left_child=1 2 4 7 15 9 14 -2 20 -3 -11 -9 21 23 -5 16 -1 -6 26 -8 -4 -10 27 -12 -7 -26 -19 -23 -13 -18
right_child=3 5 8 6 17 24 19 11 12 10 13 28 -14 -15 -16 -17 29 18 -20 -21 -22 22 -24 -25 25 -27 -28 -29 -30 -31
leaf_value=-0.012962416747274129 0.01070125938258004 -0.037053583590384818 0.0075113950009300066 0.043282659138354579 0.0016834920068633269 -0.0060246592571726321 0.012151771571716473 0.031033861632046106 0.015314587974021155 -0.099333799633902806 -0.082832375169861416 -0.030661381810630814 -0.068514200040836581 -0.11967617766337534 0.024507853180182178 0.020567480969766017 -0.03727393700803442 0.055480369277325116 -0.03834728617578171 0.027148653430136852 -0.081147083169541764 0.053813226996687336 -0.088189626642708976 -0.030616645425053702 -0.037083634899216109 -0.10413184547322217 -0.055494775913411731 -0.029171008981083497 0.013859986677126141 -0.074604410855116474
leaf_weight=732481.86575803161 11094739.097578108 395223.28141397238 70796.546986281872 4431372.3968948722 6709804.4199421406 364535.27594357729 5955528.6772156656 315292.97419929504 249706.21794605255 1576595.2055215538 274746.93593293428 1477093.7336043715 550589.22055566311 184913.86529672146 3423435.6845960617 192684.2470510602 1037917.3880844116 134704.2400123477 676737.93553414941 3628616.7230439186 712730.01196369529 70642.608449906111 187826.64480495453 501825.4880630374 803142.48996779323 168190.50927661359 54416.430914670229 2361641.2931557596 281671.29384279251 486898.88768979907
leaf_count=652886 4838317 731121 63274 1177719 4073983 284281 2604364 169395 195241 4003615 608201 1265954 941912 489055 1122076 129744 1151284 60673 628239 1162581 1351630 35141 374587 904018 1293248 393944 60027 2775121 142084 766445
internal_value=-0.000221772 -0.0294399 -0.018525 0.0174371 -0.00905132 -0.0658205 0.0256085 0.00661614 -0.0411181 -0.0789231 -0.0854429 -0.0152363 -0.0337835 -0.0626654 0.0350999 -0.0328752 -0.0374371 -0.00134662 -0.0248279 0.0178297 -0.0731362 -0.0271203 -0.0311645 -0.0490903 -0.0370498 -0.0486933 0.0235491 -0.0267608 -0.0235312 -0.0491942
internal_weight=4.91065e+07 1.84988e+07 1.42296e+07 3.06078e+07 1.00256e+07 4.26917e+06 1.7439e+07 1.31688e+07 4.20393e+06 2.9333e+06 2.53808e+06 2.07406e+06 3.42041e+06 961486 7.85481e+06 2.44998e+06 2.2573e+06 7.57566e+06 865859 9.58415e+06 783527 2.86982e+06 2.62011e+06 776572 1.33587e+06 971333 189121 2.43228e+06 1.75877e+06 1.52482e+06
internal_count=34450160 21967670 13260187 12482490 7523281 8707483 6066740 6415750 5736906 6736010 6004889 1577433 4322002 2001274 2299795 2700359 2570615 4822922 748939 3766945 1414904 3380090 3184849 1512219 1971473 1687192 120700 2810262 1408038 1917729
is_linear=0
shrinkage=0.1


Tree=17
num_leaves=31
num_cat=0
split_feature=5 3 2 9 9 7 10 3 11 11 11 10 10 7 10 3 10 2 11 8 11 3 8 8 11 7 8 10 11 8
split_gain=2.08958e+06 704560 227899 191227 178397 170032 108311 104532 101538 86790.6 71806.6 68348.4 65541.4 64993.3 58980.5 69309.1 58451.3 52441.4 50052.1 53826.2 48823.6 46232.9 44709.8 58689 47709.9 43603.8 42381.5 52095.4 49084.4 44537.6
threshold=1.0000000180025095e-35 12.500000000000002 75.720771789550795 16.150000572204593 14.730000019073488 22.250313758850101 0.54219432480460406 38.500000000000007 0.88117331841669433 -0.80417042486635371 0.65720762023595369 -0.091260668982868151 -0.05695216311707673 4.1574494838714608 0.26037272046371446 135.50000000000003 -0.90893996196865023 298.86936950683599 -0.17646730165275518 19.211283683776859 0.84199059757024453 320.50000000000006 34.947141647338874 28.918571472167972 -0.96687281075841669 8.1402940750122088 28.569790840148929 0.48314048284850658 0.16587474750015932 33.924226760864265
decision_type=8 2 2 10 10 8 2 2 2 2 2 2 2 8 2 2 2 2 2 8 2 2 10 8 2 10 10 2 2 10
left_child=1 4 5 7 8 10 21 -3 18 -9 -2 -5 -13 -10 -11 -16 -4 -18 22 20 -20 -7 23 -1 -24 -12 27 -6 29 -28
right_child=2 3 16 11 26 6 -8 9 13 14 25 12 -14 -15 15 -17 17 -19 19 -21 -22 -23 24 -25 -26 -27 28 -29 -30 -31
leaf_value=-0.026712529935556568 0.0014516130506555367 -0.03085213037735883 0.0081964444296392918 -0.11326973983884046 -0.051854066057395842 0.01949427909871386 -0.010461247434131947 -0.0068367401841750667 0.00024372500060679381 -0.094963487721989981 0.00031875514866062563 0.047407999856334718 -0.073567710330729355 -0.062365884606070426 -0.042881690053259869 -0.11174397951774127 0.029975431471350053 0.059088657268436706 0.002599859251787249 -0.017756767383567521 0.089399575639630968 -0.1992741430971306 0.0140424431259904 0.01244165218691147 -0.019809239766636025 -0.045229549422534779 0.0041492375727655425 -0.0015378755033227684 -0.079990438872667463 -0.049967676854613084
leaf_weight=431467.63425648212 5973439.0132745206 2900585.3412601799 1133034.2572904229 485155.96084581316 344689.18997773528 13106235.715199172 1345279.9327638745 252489.38038861752 245372.55240297318 591873.27459676564 329751.98882654309 46491.973558843136 1218789.8268659711 511272.98453056812 821672.48856839538 177783.92791005969 7130137.1883352995 677510.05063825846 273252.27705663443 3102001.1191573441 84948.43651714921 9667.2215523868799 579997.72568053007 3395709.6429049373 1475498.2173976898 579585.13466286659 199184.15911689401 510566.26377564669 392398.4096006453 643015.7849303484
leaf_count=301354 3374855 4013350 450558 1462473 510053 4993940 914367 210834 192947 1556593 251486 52276 2744437 705657 1507252 459954 2039512 131583 179371 2712041 33644 26567 272977 1588549 1024457 648244 168681 454519 667012 800617
internal_value=-0.000207124 -0.0265063 0.0160183 -0.0531092 -0.0123316 0.0104038 0.0165614 -0.0426867 -0.00682846 -0.061304 -0.00253359 -0.0813585 -0.0691225 -0.0420622 -0.0699461 -0.055131 0.0294216 0.0325017 -0.00397501 -0.0135185 0.0231847 0.019333 0.0016385 0.00802749 -0.0102573 -0.0287124 -0.0389264 -0.0218166 -0.050779 -0.0371688
internal_weight=4.89689e+07 1.86842e+07 3.02846e+07 6.49484e+06 1.21894e+07 2.1344e+07 1.44612e+07 4.7444e+06 1.00995e+07 1.84382e+06 6.88278e+06 1.75044e+06 1.26528e+06 756646 1.59133e+06 999456 8.94068e+06 7.80765e+06 9.34288e+06 3.4602e+06 358201 1.31159e+07 5.88267e+06 3.82718e+06 2.0555e+06 909337 2.08985e+06 855255 1.2346e+06 842200
internal_count=34450160 21619048 12831112 12007169 9611879 10209459 5934874 7747983 7010997 3734633 4274585 4259186 2796713 898604 3523799 1967206 2621653 2171095 6112393 2925056 213015 5020507 3187337 1889903 1297434 899730 2600882 964572 1636310 969298
is_linear=0
shrinkage=0.1


Tree=18
num_leaves=31
num_cat=0
split_feature=2 3 11 11 10 9 8 11 11 4 10 7 8 8 11 6 8 6 8 11 8 3 9 7 11 7 7 7 11 10
split_gain=1.71955e+06 532196 255436 187427 156532 115995 92961.7 91794.9 89062.2 83146.9 82416.7 96403.6 90766.4 77663 117453 94317.3 60900.4 55089.2 53920.2 60572.4 53337.8 53331.4 51434.2 48699.7 46073.2 44010.2 42804.5 41366.2 57451 45360.7
threshold=7.7000012397766122 36.500000000000007 0.029024409397335523 -0.77243990499604276 -0.39036798905311365 17.08029937744141 35.107219696044929 0.063390085881955341 -0.79382744783423187 10.327429294586183 0.40614137006726808 24.218340873718265 33.924226760864265 19.805377960205082 0.67007489853957602 35.430002212524421 32.413030624389656 25.346751213073734 15.10928535461426 0.86439018870140905 23.785716056823734 137.50000000000003 14.647208213806154 16.200611114501957 0.94636490295939868 17.310421943664554 18.654123306274418 22.790231704711918 0.21652257995689161 0.98667101781630195
decision_type=2 2 2 2 2 10 10 2 2 8 2 8 8 8 2 10 10 10 8 2 8 2 8 8 2 10 8 10 2 2
left_child=1 2 10 9 20 13 7 23 -6 26 11 25 17 -4 15 -15 -11 -12 -9 27 -3 22 24 -5 -10 -1 -2 29 -29 -20
right_child=3 4 5 6 8 -7 -8 18 21 16 12 -13 -14 14 -16 -17 -18 -19 19 -21 -22 -23 -24 -25 -26 -27 -28 28 -30 -31
leaf_value=-0.055319893691168923 -0.025692910239122568 -0.019580416650195057 2.4096730617497554e-05 -0.019370546757554091 -0.0045650739831095523 -0.074784392956221621 -0.028942405756835356 0.026461272642829315 -0.022011195454608681 0.03980789225655032 -0.06126206876462599 0.014566394036702308 -0.026470630636461542 -0.014788990434554786 -0.050309513964281655 -0.078154101105804452 0.016225880615097062 0.020915381738182769 -0.014899924101100038 -0.051102208479538648 -0.13602625930993578 -0.10041990986049371 -0.068498296474724815 0.014545361055391457 -0.072054563745092906 -0.0080850877581916999 0.018118387099230641 -0.019593478689703046 0.043380433013857578 0.039791188217237261
leaf_weight=215910.29031533003 228440.40454381704 44582.197466269135 891596.73163980246 441258.86709654331 324844.52798274159 560587.85215055943 693655.43800151348 476081.95738554001 629968.43534383178 3660669.1826291084 91922.135086923838 2931500.2039290667 2646462.92336905 2946845.9728057683 2091451.9588710666 255251.39707200229 1562562.4033945203 724753.53939056396 2184854.3357215226 316958.10732102394 334256.13546156883 292000.90993119776 1174721.5042544901 10442752.084489346 259863.11143064499 2283028.2605059445 9375023.3784740567 241136.72546726465 362877.41837698221 162962.62430846691
leaf_count=239116 144609 90436 782644 283310 278009 1205755 488561 251845 1019411 924419 97770 1452551 2707676 3262125 3353207 440367 515300 482608 1529420 339839 1113368 784001 2866623 4103200 619337 1405523 3323654 130103 140662 74711
internal_value=-0.000192348 -0.0240157 -0.0165531 0.0145837 -0.0621531 -0.0312274 0.00682772 0.00852383 -0.0536521 0.022599 -0.00542275 0.00226478 -0.0174773 -0.0272796 -0.0318784 -0.0198401 0.0327532 0.0116658 -0.00498072 -0.00956008 -0.122323 -0.0604186 -0.0547611 0.0131703 -0.0366257 -0.0121662 0.0170762 -0.00509942 0.0182398 -0.0111038
internal_weight=4.88488e+07 1.86995e+07 1.56393e+07 3.01492e+07 3.06024e+06 6.74573e+06 1.53225e+07 1.46289e+07 2.6814e+06 1.48267e+07 8.89358e+06 5.43044e+06 3.46314e+06 6.18515e+06 5.29355e+06 3.2021e+06 5.22323e+06 816676 3.74487e+06 3.26879e+06 378838 2.35655e+06 2.06455e+06 1.0884e+07 889832 2.49894e+06 9.60346e+06 2.95183e+06 604014 2.34782e+06
internal_count=34450160 22200527 15429342 12249633 6771185 9044098 7341651 6853090 5567381 4907982 6385244 3097190 3288054 7838343 7055699 3702492 1439719 580378 2466580 2214735 1203804 5289372 4505371 4386510 1638748 1644639 3468263 1874896 270765 1604131
is_linear=0
shrinkage=0.1


Tree=19
num_leaves=31
num_cat=0
split_feature=4 3 9 7 10 8 4 11 11 10 11 2 8 10 8 11 8 10 8 3 8 7 11 10 8 11 6 9 11 3
split_gain=1.43502e+06 480239 226977 161481 119244 119223 108593 96641.5 82505.4 80076.2 67844.3 62414.9 59297.3 51711 56635.1 50856.1 50735.8 57773.2 48404.2 46690.9 45288.1 43885.3 43589.5 39296.5 40766.4 37918.6 70831.1 45718.9 37647.7 37986.3
threshold=1.0000000180025095e-35 36.500000000000007 13.740786075592043 19.130130767822269 -0.40614700388750385 22.794077873229984 7.4595210552215585 0.47369649395226454 0.76556758748011056 0.76140650896573492 -0.80417042486635371 169.65202331542972 17.882857322692875 -0.83377653105606597 30.694287300109867 -0.6652727025667432 29.288478851318363 -0.48314718476766422 23.785716056823734 109.50000000000001 34.947141647338874 6.880033254623414 0.18281312110578132 -0.97113884758256674 34.236398696899421 0.95436825032516992 29.130317687988285 17.210001945495609 0.11478523713130605 59.500000000000007
decision_type=8 2 10 8 2 10 10 2 2 2 2 2 8 2 8 2 10 2 8 2 10 10 2 2 10 2 10 8 2 2
left_child=1 2 7 9 18 -4 15 -1 13 21 -6 23 -9 14 -7 -5 17 -10 -3 25 -17 -2 -16 -8 -25 27 -27 -12 29 -20
right_child=3 4 5 6 10 8 11 12 16 -11 19 -13 -14 -15 22 20 -18 -19 28 -21 -22 -23 -24 24 -26 26 -28 -29 -30 -31
leaf_value=-0.0020018232741236615 0.0083865652559458118 -0.015483400125878106 0.0041842317525422673 0.015157492685005491 -0.004571227676574351 -0.015743089245463564 -0.0023443897673871088 0.004442677051039662 -0.15769562589058639 0.0098198209912714746 -0.030384330780473097 0.040042132869642373 -0.033972803627882901 -0.027660372051793794 -0.036514038483939727 0.0066114394301799509 -0.11190332165760071 -0.042735543449001948 0.055900054164913421 -0.084907833782810305 -0.020525779828706354 -0.030808843009193638 -0.10810787944276737 0.02481480416507173 0.0044532474326419973 -0.053848541628362778 -0.14387311260900124 -0.078190245038958703 -0.14267682819530356 -0.18398205559143865
leaf_weight=8369134.7964917123 360756.03400233388 41772.36967048049 745905.60354459286 9750523.201054424 264079.54041266441 186783.08565896749 722778.67579223216 520478.71775189042 48124.933415442705 1352148.9029756188 944715.85247683525 1883338.7946844697 1762354.1841951609 3008747.1094900221 130540.1774931699 5880949.274488762 205251.50195512176 477072.70324978232 19835.614767506719 505328.38131502271 686786.47314468026 1372275.4059184641 243992.17420220375 7058861.1198307127 1142425.254989922 418410.08654986322 110474.04665412009 253787.95843651891 262036.54042379558 9894.106268465519
leaf_count=5192710 248648 84528 728575 3741605 221447 242342 332436 402564 136079 823965 1789034 434319 2294622 3920691 197772 2782076 526918 872932 21371 1314948 579553 1189633 597911 2235366 463511 1009325 375328 675320 984834 29797
internal_value=-0.00017857 -0.0220888 -0.0152529 0.0132593 -0.0600041 -0.0327226 0.0157249 -0.00697649 -0.039124 -0.00841923 -0.052502 0.0234996 -0.0252142 -0.0328587 -0.0607227 0.0105758 -0.0697453 -0.0532696 -0.116163 -0.0581711 0.00377371 -0.0226497 -0.0831544 0.0200085 0.0219785 -0.0503496 -0.072653 -0.0405074 -0.130577 -0.0239332
internal_weight=4.87396e+07 1.85287e+07 1.56984e+07 3.02108e+07 2.83033e+06 5.04642e+06 2.71257e+07 1.0652e+07 4.30051e+06 3.08518e+06 2.4968e+06 1.08074e+07 2.28283e+06 3.57006e+06 561315 1.63183e+07 730449 525198 333539 2.23272e+06 6.56774e+06 1.73303e+06 374532 8.92407e+06 8.20129e+06 1.72739e+06 528884 1.1985e+06 291766 29729.7
internal_count=34450160 21619048 15113116 12831112 6505932 7223220 10568866 7889896 6494645 2262246 5385402 3465632 2697186 4958716 1038025 7103234 1535929 1009011 1120530 5163955 3361629 1438281 795683 3031313 2698877 3849007 1384653 2464354 1036002 51168
is_linear=0
shrinkage=0.1


Tree=20
num_leaves=31
num_cat=0
split_feature=3 9 2 7 9 11 10 7 8 3 8 11 10 6 10 11 4 10 7 11 3 2 9 11 10 11 8 7 3 7
split_gain=1.18994e+06 344482 200825 126561 108312 94817.2 79970.4 74722 69511.1 67043.5 67024.6 95962 55318.2 54186.8 52635.8 49758.4 48172.6 46060.2 45541 44582.2 44046 41286.2 40889.1 47928.6 38276 37315.6 35199.5 34823 34512.9 34497.5
threshold=2.5000000000000004 14.730000019073488 11.689495563507082 18.95037937164307 17.420001029968265 -0.90892157495189674 0.48314048284850658 8.1402940750122088 34.725713729858406 344.50000000000006 27.160102844238285 0.82777578779003613 -0.40614700388750385 28.210115432739261 -0.57078386445773377 0.063390085881955341 1.0000000180025095e-35 0.67802080537253961 16.200611114501957 -0.039769286347669845 109.50000000000001 260.54122924804693 10.980000019073488 -0.85225707553516283 0.12545942051955489 0.96407344085605606 15.10928535461426 12.766604423522951 55.500000000000007 22.790231704711918
decision_type=2 10 2 10 10 2 2 10 10 2 10 2 2 10 2 2 10 2 8 2 2 2 10 2 2 2 8 10 2 10
left_child=2 3 13 6 10 21 7 -2 15 16 28 14 -6 24 19 18 22 27 -7 -12 -8 -4 -5 -24 -1 -9 -17 -16 -3 -28
right_child=1 4 5 9 12 8 20 25 -10 -11 11 -13 -14 -15 17 26 -18 -19 -20 -21 -22 -23 23 -25 -26 -27 29 -29 -30 -31
leaf_value=-0.04066641440260102 -0.012919354845728027 -0.0073689068637813812 0.021408257982456384 -0.0020595497949287638 -0.12891683421456102 -0.020488883909182305 -0.0023305025393850782 -0.043285594031459027 -0.015782853132478385 -0.1977946195857242 0.059210462433990411 -0.095329381224043053 -0.063885732734891731 0.00018712774081818407 0.081566859688103746 0.028617814715161911 0.0083400865450266384 -0.039399712511388331 0.015490528281192212 -0.077219184361367876 -0.091770934022441894 0.04978394430077402 0.0045695655833737159 -0.0257582157508306 -0.007414558000368947 -0.07978242313368604 -0.011963204615505853 -0.011217675198244216 -0.054925955644372838 0.018020045671940047
leaf_weight=608212.33497551084 735795.45214569569 864636.33508917689 8485455.088619411 3093375.1479959786 151542.1336080879 361804.01956826448 1062026.6341090798 1277757.7427026182 956084.46383026242 18205.709890842438 25448.322290122509 339150.58457785845 955911.03814437985 5587091.8541177213 45516.18183337152 353666.35252732038 1869375.1012668014 1291639.2777087092 12721783.315232277 407399.27228948474 58071.007552430034 545735.47401857376 682024.46353393793 2208337.0629243702 803500.39552435279 358810.81997795403 1737192.916626066 363393.00311888754 185303.12984769046 492531.3177806735
leaf_count=594502 852807 1159737 2696467 1984586 541734 225994 1116074 2088336 528020 54480 19462 992730 2187510 3318410 45456 174193 1053440 2235254 4555620 1029918 151696 102009 405983 2617287 669857 828175 1129614 411096 464775 214938
internal_value=-0.000167014 -0.0225142 0.0107788 -0.0131464 -0.0455064 0.014875 -0.0289897 -0.0393874 0.0103939 -0.00611682 -0.0369304 -0.0459192 -0.0727845 -0.00423585 -0.0380643 0.0119914 -0.00567246 -0.0301397 0.0144956 -0.0691981 -0.00696751 0.0231229 -0.0100501 -0.0186019 -0.0217406 -0.0512874 -0.000691262 -0.000889715 -0.0157622 -0.0053401
internal_weight=4.86468e+07 1.59937e+07 3.26531e+07 1.13638e+07 4.62994e+06 2.56543e+07 3.49246e+06 2.37236e+06 1.66231e+07 7.87132e+06 3.52249e+06 2.47255e+06 1.10745e+06 6.9988e+06 2.1334e+06 1.5667e+07 7.85311e+06 1.70055e+06 1.30836e+07 432848 1.1201e+06 9.03119e+06 5.98374e+06 2.89036e+06 1.41171e+06 1.63657e+06 2.58339e+06 408909 1.04994e+06 2.22972e+06
internal_count=34450160 20240536 14209624 11152864 9087672 9626855 5037088 3769318 6828379 6115776 6358428 4733916 2729244 4582769 3741186 6300359 6061296 2691806 4781614 1049380 1267770 2798476 5007856 3023270 1264359 2916511 1518745 456552 1624512 1344552
is_linear=0
shrinkage=0.1


Tree=21
num_leaves=31
num_cat=0
split_feature=3 9 2 3 7 3 11 10 7 10 8 11 6 2 6 10 9 8 4 7 8 9 11 8 10 11 7 3 3 11
split_gain=967135 284041 163170 110252 99988.7 90281.7 78894.5 75966.9 66492.6 59277.2 48510.8 60512.7 47266.5 43647.6 43624.3 43491.9 51529.4 41215.8 40222.7 35888.7 37828.7 35538.3 46820.9 36426.3 34486.1 33525.8 33335.9 30203.9 29899.5 38700.6
threshold=2.5000000000000004 14.855237960815431 11.458796977996828 405.00000000000006 18.95037937164307 32.500000000000007 -0.77243990499604276 0.48314048284850658 7.9205369949340829 -0.108376950152639 28.255781173706058 0.04621408538533487 22.060064315795902 375.85374450683599 28.210115432739261 -0.048361574224334618 18.600001335144047 35.705837249755866 1.0000000180025095e-35 18.750151634216312 34.513084411621101 11.194006919860842 -0.091258822863740666 32.881446838378913 0.99552231814189451 0.9863035000474919 17.310421943664554 12.500000000000002 60.500000000000007 0.91159213926341531
decision_type=2 10 2 2 10 2 2 2 10 2 8 2 8 2 10 2 10 10 10 8 10 10 2 10 2 2 10 2 2 2
left_child=2 3 14 4 7 10 13 8 -2 12 -3 -12 -7 19 24 -11 -17 25 21 -4 -21 -6 23 -23 -1 -8 -10 -9 29 -14
right_child=1 5 6 -5 18 9 17 27 26 15 11 -13 28 -15 -16 16 -18 -19 -20 20 -22 22 -24 -25 -26 -27 -28 -29 -30 -31
leaf_value=-0.023218152108480092 -0.0103713127944117 -0.013195171094034614 -0.021865922876190769 -0.19567805202823713 -0.0022975141338248389 0.021854035499146846 0.0089136327837972696 0.0080377756395643048 -0.055756065338046328 0.023863493809069741 -0.022478406773132294 -0.058573111665599933 -0.11595003129281706 0.056256868978743602 4.826515606255856e-05 -0.0470054179322177 -0.11114516329136051 -0.029249639054697248 0.0074604719743415499 0.021041443755068907 0.0065220396018028457 0.042171713009552421 -0.034766249799244663 -0.011924948176416754 0.052128768942084971 -0.070364430758228444 -0.025304531674851145 -0.025121617583887337 -0.15260100251470732 -0.031230674661377252
leaf_weight=1327568.6073202789 732983.58227294683 967741.23196551204 223346.31456178427 32629.332751125097 3299892.5848492533 31190.037695035338 12148026.181843996 727009.77685955167 1173692.001773268 74004.548777759075 914771.84321148694 943562.44549456239 161888.84909053147 303185.20933413506 5506954.2273385525 967561.19510616362 143883.25937850773 295198.32557359338 1877255.9449013472 10544350.973528922 2162413.3027251363 134957.67940360308 1013766.3420487046 1602156.7850673944 63658.205359458923 53577.719193249941 518224.6260253191 441517.55991661549 100463.72541341186 80848.627987146378
leaf_count=1219873 833156 1334130 131508 118294 2149978 55944 5203342 587921 2294225 121749 1201576 1994589 642096 52614 3279309 2282759 470624 206000 1061956 3179055 847408 67823 1412029 1482786 31824 58691 754601 718876 438815 216609
internal_value=-0.000154258 -0.0203435 0.00970886 -0.012119 -0.0115992 -0.0420098 0.0133704 -0.0254364 -0.0355297 -0.0613215 -0.0313507 -0.0408054 -0.0960098 0.0187515 -0.00394879 -0.0503662 -0.0553087 0.00767225 -0.00532736 0.0178721 0.0185706 -0.00929479 -0.0176886 -0.00772214 -0.0197705 0.00856552 -0.0464289 -0.0044912 -0.106721 -0.0877325
internal_weight=4.85683e+07 1.594e+07 3.26283e+07 1.15541e+07 1.15215e+07 4.38592e+06 2.57301e+07 3.59343e+06 2.4249e+06 1.55984e+06 2.82608e+06 1.85833e+06 374391 1.32333e+07 6.89818e+06 1.18545e+06 1.11144e+06 1.24968e+07 7.92803e+06 1.29301e+07 1.27068e+07 6.05077e+06 2.75088e+06 1.73711e+06 1.39123e+06 1.22016e+07 1.69192e+06 1.16853e+06 343201 242737
internal_count=34450160 20240536 14209624 11481645 11363351 8758891 9678618 5188779 3881982 4228596 4530295 3196165 1353464 4210585 4531006 2875132 2753383 5468033 6174572 4157971 4026463 5112616 2962638 1550609 1251697 5262033 3048826 1306797 1297520 858705
is_linear=0
shrinkage=0.1


Tree=22
num_leaves=31
num_cat=0
split_feature=5 3 9 2 10 7 11 8 11 10 8 11 11 10 10 11 3 8 11 0 9 3 8 10 7 10 11 11 7 10
split_gain=795772 297482 132803 102702 95985.8 84600.4 68708.1 74605.3 66913.4 59570.1 45347.5 57011.3 84324.8 48163.5 44947 43881.3 41002.8 40806.8 35336.9 35141 33922.5 32059.2 31783.2 47400.4 45960.7 41309.6 39220.3 33332.7 31186.7 31034.4
threshold=1.0000000180025095e-35 36.500000000000007 15.373739242553713 84.560729980468764 -0.40614700388750385 22.650074005126957 0.14888728888808328 19.211283683776859 0.94636490295939868 0.57077594689671507 28.569790840148929 0.60383265664488517 0.57605713708605399 -0.83377653105606597 -0.73866753694953124 -0.80417042486635371 125.50000000000001 29.084286689758304 0.65720762023595369 10.417118549346926 9.6035952568054217 320.50000000000006 33.380012512207038 0.3261394409934788 16.302390098571781 0.92273069556937592 0.28313308994381592 -0.21862536810265826 16.200611114501957 -0.54939360607974019
decision_type=8 2 10 2 2 8 2 8 2 2 10 2 2 2 2 2 2 8 2 2 8 2 8 2 10 2 2 2 10 2
left_child=1 2 6 5 14 18 -1 29 20 21 -4 12 13 -12 17 -6 -17 -3 22 -5 -9 -7 23 28 27 -24 -26 -25 -2 -8
right_child=3 4 10 19 15 9 7 8 -10 -11 11 -13 -14 -15 -16 16 -18 -19 -20 -21 -22 -23 25 24 26 -27 -28 -29 -30 -31
leaf_value=-0.0017200481791951523 -0.045031858204450236 0.035903289560155663 -0.014159060976635041 0.011879795240973323 -0.0017217462912497844 0.013145661146061622 -0.093861463665523587 0.0093249227707218243 -0.057302960897673762 -0.01098622694145939 -0.090363727878804923 -0.086807600522118972 0.084288897654652681 -0.032305715585522844 -0.12995573114121978 -0.039091635450387498 -0.077056545244692937 -0.091248851478531734 -0.019845292871992954 0.025523479836756485 -0.02170864730908249 -0.19869728527713643 -0.0041646054651271547 -0.036998898863469375 0.029088429102948676 -0.059506297594706742 -0.034837263722377644 0.0076580758823584939 -0.0016940186501591186 0.011940990367165861
leaf_weight=8380984.7588232309 172976.15331284702 36936.692612484097 908882.57479156554 3259794.659496665 263088.8685798943 13001529.956215665 28612.008266061544 401637.19355133176 496259.72443665564 1121949.9656755328 162557.24211195111 242085.84385798872 57543.234696850181 1180852.3784474581 188600.36230027676 1840631.4906356037 336482.81528367102 79702.40130674839 942026.48447100818 4485205.1523382068 2863247.8040991873 7147.647332072258 461405.75633953512 229024.98753643036 1400996.061339274 190594.96680022776 103033.80288422108 618613.15553416312 4146190.0818012804 892970.48401609063
leaf_count=5316209 161911 64789 1289164 1030638 221447 4897525 38988 281072 892473 786196 451542 651367 57423 1782340 772913 4213426 950529 282828 925193 1215015 3685437 26044 295983 175712 580438 210285 97756 402535 2025881 667101
internal_value=-0.000142721 -0.016554 -0.0112169 0.00985476 -0.0469107 0.00642198 -0.00714096 -0.0168431 -0.0230911 0.0111225 -0.0320821 -0.0419967 -0.0342533 -0.0393309 -0.0997784 -0.0402977 -0.0449593 -0.0509829 -0.00161455 0.019781 -0.017891 0.0130293 0.000730692 0.00279034 0.0142142 -0.0203423 0.0247092 -0.00440788 -0.00342963 0.00865618
internal_weight=4.85016e+07 1.83611e+07 1.56156e+07 3.01405e+07 2.74544e+06 2.23955e+07 1.30637e+07 4.68273e+06 3.76114e+06 1.41306e+07 2.55192e+06 1.64304e+06 1.40095e+06 1.34341e+06 305239 2.4402e+06 2.17711e+06 116639 8.26486e+06 7.745e+06 3.26488e+06 1.30087e+07 7.32283e+06 6.67083e+06 2.35167e+06 652001 1.50403e+06 847638 4.31917e+06 921582
internal_count=34450160 21619048 15113116 12831112 6505932 10585459 10881280 5565071 4858982 5709765 4231836 2942672 2291305 2233882 1120530 5385402 5163955 347617 4875694 2245653 3966509 4923569 3950501 3444233 1256441 506268 678194 578247 2187792 706089
is_linear=0
shrinkage=0.1


Tree=23
num_leaves=31
num_cat=0
split_feature=3 9 3 10 2 11 11 7 9 11 10 8 10 6 3 10 8 11 6 11 4 7 7 10 10 8 8 10 10 2
split_gain=647713 206056 129249 114723 114051 62146.8 57020.5 60535.2 66477.1 59201.3 51619.4 46757.8 42381 40798.1 36560.8 35884.3 38616.5 32822.4 32371.8 32304.2 31993.8 30844.2 30374.8 29988.1 29296.9 42312.7 28912.9 28909.7 28887.8 28511.3
threshold=2.5000000000000004 17.210001945495609 54.500000000000007 -0.108376950152639 11.208228111267092 -0.90892157495189674 0.14888728888808328 7.9205369949340829 9.9153079986572283 0.76556758748011056 -0.091260668982868151 34.307142257690437 -0.05695216311707673 33.460073471069343 405.00000000000006 -0.54939360607974019 29.438961029052738 0.063390085881955341 25.346751213073734 0.48877522411129348 1.0000000180025095e-35 5.5702970027923593 16.200611114501957 -0.30983472475487867 0.42179998225932674 32.782857894897468 34.110002517700202 -0.95754239937548935 -0.46801505794253101 375.85374450683599
decision_type=2 10 2 2 2 2 2 8 8 2 2 10 2 10 2 2 10 2 8 2 10 8 8 2 2 10 10 2 2 2
left_child=4 2 6 -4 19 29 18 -8 -9 13 -3 17 -12 26 20 -11 28 22 -2 -1 -5 -19 27 -18 -24 -26 -10 -7 -17 -6
right_child=1 10 3 14 5 11 7 8 9 15 12 -13 -14 -15 -16 16 23 21 -20 -21 -22 -23 24 -25 25 -27 -28 -29 -30 -31
leaf_value=-0.00082950570248628292 -0.061527785578726915 -0.095880556041807813 -0.10846068700210482 -0.032188270506774468 0.01674661364891683 -0.11144944363426922 0.0032784833893461556 0.0096530348629550664 -0.010500768359331258 -0.094356030162120977 0.068686379434667266 -0.011317158577419165 -0.049241462382055061 -0.043060730264195754 -0.1673214986839473 -0.099151917928393632 -0.026997965119010654 0.022611556308889252 -0.0036520771862089637 -0.020768320685878541 0.024280717852980832 -0.0063308763008608493 0.0096197603363113466 -0.086762491837983041 0.028311487363519419 -0.014424907042104657 -0.13605493616712319 -0.0090559312515408937 -0.023024008576613048 0.052857595200402653
leaf_weight=5840396.7563796937 97920.112964615226 255987.61178430915 212506.7351128608 1288434.5672706068 8833036.2610031962 30029.958498418331 1088790.3534198105 543924.8628385514 1917656.6770125926 129775.85274399817 31484.324013918638 1241296.6004042327 950231.86712479591 528008.64944072068 19034.999879524112 53062.219174414873 128247.409002617 443971.16588786244 7414833.7891619653 943891.89515784383 108806.3988212049 2158002.4398059249 10496818.224921525 243114.07467290759 1771362.9895629287 266531.88484412432 18518.381481066346 337145.05442124605 822253.11308039725 224193.83976554871
leaf_count=3475972 119416 928806 752365 2619974 2784350 29392 1110649 466767 2619996 323851 33830 658027 2141233 913923 68693 141339 255007 229962 5524779 997888 124062 1308366 3748984 592393 607413 130255 45621 201119 1457832 37896
internal_value=-0.000131508 -0.0167107 -0.0133928 -0.0399465 0.00793383 0.0109674 -0.0100623 -0.0178257 -0.0230663 -0.0277002 -0.0558878 0.00735801 -0.0454594 -0.018421 -0.0296662 -0.0443121 -0.0391027 0.00885321 -0.00440642 -0.00360357 -0.0277909 -0.00139247 0.0109195 -0.0661232 0.0117499 0.0227221 -0.0117016 -0.0174303 -0.0276389 0.0176405
internal_weight=4.84393e+07 1.58526e+07 1.46149e+07 1.62878e+06 3.25867e+07 2.58024e+07 1.29861e+07 5.47335e+06 4.38456e+06 3.84064e+06 1.2377e+06 1.67452e+07 981716 2.46418e+06 1.41628e+06 1.37645e+06 1.24668e+06 1.55039e+07 7.51275e+06 6.78429e+06 1.39724e+06 2.60197e+06 1.29019e+07 371361 1.25347e+07 2.03789e+06 1.93618e+06 367175 875315 9.05723e+06
internal_count=34450160 20240536 17136667 3565094 14209624 9735764 13571573 7927378 6816729 6349962 3103869 6913518 2175063 3579540 2812729 2770422 2446571 6255491 5644195 4473860 2744036 1538328 4717163 847400 4486652 737668 2665617 230511 1599171 2822246
is_linear=0
shrinkage=0.1


Tree=24
num_leaves=31
num_cat=0
split_feature=4 9 9 2 3 7 8 11 3 10 11 8 10 10 11 10 10 10 10 11 11 10 3 10 8 10 3 8 10 10
split_gain=538266 204783 75750.3 71865.3 70798.6 63260.3 57807.4 95017.8 48535.7 47161.5 46267.5 43134.3 53329.5 36267 39180.6 36122.2 36759.8 53689.2 42293.9 35292.7 31129.5 30030.8 29756 29410.2 41905.4 29024.9 28079.7 27619.5 27526.6 30328.1
threshold=0.019774534739553932 14.730000019073488 18.275887489318851 84.560729980468764 9.5000000000000018 22.300631523132328 27.981488227844242 0.60383265664488517 405.00000000000006 0.79383249484937135 0.57605713708605399 29.632857322692875 0.55656748448714433 -0.83377653105606597 -0.039769286347669845 0.52766072109828632 -0.72696319516528884 -0.46801505794253101 -0.90163369914317015 -0.8611288361322974 0.87291090774974645 0.69056404122701587 320.50000000000006 -0.30163705152652742 31.540000915527347 0.26037272046371446 109.50000000000001 32.927022933959968 -0.40614700388750385 -0.35846811432664222
decision_type=8 10 10 2 2 8 10 2 2 2 2 8 2 2 2 2 2 2 2 2 2 2 2 2 10 2 2 8 2 2
left_child=1 4 6 5 20 -2 15 10 19 22 13 12 -9 14 -8 16 18 -18 -3 27 -1 -14 -7 -5 -25 -15 -21 -6 -4 -30
right_child=3 2 28 23 8 9 7 11 -10 -11 -12 -13 21 25 -16 -17 17 -19 -20 26 -22 -23 -24 24 -26 -27 -28 -29 29 -31
leaf_value=-0.00085910037377171043 -0.002438310903759218 -0.036246581834110267 -0.13196979635468009 0.011202965567894728 -0.059221028010918088 0.010202998979323112 0.060352725707496946 -0.065521922336201008 -0.19101733604663806 -0.019208147469969662 0.049397335762876061 -0.088800136995939249 0.082053816410934441 0.03853022079813731 -0.076254402417674241 0.0083683882699054964 -0.11474841471800024 -0.024096133970170047 0.065469156431932782 -0.018721385731469795 -0.023224829977431825 -0.057626535193223895 -0.19837441488636059 0.031228815399420934 0.006679912075314859 -0.025678040287194281 -0.055172266919950322 0.013117743336346285 0.074172271904274653 -0.063359421445333394
leaf_weight=8784628.2571354806 7161791.9465377629 75032.304314419627 57252.551526427269 4442319.8383103013 58806.61158362031 14405559.545122042 23128.42716653645 172448.59500873089 16153.076496556401 570632.78896436095 80236.857199698687 404197.6953882575 48275.147283822298 73329.804332613945 227656.03235770762 592363.97350379825 72556.383113190532 656206.08856150508 89808.607159659266 3415689.1834925115 669755.10427132249 22596.783535450697 6843.0000124424696 2266940.1322247386 1003014.9289095998 1763738.2979054302 225276.19436250627 515073.69775366783 16601.889181092381 468679.6107596457
leaf_count=5557203 4358343 118687 260592 1380511 69045 5603056 17077 517038 74466 446811 112693 1288644 48671 80066 615964 636107 204725 1299004 92594 5066033 781527 46143 29144 564628 293736 2814160 524172 313409 26716 1209195
internal_value=-0.000121235 -0.0135096 -0.0311796 0.00818767 -0.0072551 0.00529239 -0.0267386 -0.0351602 -0.0180068 0.00898761 -0.0251209 -0.0687749 -0.0355094 -0.0279847 -0.0636559 -0.0107813 -0.0234754 -0.0331216 0.0191702 -0.0173438 -0.0024435 0.0375182 0.010104 0.0165011 0.0236988 -0.0231151 -0.0209767 0.00570505 -0.0663912 -0.0586543
internal_weight=4.83866e+07 1.85295e+07 4.84411e+06 2.98571e+07 1.36854e+07 2.21448e+07 4.30157e+06 2.81561e+06 4.231e+06 1.4983e+07 2.16809e+06 647518 243321 2.08785e+06 250784 1.48597e+06 893603 728762 164841 4.21485e+06 9.45438e+06 70871.9 1.44124e+07 7.71227e+06 3.26996e+06 1.83707e+06 3.64097e+06 573880 542534 485281
internal_count=34450160 21773931 9388076 12676229 12385855 10437354 7891573 5540456 6047125 6079011 3639960 1900496 611852 3527267 633041 2351117 1715010 1503729 211281 5972659 6338730 94814 5632200 2238875 858364 2894226 5590205 382454 1496503 1235911
is_linear=0
shrinkage=0.1


Tree=25
num_leaves=31
num_cat=0
split_feature=9 7 9 10 4 10 3 3 11 8 11 8 11 8 10 11 11 8 11 10 11 10 10 10 10 11 9 10 8 10
split_gain=444788 149880 109747 100012 91980.4 69977.5 90179.1 55573.8 54462.1 57000.1 51120.3 55043.9 58959.3 49102.1 67626.1 67905.2 52516.2 46220.3 44396.9 58084.9 43596 43393.3 49235.9 42665.3 40617.7 59222.3 37237.8 36860.6 39755.2 35512.2
threshold=12.84999990463257 17.211653709411625 17.349999427795414 0.14250626876356556 3.3033888339996342 -0.11692013674435776 56.500000000000007 405.00000000000006 -0.19337245081799007 25.924284934997562 -0.97111920233974802 21.923569679260257 0.83258597624099873 31.13634014129639 0.9053161325100999 0.7254836971458194 -0.38243420677835349 30.314291954040531 0.96849880583763492 -0.46801505794253101 -0.21862536810265826 -0.73866753694953124 -0.90163369914317015 -0.091260668982868151 -0.29343379936893921 0.93158198870884079 10.642842292785646 -0.97113884758256674 34.655714035034187 -0.05695216311707673
decision_type=10 8 10 2 10 2 2 2 2 8 2 10 2 8 2 2 2 8 2 2 2 2 2 2 2 2 8 2 10 2
left_child=1 3 5 26 7 6 8 -3 -2 18 -7 -12 13 14 15 -13 -15 -14 19 21 -5 22 -10 -4 25 -11 -1 -6 -29 -25
right_child=2 4 23 20 27 10 -8 -9 9 24 11 12 17 16 -16 -17 -18 -19 -20 -21 -22 -23 -24 29 -26 -27 -28 28 -30 -31
leaf_value=-0.071100957041815113 0.031481502544814702 0.0021743390672218223 -0.0867426273922038 -0.049921939053657188 -0.0040468277781407821 0.03178979511300755 -0.11522978608812151 -0.1927987286757496 -0.056526615202021881 -0.042790186544027629 0.012762866190150102 -0.031740621351581809 -0.03170445757210482 -0.0077386576413236395 0.028403023699451625 0.027920658875272911 -0.0320899289874466 -0.10487633588810247 -0.081234442364303841 0.05591162631733132 0.0016204016958609872 -0.074921112978254337 0.052194692921011393 0.069700506881805291 -0.12408849697345162 0.054760103994893061 -0.029465265911044744 0.015423255657055358 -0.0023323159182299809 -0.041528364890920877
leaf_weight=331688.543420434 153184.60126373172 19527176.545886025 222011.24467483163 183185.3151716888 1270090.3555707037 280292.49918672442 119545.00126333535 14630.066052302718 68184.718087181449 1199611.4724100828 804053.82855665684 640790.11916129291 630160.87961949408 2163388.763008222 640984.71750241518 271647.1034078002 1499459.3270448744 100029.84808206558 61441.945908561349 166704.15370516479 1575403.9041050971 91999.216176316142 107049.1558752358 29619.999690800905 56912.521668478847 65639.353641748428 609600.97142113745 13131401.054252505 1394988.8314597905 928194.27678930759
leaf_count=441921 103330 10688528 850866 151298 583009 138291 508726 69602 104056 2453307 699195 778412 1338417 2068245 494726 334713 2449848 315752 124608 162913 1304135 170279 104796 31358 192638 93805 846624 4214917 570981 2060864
internal_value=-0.000111522 0.00488026 -0.0185447 -0.0178295 0.00661531 -0.0148324 -0.0308965 0.00202837 -0.0257808 -0.0306069 -0.0100565 -0.011794 -0.0151145 -0.011389 0.00350928 -0.0139785 -0.0177073 -0.0417284 -0.00167556 0.00958932 -0.00374856 -0.0193073 0.00989048 -0.047244 -0.0414467 -0.0377294 -0.0441367 0.0122898 0.0137182 -0.0380887
internal_weight=4.83391e+07 3.80382e+07 1.03009e+07 2.69988e+06 3.53383e+07 9.12108e+06 2.09027e+06 1.95418e+07 1.97073e+06 1.81754e+06 7.03081e+06 6.75051e+06 5.94646e+06 5.21627e+06 1.55342e+06 912437 3.66285e+06 730191 495379 433937 1.75859e+06 267233 175234 1.17983e+06 1.32216e+06 1.26525e+06 941290 1.57965e+07 1.45264e+07 957814
internal_count=34450160 18871015 15579145 2743978 16127037 12636057 4018458 10758130 3509732 3406402 8617599 8479308 7780113 6125944 1607851 1113125 4518093 1654169 666652 542044 1455433 379131 208852 2943088 2739750 2547112 1288545 5368907 4785898 2092222
is_linear=0
shrinkage=0.1


Tree=26
num_leaves=31
num_cat=0
split_feature=3 3 10 9 2 7 10 9 10 11 8 7 8 10 8 6 11 10 11 6 10 3 10 3 10 3 10 7 11 7
split_gain=369759 137708 85276.9 59579.7 56875.9 54989.6 42803.6 38676 36981.7 33598.1 52484.2 42465.7 33538.5 33332 53126.7 47226 32811.3 31433.3 30727.2 70291.5 42423.3 29610.1 29472.6 29377.7 30383.6 35821.8 33331.3 29229.2 58555.4 28390.3
threshold=1.5000000000000002 37.500000000000007 -0.42180583328916638 16.200165748596195 95.680320739746108 22.140053749084476 0.79904096188274243 19.040639877319339 -0.73866753694953124 0.28313308994381592 20.31369781494141 21.420004844665531 31.69715785980225 0.12545942051955489 32.881446838378913 25.490223884582523 0.95936279103287792 0.92602006027323147 0.94636490295939868 29.130317687988285 0.89404822654372251 405.00000000000006 -0.89406062840022227 98.500000000000014 -0.108376950152639 47.500000000000007 -0.022576249993022688 16.710239410400394 0.28313308994381592 23.657551765441898
decision_type=2 2 2 10 2 8 2 8 2 2 8 10 8 2 8 8 2 2 2 10 2 2 2 2 2 2 2 10 2 10
left_child=4 3 8 9 5 13 -7 18 12 -2 -11 16 22 15 27 -1 -12 -16 20 23 21 -4 -3 24 25 -20 -26 -15 -29 -6
right_child=1 2 7 -5 29 6 -8 -9 -10 10 11 -13 -14 14 17 -17 -18 -19 19 -21 -22 -23 -24 -25 26 -27 -28 28 -30 -31
leaf_value=-0.041370519709146035 -0.0022908638724176908 -0.15006657727330053 -0.0058431678574429021 -0.026111161693102916 0.020210888939557997 0.0088307720490617917 -0.019777283384483434 -0.076298720938408782 -0.11632645506860202 0.0078926353775711534 -0.018479583964189895 0.011327245173821046 -0.09844763343207856 -0.0005876544257296493 -0.0072521429235251136 -0.0053857002163874481 -0.048801033867266738 -0.063240830923224078 0.02756265077714647 -0.12284615165753623 -0.04074973494460802 -0.18404147097026319 0.04335156235818205 -0.093972770376152967 0.047079615392666779 -0.099339152268394904 -0.025275077576137384 0.024545826570096602 -0.051809663032601351 0.0067481461949978677
leaf_weight=411277.90789696574 10080952.059659928 9412.5160319209099 1310937.6651168019 1549350.341576457 4089976.9200305045 15134404.625008225 541722.49932840466 143268.13686157763 157303.09306420386 964709.44846197963 2634216.2310209572 420102.51811790466 52808.788148924708 1596548.1262431145 257396.76580277085 3220723.0788774192 412807.63998325169 164268.54958999157 31341.076117545366 93080.186097949743 523565.54117724299 9391.4627875238657 48328.43577940762 57571.59680621326 97687.079905927181 76634.067223906517 182822.5791593492 1367065.7033337057 108399.06229671836 2538670.4846135974
leaf_count=391083 6825466 38945 2325466 2888091 1150511 5773825 395978 474778 723816 809865 3792789 348879 215228 1128008 170778 1750687 820170 178177 60345 373283 1225899 38566 93215 182893 150790 290157 434899 543876 110542 743155
internal_value=-0.000102982 -0.0110354 -0.0315248 -0.00747107 0.00690148 0.00453123 0.00784216 -0.0258363 -0.0851766 -0.0054811 -0.0127378 -0.0184781 -0.040853 -0.00275263 0.00422084 -0.00946052 -0.0225875 -0.0290637 -0.0228025 -0.0438023 -0.0166623 -0.00711069 0.0118219 -0.0273079 -0.0174285 -0.0625044 -7.76612e-05 0.00878949 0.0189362 0.0150549
internal_weight=4.82867e+07 1.88563e+07 2.79415e+06 1.60621e+07 2.94305e+07 2.28018e+07 1.56761e+07 2.5263e+06 267853 1.45128e+07 4.43184e+06 3.46713e+06 110550 7.12568e+06 3.49368e+06 3.632e+06 3.04702e+06 421665 2.38303e+06 539137 1.84389e+06 1.32033e+06 57741 446056 388485 107975 280510 3.07201e+06 1.47546e+06 6.62865e+06
internal_count=34450160 22113540 6628280 15485260 12336620 10442954 6169803 5557076 1071204 12597169 5771703 4961838 347388 4273151 2131381 2141770 4612959 348955 5082298 1492367 3589931 2364032 132160 1119084 936191 350502 585689 1782426 654418 1893666
is_linear=0
shrinkage=0.1


Tree=27
num_leaves=31
num_cat=0
split_feature=4 3 10 9 4 11 7 7 10 10 11 9 10 10 10 10 8 10 10 8 7 6 10 11 9 2 10 6 11 10
split_gain=306131 129188 70061.1 67762 43960.4 43083.6 56941.9 40283.1 37728.8 37347.9 43903.3 36516.5 34076.9 34589 33553.3 32710.8 32342.5 54460.1 43974.2 58352.9 49579.8 45946.6 31006.5 29842 30761.2 29632.1 29562.7 45260.8 39839.9 28968.8
threshold=0.019774534739553932 54.500000000000007 -0.108376950152639 16.960001945495609 9.4237246513366717 0.14888728888808328 7.9205369949340829 23.24013710021973 0.52766072109828632 -0.03977009085991149 0.98174098242282837 18.600001335144047 0.81428061195174062 0.79904096188274243 -0.96689237009891416 0.66527693225344786 34.947141647338874 0.51297097409535064 0.73865729060996177 32.831430435180671 23.410081863403324 22.62085056304932 0.51297097409535064 0.95436825032516992 12.200784683227541 200.97452545166018 -0.46801505794253101 30.89033126831055 0.74298546529340237 0.79904096188274243
decision_type=8 2 2 10 10 2 8 8 2 2 2 10 2 2 2 2 10 2 2 8 8 8 2 2 8 2 2 10 2 2
left_child=1 3 -3 5 7 16 -7 -2 -5 -4 11 15 13 -10 -6 -11 18 -18 20 21 -1 -20 -9 24 -8 -16 28 -28 -26 -17
right_child=4 2 9 8 14 6 23 22 12 10 -12 -13 -14 -15 25 29 17 -19 19 -21 -22 -23 -24 -25 26 -27 27 -29 -30 -31
leaf_value=-0.011896302284314042 -0.0015006395596894519 -0.086270945084959763 0.036479333103310987 -0.057415374519086508 -0.0089429593730812728 0.0056911016846520005 -0.0031833020182052731 0.0091972474270186517 -0.0039054698532769955 -0.0048859829120357105 -0.086170331809412443 -0.091012486872724563 -0.032963068851875464 0.099691072606205022 0.011006355030885135 -0.077099911931450452 0.002651035004992891 -0.021642366105700892 -0.048187008523912389 -0.015414371175338252 0.0086623487235570652 0.04377608594563287 -0.0092295598612538911 -0.038715431331772257 -0.024742340905334895 0.02746988549882063 -0.00053414872594730641 -0.037546550012028085 -0.074532055171795453 -0.026419177518315524
leaf_weight=2214549.9190054089 8966650.7468506917 236931.47770836204 85113.696877092123 372741.26858492196 732060.79048530757 1357442.9525165558 1507864.4878568947 10040644.808738478 183989.28866127133 592608.93512327969 134286.90685759485 81770.974860236049 486416.15434417129 39073.420361503959 7804158.2301148474 142515.63220466673 1948727.1405575126 1752795.1061260104 58960.145769774914 303449.91539850831 2494250.6107293069 691571.49737332761 1004533.1630286425 583852.51083141565 888873.65407156944 1271336.2454135418 1050705.0347738862 481932.18441821635 196177.66606989503 540604.20384655893
leaf_count=1533787 5007491 979964 137200 1111546 335387 1285570 1485695 3725820 295056 1008200 440726 305070 949250 31650 2637394 383031 1175511 1971224 56813 270117 1156309 385085 694748 1198845 1609612 275389 1382572 847243 531926 1241929
internal_value=-9.49854e-05 -0.010228 -0.0355683 -0.0074614 0.00616683 -0.00577555 -0.0123539 0.0034789 -0.0316554 -0.0279501 -0.0316261 -0.0262305 -0.0181218 0.0142413 0.0116514 -0.0220782 -0.00155867 -0.00885271 0.00312641 0.0215902 -0.00100639 0.0365517 0.00752137 -0.0175552 -0.0145606 0.0133126 -0.0211142 -0.0121726 -0.0337443 -0.0369924
internal_weight=4.82466e+07 1.84272e+07 1.81383e+06 1.66134e+07 2.98194e+07 1.55312e+07 6.06685e+06 2.00118e+07 1.08222e+06 1.5769e+06 1.49179e+06 1.3575e+06 709479 223063 9.80756e+06 1.27573e+06 9.4643e+06 3.70152e+06 5.76278e+06 1.05398e+06 4.7088e+06 750532 1.10452e+07 4.70941e+06 4.12555e+06 9.07549e+06 2.61769e+06 1.53264e+06 1.08505e+06 683120
internal_count=34450160 21773931 4496120 17277811 12676229 14890309 8341463 9428059 2387502 3516156 3378956 2938230 1275956 326706 3248170 2633160 6548846 3146735 3402111 712015 2690096 441898 4420568 7055893 5857048 2912783 4371353 2229815 2141538 1624960
is_linear=0
shrinkage=0.1


Tree=28
num_leaves=31
num_cat=0
split_feature=2 3 10 7 10 11 9 8 10 10 8 10 8 10 7 10 11 11 3 7 11 10 10 10 3 7 3 10 10 11
split_gain=250954 95544.8 83182.1 59267.7 68370.7 44032.6 39559.9 38080.5 33193.9 32580.3 46178.7 45280.6 48049.5 42732.1 56755.9 39789.3 36923 34470.6 34197.8 33629 30316.9 32302 32372.6 30255.6 29230 26776.8 25446.4 24122.4 33744.3 32235.2
threshold=9.0299220085144061 56.500000000000007 -0.108376950152639 23.410081863403324 0.42179998225932674 -0.9292178835113839 17.420001029968265 34.725713729858406 0.90162119223771331 0.48314048284850658 33.328573226928718 -0.73866753694953124 18.616177558898929 0.97314989601849466 8.1402940750122088 0.93544191479114935 0.57605713708605399 -0.19337245081799007 31.500000000000004 20.920034408569339 0.86439018870140905 -0.97509794945709805 -0.99763297024448894 0.42179998225932674 29.500000000000004 18.082599639892582 84.500000000000014 0.82414472752956958 0.66527693225344786 0.83258597624099873
decision_type=2 2 2 10 2 2 10 10 2 2 8 2 10 2 8 2 2 2 2 8 2 2 2 2 2 10 2 2 2 2
left_child=1 3 26 6 -5 -2 9 20 27 11 13 16 -13 -11 -15 -12 17 -1 -19 -14 21 22 -7 -8 -18 -10 -3 28 29 -4
right_child=5 2 8 4 -6 7 23 -9 25 10 15 12 19 14 -16 -17 24 18 -20 -21 -22 -23 -24 -25 -26 -27 -28 -29 -30 -31
leaf_value=0.0089845663591309206 0.011689923800560033 -0.069591559354817409 0.0092447915806655647 0.0088755272904598413 -0.012834748968280947 0.011636474770528517 -0.06494504961723567 -0.01186547664168023 -0.11186300863620491 -0.0011919899700468524 0.0015621036652896777 0.0035641977449914933 -0.032706209267905788 -0.087817212128308564 0.040291049868278882 -0.037606808958399268 0.0094222283757749714 -0.013749160912427998 -0.091948709458414171 -0.0078776327807945877 -0.021069110144780665 0.0066901100662812105 -0.013681584353735735 -0.019956152805926126 0.075917321426986317 -0.037563882060602932 -0.15023011964551233 0.017561397729016014 -0.057953817960976761 -0.029522262100625758
leaf_weight=768871.47219121456 8747489.4603260159 170367.07440578938 384562.69583831728 4027303.3843249083 2267170.8219393045 731722.6561191678 219854.91471734643 1548721.9590526223 57328.083056986332 2072352.065225333 477860.07529896498 638917.05327361822 2243946.9254946709 37284.5061609447 477200.64529855549 567164.45338122547 285983.26365825534 1821929.9560914189 57693.82868334651 720736.2063754499 454380.02198135853 16003411.756421238 1630135.1520810127 467022.86797121167 85983.079504057765 315181.67581932247 50801.731635741889 192505.44713366032 199771.25792767107 484990.40565644205
leaf_count=464462 2806177 703566 468774 2038216 2222802 340652 759039 881899 207901 2239983 514850 599070 4001050 46411 330010 848645 359431 2087437 197256 447583 420814 6445366 847890 921875 124325 773109 237596 360265 524992 1228714
internal_value=-8.68085e-05 -0.00899655 -0.0305577 -0.00667559 0.00105583 0.00575577 -0.0111228 0.00320726 -0.0227688 -0.00956681 -0.001955 -0.0137402 -0.0213097 0.00521195 0.0310071 -0.019696 -0.00470945 -0.00885292 -0.0161494 -0.0266702 0.00444764 0.00507896 -0.00583784 -0.0343561 0.0247931 -0.0489983 -0.088114 -0.0150255 -0.020892 -0.0123774
internal_weight=4.82086e+07 1.90928e+07 1.85551e+06 1.72373e+07 6.29447e+06 2.91159e+07 1.09428e+07 2.03684e+07 1.63434e+06 1.02559e+07 3.63186e+06 6.62406e+06 3.6036e+06 2.58684e+06 514485 1.04502e+06 3.02046e+06 2.6485e+06 1.87962e+06 2.96468e+06 1.88196e+07 1.83653e+07 2.36186e+06 686878 371966 372510 221169 1.26183e+06 1.06932e+06 869553
internal_count=34450160 22707362 4504917 18202445 4261018 11742798 13941427 8936621 3563755 12260513 3979899 8280614 5047703 2616404 376421 1363495 3232911 2749155 2284693 4448633 8054722 7633908 1188542 1680914 483756 981010 941162 2582745 2222480 1697488
is_linear=0
shrinkage=0.1


Tree=29
num_leaves=31
num_cat=0
split_feature=4 3 10 9 3 7 10 11 7 10 11 9 10 1 9 8 11 10 11 10 3 7 10 8 10 10 8 8 7 11
split_gain=209454 85387.4 49683.2 46163.2 35340.4 34578.5 35380.6 32344.9 47927.9 31118.2 36074.4 30508.8 29907.1 27336.1 27330.9 30129.7 26705.8 27043.6 26607.1 29870.6 26556.8 26258.5 26132.7 25435.4 42280.5 37761.9 42698.2 40648.2 36615.5 27613.7
threshold=0.047191143035888679 54.500000000000007 -0.108376950152639 17.730000495910648 320.50000000000006 19.486653327941898 0.76140650896573492 0.14888728888808328 7.9205369949340829 -0.03977009085991149 0.98174098242282837 20.016410827636722 -0.40614700388750385 2.8001315593719487 9.9153079986572283 27.342857360839847 0.76556758748011056 -0.57078386445773377 0.93469109537144635 0.93544191479114935 61.500000000000007 6.880033254623414 0.89404822654372251 34.947141647338874 0.75014288946266361 0.62587949062545845 29.341427803039554 33.48430252075196 15.880630493164064 -0.17646730165275518
decision_type=8 2 2 10 2 8 2 2 8 2 2 10 2 8 8 10 2 2 2 2 2 10 2 10 2 2 8 8 8 2
left_child=1 3 20 7 5 6 21 23 -9 -4 11 22 -5 -7 15 -10 -16 -18 19 -14 -3 -2 -11 25 -25 26 -1 28 -27 -28
right_child=4 2 9 12 -6 13 -8 8 14 10 -12 -13 18 -15 16 -17 17 -19 -20 -21 -22 -23 -24 24 -26 27 29 -29 -30 -31
leaf_value=-0.024351765980522171 0.011313783206753081 -0.023229923968749004 0.036046996956124171 -0.092402331094381729 -0.19732208108146931 0.0032081735179101986 0.0075726383519570204 0.0055424724655681601 -0.051250866786374596 -0.01086707144165237 -0.075898631735991789 -0.15530717107898034 0.0034338249656223302 0.0096937687108106969 -0.012415451302462289 0.012406389958109276 -0.080271808428623831 -0.025364111806063246 -0.088125592471180569 -0.049577285502485635 -0.09593769011043668 -0.019379277832814207 -0.042096678087822935 -0.0010451352134324377 -0.023587754473739148 0.0023754193043119078 0.0062782860333449797 -0.01469076538800354 0.042148532724437561 -0.014217436909814505
leaf_weight=705256.3588398248 343075.04570889473 74263.280261464417 85514.553249195218 75544.41926266253 8611.2697079479694 12805772.865046576 1382894.4190503955 1424741.7438161224 85726.15584294498 973291.14540924132 131969.27803120017 16739.162784233689 279549.75629502535 13195482.082338989 2872193.8557341844 560441.69558592141 95795.143396809697 1410051.9315437973 59015.791238620877 171507.14749276638 155267.63550391048 1486229.871051237 369738.39977455139 2756697.6118060201 1191686.5422953069 368113.72857271135 3348552.3345391452 298794.54940102994 623539.75742903352 817915.40769913793
leaf_count=564110 234886 259394 137561 340477 43660 5673063 823113 1387934 118647 1898083 442063 82897 491505 4334557 4135412 412852 254785 2809166 193377 387328 722968 1214615 971136 1881287 1566323 301901 1591953 268073 312202 594832
internal_value=-7.95583e-05 -0.00826735 -0.0289444 -0.00608837 0.00523062 0.00529032 -0.00449799 -0.00511257 -0.0106464 -0.0226185 -0.0259815 -0.0211369 -0.0336811 0.00649957 -0.0152371 0.00396107 -0.0180706 -0.0288571 -0.0249842 -0.0167228 -0.0724136 -0.013623 -0.0194646 -0.00158289 -0.00784886 0.00243201 -0.00159691 0.0176421 0.0273843 0.00225479
internal_weight=4.8174e+07 1.89519e+07 1.80678e+06 1.71451e+07 2.92221e+07 2.92135e+07 3.2122e+06 1.65595e+07 6.44895e+06 1.57725e+06 1.49174e+06 1.35977e+06 585617 2.60013e+07 5.02421e+06 646168 4.37804e+06 1.50585e+06 510073 451057 229531 1.8293e+06 1.34303e+06 1.01106e+07 3.94838e+06 6.16217e+06 4.87172e+06 1.29045e+06 991653 4.16647e+06
internal_count=34450160 22126266 4514102 17612164 12323894 12280234 2272614 16199477 9118796 3531740 3394179 2952116 1412687 10007620 7730862 531499 7199363 3063951 1072210 878833 982362 1449501 2869219 7080681 3447610 3633071 2750895 882176 614103 2186785
is_linear=0
shrinkage=0.1


Tree=30
num_leaves=31
num_cat=0
split_feature=9 7 10 3 8 11 11 11 1 11 8 8 11 10 3 7 11 10 11 10 10 10 7 9 2 10 11 10 10 10
split_gain=170050 88076.4 65853.1 55835.9 48590.1 152981 49852.9 48447.2 44818.3 34904.7 33231.6 29927 42785.7 30044.7 29896.7 29870.7 28599.8 27786.7 26531 25957.2 25380.4 28154.5 25227.1 25182.7 24941.5 23981.2 22495.3 22506.4 97578.7 34234.7
threshold=13.872105598449709 18.750151634216312 0.48314048284850658 405.00000000000006 29.131464004516605 0.6174544326165855 0.57605713708605399 -0.96687281075841669 0.10636131092906 0.029024409397335523 16.131060600280765 33.810024261474616 0.3484035575467645 0.86548282553247169 64.500000000000014 15.770097732543947 0.59003219687534991 -0.98214942551678475 0.2499757677084001 -0.091260668982868151 -0.091260668982868151 -0.05695216311707673 12.890314579010012 18.079998970031742 375.85374450683599 -0.0053757284505435614 -0.7614016681079937 -0.46801505794253101 -0.72696319516528884 -0.90163369914317015
decision_type=10 8 2 2 8 2 2 2 8 2 8 10 2 2 2 10 2 2 2 2 2 2 8 10 2 2 2 2 2 2
left_child=1 2 10 8 14 6 7 -6 -3 -9 19 13 18 17 26 22 -8 -11 -13 -1 -16 -22 -12 -7 -10 -21 -2 28 29 -28
right_child=4 3 -4 -5 5 23 16 9 24 11 15 12 -14 -15 20 -17 -18 -19 -20 25 21 -23 -24 -25 -26 -27 27 -29 -30 -31
leaf_value=-0.041153684249005569 -0.070557019065003598 2.5805573784359819e-06 0.0029132878789009074 -0.19100358048926055 0.04267291068959625 -0.056894081719181137 0.088562376739534501 -0.010246943955792516 0.0067692874189818827 0.056921705219406961 -0.025545416298429314 -0.055073883260513545 -0.010547462972754551 0.00045422455134598436 -0.088636125768175991 -0.014490834903543533 0.00064733053693616361 -0.053877742424716379 -0.12388675520226972 0.079020066321437668 0.070279865106427114 -0.029617184477702164 -0.057263052811384968 -0.11379960866440481 0.033028543458589792 0.0060042467287711827 -0.021727185675839009 0.0058444014284875787 -0.090583276461672718 0.047888463115898255
leaf_weight=99899.118103072047 44135.665654569864 14446920.610354766 2240915.4195521176 14644.74227488786 140118.97595512867 578890.07926769555 73205.185024037957 2413336.2569754869 20827077.731672347 25062.568945154548 686573.79272724688 301294.73391358554 200877.97401840985 406595.90301465988 62900.944352269173 1263749.6165090129 74824.265714973211 233579.74000208825 68828.712458580732 52313.489272668958 31774.080983787775 251700.67911989987 395052.73384652287 89834.812680788338 368100.25302833319 320953.60330468416 139760.40560530871 2016610.0117882639 132365.78769209981 142834.5074012205
leaf_count=117532 49152 8808392 1694884 86486 68307 1768675 77941 3076824 7580515 23485 1073788 707510 462844 625324 305315 1450626 151126 570140 226711 30106 34403 668019 687632 412743 72282 254812 201946 2600358 403099 159183
internal_value=-7.29952e-05 0.00246553 -0.00988157 0.0042175 -0.0139868 -0.0203171 -0.0128071 -0.0150309 0.00429771 -0.0172464 -0.0200543 -0.0309104 -0.0477042 -0.0164955 -0.00365393 -0.0249314 0.0441241 -0.0431412 -0.0678704 0.0041205 -0.031171 -0.0184199 -0.03713 -0.0645386 0.00722534 0.0162374 0.000195983 0.00148023 -0.0197286 0.0134593
internal_weight=4.81447e+07 4.07162e+07 5.05946e+06 3.56567e+07 7.42853e+06 4.60645e+06 3.93772e+06 3.78969e+06 3.56421e+07 3.64958e+06 2.81854e+06 1.23624e+06 571001 665238 2.82208e+06 2.34538e+06 148029 258642 370123 473166 346376 283475 1.08163e+06 668725 2.11952e+07 373267 2.47571e+06 2.43157e+06 414961 282595
internal_count=34450160 21857055 5309380 16547675 12593105 8171630 5990212 5761145 16461189 5692838 3614496 2616014 1397065 1218949 4421475 3212046 229067 593625 934221 402450 1007737 702422 1761420 2181418 7652797 284918 3413738 3364586 764228 361129
is_linear=0
shrinkage=0.1


Tree=31
num_leaves=31
num_cat=0
split_feature=4 9 11 10 7 3 10 6 11 7 11 10 9 11 8 11 6 8 10 6 3 10 11 7 3 7 7 3 10 10
split_gain=144248 67388.2 42012.6 63858.3 50056.6 40484.5 33864.2 36231.1 35236.9 33159.5 29201.7 25534.7 23479.7 43279 33752.4 29222.9 28806.9 26207.3 61455.4 35219.2 30601.8 27791.4 27286.5 25509.4 26374.7 23847.5 23219.7 23163.8 22926.1 34804.6
threshold=0.58089429140090953 16.960001945495609 0.96407344085605606 -0.159513159777915 3.543819904327393 405.00000000000006 -0.03977009085991149 29.081247329711918 0.98174098242282837 12.640486240386965 -0.8611288361322974 -0.12546116083924153 9.6035952568054217 -0.97507822412530132 31.094925880432132 0.91159213926341531 31.246928215026859 33.277143478393562 0.96234642434711437 20.991237640380863 122.50000000000001 0.48314048284850658 0.74298546529340237 13.533187389373781 75.500000000000014 20.060028076171879 15.322363376617433 5.5000000000000009 0.55656748448714433 0.89787622492179153
decision_type=8 10 2 2 8 2 2 10 2 10 2 2 8 2 10 2 8 8 2 8 2 2 2 10 2 10 8 2 2 2
left_child=1 2 5 -4 11 12 -6 8 9 -8 -2 -5 14 16 15 -1 -14 18 20 -20 21 -15 25 -24 -25 -23 27 -10 -3 -30
right_child=10 28 3 4 6 -7 7 -9 26 -11 -12 -13 13 17 -16 -17 -18 -19 19 -21 -22 22 23 24 -26 -27 -28 -29 29 -31
leaf_value=-0.0097476481037494945 0.0092700194546416672 -0.042344048188522554 -0.081340732493233314 -0.16609629454486427 0.0054974879283193135 -0.18226533857789162 0.034664193286743319 -0.093905699827002129 -0.11194142080315178 -0.15538407966510226 0.0023144925883733167 0.031632401030966574 -0.042231527365945369 -0.010318271713274749 0.0076311514482408464 0.045672514066507713 0.01811658451305578 -0.011992409384355952 -0.055260918206063173 0.030277711328934018 -0.073674359730740116 -0.008483126979754339 0.033615003246041067 -0.032222351539136038 0.050518153341845819 0.022501903861559428 0.016152431144907383 -0.040896984918309155 0.0032230904709786897 -0.035634348197053176
leaf_weight=2286963.9867459834 10460812.684543982 558112.1832498908 159706.26776666194 6715.9031383693218 244796.08853186667 12624.681531645358 111234.43586691469 99225.523198083043 57587.8843511343 10006.695264592767 14269768.015358366 237446.00831863284 85647.281145811081 4185244.1882816777 3935975.4820890427 99275.483524918556 1034495.0153418779 5819479.1720516458 51750.124355182052 688919.94178418815 66271.537233993411 1478728.5327245891 455337.74635520577 141318.22220824659 52964.953863799572 298540.92826800048 54123.598285332322 225991.95013785362 450312.58402937651 472244.66374990344
leaf_count=1237638 3393242 1790699 421045 13396 452760 82600 146631 292999 118400 33298 6435510 184272 75802 5473923 1800057 84756 466875 6167328 50035 480994 208264 1595874 420638 253399 75279 184827 81734 526736 825498 1075651
internal_value=-6.74607e-05 -0.00569884 -0.00430291 -0.0224396 -0.0134561 -0.00324519 -0.0255126 -0.0391126 -0.0272662 0.0189785 0.00525662 0.0261937 -0.00313591 -0.00537174 0.00194199 -0.00744199 0.0135023 -0.00696871 -0.00302815 0.0243012 -0.00605912 -0.00538143 0.00313231 0.0206709 -0.00966586 -0.00327835 -0.0438688 -0.0553243 -0.0263458 -0.0166675
internal_weight=4.81116e+07 2.3381e+07 2.19004e+07 1.20683e+06 1.04713e+06 2.06935e+07 802966 558170 458945 121241 2.47306e+07 244162 2.06809e+07 1.43587e+07 6.32221e+06 2.38624e+06 1.12014e+06 1.32386e+07 7.41908e+06 740670 6.67841e+06 6.61213e+06 2.42689e+06 649621 194283 1.77727e+06 337703 283580 1.48067e+06 922557
internal_count=34450160 24621408 20929560 2271271 1850226 18658289 1652558 1199798 906799 179929 9828752 197668 18575689 15453238 3122451 1322394 542677 14910561 8743233 531029 8212204 8003940 2530017 749316 328678 1780701 726870 645136 3691848 1901149
is_linear=0
shrinkage=0.1


Tree=32
num_leaves=31
num_cat=0
split_feature=11 8 10 9 7 8 11 3 10 10 3 10 6 7 11 6 10 2 10 6 6 3 11 10 8 11 10 9 11 11
split_gain=120511 55497.3 63639.8 53338.2 47141.2 43937.5 60671 42417.2 42439.9 41165.5 39968.2 38236.2 32585.8 31619.4 49501.5 32412.8 37189.8 25347.5 24943.4 48698.8 24461.4 23698.1 23174.2 35096.9 28403.2 24647.4 22524.2 22108.3 29877.4 21827.1
threshold=0.04621408538533487 34.947141647338874 0.42179998225932674 18.275887489318851 15.880630493164064 21.923569679260257 0.95936279103287792 270.00000000000006 -0.36647417525074694 0.97112537654464559 170.50000000000003 -0.159513159777915 26.140227317810062 23.534754753112797 0.21652257995689161 33.51768875122071 0.9893236546938301 138.374626159668 -0.05695216311707673 29.081247329711918 34.010030746459968 12.500000000000002 0.3484035575467645 0.79904096188274243 29.084286689758304 0.57605713708605399 -0.88622299073327826 9.0900011062622088 0.99349222267034787 -0.86974577485258975
decision_type=2 10 2 10 8 8 2 2 2 2 2 2 10 10 2 10 2 2 2 10 8 2 2 2 10 2 2 10 2 2
left_child=1 4 21 5 9 17 10 8 -6 12 13 -8 -1 15 -15 16 -7 26 -13 -20 -4 -3 -5 24 -24 -25 -2 28 -28 -14
right_child=3 2 20 22 7 6 11 -9 -10 -11 -12 18 29 14 -16 -17 -18 -19 19 -21 -22 -23 23 25 -26 -27 27 -29 -30 -31
leaf_value=-0.062422312277023953 -0.13024629650668129 0.0015763509599917933 -0.057208948256515048 -0.10273926990059067 0.0023030572416961981 -0.008194736663439256 -0.07802712447344963 -0.17847689250543766 0.010310306987614289 0.013933898666700213 -0.14146513448236062 0.0039666158919647544 -0.076509290758867879 -0.012898273881483438 0.042078714620676493 -0.025782374098232148 0.031056597016007409 0.088920387041489427 -0.019827081608242009 -0.090284205294639153 -0.012029255842721822 0.025529600656533692 -0.026866688618131712 -0.012307666758854278 -0.099435366629550964 0.10924525089822652 -0.01000264725682842 0.0086223293077016469 -0.11473206900407074 -0.0058427571661694312
leaf_weight=223704.19265007973 12470.189801558852 3673834.2315918654 123671.45673146844 60164.691234141588 15078335.497337386 6667846.674203068 167804.83244796842 12494.446376740932 11798782.937660024 286414.53210793436 22327.384860567749 210593.29531851411 49988.297050073743 339737.07822585106 316219.94660656154 1030692.1491561085 250454.46451103687 35522.474507570267 412088.75745370239 128749.36511556804 3866170.2127941325 465350.63601970673 134519.68041612208 65845.596446722746 90032.914564520121 22341.914035513997 281193.83304411173 1878885.9864444286 30161.773141950369 347945.63435342908
leaf_count=225892 24459 1665852 100401 216534 6088202 8706890 503624 72158 4471865 191524 118221 411480 57601 231433 149597 1895465 153833 9073 887690 389565 4251769 293169 386833 160608 427545 20206 228773 1745502 51421 312975
internal_value=-6.18852e-05 0.00285035 -0.0044176 -0.00866775 0.00497576 -0.00748951 -0.0104461 0.00573252 0.00581816 -0.0174338 -0.00784385 -0.0348687 -0.0318862 -0.00749715 0.0136047 -0.00923849 -0.00677377 0.00512084 -0.0252308 -0.0365998 -0.0134297 0.00426931 -0.0459031 -0.034969 -0.0559626 0.0184872 0.00376943 0.00453245 -0.020148 -0.0147199
internal_weight=4.80843e+07 3.59267e+07 8.12903e+06 1.21577e+07 2.77977e+07 1.17847e+07 9.54651e+06 2.68896e+07 2.68771e+07 908053 8.62728e+06 919236 621638 8.60495e+06 655957 7.94899e+06 6.9183e+06 2.23823e+06 751431 540838 3.98984e+06 4.13918e+06 372905 312740 224553 88187.5 2.20271e+06 2.19024e+06 311356 397934
internal_count=34450160 17731408 6311191 16718752 11420217 15507026 13447798 10632225 10560067 787992 11255439 2192359 596468 11137218 381030 10756188 8860723 2059228 1688735 1277255 4352170 1959021 1211726 995192 814378 180814 2050155 2025696 280194 370576
is_linear=0
shrinkage=0.1


Tree=33
num_leaves=31
num_cat=0
split_feature=4 9 3 10 7 10 8 10 10 11 7 7 3 3 10 7 2 9 11 10 10 11 3 8 11 11 6 10 3 3
split_gain=100923 48388.4 31285.6 32921.8 25702.8 47541 39308.5 39004.5 36279.3 33497.9 41255.1 35450.4 29053.6 23682.6 23409.8 32817.8 23388.9 22003.3 21474.7 19671.7 45629.6 43997.1 44708 33840.9 33342.1 27979.5 21072.5 20847.7 28676.8 23540.7
threshold=0.58089429140090953 18.275887489318851 78.500000000000014 -0.18492532721306487 23.410081863403324 0.48314048284850658 33.072200775146491 0.52766072109828632 0.93544191479114935 0.16587474750015932 16.400113105773929 16.090071678161625 18.500000000000004 279.50000000000006 0.69056404122701587 13.533187389373781 169.65202331542972 9.9699997901916522 0.2499757677084001 -0.30163705152652742 -0.15101209918632377 0.90438663683299525 35.500000000000007 16.131060600280765 1.0000000180025095e-35 0.97263757644091875 31.120038032531742 -0.031173458710879235 69.500000000000014 11.500000000000002
decision_type=8 10 2 2 8 2 10 2 2 2 10 8 2 2 2 8 2 8 2 2 2 2 2 10 2 2 8 2 2 2
left_child=1 2 4 -4 5 19 9 -6 -8 10 12 14 -7 16 15 17 -2 -11 -10 21 25 22 -1 -22 -24 -21 -23 29 -29 -25
right_child=13 -3 3 -5 7 6 8 -9 18 11 -12 -13 -14 -15 -16 -17 -18 -19 -20 20 23 26 24 27 -26 -27 -28 28 -30 -31
leaf_value=-0.0079163041630401151 0.0034487673520741365 -0.03532032160226007 -0.10840292896088287 -0.017255939066040501 0.0045586047549907704 0.0038568831869344429 0.0056472636941035572 -0.010896025295569038 -0.024351705871179578 -0.069611299429944401 0.034698603038570877 -0.02375043193940142 -0.10580143516909042 -0.18985598915171178 -0.0027617240085327879 -0.044883758607842453 0.013947202112549876 0.033435824537127255 -0.093010825169303757 -0.031737871066953159 0.015298100348175879 0.032200665967705648 0.092208106806229984 -0.022882951890098105 -0.064624042206778906 -0.090003365692258863 -0.058310568740360703 -0.026746246459533982 0.0447401395841137 0.027675143181282915
leaf_weight=5061730.8690528721 22369452.496722519 507307.91484718025 41207.931447423995 1033415.696206972 6791478.6820586622 517317.29168051481 531447.44178070128 2150028.2249590158 606313.17173779011 21538.535640954971 773840.66362762451 498594.00447662175 25344.841678202152 6274.6720700487494 1010168.7287235856 66183.695075958967 2344479.5168082714 546078.06848749518 49255.097307220101 266979.97555220872 366191.86465834081 349241.90834403038 14523.573382869363 179739.75895987451 203420.70301479846 119220.56897065789 27767.543899349868 1330144.7590135783 58587.285670340061 188868.39906637371
leaf_count=5097315 9212131 1503764 214786 2266155 3320042 392961 632778 2202457 957309 24937 365105 715021 57754 39114 1073978 135269 577507 502066 113071 374944 284100 522984 14022 173474 860589 347804 74930 1953192 108279 332322
internal_value=-5.71444e-05 -0.00477379 -0.00409497 -0.0207511 -0.00327218 -0.00614367 0.0019322 0.000842465 -0.0137697 0.00732046 0.0198746 -0.000393434 -0.00126467 0.00439538 0.00669043 0.0217555 0.0044447 0.0295256 -0.0295103 -0.0107382 -0.0181066 -0.00746907 -0.00982577 -0.0123564 -0.0541729 -0.0497245 0.0255343 -0.018119 -0.0237304 0.00302214
internal_weight=4.80561e+07 2.33359e+07 2.28286e+07 1.07462e+06 2.1754e+07 1.28125e+07 4.64608e+06 8.94151e+06 1.18702e+06 3.45907e+06 1.3165e+06 2.14256e+06 542662 2.47202e+07 1.64397e+06 633800 2.47139e+07 567617 655568 8.16642e+06 2.50973e+06 5.65668e+06 5.27968e+06 2.12353e+06 217944 386201 377009 1.75734e+06 1.38873e+06 368608
internal_count=34450160 24621408 23117644 2480941 20636703 15114204 4970249 5522499 1703158 3267091 815820 2451271 450715 9828752 1736250 662272 9789638 527003 1070380 10143955 3574115 6569840 5971926 2851367 874611 722748 597914 2567267 2061471 505796
is_linear=0
shrinkage=0.1


Tree=34
num_leaves=31
num_cat=0
split_feature=1 9 3 11 9 8 11 11 10 11 9 3 3 2 7 7 11 10 7 10 10 3 10 10 8 8 10 10 10 10
split_gain=85083.6 44116 50539.8 26882.9 25230.3 22414.1 94286.5 58006.4 27764.7 32874.9 22583.7 20766.8 20539.5 20001.5 23822.7 18898.4 30884.9 26032.3 25075.9 26017.4 23153.1 20683.6 19706.4 18749.2 21478.1 18484 17528 34566.4 22679.1 28329.6
threshold=0.11438561603426935 14.730000019073488 405.00000000000006 0.98899263613956456 19.439999580383304 29.632857322692875 0.60383265664488517 0.5475998096715059 -0.099819732675876835 -0.039769286347669845 17.730000495910648 26.500000000000004 33.500000000000007 129.38776397705081 22.987835884094242 17.310421943664554 -0.59867820553660911 0.15951094710994371 5.5702970027923593 -0.29343379936893921 -0.46801505794253101 5.5000000000000009 -0.65234524191686594 0.9053161325100999 31.89927959442139 11.574999809265138 0.89017062131308955 0.77244481603295057 0.52766072109828632 -0.76141707087277943
decision_type=10 10 2 2 8 8 2 2 2 2 10 2 2 2 10 8 2 2 8 2 2 2 2 2 10 10 2 2 2 2
left_child=1 2 15 13 5 26 7 8 9 -7 -8 -9 -13 -2 -15 16 -1 18 25 20 22 -21 -20 -10 -25 -18 27 28 29 -3
right_child=3 4 -4 -5 -6 6 10 11 23 -11 -12 12 -14 14 -16 -17 17 -19 19 21 -22 -23 -24 24 -26 -27 -28 -29 -30 -31
leaf_value=-0.056429986659889089 0.0030890592393399354 0.02584407556127229 -0.18303044369160426 -0.063401585398637203 -0.053794119654008758 0.083157875530642536 -0.050612005105809744 0.0025571056756876149 -0.00019217174668685741 -0.057378962306287057 -0.1127907517666253 0.1377300787836441 0.041882259703867664 0.019079955217003831 0.0034653212886986691 -0.00050530576854953483 -0.046980012070342275 0.0011054229611643996 -0.014650023682656339 -0.09757280537533175 0.016469630081287163 -0.035126390088247084 -0.060452869379543972 0.017501230277541267 -0.025552521734082418 0.017351563932265272 0.019553990728042547 -0.059280904677513818 0.017932564691711308 -0.017066294595191333
leaf_weight=130478.09242507815 19683468.538693428 183206.56818393618 15422.324434153736 58645.229214757681 145108.31193355471 18057.62330467999 345452.13338127732 55971.077463924885 1010062.7117252499 212774.70285623521 70300.453636392951 36823.766791060567 56911.428956516087 1868334.9024193287 2048214.7853764892 16111740.475706004 53128.05574606359 1824728.0848744512 460965.06710459292 66363.102803349495 187240.92746557295 264218.76797319204 117974.18959313631 134365.46430742741 841817.67162254453 280308.55133669078 288366.12783317268 118165.82299911976 382656.94049558043 960388.62152598053
leaf_count=151282 8312606 243447 117390 82486 497028 11734 1149119 96068 1310889 649375 353478 24318 114244 483345 559617 10812501 63140 1927898 654042 142934 314130 681871 293051 173274 1726853 279549 258825 190024 497250 2278392
internal_value=-5.22508e-05 -0.00419892 -0.00207556 0.00421962 -0.0127233 -0.0114594 -0.0172056 -0.00949044 -0.0135585 -0.046385 -0.0611259 0.0507557 0.079536 0.00438766 0.0109141 -0.00193243 -0.00872435 -0.00681201 -0.0169135 -0.0242145 -0.0140975 -0.0476623 -0.0239836 -0.00974356 -0.0196264 0.00710131 -0.00318697 -0.00717483 -0.00314067 -0.010192
internal_weight=4.80317e+07 2.4373e+07 1.95126e+07 2.36587e+07 4.86043e+06 4.71532e+06 2.78254e+06 2.36678e+06 2.21708e+06 230832 415753 149706 93735.2 2.36e+07 3.91655e+06 1.94971e+07 3.3854e+06 3.25493e+06 1.4302e+06 1.09676e+06 766180 330582 578939 1.98625e+06 976183 333437 1.93278e+06 1.64442e+06 1.52625e+06 1.1436e+06
internal_count=34450160 25012106 15437788 9438054 9574318 9077290 5609352 4106755 3872125 661109 1502597 234630 138562 9355568 1042962 15320398 4507897 4356615 2428717 2086028 1261223 824805 947093 3211016 1900127 342689 3467938 3209113 3019089 2521839
is_linear=0
shrinkage=0.1


Tree=35
num_leaves=31
num_cat=0
split_feature=11 8 11 7 9 11 3 10 8 10 3 11 10 7 10 7 9 8 9 10 3 10 10 11 3 3 6 10 10 7
split_gain=72352.7 38646.7 44309.5 38354.2 38233.8 34891.5 29656.8 28688 35339.5 26714.8 25670.5 24336.3 76227.6 42305.5 49443.2 27839.7 27405.5 23310.3 46918.4 40906.9 44070.3 54801.4 38496.2 36667.2 33059.8 30061.3 27800.8 27703.3 41418.7 26046.1
threshold=-0.17646730165275518 34.870746612548835 -0.91595872546125101 17.410214424133304 19.040639877319339 -0.25206183926700709 166.50000000000003 0.30983042691905771 32.504289627075202 0.92273069556937592 204.50000000000003 0.96633974041180493 -0.159513159777915 11.133640766143801 0.10837544681456425 17.211653709411625 7.5399999618530282 30.444285392761234 10.980000019073488 -0.46801505794253101 23.500000000000004 -0.72696319516528884 -0.84315017450793706 0.65720762023595369 26.500000000000004 108.50000000000001 27.850315093994144 -0.83377653105606597 -0.8041866928211282 10.534201145172121
decision_type=2 10 2 8 10 2 2 2 8 2 2 2 2 10 2 8 8 8 10 2 2 2 2 2 2 2 10 2 2 10
left_child=1 3 -3 5 6 -1 11 10 -9 -4 -5 17 -13 16 15 -15 -14 19 -19 20 26 22 -22 24 -20 -21 -2 -26 -29 -24
right_child=4 2 9 7 -6 -7 -8 8 -10 -11 -12 12 13 14 -16 -17 -18 18 23 25 21 -23 29 -25 27 -27 -28 28 -30 -31
leaf_value=-0.023193681934116368 -0.020710027665174546 0.0051162509584471421 -0.0073377683827171546 0.0039947789474487141 -0.050283713898270799 0.030593509171980039 -0.076550076417219115 0.021626654298984783 -2.9338217034629715e-05 -0.031380239909585252 -0.15422803249961725 -0.085355787767371627 -0.12071599627533042 -0.040355117342016501 -0.094680031995869232 0.022606094973501994 0.0055340754900697238 0.0010230438408578557 -0.017551710127359326 0.0074219833894157983 -0.10749940736395157 -0.10280046696781986 0.099389705923761451 -0.040463124652237586 -0.04875677034789494 -0.048553054348047381 0.0023680510171196459 0.10327713100422962 0.0063149086213940249 -0.030346713940068978
leaf_weight=809573.97124750912 815903.81316995621 3305293.9589921385 3818048.9485151991 20767854.503221005 190088.92938051373 141715.8395736143 57959.096999824047 2128547.7196389735 1166493.1478253826 525808.57041035593 10259.144808933139 147704.64471434802 17549.592645287514 175264.23563306034 106601.1396612674 117186.29220953584 848404.23201331496 3195444.5077589303 2279534.9464673102 4366367.281561017 22753.475849799812 108514.70811013877 36350.618069112301 510939.91974054277 81200.45626847446 98099.83635943383 1449010.7103378773 47328.394268475473 636885.59439416975 26945.198983073235
leaf_count=707891 895436 1459527 3246095 7537484 677755 88614 248037 751970 629628 808907 49076 448956 29577 490810 334272 152468 1274931 1927079 3033989 4610572 74005 494010 34433 1362812 265622 278442 1104521 58426 1305521 69294
internal_value=-4.79435e-05 0.00261169 -0.00360893 0.00451313 -0.00571432 -0.0151809 -0.00515495 0.00529137 0.0139601 -0.010248 0.00391666 -0.00488069 -0.0173762 -0.00943875 -0.036378 -0.0151263 0.00297547 -0.00358986 -0.00777093 0.000486981 -0.00986885 -0.0555404 0.00405807 -0.0156735 -0.0115138 0.00619202 -0.0059455 0.00646806 0.013022 0.0441606
internal_weight=4.80096e+07 3.26736e+07 7.64915e+06 2.50244e+07 1.5336e+07 951290 1.51459e+07 2.40732e+07 3.29504e+06 4.34386e+06 2.07781e+07 1.5088e+07 1.41271e+06 1.26501e+06 399052 292451 865954 1.36753e+07 6.75133e+06 6.92395e+06 2.45948e+06 194564 86049.3 3.55589e+06 3.04495e+06 4.46447e+06 2.26491e+06 765414 684214 63295.8
internal_count=34450160 15279192 5514529 9764663 19170968 796505 18493213 8968158 1381598 4055002 7586560 18245176 2731014 2282058 977550 643278 1304508 15514162 7953449 7560713 2671699 671742 177732 6026370 4663558 4889014 1999957 1629569 1363947 103727
is_linear=0
shrinkage=0.1


Tree=36
num_leaves=31
num_cat=0
split_feature=7 10 7 11 11 11 8 11 3 10 10 8 10 9 6 4 8 7 11 3 11 8 10 3 10 11 11 7 8 9
split_gain=60990.1 53833.1 64697.3 46151 47826.7 39632 38960.8 41040.6 39500.7 31494.5 38917.2 32469.3 31306.1 26880.1 25558.4 24065 28142.5 23867.2 23775.1 23692.9 24700.8 21881.8 21213.8 20351 20231.8 20627.7 40530.5 23249.2 20197.7 19810
threshold=18.750151634216312 0.79904096188274243 12.111235141754152 0.95436825032516992 0.93158198870884079 0.99024581825578073 34.870746612548835 -0.97507822412530132 149.50000000000003 0.82414472752956958 0.8697513045430848 33.694284439086921 -0.97509794945709805 17.730000495910648 26.260472297668461 13.355444908142092 29.341427803039554 15.100335597991945 0.029024409397335523 20.500000000000004 0.94636490295939868 33.924226760864265 0.89017062131308955 108.50000000000001 -0.73866753694953124 0.57605713708605399 0.18281312110578132 14.520030021667482 28.511646270751957 11.519999027252199
decision_type=8 2 8 2 2 2 10 2 2 2 2 10 2 10 8 8 8 8 2 2 2 8 2 2 2 2 2 8 10 10
left_child=1 2 18 4 13 28 8 -8 12 -3 -11 17 -2 14 -4 16 -14 29 -1 -6 -21 -10 -13 -20 25 26 -16 -27 -5 -12
right_child=6 9 3 5 19 -7 7 -9 21 10 11 22 15 -15 24 -17 -18 -19 23 20 -22 -23 -24 -25 -26 27 -28 -29 -30 -31
leaf_value=-0.068531653435098677 -0.0055929939539014328 0.037157595541419557 -0.041006896358799089 -0.056640145991250862 -0.020516192046995688 -0.023596711439658608 0.0093971226932072632 -0.0076011260623350951 -0.15866472372940163 -0.031147696796308119 -0.028702537069772202 0.068925724908041677 -0.0056680976148063564 -0.073882346262611559 0.011032952963018171 0.010307559124913266 0.0047047064666372969 0.021084163257606956 0.00031237547754202946 0.081707761421802888 -0.025951136316549897 -0.028453278587576597 -0.050617889552371703 -0.049998411299778778 -0.022396111820139383 -0.078081297012804585 -0.035472405086262426 0.034045886946804063 -0.12660559557902035 0.0056595749929638176
leaf_weight=52886.377001725137 3273371.651287213 267290.28565540165 445987.79603143036 82564.251713313162 57382.214363008738 178221.27197348326 1785353.9948372692 6948153.2282909751 22120.855978194624 326691.01888811588 204990.16403191537 16598.063796922565 3086554.5711434446 92125.269283771515 385324.75314223766 6056196.5338975936 17141754.91710002 925420.98726601899 3211892.8338244185 94414.310327142477 27524.149590924382 30980.653124913573 140508.91002260149 82465.721651889384 1458168.2372979596 20419.25192771107 364844.98730754852 195935.93433663994 82478.167741216719 924128.60896948725
leaf_count=73933 1816337 249981 506750 218000 97414 462018 738156 6511543 100199 420575 146133 21440 1364710 405355 309964 1754473 8119921 753214 4711664 131813 74442 93488 355041 262500 2488413 60403 736344 272196 379179 814561
internal_value=-4.42884e-05 -0.00715542 -0.0119444 -0.0214805 -0.0176771 -0.0562952 0.00174317 -0.00412625 0.0034743 0.00450741 0.00106931 0.00582821 0.00362911 -0.0207123 -0.019006 0.00477759 0.00312196 0.00917878 -0.00201486 0.0324716 0.0574068 -0.0826963 -0.0379883 -0.000947025 -0.0149592 -0.00373938 -0.0115849 0.0234635 -0.0916046 -0.000578825
internal_weight=4.79827e+07 9.63826e+06 6.83264e+06 3.48539e+06 3.14213e+06 343264 3.83445e+07 8.73351e+06 2.9611e+07 2.80563e+06 2.53834e+06 2.21165e+06 2.95579e+07 2.96281e+06 2.87068e+06 2.62845e+07 2.02283e+07 2.05454e+06 3.34724e+06 179321 121938 53101.5 157107 3.29436e+06 2.42469e+06 966525 750170 216355 165042 1.12912e+06
internal_count=34450160 13951333 11190388 6142291 5083094 1059197 20498827 7249699 13249128 2760945 2510964 2090389 13055441 4779425 4374070 11239104 9484631 1713908 5048097 303669 206255 193687 376481 4974164 3867320 1378907 1046308 332599 597179 960694
is_linear=0
shrinkage=0.1


Tree=37
num_leaves=31
num_cat=0
split_feature=11 3 6 10 3 4 8 8 11 11 10 7 11 3 10 6 3 6 10 7 7 11 8 11 3 6 3 2 8 10
split_gain=50944.3 30942.4 33063.4 27248 26944.1 24601.8 39060 24103.3 34258.2 27296.4 24192 24123 34315.1 22866.2 25429.8 25588 22769.4 22615.8 27128.2 34336.2 23296 21137.4 32806.4 29955.8 28188.4 26171 23452.7 19739 19298.3 19405.1
threshold=0.04621408538533487 108.50000000000001 36.900154113769538 0.55656748448714433 405.00000000000006 3.9946470260620122 28.124351501464847 22.226320266723636 0.95936279103287792 0.99349222267034787 -0.05695216311707673 23.534754753112797 0.21652257995689161 14.500000000000002 0.95752911693909493 21.384360313415531 171.50000000000003 29.746199607849125 0.19337368024598436 12.511072158813478 8.1402940750122088 0.90803977035715633 30.89714336395264 0.84199059757024453 22.500000000000004 24.720253944396976 3.5000000000000004 169.65202331542972 31.381426811218265 -0.26866367175705824
decision_type=2 2 10 2 2 10 8 8 2 2 2 10 2 2 2 8 2 10 2 10 8 2 8 2 2 10 2 2 10 2
left_child=4 2 7 -3 5 6 13 27 11 17 -11 21 -13 14 -1 -16 -5 18 -10 20 -20 23 25 -9 26 -23 -25 -2 29 -7
right_child=1 3 -4 16 -6 28 -8 8 9 10 -12 12 -14 -15 15 -17 -18 -19 19 -21 -22 22 -24 24 -26 -27 -28 -29 -30 -31
leaf_value=-0.021271298050583819 0.0039857330072748439 -0.089378595829053595 -0.052469283013850579 -0.011229341486070847 -0.18126888543834793 0.0045344654616171799 0.00085841028634245332 -0.0058016697620747858 -0.046372749864209813 0.028557966922225626 -0.02257641453505942 -0.0088729703329989956 0.038015667594065501 -0.088751370769934917 -0.064545361327249473 0.026328613948060443 -0.13668263376498341 -0.084257582923233987 -0.10622399396990889 -0.10771769210922431 0.057841108029819656 -0.023304839387894218 -0.048392497780729044 -0.048289733711276678 -0.060637524054871141 0.029891793127021948 0.0073069410011939208 0.099582205791121814 0.0011908695380461005 0.014899193026609209
leaf_weight=1050377.0153084546 2285371.2700138353 75419.491660859436 144034.71320906281 209084.36135454476 8033.4419719427824 4661177.1767824963 20218868.542047925 6590839.2983969823 285880.85888437927 135187.86268933117 293158.91017635167 314619.08139562607 309742.90199813247 42653.375610560179 35982.517064481974 223114.90609025955 15542.785165302455 96950.91556301713 9743.7210447192192 19360.541249096394 77430.595639124513 115337.39556099474 81499.642560131848 118652.2379232347 196037.56342757493 466674.00328361243 210452.73735214025 21805.503721535206 6697277.1921164542 2949263.6734214872
leaf_count=704236 2143713 307111 368877 551308 68776 1504790 11945207 8264243 819287 218868 696358 189011 142351 93797 31049 120778 84303 356127 31149 63151 109414 215799 214674 145922 682739 778705 330920 4722 2395884 866891
internal_value=-4.07656e-05 -0.00565994 -0.00485173 -0.0373715 0.00184961 0.00189061 -0.000242017 -0.00426193 -0.00652693 -0.0248722 -0.00643821 -0.0045236 0.0143883 -0.0166971 -0.0143501 0.0137084 -0.0199099 -0.0410076 -0.0303222 0.0127487 0.0395031 -0.00604142 0.011029 -0.0076331 -0.0306186 0.0193498 -0.0127373 0.00488923 0.00510586 0.00855109
internal_weight=4.79596e+07 1.20728e+07 1.17728e+07 300047 3.58867e+07 3.58787e+07 2.1571e+07 1.16287e+07 9.32157e+06 917713 428347 8.40385e+06 624362 1.35213e+06 1.30947e+06 259097 224627 489367 392416 106535 87174.3 7.77949e+06 663511 7.11598e+06 525143 582011 329105 2.30718e+06 1.43077e+07 7.61044e+06
internal_count=34450160 16718752 15776030 942722 17731408 17662632 12895067 15407153 13258718 2294354 915226 10964364 331362 949860 856063 151827 635611 1379128 1023001 203714 140563 10633002 1209178 9423824 1159581 994504 476842 2148435 4767565 2371681
is_linear=0
shrinkage=0.1


Tree=38
num_leaves=31
num_cat=0
split_feature=7 10 3 7 11 11 8 11 10 10 7 9 8 9 10 9 7 8 9 11 6 9 3 7 10 11 3 11 10 10
split_gain=42974.5 41243.9 30750.3 30724.3 31068.9 39703.2 29260 34295.4 28609.8 28429.3 22972.2 22638.2 21852.2 20891.1 20614.1 19631.7 21422.1 19491.1 19431.1 31041 19013.1 18450.5 18710.3 17705.8 27605.5 35407.5 27623.9 20970 20410 18382.7
threshold=17.708258628845218 0.48314048284850658 405.00000000000006 11.564236164093019 0.95436825032516992 0.93158198870884079 34.870746612548835 -0.91595872546125101 0.30983042691905771 0.19337368024598436 15.210086345672609 7.4799997806549081 30.819877624511722 20.530893325805668 -0.97509794945709805 6.5599997043609628 25.058630943298343 30.098591804504398 12.999998569488527 0.1318557721318592 34.250194549560554 16.350001335144047 20.500000000000004 6.5913624763488778 -0.73866753694953124 0.88117331841669433 11.500000000000002 0.42763731121559989 0.074116354202380205 -0.90163369914317015
decision_type=8 2 2 8 2 2 10 2 2 2 10 8 10 10 2 8 10 10 10 2 8 8 2 10 2 2 2 2 2 2
left_child=1 3 6 8 5 10 14 -8 9 11 -5 -1 -6 -3 15 -2 17 -17 -16 -20 -9 22 -7 29 27 -26 -27 -25 -28 -13
right_child=2 13 -4 4 12 21 7 20 -10 -11 -12 23 -14 -15 18 16 -18 -19 19 -21 -22 -23 -24 24 25 26 28 -29 -30 -31
leaf_value=-0.1038984776733035 -0.027787430385657331 0.0011568681080489794 -0.17900780921705961 -0.036062066554730703 -0.04176417767943158 -0.0099014863418463179 0.004353672590259856 -0.031449762817297076 -0.030540381384943902 0.027599336888940409 -0.011718948299177146 -0.13660426968410191 -0.1304725590899419 -0.12877696923801013 0.0042226557178154092 0.012043337693917093 0.028728977831015953 -0.0086293523134768953 0.011164838980647511 -0.026677853934746677 -0.0070265414212574281 -0.075570654043794663 0.062394816742560033 -0.012500026505738913 -0.091350628534314984 -0.05306742245997792 0.0064632753451947401 0.055051649527889705 -0.064192139022612449 0.0089274753542161606
leaf_weight=23071.534902114421 328968.2315759398 3993159.9672852904 9452.3676523417234 653751.8650008142 305247.65718069673 53644.555071875453 3304089.693073988 339697.89567968249 368282.00966148823 310188.82711719722 952423.5787101388 8785.7216184660792 30548.439864352345 12412.636840432882 26558637.781682376 574305.60587837547 210225.87912453711 2215526.1566196382 373469.73746130615 516561.61436136812 5168378.4453016967 15593.962417386472 107596.53302539885 97338.420412167907 70627.867128565907 145990.07590095699 340553.3395023644 87052.335147053003 46461.6588915959 717925.10137506574
leaf_count=38524 164879 4278387 92945 1537684 909758 83513 1458809 257409 563947 381603 1490680 23121 173845 57939 11263345 284321 86740 1329532 309373 1020264 5714815 63340 162076 142817 288263 298832 860519 95093 148394 869393
internal_value=-3.75196e-05 -0.00656131 0.00133656 -0.0133208 -0.0219309 -0.0166758 0.00137962 -0.00370106 -0.00508936 -1.72936e-05 -0.0216272 -0.00558781 -0.0498343 0.000754224 0.0028343 -0.00459702 -0.0020541 -0.00437374 0.00373559 -0.0107985 -0.00853279 0.0282968 0.038342 -0.0040904 -0.0144729 -0.0248174 -0.0160012 0.0193917 -0.002019 0.00716804
internal_weight=4.794e+07 8.34066e+06 3.95993e+07 4.33508e+06 2.11881e+06 1.78301e+06 3.95899e+07 8.81217e+06 2.21628e+06 1.84799e+06 1.60618e+06 1.53781e+06 335796 4.00557e+06 3.07777e+07 3.32903e+06 3.00006e+06 2.78983e+06 2.74487e+07 890031 5.50808e+06 176835 161241 1.51473e+06 788024 603633 533005 184391 387015 726711
internal_count=34450160 12467728 21982432 8131402 4420896 3337293 21889487 7431033 3710506 3146559 3028364 2764956 1083603 4336326 14458454 1865472 1700593 1613853 12592982 1329637 5972224 308929 245589 2726432 1833918 1596008 1307745 237910 1008913 892514
is_linear=0
shrinkage=0.1


end of trees

feature_importances:
cos_doy=259
sin_doy=240
tmax_1deg_roll7=141
days_since_rain=138
tmin_1deg_lag1=128
diurnal_range_1deg=112
rf_roll7_sum=77
neighbor_mean_lag1=31
tmax_1deg_lag1=30
neighbor_max_lag1=9
rf_lag_2=3
rf_lag_1=2

parameters:
[boosting: gbdt]
[objective: tweedie]
[metric: tweedie]
[tree_learner: serial]
[device_type: cpu]
[data_sample_strategy: bagging]
[data: ]
[valid: ]
[num_iterations: 100]
[learning_rate: 0.1]
[num_leaves: 31]
[num_threads: -1]
[seed: 42]
[deterministic: 0]
[force_col_wise: 0]
[force_row_wise: 0]
[histogram_pool_size: -1]
[max_depth: -1]
[min_data_in_leaf: 20]
[min_sum_hessian_in_leaf: 0.001]
[bagging_fraction: 1]
[pos_bagging_fraction: 1]
[neg_bagging_fraction: 1]
[bagging_freq: 0]
[bagging_seed: 400]
[bagging_by_query: 0]
[feature_fraction: 1]
[feature_fraction_bynode: 1]
[feature_fraction_seed: 30056]
[extra_trees: 0]
[extra_seed: 12879]
[early_stopping_round: 0]
[early_stopping_min_delta: 0]
[first_metric_only: 0]
[max_delta_step: 0]
[lambda_l1: 0]
[lambda_l2: 0]
[linear_lambda: 0]
[min_gain_to_split: 0]
[drop_rate: 0.1]
[max_drop: 50]
[skip_drop: 0.5]
[xgboost_dart_mode: 0]
[uniform_drop: 0]
[drop_seed: 17869]
[top_rate: 0.2]
[other_rate: 0.1]
[min_data_per_group: 100]
[max_cat_threshold: 32]
[cat_l2: 10]
[cat_smooth: 10]
[max_cat_to_onehot: 4]
[top_k: 20]
[monotone_constraints: ]
[monotone_constraints_method: basic]
[monotone_penalty: 0]
[feature_contri: ]
[forcedsplits_filename: ]
[refit_decay_rate: 0.9]
[cegb_tradeoff: 1]
[cegb_penalty_split: 0]
[cegb_penalty_feature_lazy: ]
[cegb_penalty_feature_coupled: ]
[path_smooth: 0]
[interaction_constraints: ]
[verbosity: -1]
[saved_feature_importance_type: 0]
[use_quantized_grad: 0]
[num_grad_quant_bins: 4]
[quant_train_renew_leaf: 0]
[stochastic_rounding: 1]
[linear_tree: 0]
[max_bin: 255]
[max_bin_by_feature: ]
[min_data_in_bin: 3]
[bin_construct_sample_cnt: 200000]
[data_random_seed: 175]
[is_enable_sparse: 1]
[enable_bundle: 1]
[use_missing: 1]
[zero_as_missing: 0]
[feature_pre_filter: 1]
[pre_partition: 0]
[two_round: 0]
[header: 0]
[label_column: ]
[weight_column: ]
[group_column: ]
[ignore_column: ]
[categorical_feature: ]
[forcedbins_filename: ]
[precise_float_parser: 0]
[parser_config_file: ]
[objective_seed: 16083]
[num_class: 1]
[is_unbalance: 0]
[scale_pos_weight: 1]
[sigmoid: 1]
[boost_from_average: 1]
[reg_sqrt: 0]
[alpha: 0.9]
[fair_c: 1]
[poisson_max_delta_step: 0.7]
[tweedie_variance_power: 1.5]
[lambdarank_truncation_level: 30]
[lambdarank_norm: 1]
[label_gain: ]
[lambdarank_position_bias_regularization: 0]
[eval_at: ]
[multi_error_top_k: 1]
[auc_mu_weights: ]
[num_machines: 1]
[local_listen_port: 12400]
[time_out: 120]
[machine_list_filename: ]
[machines: ]
[gpu_platform_id: -1]
[gpu_device_id: -1]
[gpu_device_id_list: ]
[gpu_use_dp: 0]
[num_gpu: 1]

end of parameters

pandas_categorical:null
