tree
version=v4
num_class=1
num_tree_per_iteration=1
label_index=0
max_feature_idx=11
objective=tweedie
feature_names=rf_lag_1 rf_lag_2 rf_roll7_sum days_since_rain neighbor_mean_lag1 neighbor_max_lag1 tmax_1deg_lag1 tmin_1deg_lag1 tmax_1deg_roll7 diurnal_range_1deg sin_doy cos_doy
feature_infos=[0:385.5301513671875] [0:467.57992553710938] [0:1484.6839599609375] [0:6930] [0:356.41162109375] [0:435.11480712890625] [2.3299999237060547:48.46484375] [-7.6100001335144043:32.610000610351562] [3.3942859172821045:46.181095123291016] [1.0200004577636719:23.680000305175781] [-0.9999994220246925:0.99998555065071859] [-0.99997919295908233:0.9999907524084426]
tree_sizes=3604 3746 3760 3757 3756 3738 3755 3752 3753 3748 3751 3775 3756 3738 3759 3753 3738 3769 3769 3751 3753 3753 3742 3729 3736 3738 3740 3745 3704 3709 3751 3751 3701 3742 3729 3757 3723 3749 3720 3711 3725 3713 3737 3675 3747

Tree=0
num_leaves=31
num_cat=0
split_feature=2 11 11 10 2 3 9 9 7 9 2 11 3 11 9 10 7 11 3 8 11 10 3 11 8 8 2 9 8 4
split_gain=4.58435e+07 5.96086e+06 4.78569e+06 2.33824e+06 2.27035e+06 1.26976e+06 1.08936e+06 935622 467229 435084 423357 390361 339686 320751 265883 253228 248700 240145 188485 187220 172005 171332 166003 155350 202872 153113 147607 124613 118972 112490
threshold=3.4712190628051762 -0.20180761162458913 -0.21862536810265826 0.54219432480460406 36.136514663696296 11.500000000000002 10.484718799591066 12.608390808105471 19.650196075439457 11.519999027252199 109.74516677856447 0.84199059757024453 16.500000000000004 0.47369649395226454 12.799999713897707 0.46800856592688472 21.490250587463382 -0.85225707553516283 31.500000000000004 31.540000915527347 -0.72694848937061807 0.61237135649459018 12.500000000000002 0.18281312110578132 19.211283683776859 19.211283683776859 25.692635536193851 11.787460803985597 33.277143478393562 1.0000000180025095e-35
decision_type=2 2 2 2 2 2 10 10 10 10 2 2 2 2 8 2 8 2 2 10 2 2 2 2 10 8 2 10 10 10
left_child=2 4 3 8 7 9 11 16 -1 13 20 26 14 -4 -5 27 -2 -9 -7 23 -6 29 -10 -17 -25 -11 -3 -8 -23 -18
right_child=1 6 5 12 10 18 15 17 22 25 -12 -13 -14 -15 -16 19 21 -19 -20 -21 -22 28 -24 24 -26 -27 -28 -29 -30 -31
leaf_value=1.0092464920139979 1.1297419961769239 1.1078129012231697 1.0828807461584373 1.0741892864576066 1.2094664380746054 0.95326354264489421 1.0491930709616741 1.1314663369707061 1.127208024690832 1.0437719852942715 1.2326407309028182 1.0308866007638373 0.94935531372401938 0.9933544950414166 0.9896740180705802 1.1372288743662369 1.154076773174515 1.0485269787977565 0.9257588521955763 1.0051015546342743 1.1837043708170603 1.178214620166778 1.0774799223081046 1.1277268505759315 1.0307443584305753 0.97128650710134645 1.147788157063105 0.98830370129236766 1.0885373923804884 1.1833519945028255
leaf_weight=462029.96226030588 1536440.0845559239 1478277.1943932772 878421.76789909601 558793.97259825468 7981535.3109545708 4349699.6936072111 576253.37908548117 576674.20968085527 2916721.7011390328 323784.5715700388 6650803.3147667646 415550.46782064438 1273416.2824274898 735076.17532712221 1114966.1423454881 432769.69121211767 1652715.809903264 884632.04506212473 5832210.4352527857 343622.25630199909 3837860.4541548491 240202.83636212349 871985.9555696249 332907.53713023663 612597.14560133219 2914738.9211552739 2462092.6258323193 806537.37254339457 385144.10967242718 6376988.4488236308
leaf_count=391508 768794 833043 558079 368999 2161326 4387017 422008 285689 1480734 242172 1357134 326227 1298673 656518 1007626 207216 711158 649540 6344189 295275 1323977 86662 567552 168510 481169 2788468 1104017 732073 238416 2206391
internal_value=1.1035 1.17083 0.989674 1.05673 1.19065 0.957571 1.09081 1.15609 1.10419 0.99967 1.21246 1.12307 0.988277 1.04209 1.01789 1.04555 1.16682 1.08126 0.937509 1.07114 1.2011 1.1734 1.11576 1.0876 1.06489 0.978534 1.13279 1.01368 1.12298 1.17733
internal_weight=5.98154e+07 3.75836e+07 2.22318e+07 7.19791e+06 3.0123e+07 1.50339e+07 7.46061e+06 1.16528e+07 4.25074e+06 4.85202e+06 1.84702e+07 4.35592e+06 2.94718e+06 1.6135e+06 1.67376e+06 3.10469e+06 1.01915e+07 1.46131e+06 1.01819e+07 1.7219e+06 1.18194e+07 8.65505e+06 3.78871e+06 1.37827e+06 945505 3.23852e+06 3.94037e+06 1.38279e+06 625347 8.0297e+06
internal_count=34450160 14358625 20091535 5115092 9789087 14976443 4569538 4946650 2439794 4245237 4842437 2263287 2675298 1214597 1376625 2306251 4011421 935229 10731206 1152170 3485303 3242627 2048286 856895 649679 3030640 1937060 1154081 325078 2917549
is_linear=0
shrinkage=1


Tree=1
num_leaves=31
num_cat=0
split_feature=2 11 11 10 2 9 3 9 2 9 7 3 11 8 11 9 2 7 9 11 11 3 10 11 10 8 11 2 8 7
split_gain=3.86477e+07 5.26997e+06 4.07338e+06 2.15865e+06 2.12297e+06 998358 971848 756424 468370 431507 404192 345699 327606 303210 252421 232488 230627 229655 177786 167230 149789 147763 146532 132539 123603 165127 119823 119650 103199 93412.6
threshold=2.8428689241409306 -0.21862536810265826 -0.048362832084465616 0.55656748448714433 30.781850814819339 10.123434066772463 21.500000000000004 12.999998569488527 102.14747238159181 11.787460803985597 19.486653327941898 16.500000000000004 0.84199059757024453 19.805377960205082 0.47369649395226454 13.280001640319826 22.018215179443363 20.060028076171879 10.170001029968263 -0.85225707553516283 0.18281312110578132 12.500000000000002 0.12545942051955489 -0.78324956448884031 0.54219432480460406 33.924226760864265 -0.73865259438682551 19.815279006958011 17.080183029174808 22.250313758850101
decision_type=2 2 2 2 2 10 2 10 2 10 10 2 2 8 2 10 2 8 10 2 2 2 2 2 2 10 2 2 10 8
left_child=2 4 3 10 7 12 9 17 18 14 -1 15 27 -11 -4 -5 20 -2 26 -9 -7 -12 -18 -10 29 -26 -6 -3 -22 -19
right_child=1 5 6 11 8 16 -8 19 23 13 21 -13 -14 -15 -16 -17 22 24 -20 -21 28 -23 -24 -25 25 -27 -28 -29 -30 -31
leaf_value=-0.093662324826199669 0.00084434368450427922 0.002052195827781537 -0.032311656139449328 -0.038204311933245978 0.099544200840175359 -0.034946568805192944 -0.17100543522582989 0.017129440071388915 0.1288593310499416 -0.056300211906795732 0.015867028080282352 -0.14710339165608419 -0.067046076566108101 -0.14155468167766014 -0.10755496539123173 -0.11196864056714183 -0.060031112063576877 0.032941595814536942 0.054877894001620957 -0.059727245966450251 -0.025223459813374163 -0.029278756810311526 0.0092925268305023047 0.098867988897073211 0.065727735733183634 -0.017496103103989497 0.07725006748539541 0.040682737451501971 -0.099092765403059169 0.066481064429109296
leaf_weight=468578.84743499756 771250.49015772343 1136491.8437545896 784984.02693402767 708662.05219662189 7106152.7798714638 804105.24100285769 6617425.6675587893 451707.31564414501 4937583.433855772 465117.76068580151 2919545.0944054127 1561774.9292425513 388405.70819932222 4046427.4346019626 1031997.3870149851 1076080.7434700131 492866.61934787035 951998.20933556557 1467708.5774116516 758489.06833022833 221400.67221742868 964497.71164178848 799530.9988142252 2100298.3816254735 475067.49749439955 478583.7326566577 3648591.146225214 2722335.7080950141 1297277.526835382 6501916.3476858139
leaf_count=416091 438271 646972 540158 499139 1953543 559484 7704216 234793 949478 359767 1537789 1689086 309998 4269582 971920 1025109 381380 447374 589172 584357 146809 650124 445337 575034 179870 301234 1239748 1223583 1166223 2414519
internal_value=-7.18183e-05 0.0604046 -0.109956 -0.0523574 0.0797061 -0.0123817 -0.144211 0.0432719 0.0993587 -0.116194 -0.00592815 -0.112745 0.0204941 -0.132765 -0.0750479 -0.0826793 -0.0510054 0.0530698 0.0875254 -0.0310404 -0.0698455 0.00465628 -0.0171446 0.119909 0.0578606 0.0239624 0.0919808 0.0293054 -0.0883237 0.0621975
internal_weight=5.81569e+07 3.75118e+07 2.06451e+07 7.69914e+06 2.96493e+07 7.86241e+06 1.2946e+07 1.0389e+07 1.92603e+07 6.32853e+06 4.35262e+06 3.34652e+06 4.24723e+06 4.51155e+06 1.81698e+06 1.78474e+06 3.61518e+06 9.17882e+06 1.22225e+07 1.2102e+06 2.32278e+06 3.88404e+06 1.2924e+06 7.03788e+06 8.40757e+06 953651 1.07547e+07 3.85883e+06 1.51868e+06 7.45391e+06
internal_count=34450160 14787179 19662981 5817338 9907393 4879786 13845643 4600418 5306975 6141427 2604004 3213334 2180553 4629349 1512078 1524248 2699233 3781268 3782463 819150 1872516 2187913 826717 1524512 3342997 481104 3193291 1870555 1313032 2861893
is_linear=0
shrinkage=0.1


Tree=2
num_leaves=31
num_cat=0
split_feature=2 11 11 2 10 3 9 9 9 2 7 11 3 8 10 11 7 11 8 2 9 11 3 2 11 8 4 9 10 11
split_gain=3.25184e+07 4.62741e+06 3.45186e+06 1.99301e+06 1.76289e+06 939861 859602 840273 377685 333281 327044 312200 291772 280495 232704 229382 221111 202263 175922 175333 173382 170417 153153 137821 130791 155986 129369 100179 96678.5 92408.9
threshold=2.2681553363800053 -0.20180761162458913 -0.048362832084465616 42.326393127441413 0.59868201182722736 21.500000000000004 10.759998798370363 12.150000095367433 11.787460803985597 149.03302764892581 19.040272712707523 0.84199059757024453 16.500000000000004 19.211283683776859 0.46800856592688472 -0.85225707553516283 19.73261642456055 0.47369649395226454 32.145544052124031 15.029420375823976 13.609496116638185 -0.72694848937061807 270.00000000000006 37.383714675903327 0.18281312110578132 19.211283683776859 1.0000000180025095e-35 12.900000095367433 0.46800856592688472 0.48877522411129348
decision_type=2 2 2 2 2 2 10 10 10 2 8 2 2 10 2 2 8 2 10 2 10 2 2 2 2 10 10 10 2 2
left_child=2 3 4 7 10 8 11 16 17 21 -1 23 20 -10 27 -9 -2 -4 24 -18 -6 -5 26 29 -16 -26 -12 -8 -15 -3
right_child=1 6 5 9 12 -7 14 15 13 -11 22 -13 -14 28 18 -17 19 -19 -20 -21 -22 -23 -24 -25 25 -27 -28 -29 -30 -31
leaf_value=-0.10622333723015548 -0.00013345420203670578 0.015003770137580322 -0.030543599534337981 0.096016861909928183 -0.041699680995460356 -0.16605689147233613 -0.06367301438026042 0.024509113745234175 -0.046591054138158401 0.12190691116491628 -0.012818820750350544 -0.064727641940230424 -0.14329219365894916 -0.14785578595726961 0.028509394370751423 -0.04295075307321005 0.042031208354589927 -0.10051638666443818 -0.097184713954083596 0.068043741370244437 -0.10954587830847991 0.070612512303424843 -0.1814717447082797 0.040324319843965388 0.020179142164889516 -0.063632966680239711 0.025622676221801002 -0.11924020917074026 -0.11537053672483702 -0.033905078279450385
leaf_weight=322932.40981137753 696438.71041440964 1762123.1076155901 730839.51022237539 8337798.5736740232 662718.05631566048 6157258.8475022912 797781.14401519299 868156.66178864241 400357.73774904013 3793798.8533386588 2489737.6460743546 469145.42904675007 1407756.083557725 2245188.9966970086 450120.25115787983 1201790.6014510393 4225977.8142183423 950190.83359926939 329832.9701564312 6698242.7918817401 872631.84105145931 3864410.0739552379 46711.554451167583 2001972.2049847841 329534.32124614716 680886.79527497292 1350207.0882673264 546826.25381630659 1547626.9367185831 494785.13180327415
leaf_count=313748 395168 933306 507655 2246436 486557 7704216 653390 424876 305758 754033 1549693 384181 1620842 2589426 222502 880128 1824905 923005 305212 2374654 872436 1325004 54012 886610 170837 558704 676288 554346 1617253 334979
internal_value=-0.000131853 0.0539825 -0.106051 0.0720493 -0.0510365 -0.138757 -0.0142281 0.0440421 -0.110143 0.0960199 -0.00952572 0.0126954 -0.11041 -0.126197 -0.0548329 -0.0146574 0.0544981 -0.0700952 -0.0312221 0.0579809 -0.0802608 0.0879714 -0.00149136 0.0212241 -0.0163258 -0.0362989 0.000698036 -0.0862711 -0.1346 0.00428142
internal_weight=5.67338e+07 3.75496e+07 1.91842e+07 2.96866e+07 7.15269e+06 1.20315e+07 7.86301e+06 1.36906e+07 5.8742e+06 1.5996e+07 4.20959e+06 4.72803e+06 2.94311e+06 4.19317e+06 3.13498e+06 2.06995e+06 1.16207e+07 1.68103e+06 1.79037e+06 1.09242e+07 1.53535e+06 1.22022e+07 3.88666e+06 4.25888e+06 1.46054e+06 1.01042e+06 3.83994e+06 1.34461e+06 3.79282e+06 2.25691e+06
internal_count=34450160 15229271 19220889 10225204 5573576 13647313 5004067 5899731 5943097 4325473 2593741 2539076 2979835 4512437 2464991 1305004 4594727 1430660 1257255 4199559 1358993 3571440 2279993 2154895 952043 729541 2225981 1207736 4206679 1268285
is_linear=0
shrinkage=0.1


Tree=3
num_leaves=31
num_cat=0
split_feature=2 9 9 11 11 11 11 2 9 3 3 8 11 11 8 7 2 2 3 8 10 11 11 11 11 11 11 9 2 9
split_gain=2.72724e+07 4.05425e+06 2.9944e+06 1.35156e+06 1.30599e+06 1.07265e+06 842605 792376 526033 496565 357306 312882 251732 242018 210915 201028 197431 193043 153608 137874 121197 119125 117017 113650 110590 100764 98286.2 93837.8 91922.1 90112.8
threshold=1.790350139141083 10.02000141143799 12.799999713897707 -0.22700609751797865 0.28313308994381592 0.16587474750015932 -0.73865259438682551 61.342947006225593 13.69999933242798 21.500000000000004 27.500000000000004 19.211283683776859 0.84199059757024453 -0.90161545992537195 19.805377960205082 18.560169219970707 17.201185226440433 188.68995666503909 23.500000000000004 29.584506988525394 0.46800856592688472 -0.78324956448884031 0.85561368268953431 -0.70289845916694649 -0.90892157495189674 -0.91595872546125101 -0.77243990499604276 15.330000400543215 19.815279006958011 10.642842292785646
decision_type=2 10 8 2 2 2 2 2 10 2 2 10 2 2 10 10 2 2 2 10 2 2 2 2 2 2 2 10 2 10
left_child=2 3 4 7 10 8 24 16 13 14 15 -7 28 -3 -8 -1 19 23 -6 -2 -16 -12 -13 -9 -4 -10 -17 -22 -5 -28
right_child=1 5 6 12 18 11 9 17 25 -11 21 22 -14 -15 20 26 -18 -19 -20 -21 27 -23 -24 -25 -26 -27 29 -29 -30 -31
leaf_value=-0.10053246553719608 -0.0010776559457304686 0.051532749562497274 -0.0028751445852430012 0.0020463376153587402 -0.09140047218580083 -0.0021577373030718465 -0.052452822919459935 0.097006049107187325 0.02144036706898203 -0.16208345151115602 -0.038619738393372016 -0.071212435686161091 -0.058869915779077756 0.010279724648069918 -0.14403124929204028 0.018619411894636836 0.068534533387292762 0.12248392026521022 -0.14553178783462936 0.04963941677098329 -0.086910496991721792 -0.12625322508588166 -0.13785211925149959 0.071257086990381607 -0.071844831401831954 -0.050923216045493803 0.0029510192666568165 -0.12806879344145972 0.03482124229004506 -0.040170879000867021
leaf_weight=211148.30200982094 646199.17537498474 2317093.0990510583 376341.25114071369 1240825.3196032047 1542931.4089542031 656072.70476686954 448351.33123606443 6396766.6486456394 226673.90048509836 5655333.6071950197 279910.71276551485 1608202.1524117589 396688.2195854187 3681892.9780541658 1803083.7958833575 1569398.1437565088 8307383.1267938018 2333082.9486875534 793990.29951709509 3143518.9977325797 1024377.1696227789 347931.06799674034 315137.40954762697 2341662.5331489444 608222.38255786896 1273664.1722407937 1176541.2779719234 1206207.3569991589 2757274.6575580835 824012.22006297112
leaf_count=208431 358214 909847 227519 708124 1530107 401701 364224 1614516 112172 7569723 207236 1411467 329099 1990731 2205127 817745 2799459 432815 1018898 1257987 1015168 405913 354992 762602 531056 982674 683418 1379245 1237201 622749
internal_value=-0.000183346 0.0481086 -0.10192 0.0679538 -0.0493559 -0.00616407 -0.133802 0.077598 0.0129686 -0.14238 -0.0173222 -0.06179 0.0171107 0.0262136 -0.117519 -0.00572196 0.059906 0.096929 -0.109792 0.0409915 -0.124752 -0.0871836 -0.0821313 0.090106 -0.0454817 -0.0399904 -0.000114295 -0.109167 0.0246494 -0.0148106
internal_weight=5.55099e+07 3.76421e+07 1.78678e+07 2.75634e+07 6.74586e+06 1.00787e+07 1.11219e+07 2.31686e+07 7.49932e+06 1.01374e+07 4.40894e+06 2.57941e+06 4.39479e+06 5.99899e+06 4.48202e+06 3.7811e+06 1.20971e+07 1.10715e+07 2.33692e+06 3.78972e+06 4.03367e+06 627842 1.92334e+06 8.73843e+06 984564 1.50034e+06 3.56995e+06 2.23058e+06 3.9981e+06 2.00055e+06
internal_count=34450160 15663601 18786559 9500017 5494497 6163584 13292062 7225593 3995424 12533487 2945492 2168160 2274424 2900578 4963764 2332343 4415660 2809933 2549005 1616201 4599540 613149 1766459 2377118 758575 1094846 2123912 2394413 1945325 1306167
is_linear=0
shrinkage=0.1


Tree=4
num_leaves=31
num_cat=0
split_feature=2 3 11 2 7 11 9 9 9 3 2 9 11 11 11 10 8 7 10 11 4 11 8 10 8 8 2 10 8 7
split_gain=2.28584e+07 3.69418e+06 2.73654e+06 1.28067e+06 1.1706e+06 1.05408e+06 567031 500893 484607 401059 251290 230313 218945 212638 186402 180971 180531 157375 148126 141485 132867 132318 126582 119045 114198 111437 110521 108746 103277 98857.7
threshold=4.0337414741516122 11.500000000000002 -0.19337245081799007 47.950311660766609 20.780828475952152 -0.78324956448884031 12.94999933242798 11.889999866485597 10.980000019073488 34.500000000000007 178.99919128417972 14.309998512268068 -0.85225707553516283 0.28313308994381592 0.94636490295939868 0.45273815774107123 19.805377960205082 21.979481697082523 0.54219432480460406 -0.72694848937061807 0.11143608018755914 0.2499757677084001 33.328573226928718 0.79904096188274243 31.540000915527347 32.367830276489265 42.326393127441413 0.42179998225932674 18.616177558898929 22.650074005126957
decision_type=2 2 2 2 8 2 8 10 10 2 2 10 2 2 2 2 8 8 2 2 10 2 8 2 8 10 2 2 10 10
left_child=1 4 3 7 13 25 23 17 14 11 19 21 -8 22 26 -10 -15 -2 -9 -5 -19 -7 -1 -6 -17 -3 29 -27 -13 -4
right_child=2 5 8 10 6 9 12 18 15 -11 -12 28 -14 16 -16 24 -18 20 -20 -21 -22 -23 -24 -25 -26 27 -28 -29 -30 -31
leaf_value=-0.038325609645649017 0.023838918823974126 -0.11548580775412252 -0.013652672748488968 0.084858076543961006 0.013362533573601967 -0.062408334644151554 1.9124082505702738e-05 0.02201877217830981 -0.076795892823560752 -0.15872005975252226 0.11206964407317438 -0.026257928175952478 -0.08970481864658171 -0.047577433594317549 -0.081744095717819362 -0.0077969845831822723 -0.11417474124906511 0.03308067845865869 -0.031831583321837546 0.061054227843280108 0.060782695297022682 -0.11282729917313428 -0.11765569540398624 -0.047542787597181939 -0.080436113648107446 0.014790533732285041 0.034289419147229334 -0.056282932298747368 -0.14262544092683477 0.02732389260694193
leaf_weight=1179590.4081442952 2083866.4570490122 133007.86541682482 1520872.3464754224 7953813.0708209276 3694396.4263378382 827914.34817063808 370320.23540621996 1019688.579690218 977418.91386061907 4696976.2565773726 2547915.0190917253 78869.257384896278 1024022.5276415944 513495.46730434895 203802.47278416157 1181961.5671790838 1963399.2697120309 2273693.1731666923 1023538.3910850883 3639587.7942964435 7258993.3649117947 1401890.0645041466 242487.83133548498 351454.18189781904 264943.73720175028 478232.10744774342 1893470.9714971781 391522.10262745619 2311838.7519908547 960648.33221834898
leaf_count=940799 977115 136999 948067 2159308 1993181 753255 212420 495435 912719 6749869 506254 63730 1036737 421321 188609 760039 2261225 977372 729236 1248146 2544051 1665919 277766 272126 246205 263431 849088 324143 3067989 467606
internal_value=-0.000223122 -0.0864217 0.0484668 0.0625402 -0.0408532 -0.127658 -0.0108811 0.0407023 -0.00740206 -0.138143 0.0836345 -0.117225 -0.0658752 -0.0826731 0.0117391 -0.0435538 -0.100368 0.0487334 -0.00495714 0.0773852 0.0541753 -0.094107 -0.0518527 0.00807182 -0.021098 -0.0302397 0.0160939 -0.0172034 -0.138786 0.00221021
internal_weight=5.44636e+07 1.96594e+07 3.48042e+07 2.78011e+07 9.33917e+06 1.03203e+07 5.44019e+06 1.36598e+07 7.00312e+06 9.31749e+06 1.41413e+07 4.62051e+06 1.39434e+06 3.89897e+06 4.57879e+06 2.42432e+06 2.47689e+06 1.16166e+07 2.04323e+06 1.15934e+07 9.53269e+06 2.2298e+06 1.42208e+06 4.04585e+06 1.44691e+06 1.00276e+06 4.37499e+06 869754 2.39071e+06 2.48152e+06
internal_count=34450160 20440910 14009250 9636917 7415575 13025335 3514464 5723209 4372333 12300762 3913708 5550893 1249157 3901111 2453370 1918963 2682546 4498538 1224671 3407454 3521423 2419174 1218565 2265307 1006244 724573 2264761 587574 3131719 1415673
is_linear=0
shrinkage=0.1


Tree=5
num_leaves=31
num_cat=0
split_feature=2 9 9 7 11 11 3 2 9 11 8 3 11 8 11 2 11 3 7 2 11 7 10 11 11 2 3 2 11 8
split_gain=1.91117e+07 3.17638e+06 2.17364e+06 933071 925867 903073 580770 574025 448794 329085 291030 286761 265418 231658 193500 169185 158199 139492 138059 137050 130508 127616 126518 125326 114460 92674.4 81135.4 78493.8 79349.5 78352
threshold=1.0645016431808474 9.7543802261352557 13.096703529357912 19.73261642456055 -0.49065906150552346 0.18281312110578132 31.500000000000004 69.095954895019545 13.740786075592043 -0.6523320455745395 17.882857322692875 18.500000000000004 0.04621408538533487 19.805377960205082 -0.90161545992537195 19.815279006958011 -0.78324956448884031 23.500000000000004 22.140053749084476 215.81109619140628 -0.75013812021657655 22.250313758850101 0.51297097409535064 0.85561368268953431 -0.59867820553660911 15.029420375823976 154.50000000000003 61.342947006225593 0.7254836971458194 31.220000267028812
decision_type=2 10 8 10 2 2 2 2 8 2 10 2 2 10 2 2 2 2 10 2 2 10 2 2 2 2 2 2 2 10
left_child=2 4 3 17 7 8 9 15 14 -4 -7 24 -6 -11 -3 21 -13 -1 27 -9 -8 -2 -15 -12 -5 -16 -18 28 -14 -24
right_child=1 5 6 11 12 10 20 19 -10 13 23 16 18 22 25 -17 26 -19 -20 -21 -22 -23 29 -25 -26 -27 -28 -29 -30 -31
leaf_value=-0.084991340513304245 -0.00042502336432636499 0.042159430493877631 -0.041293917912083949 0.012665563532908758 0.0403889279794621 0.0060989156968176477 -0.069339838055093597 0.082293479774547665 -0.036939571571639428 -0.04350406589504982 -0.060408932460156044 -0.014772960222829238 -0.012351063589581894 -0.13732053583708509 -0.006948317568548374 0.062399233300026738 -0.081598992889685404 -0.14020399707732387 0.02887613003058789 0.11509460140467272 -0.1570038062867794 0.04561403707864381 -0.076031446091796795 -0.12324069159194882 -0.024986928129232245 0.021797567307967815 -0.18496533380768387 0.022312585886635233 -0.067803993394911305 -0.11658373042714337
leaf_weight=1310388.3181929588 766230.88401901722 2736624.1247608662 754465.61223119497 1553764.0887135267 4643308.38707757 622020.9961784482 177838.2967338562 6892608.0638448 1626762.9816239476 439885.14417302608 1826326.9125314355 387850.63595718145 690587.8570587635 2074448.5578348637 2093437.4459495544 7135501.3428655863 620905.98384016752 703107.53604161739 953023.71723264456 1562574.4515547752 3767871.7857108712 2810346.4598835707 729607.61760616302 384246.82773840427 1680640.1895462871 2415683.9558856487 86517.954583704472 333237.04055184126 411988.10361081362 1373163.8624410033
leaf_count=1395625 417759 1092145 616333 833288 1878420 373277 166272 1825665 1235244 377883 1632438 262777 417156 2879232 1271864 2337667 703997 1021699 451292 281992 5848947 1099804 798377 460127 1225636 1165660 136579 160066 360996 1721943
internal_value=-0.000253365 0.0381409 -0.0931826 -0.04803 0.0574901 -0.00516825 -0.123922 0.0688766 0.0105261 -0.102525 -0.0543275 -0.0218752 0.0264541 -0.11253 0.0211827 0.0535018 -0.0661002 -0.104271 -0.000631653 0.0883553 -0.153053 0.0357508 -0.119799 -0.0713305 -0.00689918 0.00845179 -0.0942407 -0.0202175 -0.0330716 -0.102513
internal_weight=5.3565e+07 3.79045e+07 1.56605e+07 6.34317e+06 2.61994e+07 1.17051e+07 9.31728e+06 1.91673e+07 8.87251e+06 5.37157e+06 2.83259e+06 4.32968e+06 7.03215e+06 4.61711e+06 7.24575e+06 1.07121e+07 1.09527e+06 2.0135e+06 2.38884e+06 8.45518e+06 3.94571e+06 3.57658e+06 4.17722e+06 2.21057e+06 3.2344e+06 4.50912e+06 707424 1.43581e+06 1.10258e+06 2.10277e+06
internal_count=34450160 16461572 17988588 5579601 9230817 7230755 12408987 5962887 4764913 6393768 2465842 3162277 3267930 5777435 3529669 3855230 1103353 2417324 1389510 2107657 6015219 1517563 5399552 2092565 2058924 2437524 840576 938218 778152 2520320
is_linear=0
shrinkage=0.1


Tree=6
num_leaves=31
num_cat=0
split_feature=2 2 11 7 11 10 3 10 2 11 9 4 3 7 5 8 6 9 7 10 3 0 4 8 8 11 9 7 2 8
split_gain=1.593e+07 2.93221e+06 1.76565e+06 1.03215e+06 873384 787530 646644 525989 348004 306575 219503 182599 179576 153938 143878 140294 138709 129131 122223 117995 115760 106214 101846 97200.9 94366 86982.5 83802.1 80940.9 79527.1 74509.1
threshold=0.63130483031272899 22.018215179443363 -0.031174269516803289 21.210034370422367 -0.49065906150552346 0.52766072109828632 21.500000000000004 0.61237135649459018 89.676486968994155 0.18281312110578132 14.219999790191652 0.022948059253394607 31.500000000000004 18.470034599304203 1.0000000180025095e-35 33.48430252075196 23.120876312255863 14.34999990463257 19.130130767822269 0.46800856592688472 344.50000000000006 5.4982190132141122 0.7684912681579591 20.790689468383793 33.48430252075196 0.28313308994381592 14.647208213806154 17.211653709411625 260.54122924804693 19.805377960205082
decision_type=2 2 2 8 2 2 2 2 2 2 10 8 2 8 10 10 8 10 8 2 2 2 8 10 8 2 8 10 2 8
left_child=2 3 5 9 8 13 10 14 18 24 25 -6 17 -1 -5 -9 -12 -7 -3 -11 -15 -10 -20 -21 27 -4 -8 -2 -23 -27
right_child=1 4 6 7 11 12 26 15 21 19 16 -13 -14 20 -16 -17 -18 -19 22 23 -22 28 -24 -25 -26 29 -28 -29 -30 -31
leaf_value=-0.10116129581850686 -0.034130063285868838 -0.0088541565138617936 -0.035701650385709015 0.0071460006460595518 -0.0071165563781427424 -0.03752251864442676 -0.12536467109318233 0.021001850754637119 0.065249269662153345 -0.084392893762796781 -0.050798772910459568 0.032771876469178118 -0.12124005501325769 0.00078260895873918891 0.036126285996763867 -0.054153341709697683 -0.12562410575653635 -0.093932593001591305 0.039435317883924091 0.0038793614748329009 -0.19909073472599151 0.086492778913622351 0.062683407105143835 -0.059632581187664457 -0.07531351759766855 -0.036538728094835771 -0.15243461935770586 0.0060351487342066041 0.11971401092391959 -0.089147099741534286
leaf_weight=164616.7859107852 769820.41868036985 287771.25623679161 605840.84383660555 2489388.4579110146 1471967.7227023244 831341.12490284443 1872429.9437232614 316466.69316536188 1982893.2082187533 1336324.3943411708 293239.75762921572 5208560.3788604736 875664.25826561451 2583335.0130821466 5493837.3156774044 1154520.8352892995 1596897.4809256792 792791.11811953783 2465105.7211640477 343096.84864330292 29305.459817945957 3725002.6603083611 7998958.7331588864 809520.56008696556 229567.28089129925 329591.47437441349 2938114.0299530029 1440693.5221114159 893406.86602389812 1469637.4532626867
leaf_count=189042 571054 156395 513176 1319210 894855 694733 2804536 159524 572297 1395342 285171 2258312 1246904 1539140 2328003 954741 2228387 949373 938622 210841 44404 900116 2524688 759659 217931 286195 4858147 804216 143961 1701185
internal_value=-0.000274378 0.0333344 -0.0900445 -0.00237787 0.0547069 -0.0440197 -0.116717 0.0169645 0.0665348 -0.039478 -0.0885153 0.023983 -0.0847383 -0.00736898 0.0270894 -0.0379845 -0.114016 -0.0650581 0.0554386 -0.0641715 -0.00145933 0.0846078 0.0572067 -0.0407271 -0.01429 -0.0684746 -0.141898 -0.00795255 0.0929193 -0.07951
internal_weight=5.27997e+07 3.84169e+07 1.43828e+07 1.43832e+07 2.40337e+07 5.27705e+06 9.10575e+06 9.45421e+06 1.73531e+07 4.92902e+06 4.29521e+06 6.68053e+06 2.4998e+06 2.77726e+06 7.98323e+06 1.47099e+06 1.89014e+06 1.62413e+06 1.07518e+07 2.48894e+06 2.61264e+06 6.6013e+06 1.04641e+07 1.15262e+06 2.44008e+06 2.40507e+06 4.81054e+06 2.21051e+06 4.61841e+06 1.79923e+06
internal_count=34450160 17109767 17340393 8720521 8389246 4663596 12676797 4761478 5236079 3959043 5014114 3153167 2891010 1772586 3647213 1114265 2513558 1644106 3619705 2365842 1583544 1616374 3463310 970500 1593201 2500556 7662683 1375270 1044077 1987380
is_linear=0
shrinkage=0.1


Tree=7
num_leaves=31
num_cat=0
split_feature=3 2 9 7 11 7 3 10 2 11 8 8 3 7 11 3 11 11 4 11 9 4 11 10 3 2 8 11 7 2
split_gain=1.32759e+07 2.35331e+06 1.82219e+06 915568 627238 625317 506830 434230 277842 216338 251944 191134 185697 168546 164639 133050 122047 116157 108285 106919 98338.1 94065.5 86879.1 85737.3 85711.8 80794.4 80630.5 78461.4 72388.7 71028.7
threshold=4.5000000000000009 25.287858009338382 13.096703529357912 19.900044441223148 -0.49065906150552346 19.650196075439457 31.500000000000004 0.69056404122701587 129.38776397705081 0.04621408538533487 22.226320266723636 32.782857894897468 18.500000000000004 22.748162269592289 0.88117331841669433 23.500000000000004 -0.75013812021657655 -0.78324956448884031 1.3894155621528628 0.04621408538533487 15.373739242553713 1.0000000180025095e-35 0.11478523713130605 0.52766072109828632 160.50000000000003 6.6443669795989999 30.227694511413578 -0.54940789553007929 5.150853395462037 83.068527221679702
decision_type=2 2 8 8 2 10 2 2 2 2 10 10 2 10 2 2 2 2 8 2 10 10 2 2 2 2 8 2 8 2
left_child=1 3 5 14 8 15 9 13 18 20 -11 -9 27 22 25 -2 -8 -14 -3 -6 -4 -15 -5 -12 -19 -1 -25 -7 -16 -21
right_child=2 4 6 7 19 12 16 11 -10 10 23 -13 17 21 28 -17 -18 24 -20 29 -22 -23 -24 26 -26 -27 -28 -29 -30 -31
leaf_value=-0.047844447839659299 -0.068686337512452567 0.038945986008294943 -0.040858602770507353 0.011305804890309338 0.033975581445729715 0.0091544562294082581 -0.058024932844022804 0.030855398557610037 0.085644694176322061 -0.04632496952274559 -0.13241247816048396 -0.053141299073663731 -0.010861392867992722 0.012731154319144303 -0.039189326902538228 -0.12560036148182344 -0.14414846741221074 -0.067371401910392176 0.06030607367092207 -0.0052292388155239572 -0.089570669690652943 0.038300652890849544 -0.032362099968553312 -0.065485590838248772 -0.18304748499066603 -0.016722963164500997 -0.12144303697478172 -0.022070504008589328 -0.11245782993620877 0.036475678268868578
leaf_weight=1623493.9024442434 1153496.0363227725 3191368.2217975259 979711.79598534107 1987065.0743380189 3986448.1753976345 1593699.9741092324 173004.86213797331 350973.256772995 3825289.9122974873 592051.94852852821 1664750.3636199832 1187445.4404785037 386024.07407546043 1999616.7513468266 201051.52149313688 637896.89998143911 3364612.4447262883 611731.850908041 9259230.3822894096 1517826.2998082638 718257.02559822798 5129502.2765961289 591149.82661306858 475586.61750340462 71546.840892583132 1715784.1856316924 561554.65429139137 1625552.0955789685 409492.09712177515 558693.05063843727
leaf_count=1469494 1240086 1174662 886681 1002833 1628727 847667 166272 168892 869252 575349 2588205 1022405 263075 1014368 172119 1012098 5848947 721381 2840110 911340 867513 2087054 453858 543630 130795 1173747 810406 1188840 521759 248595
internal_value=-0.000285459 0.0311944 -0.0811629 0.000834745 0.0518459 -0.0393325 -0.11098 0.015382 0.0620731 -0.0904595 -0.105406 -0.0339784 -0.0186053 0.0232046 -0.0405836 -0.0889528 -0.139937 -0.0547108 0.054831 0.0243913 -0.0614643 0.0311288 0.00129334 -0.118352 -0.079484 -0.0318536 -0.0957835 -0.0066125 -0.0883306 0.00599158
internal_weight=5.21439e+07 3.75344e+07 1.46095e+07 1.51956e+07 2.23389e+07 6.07995e+06 8.52953e+06 1.12458e+07 1.62759e+07 4.99191e+06 3.29394e+06 1.53842e+06 4.28855e+06 9.70733e+06 3.94982e+06 1.79139e+06 3.53762e+06 1.0693e+06 1.24506e+07 6.06297e+06 1.69797e+06 7.12912e+06 2.57821e+06 2.70189e+06 683279 3.33928e+06 1.03714e+06 3.21925e+06 610544 2.07652e+06
internal_count=34450160 16759215 17690945 9086529 7672686 5403942 12287003 5749410 4884024 6271784 4517590 1191297 3151758 4558113 3337119 2252184 6015219 1115251 4014772 2788662 1754194 3101422 1456691 3942241 852176 2643241 1354036 2036507 693878 1159935
is_linear=0
shrinkage=0.1


Tree=8
num_leaves=31
num_cat=0
split_feature=2 9 9 2 11 11 11 3 11 9 3 11 6 8 2 11 8 4 3 7 10 11 8 10 7 7 10 8 10 9
split_gain=1.10359e+07 2.24062e+06 1.27693e+06 799771 599275 466872 455252 355422 288758 216546 152457 140086 152242 140076 125599 124524 143229 123369 115138 107961 101648 97387.4 91903.8 87839.8 87126.8 85920 82521.4 112581 80590.9 73200.5
threshold=0.28370586037635809 10.759998798370363 13.740786075592043 51.056098937988288 0.28313308994381592 0.11478523713130605 -0.85225707553516283 31.500000000000004 -0.78324956448884031 14.309998512268068 77.500000000000014 -0.72694848937061807 23.120876312255863 27.981488227844242 215.81109619140628 0.18281312110578132 19.211283683776859 0.70172414183616649 23.500000000000004 22.60003757476807 0.55656748448714433 -0.8142754349318998 35.532857894897468 -0.12546116083924153 17.310421943664554 17.410214424133304 0.46800856592688472 32.831430435180671 -0.97876850416056738 10.920000553131105
decision_type=2 10 8 2 2 2 2 2 2 10 2 2 10 8 2 2 10 10 2 10 2 2 8 2 8 10 2 8 2 10
left_child=2 3 4 5 10 13 24 11 14 15 25 -4 -13 -2 -5 22 -17 -15 -6 -7 -14 -12 28 -9 -3 -1 -11 -28 -8 -27
right_child=1 6 7 8 18 19 9 23 -10 26 21 12 20 17 -16 16 -18 -19 -20 -21 -22 -23 -24 -25 -26 29 27 -29 -30 -31
leaf_value=-0.090457092526183044 -0.01352476442755419 -0.060452178314719787 -0.032252258124511213 0.064306840758253853 -0.067069320108548144 -0.032843502393674964 -0.033682260681225464 -0.16255423743821606 0.040407884940517586 -0.10089531792060941 -0.026439462532493865 -0.044959981457113246 -0.12510977108704022 0.020944619173033481 0.09953861915532336 0.004070801842532246 -0.058071172829368314 0.040853522681839061 -0.11134769092484907 0.020577265058699168 -0.087550683897168247 -0.12896186190971479 -0.033319672717242538 -0.12505298190647957 0.024216649735220638 0.0047685131823869903 -0.024472620207897523 -0.07827577268602276 0.015394902160764693 -0.026443693880789643
leaf_weight=139026.62014499307 675902.26923960447 128270.26475244761 379157.02015960217 6724317.3269650936 1422391.7503296137 1575846.0264530778 421677.34136247635 875261.627456218 5918792.0692788363 375148.74877613783 173297.38372546434 492673.92994356155 1352066.6739828587 5074247.8273441195 1191086.4028507471 524424.95288407803 1266991.9403741956 8050807.7965356112 1000236.5190887153 497817.03350168467 1542712.4696367681 199108.65501150489 885084.65336555243 2180939.1874867082 2314892.7858346105 1582620.2551729679 863863.47831583023 707364.62341105938 1620340.4624723792 1430605.2433377206
leaf_count=168641 382735 98568 315363 1845198 1623872 1209767 324708 1732173 2147142 473382 131343 504329 2207146 2290507 218358 332031 1280916 3013046 1622821 251052 2055294 327130 649813 3790739 1029203 951509 693886 738294 872882 1168312
internal_value=-0.000292273 0.0262367 -0.0809316 0.0395395 -0.0470621 0.0242228 -0.0171547 -0.110455 0.0571153 -0.0306908 -0.020745 -0.0898956 -0.0963476 0.0308704 0.0696084 -0.019114 -0.0398795 0.0331566 -0.0853506 -0.020019 -0.105093 -0.0812535 -0.00640524 -0.135793 0.0197714 -0.0135965 -0.058756 -0.0486947 0.00526045 -0.0100503
internal_weight=5.1587e+07 3.88169e+07 1.27701e+07 2.97088e+07 5.94729e+06 1.58746e+07 9.10806e+06 6.82281e+06 1.38342e+07 6.6649e+06 3.52466e+06 3.76661e+06 3.38745e+06 1.3801e+07 7.9154e+06 4.71852e+06 1.79142e+06 1.31251e+07 2.42263e+06 2.07366e+06 2.89478e+06 372406 2.9271e+06 3.0562e+06 2.44316e+06 3.15225e+06 1.94638e+06 1.57123e+06 2.04202e+06 3.01323e+06
internal_count=34450160 17851488 16598672 11357805 5993628 7147107 6493683 10605044 4210698 5365912 2746935 5082132 4766769 5686288 2063556 3460350 1612947 5303553 3246693 1460819 4262440 458473 1847403 5522912 1127771 2288462 1905562 1432180 1197590 2119821
is_linear=0
shrinkage=0.1


Tree=9
num_leaves=31
num_cat=0
split_feature=3 2 7 11 11 3 9 10 2 9 3 8 7 7 0 8 10 11 8 9 9 8 11 7 11 10 2 3 11 9
split_gain=9.16567e+06 2.1848e+06 895333 679181 597457 400955 368586 362193 262927 145455 142337 121929 112683 108461 98741.4 91006.3 91998.8 88574.5 85156.7 85081.1 83456.6 81034.8 118881 79446 120583 78204.4 75315.3 72476.9 64059.3 60035.9
threshold=7.5000000000000009 17.201185226440433 21.740029335021976 0.16587474750015932 -0.49065906150552346 23.500000000000004 13.280001640319826 0.52766072109828632 83.068527221679702 16.009999275207523 1.5000000000000002 28.918571472167972 22.500025749206547 19.486653327941898 2.5867496728897099 22.794077873229984 0.21022171450811275 -0.21022037796396451 34.584287643432624 9.5000782012939471 13.960000514984133 17.882857322692875 0.95936279103287792 7.4421160221099862 0.28313308994381592 0.45273815774107123 260.54122924804693 452.00000000000006 0.04621408538533487 15.870000362396242
decision_type=2 2 10 2 2 2 10 2 2 10 2 8 10 8 2 8 2 2 10 8 8 8 2 10 2 2 2 2 2 10
left_child=1 3 5 6 8 9 11 17 13 23 28 -1 21 -3 -10 -7 -17 27 -15 -13 -9 -5 -23 -2 -25 -20 -16 -4 -6 -8
right_child=2 4 7 12 10 15 29 20 14 -11 -12 19 -14 18 26 16 -18 -19 25 -21 -22 22 -24 24 -26 -27 -28 -29 -30 -31
leaf_value=-0.024765718396246087 -0.026722619765697838 -0.0096273906421903421 0.0047540781056158382 -0.016402724775151239 0.029595784509945447 -0.077603141719444241 -0.025950844130886736 -0.050703598204367831 0.042545387699340687 -0.11314045373014564 -0.012584746254464289 0.026167580168705726 0.010208873599241141 0.046028422424140847 0.065773851087476062 -0.14457126001566298 -0.11249528197411628 -0.050733806076448701 0.033375141082958859 0.0057868371534964503 -0.093251631578065819 -0.051479716947833598 -0.11662459722788594 -0.035047133981918506 -0.088549198984659253 -0.01466517119791899 0.097976861430345633 -0.19888045608538182 0.0076229556458195461 -0.066594444909163039
leaf_weight=825235.31118398905 462811.31564036012 428343.00847351551 1395833.6501974761 535180.44283246994 4029278.6582120061 392821.0577249825 1487217.2161908746 899886.25371152163 1581910.4432504177 799391.43280771375 1446188.6610271931 3935063.3149186969 318917.6918656528 8678463.6837674379 4494459.0204748511 1763733.8422060013 1813661.5734033883 407085.89826354384 1637121.9815029502 4271957.7630563974 945232.6484990716 2458561.6983655989 316145.60008472204 599193.70489031076 1418536.7257705331 427304.97194290161 866230.64063215256 17699.821951031685 1978236.0121341944 480970.84430888295
leaf_count=552270 430951 232953 827431 406008 1641832 611927 1195209 980519 489727 1270392 921002 1708535 188177 2869665 1160246 3485002 3213128 410394 605586 2320236 1397439 2496712 449738 596607 1970684 242506 153516 30431 1088560 502777
internal_value=-0.000292123 0.0217753 -0.0815534 -0.0090455 0.0394104 -0.101918 0.00332988 -0.0412766 0.0492163 -0.0760446 0.0155801 0.0118746 -0.0465605 0.0397185 0.0644991 -0.123292 -0.128309 -0.00963258 0.041686 0.0155589 -0.0725005 -0.0520304 -0.0589022 -0.06409 -0.072661 0.0234315 0.0709775 0.00220423 0.0223603 -0.035883
internal_weight=5.11127e+07 4.01968e+07 1.09159e+07 1.46292e+07 2.55675e+07 7.25015e+06 1.10004e+07 3.66574e+06 1.81138e+07 3.27993e+06 7.4537e+06 9.03226e+06 3.62881e+06 1.11712e+07 6.9426e+06 3.97022e+06 3.5774e+06 1.82062e+06 1.07429e+07 8.20702e+06 1.84512e+06 3.30989e+06 2.77471e+06 2.48054e+06 2.01773e+06 2.06443e+06 5.36069e+06 1.41353e+06 6.00751e+06 1.96819e+06
internal_count=34450160 19225255 15224905 9819662 9405593 11578691 6279027 3646214 5754199 4268634 3651394 4581041 3540635 3950710 1803489 7310057 6698130 1268256 3717757 4028771 2377958 3352458 2946450 2998242 2567291 848092 1313762 857862 2730392 1697986
is_linear=0
shrinkage=0.1


Tree=10
num_leaves=31
num_cat=0
split_feature=3 9 2 7 7 3 11 10 9 11 2 10 3 3 9 10 11 3 8 11 10 8 10 7 6 8 11 11 8 8
split_gain=7.599e+06 1.44784e+06 1.17541e+06 495161 477703 430332 375819 269634 197084 155692 154492 153989 139454 124391 106874 102701 93173.4 98537.5 91874.6 105674 80742.7 87796.3 77966 99074.4 74457.6 70902.3 68731.4 63623.9 63300.3 63277.9
threshold=3.5000000000000004 13.562074661254885 25.692635536193851 19.31424713134766 21.860340118408207 35.500000000000007 -0.78324956448884031 0.61237135649459018 16.900283813476566 0.18281312110578132 138.374626159668 -0.13398594226331254 17.500000000000004 23.500000000000004 8.948179244995119 -0.12546116083924153 -0.79382744783423187 160.50000000000003 19.211283683776859 0.85561368268953431 0.95242846126021108 19.805377960205082 0.12545942051955489 18.95037937164307 19.053795814514164 34.236398696899421 -0.75013812021657655 -0.26037106507032781 26.537406921386722 33.122783660888679
decision_type=2 8 2 8 8 2 2 2 10 2 2 2 2 2 10 2 2 2 10 2 2 10 2 10 8 8 2 2 10 10
left_child=2 3 4 13 9 8 10 27 11 25 -4 28 -5 20 -8 -7 29 -18 -13 -20 21 -2 23 -11 -24 -1 -17 -6 -3 -14
right_child=1 5 6 12 7 15 14 -9 -10 22 -12 18 16 -15 -16 26 17 -19 19 -21 -22 -23 24 -25 -26 -27 -28 -29 -30 -31
leaf_value=-0.001970724884434638 -0.016096111354155836 -0.057196099821763213 0.046150316720663817 -0.0047619176908822378 0.027843907437891058 -0.15600122155564655 0.032653861685355966 -0.027349314556579265 -0.11122423552521506 -0.091682896066998809 0.074176226956961161 0.0043991931019380362 -0.1283304728414966 -0.10404975823056531 0.010256338801504818 -0.038711495604447574 -0.051187627472275038 -0.17336857827168015 -0.04666466773788016 -0.10888965455934654 0.033425019127051793 -0.074195363665838121 0.0099347681159743587 -0.025102782734225844 -0.04201600930087894 -0.059089603432077933 -0.11597692611828597 0.0031953796013948809 -0.10626244877795632 0.0070796931145931542
leaf_weight=2710833.6789281666 349911.54141995311 378330.17253956199 8795894.8963400722 4364574.6122977138 6316537.6476031542 689849.11753723025 7061130.5728074908 1195295.1396467686 1046895.7070707679 536021.57231590152 2533433.9878096581 291665.80012702942 37790.589807927608 703831.76801207662 3050983.526337564 122863.59332969785 774905.5692679584 72153.867699414492 2000401.6115662158 316041.74403476715 100898.09697461128 1013318.3305126727 401387.87373974919 383328.24737241864 882326.38493904471 236261.16271296144 1828814.9759190381 1255345.8216817379 861981.01373377442 397584.81173062325
leaf_count=1632162 299473 456361 2742668 2744027 2618399 1560089 2609878 911590 1718814 664034 556857 215316 44593 1252206 1521955 123732 954587 154340 2231913 533109 62939 1254935 259822 316692 863849 232122 3525652 694527 1443130 250389
internal_value=-0.000286624 -0.0590353 0.0252204 -0.0288767 0.00258988 -0.0903068 0.0399096 0.0167897 -0.072754 -0.0215826 0.0524174 -0.0622889 -0.0132802 -0.0695016 0.0258962 -0.122836 -0.0422709 -0.0615952 -0.0484944 -0.0551543 -0.0528937 -0.0592825 -0.0416923 -0.0639219 -0.0257722 -0.0065498 -0.111113 0.0237574 -0.0912958 -0.00467391
internal_weight=5.07106e+07 1.53518e+07 3.53588e+07 7.81497e+06 1.39173e+07 7.53684e+06 2.14414e+07 8.76718e+06 4.89532e+06 5.15016e+06 1.13293e+07 3.84842e+06 5.64701e+06 2.16796e+06 1.01121e+07 2.64153e+06 1.28243e+06 847059 2.60811e+06 2.31644e+06 1.46413e+06 1.36323e+06 2.20306e+06 919350 1.28371e+06 2.94709e+06 1.95168e+06 7.57188e+06 1.24031e+06 435375
internal_count=34450160 18825605 15624555 7017489 8193197 11808116 7431358 4224516 6598643 3968681 3299525 4879829 4147936 2869553 4131833 5209473 1403909 1108927 2980338 2765022 1617347 1554408 2104397 980726 1123671 1864284 3649384 3312926 1899491 294982
is_linear=0
shrinkage=0.1


Tree=11
num_leaves=31
num_cat=0
split_feature=3 9 11 4 3 11 7 11 9 10 8 2 10 11 11 10 10 8 11 8 11 8 10 8 10 7 3 4 10 8
split_gain=6.32219e+06 1.65679e+06 619803 604097 436427 276377 266011 251217 202586 169924 215473 144406 130824 119702 109636 107012 99169.8 86989.8 84497.4 193290 83720.8 82751.8 81316 79513.9 71848.9 71345.3 63593.3 60089.5 59493.5 59307.1
threshold=8.5000000000000018 11.465310096740724 -0.73865259438682551 3.2437869310379033 35.500000000000007 -0.83375966452616657 22.650074005126957 -0.26867065956352881 15.330000400543215 0.45273815774107123 32.831430435180671 155.22714996337893 -0.12546116083924153 0.7254836971458194 -0.21022037796396451 0.78857998149907527 0.43733377705052551 27.160102844238285 0.65720762023595369 20.790689468383793 0.18281312110578132 31.260223388671879 0.92602006027323147 20.790689468383793 0.54219432480460406 16.60019683837891 136.50000000000003 1.0000000180025095e-35 0.42179998225932674 17.080183029174808
decision_type=2 10 2 8 2 2 10 2 10 2 10 2 2 2 2 2 2 10 2 8 2 8 2 10 2 8 2 8 2 10
left_child=1 3 21 6 8 -3 13 11 18 14 20 -5 -6 16 -7 27 -1 -10 -4 -20 25 -2 -12 -22 -19 -11 -14 -8 -23 -16
right_child=2 5 4 7 12 9 15 -9 17 10 22 -13 26 -15 29 -17 -18 24 19 -21 23 28 -24 -25 -26 -27 -28 -29 -30 -31
leaf_value=-0.0064387310787227502 -0.094992990265384936 0.0095387476427072557 -0.03874392854075389 0.041669940097299768 -0.14520985328545907 0.0012945815199918106 0.014130168804643751 0.012821148921828713 -0.053482821826075028 -0.0023980676596298692 -0.03243155381740339 0.068598070271306086 -0.092760523681411966 -0.042053451509389529 -0.016904078188512688 -0.037922166332356115 0.02715533769081643 -0.13630011235774528 -0.0038680935379336091 -0.093122371479480132 0.01649418798731421 0.014147789098911788 -0.07597133193290817 -0.035397925031669802 -0.087070426044241339 0.050070762624236369 -0.13871776549221262 0.030295227872497051 -0.028686124940278786 -0.074316941909059783
leaf_weight=3674692.2948240936 109495.91914945841 2019597.5384597778 2170862.6049377918 11181136.216269016 845204.75679013133 271497.18988284469 3519214.3132360578 2651869.8348875344 410271.18211749196 653021.07919675112 1274087.4854698479 2423032.5808751583 2057410.0707497299 722270.53067454696 205225.29355382919 280484.92324441671 1154897.1571372747 491598.55195355415 322704.43858161569 977874.75064942241 433576.05837157369 743954.21511825919 646656.49177703261 925781.90143343806 746850.01075556874 429678.30982935429 352713.17791748047 6635164.2987626195 574787.41748934984 1459390.4300445318
leaf_count=2047472 130742 1016363 2349913 3629449 1957882 163269 1604461 1327346 577529 441329 1079756 543425 3820340 688930 161819 195186 559688 1018008 292597 1565014 256066 421537 727958 917412 1185574 198067 759539 2489028 513252 1811209
internal_value=-0.000280549 0.0171379 -0.0723464 0.0274035 -0.0827295 -0.0226518 0.0136008 0.0409776 -0.064528 -0.032973 -0.0220315 0.0464661 -0.111358 -0.0040838 -0.0576284 0.0230098 0.0015946 -0.0933912 -0.0508198 -0.0709763 -0.0023222 -0.0114578 -0.0470901 -0.0188466 -0.106612 0.0184246 -0.0994862 0.0246929 -0.00452182 -0.0672387
internal_weight=5.0365e+07 4.05613e+07 9.80373e+06 3.22428e+07 8.37549e+06 8.31851e+06 1.59867e+07 1.6256e+07 5.12016e+06 6.29891e+06 4.3628e+06 1.36042e+07 3.25533e+06 5.55186e+06 1.93611e+06 1.04349e+07 4.82959e+06 1.64872e+06 3.47144e+06 1.30058e+06 2.44206e+06 1.42824e+06 1.92074e+06 1.35936e+06 1.23845e+06 1.0827e+06 2.41012e+06 1.01544e+07 1.31874e+06 1.66462e+06
internal_count=34450160 19858233 14591927 13084985 13526396 6773248 7584765 5500220 6988635 5756885 3620588 4172874 6537761 3296090 2136297 4288675 2607160 2781111 4207524 1857611 1812874 1065531 1807714 1173478 2203582 639396 4579879 4093489 934789 1973028
is_linear=0
shrinkage=0.1


Tree=12
num_leaves=31
num_cat=0
split_feature=2 3 11 11 7 4 9 8 2 11 4 9 9 8 8 7 10 10 11 7 3 2 9 8 11 9 8 3 11 3
split_gain=5.24982e+06 1.35651e+06 582605 416476 359990 320107 233126 165533 140679 139046 122179 109969 99818.1 79398 75894.5 94220 102170 74195.6 68561.2 66646.5 65754.9 64486.5 62096.2 57942.7 74007.1 57469.3 56160.7 56565.2 55413.7 55251.4
threshold=5.513331651687623 15.500000000000002 -0.19337245081799007 0.28313308994381592 22.193128585815433 4.0741574764251718 14.34999990463257 21.923569679260257 75.720771789550795 -0.85225707553516283 1.0000000180025095e-35 14.219999790191652 12.799999713897707 28.687313079833988 19.211283683776859 19.820332527160648 0.46800856592688472 0.19337368024598436 0.94909129669788206 18.082599639892582 84.500000000000014 298.86936950683599 11.030385971069338 33.025739669799812 -0.72694848937061807 14.940001487731935 28.687313079833988 1.5000000000000002 -0.97111920233974802 37.500000000000007
decision_type=2 2 2 2 10 8 10 8 2 2 8 8 10 8 8 10 2 2 2 8 2 2 8 8 2 8 8 2 2 2
left_child=1 3 5 6 7 12 13 29 19 -6 -4 18 26 -1 -5 16 -16 -13 -9 -7 25 -10 -15 -8 -25 -11 -2 -28 -24 -3
right_child=2 4 10 14 9 8 23 11 21 20 -12 17 -14 22 15 -17 -18 -19 -20 -21 -22 -23 28 24 -26 -27 27 -29 -30 -31
leaf_value=-0.041373034571335149 -0.00038037576955380877 -0.007603561888952181 -0.02166312923419654 -0.018895414897398075 0.0031404555619642272 -0.026639098734625229 -0.013585341338231416 -0.065867261017800702 0.049039713605853935 -0.030487658327703615 0.0073012786687983791 -0.1278781533607278 -0.011199126326282217 0.0095697556201389845 -0.085033626388393527 -0.02273691620800096 -0.041135106850577148 -0.095831837511786477 -0.11835162085812526 0.033481077893180909 -0.098279656674623836 0.082500023832006081 0.025370869731953932 -0.018854792541474666 -0.075852673523909175 -0.081418288333751712 0.028613634835572749 0.011747568456836981 -0.01722711119994674 -0.078592763002849328
leaf_weight=470391.02522388101 1028760.3393831253 274202.05912292004 2243940.9399754405 586127.24090966582 506714.40798893571 189517.98995506763 402464.497271806 1166324.4946978092 5674441.1934740543 720931.33368235826 4149386.8671260476 1334405.2410184443 992412.60158759356 3633103.8613740206 1353788.4269379675 584840.03414091468 871469.8747984767 1575459.6470488608 316421.55539131165 6814411.9925904274 315096.20097768307 641051.34695196152 357453.13898086548 330559.81720253825 732802.98151695728 319846.80152392387 7487971.5066403151 2707472.1796858907 2096203.1070230901 182680.7182109952
leaf_count=402051 476036 289008 1730084 496518 323165 114550 382472 1852765 1552728 795585 2268095 3039565 653380 1884399 2061972 531202 1016082 3044061 646980 2393180 570226 118383 172394 257164 1006789 532861 2739952 1168326 1590047 340140
internal_value=-0.000271316 -0.0432452 0.0241317 -0.0222747 -0.0789221 0.0308906 -0.0098494 -0.0932746 0.0416133 -0.0415535 -0.0028647 -0.099233 0.0192 -0.00178983 -0.0516273 -0.0584545 -0.0678418 -0.110528 -0.0770675 0.0318543 -0.0582565 0.0524361 0.0012692 -0.0459026 -0.0581342 -0.0461394 0.0218878 0.0241347 -0.0110214 -0.035988
internal_weight=5.00607e+07 1.81313e+07 3.19294e+07 1.14192e+07 6.71208e+06 2.5536e+07 8.02298e+06 4.84949e+06 1.33194e+07 1.86259e+06 6.39333e+06 4.39261e+06 1.22166e+07 6.55715e+06 3.39623e+06 2.8101e+06 2.22526e+06 2.90986e+06 1.48275e+06 7.00393e+06 1.35587e+06 6.31549e+06 6.08676e+06 1.46583e+06 1.06336e+06 1.04078e+06 1.12242e+07 1.01954e+07 2.45366e+06 456883
internal_count=34450160 21235446 13214714 9801090 11434356 9216535 5695316 9212519 4178841 2221837 3998179 8583371 5037694 4048891 4105774 3609256 3078054 6083626 2499745 2507730 1898672 1671111 3646840 1646425 1263953 1328446 4384314 3908278 1762441 629148
is_linear=0
shrinkage=0.1


Tree=13
num_leaves=31
num_cat=0
split_feature=4 3 2 9 11 7 3 11 10 10 9 10 7 11 9 2 11 8 3 8 11 11 10 10 3 11 9 6 8 7
split_gain=4.37469e+06 1.43664e+06 477747 352720 309122 271668 217100 133426 130717 113630 109337 106451 100036 99068.5 91854.1 74392.8 59867.5 59809 59282.5 59212.6 93094.1 70548 52250.9 51591.3 49847.2 55250.3 78523.1 52974.8 48834.1 48762
threshold=1.0000000180025095e-35 11.500000000000002 47.226402282714851 11.787460803985597 -0.73865259438682551 22.250313758850101 35.500000000000007 -0.80417042486635371 0.59868201182722736 -0.40614700388750385 15.960000514984133 -0.11692013674435776 18.95037937164307 0.65720762023595369 15.330000400543215 234.51544952392581 -0.21022037796396451 23.785716056823734 279.50000000000006 20.31369781494141 0.65720762023595369 0.79773375822167203 0.73865729060996177 0.12545942051955489 136.50000000000003 0.94909129669788206 14.98644542694092 28.670063972473148 33.43153381347657 4.6804475784301767
decision_type=8 2 2 10 2 8 2 2 2 2 10 2 8 2 10 2 2 8 2 8 2 2 2 2 2 2 8 10 10 10
left_child=1 3 5 12 -3 13 10 15 18 17 19 16 22 -2 -13 28 -5 -8 -7 21 -21 -6 29 -15 25 26 -11 -27 -4 -1
right_child=2 4 7 11 6 8 9 -9 -10 24 -12 14 -14 23 -16 -17 -18 -19 -20 20 -22 -23 -24 -25 -26 27 -28 -29 -30 -31
leaf_value=0.0023458130915762032 -0.0002778193297816189 -0.016825750216687908 0.046228731187424411 -0.0043826444773354227 -0.15565530627968285 0.025034931919082556 -0.042761788024125676 0.02639384417386206 -0.012342795862751539 -0.049931234480767202 -0.091900548602133467 -0.016882358222385086 0.0036873295739443673 -0.067061734194459002 -0.049294891194499008 0.073289936031843195 -0.067641915666708727 -0.15995159173616147 -0.19303625719311615 -0.042087194404383271 -0.083709573323009601 0.012552432542779665 0.016085128143916317 -0.016835358669272559 -0.12906850671345863 -0.092956410698539799 -0.095963133602897294 -0.15561144351323594 0.022916878619762753 -0.064621742254347511
leaf_weight=143070.28867664933 4810017.2921512127 886491.81901189685 5580271.5466297865 171585.20807224512 28066.729695051908 9837655.9111082554 49035.935523509979 6307642.6826162338 1050945.4165253341 665321.52538156509 957820.6292540431 2792167.8671858013 5899757.5171148181 346137.96167781949 1272920.4465380311 888028.53167021275 1167793.3438046277 389259.43985286355 12481.898932874203 1468834.2872208953 847367.44354784489 223391.36018893123 158292.39879131317 499816.3009327054 311460.49764153361 501186.96174034476 836502.21926254034 184666.87129899859 1071087.4571813345 453010.8716377914
leaf_count=106907 2917973 721199 1526619 112426 47298 3921326 87494 2297776 763365 1098615 1809959 2275147 3113656 410199 1467075 168953 1544974 1071917 28337 1840536 1476885 192183 96231 441780 733055 1074182 1772031 487533 354784 489745
internal_value=-0.000258601 -0.0373507 0.0234186 -0.0161104 -0.072201 0.0119551 -0.0797966 0.0371257 0.0211817 -0.0998756 -0.0630668 -0.0350878 -0.000697045 -0.00582809 -0.0270318 0.0461043 -0.0595379 -0.146841 0.0247586 -0.0523109 -0.0573145 -0.00622223 -0.0349861 -0.0373864 -0.0916389 -0.08631 -0.0755706 -0.109826 0.0424748 -0.0485483
internal_weight=4.98121e+07 1.9408e+07 3.04041e+07 1.20586e+07 7.34941e+06 1.65571e+07 6.46291e+06 1.3847e+07 1.09011e+07 2.93743e+06 3.52548e+06 5.40447e+06 6.65413e+06 5.65597e+06 4.06509e+06 7.53939e+06 1.33938e+06 438295 9.85014e+06 2.56766e+06 2.3162e+06 251458 754374 845954 2.49914e+06 2.18768e+06 1.50182e+06 685854 6.65136e+06 596081
internal_count=34450160 21619048 12831112 9206161 12412887 8482980 11691688 4348132 4713028 6324827 5366861 5399622 3806539 3769952 3742222 2050356 1657400 1159411 3949663 3556902 3317421 239481 692883 851979 5165416 4432361 2870646 1561715 1881403 596652
is_linear=0
shrinkage=0.1


Tree=14
num_leaves=31
num_cat=0
split_feature=2 9 11 11 3 9 2 3 9 9 10 10 7 8 11 11 10 11 11 6 6 8 8 11 8 8 7 8 10 8
split_gain=3.58519e+06 1.03748e+06 443814 377417 257646 152636 144431 135911 105570 97638.9 94182.9 88195.9 86623.5 84304.5 91698.1 77767.2 71444.4 70720 70416.5 67545.2 65689.3 61198.4 58881.4 115872 76958.4 57341.7 56120.6 52688 49468.6 52632.8
threshold=7.1278321743011483 14.179965019226076 0.48877522411129348 -0.72694848937061807 31.500000000000004 9.4000000953674334 70.387599945068374 154.50000000000003 17.145058631896976 10.920000553131105 -0.12546116083924153 -0.13398594226331254 19.989834785461429 20.31369781494141 0.94636490295939868 -0.85225707553516283 -0.074117382312902977 -0.79382744783423187 0.95178258287705175 23.120876312255863 28.850046157836918 35.107219696044929 15.10928535461426 0.18281312110578132 35.532857894897468 17.882857322692875 22.987835884094242 26.537406921386722 -0.89406062840022227 32.974365234375007
decision_type=2 10 2 2 2 10 2 2 10 8 2 2 8 8 2 2 2 2 2 10 8 10 10 2 8 8 10 8 2 8
left_child=1 2 7 6 8 18 12 9 11 20 19 27 -2 -4 -15 -11 -12 -9 -5 -6 -1 -14 -7 24 28 -13 -8 -3 -24 -30
right_child=3 4 13 5 10 22 26 17 -10 15 16 25 21 14 -16 -17 -18 -19 -20 -21 -22 -23 23 -25 -26 -27 -28 -29 29 -31
leaf_value=-0.030285821750401266 -0.015336788194792459 -0.034245848786684317 -0.019005498991335995 0.017868120999170126 -0.029899865045131802 0.036025868635545334 0.055179509735010568 -0.035310075862969061 -0.084850635839968491 0.0050512765921522859 0.014945579677572464 0.031291506439718557 0.030616029645902595 -0.047581947959004348 -0.091832934790655407 -0.02488284911701635 -0.087082576993090785 -0.15101592919510162 -0.069351406200576782 -0.14172163959494596 0.0081795773222655497 0.011764542942767742 -0.0078620554350734041 -0.03104974222969822 -0.035821368802438074 -0.038743509692177915 0.035873955986977263 -0.088707922876559805 0.027427282409500625 -0.012537179723939832
leaf_weight=492459.12565159798 538273.53851902485 252517.95077595115 676344.88136905432 8971318.1417455077 60442.031154245138 336819.02897560596 2365150.5064206123 121835.71620544791 815467.75036129355 1219619.9652810693 71757.660711348057 122922.57539886236 6932245.6951004267 1837458.0271539092 628455.73968213797 3009372.6981075108 1575743.4955310524 93257.419339209795 93530.039157032967 508276.32875216007 4509026.6542183459 2291235.8377071023 1161174.6913634539 1441036.6667457819 452696.66784232855 2388858.601428479 4144088.9470798969 598992.6264757812 1456284.4779317975 425921.17548239231
leaf_count=383203 303549 325414 674433 3633178 107206 172496 571643 109494 1419410 683540 103469 79609 2381314 2571641 1157467 2898300 3323031 240471 94824 1458604 2423419 983209 659993 1260525 349865 2873987 1161099 1134972 658173 252622
internal_value=-0.000246713 -0.0343894 -0.0177263 0.020927 -0.0671888 0.00909848 0.0313509 -0.00689626 -0.0525712 -0.00506515 -0.0947507 -0.0447447 0.0236574 -0.0502814 -0.0588596 -0.01625 -0.0826387 -0.0854764 0.0169682 -0.129837 0.00439218 0.0259331 -0.004428 -0.00718784 0.00264772 -0.0353161 0.0428887 -0.072557 0.00836992 0.0183838
internal_weight=4.95926e+07 1.89828e+07 1.25878e+07 3.06098e+07 6.39498e+06 1.43388e+07 1.6271e+07 9.44557e+06 4.17876e+06 9.23048e+06 2.21622e+06 3.36329e+06 9.76176e+06 3.14226e+06 2.46591e+06 4.22899e+06 1.6475e+06 215093 9.06485e+06 568718 5.00149e+06 9.22348e+06 5.27393e+06 4.93711e+06 3.49608e+06 2.51178e+06 6.50924e+06 851511 3.04338e+06 1.88221e+06
internal_count=34450160 21967670 11141968 12482490 10825702 7081676 5400814 6738427 5833392 6388462 4992310 4413982 3668072 4403541 3729108 3581840 3426500 349965 3728002 1565810 2806622 3364523 3353674 3181178 1920653 2953596 1732742 1460386 1570788 910795
is_linear=0
shrinkage=0.1


Tree=15
num_leaves=31
num_cat=0
split_feature=4 3 2 7 9 7 3 10 11 11 10 7 11 8 10 8 11 6 11 11 7 8 8 3 11 11 9 11 9 7
split_gain=3.01791e+06 1.01357e+06 322319 238877 233423 207287 134519 96763.7 96659.1 95721.3 94137.1 88996 98793.5 82669.1 90716.7 82592 82327.8 81612.6 81217.9 72836.1 69671.6 60936.5 56158.9 49536.2 48443.4 64676.8 61053.8 47944.1 46685.6 43593.1
threshold=1.0000000180025095e-35 11.500000000000002 55.59076118469239 22.840133666992191 11.787460803985597 22.500025749206547 36.500000000000007 -0.42180583328916638 0.89309379682046119 -0.90161545992537195 0.59868201182722736 8.5889630317688006 0.16587474750015932 32.504289627075202 0.95242846126021108 22.226320266723636 -0.86974577485258975 18.414566040039066 -0.6523320455745395 0.65720762023595369 18.95037937164307 30.358491897583011 23.785716056823734 320.50000000000006 0.65720762023595369 0.5475998096715059 16.669999122619632 0.84199059757024453 10.540481567382814 6.5913624763488778
decision_type=8 2 2 10 10 8 2 2 2 2 2 10 2 10 2 10 2 10 2 2 8 10 8 2 2 2 10 2 10 10
left_child=1 4 5 6 20 19 15 22 11 -5 23 -6 13 14 -13 27 21 -10 -15 -2 -1 -4 -8 -7 25 26 -17 -3 -26 -21
right_child=2 3 16 9 8 10 7 -9 17 -11 -12 12 -14 18 -16 24 -18 -19 -20 29 -22 -23 -24 -25 28 -27 -28 -29 -30 -31
leaf_value=-0.029815014290293526 0.00097621748436988766 -0.070198065269305429 0.053181537668859795 0.014649370085950249 0.011918198106414458 0.022074171503310123 -0.034075615429135939 -0.081215064140469695 -0.013533526561526938 -0.041745320544121396 -0.0099450617173307623 -0.017106905110446831 -0.051485796725448535 -0.010491549918739634 0.051456614495182774 -0.049886483812840957 0.024314788583420923 -0.096628119934534115 -0.050777509210700227 0.0034832304968965681 0.0026015161108449776 0.032136451679328534 -0.15321006456893826 -0.19923937510647965 -0.013618932067947554 -0.010875702747333578 -0.10300041616628915 0.0037643705874271399 -0.087293355920182877 -0.044673893779681458
leaf_weight=747031.23132446408 5709093.1365174353 122366.89452049136 2346445.3084096313 379041.03128054738 585713.72636124492 10543206.021869004 45390.686015874147 2009044.5106802881 175892.2499409914 1461376.0721473098 1020478.5934702456 541658.65705618262 1393204.1501011848 1031774.9618816078 299774.60302498937 849529.01940569282 6431732.4459019899 360353.25396177173 971747.60099133849 271312.40810143948 5895129.3809994459 3326252.3031849861 308450.69791668653 10123.327462881804 94369.23380497098 294889.9329791069 290399.09523829818 308841.90688592196 970993.29587963223 611955.62086573243
leaf_count=692883 3322456 173364 554513 218288 437485 4121108 81277 4426674 145237 1898361 736047 434723 1796074 702971 162111 1242172 2233808 625215 1095806 197114 3113656 955959 963179 26719 120316 411571 621588 306929 1949168 683388
internal_value=-0.000232252 -0.0313158 0.0194187 -0.0611651 -0.013572 0.0109955 -0.0719534 -0.0897077 -0.0290961 -0.0301306 0.0190574 -0.0246188 -0.0296682 -0.018984 0.00731999 -0.0576424 0.03206 -0.0693725 -0.030031 -0.00315821 -0.00104431 0.0408415 -0.137928 0.0218619 -0.0646133 -0.0526188 -0.0634174 -0.0172244 -0.0807673 -0.0298815
internal_weight=4.94076e+07 1.9137e+07 3.02706e+07 7.13469e+06 1.20023e+07 1.81662e+07 5.29428e+06 2.36289e+06 5.36012e+06 1.84042e+06 1.15738e+07 4.82387e+06 4.23816e+06 2.84496e+06 841433 2.93139e+06 1.21044e+07 536246 2.00352e+06 6.59236e+06 6.64216e+06 5.6727e+06 353841 1.05533e+07 2.50018e+06 1.43482e+06 1.13993e+06 431209 1.06536e+06 883268
internal_count=34450160 21619048 12831112 12412887 9206161 9086832 10296238 5471130 5399622 2116649 4883874 4629170 4191685 2395611 596834 4825108 3744280 770452 1798777 4202958 3806539 1510472 1044456 4147827 4344815 2275331 1863760 480293 2069484 880502
is_linear=0
shrinkage=0.1


Tree=16
num_leaves=31
num_cat=0
split_feature=4 3 2 9 9 7 11 11 3 10 10 10 10 10 3 11 8 7 11 8 10 11 10 3 8 8 11 10 7 8
split_gain=2.45808e+06 840868 265913 212715 194621 185634 123843 122404 107365 85826.4 81483.4 70636.7 66001.7 64684.2 59321.4 58553.7 53264.7 49208.5 48634.7 66820 48204.4 110876 47724.8 44996 44779.4 52330.5 47953.1 44247.6 41563.5 41467.7
threshold=1.0000000180025095e-35 11.500000000000002 69.095954895019545 15.73520088195801 14.730000019073488 22.193128585815433 0.89309379682046119 -0.78324956448884031 53.500000000000007 -0.108376950152639 0.59868201182722736 -0.074117382312902977 0.22700754078277605 -0.31799228562170639 134.50000000000003 0.65720762023595369 32.145544052124031 4.1574494838714608 -0.19337245081799007 20.790689468383793 -0.78326540922535159 0.53312596302726967 0.12545942051955489 320.50000000000006 28.124351501464847 34.870746612548835 -0.94703994556331683 -0.108376950152639 6.880033254623414 33.025739669799812
decision_type=8 2 2 10 10 8 2 2 2 2 2 2 2 2 2 2 10 8 2 8 2 2 2 2 8 8 2 2 8 10
left_child=1 4 5 7 6 15 18 -3 -9 20 23 -11 -10 -4 -14 -2 -15 -8 24 -20 21 -5 -17 -7 -1 -26 -27 -6 -24 -29
right_child=2 3 13 9 27 10 17 8 12 11 -12 -13 14 16 -16 22 -18 -19 19 -21 -22 -23 28 -25 25 26 -28 29 -30 -31
leaf_value=-0.040305499949707856 0.00084551984654841327 -0.0062033481384917502 0.023861303919482463 -0.12873391946964793 -0.073684915264251638 0.019979094512606183 -0.0090631096547489597 -0.040931200245172578 -0.11665005069418466 0.048287601718817803 -0.0079220481053774681 -0.072403554241704055 -0.046201811734275178 0.046728931510810832 -0.11477662756616021 -0.054863984998158102 0.021197002593488536 -0.066552424263365648 0.022961536201535477 -0.018255027533758249 -0.13210023585604633 0.016723852963251084 0.024516898281997712 -0.19909334882693705 0.011687491160428432 0.011730030834639216 -0.019167805445532399 -0.020626134033480497 -0.031634582918838319 -0.052499040209984194
leaf_weight=238964.5917956233 5591203.770410955 735792.21497628093 5515233.2776898742 140663.62062767148 336647.64373323321 12749064.261799991 220989.46779367328 2978963.5712036788 313240.69425305724 49999.416319489479 1154738.9036168754 1609550.987238735 558829.25428444147 3205555.0787563324 162927.126229316 359662.55771440268 1096624.1116896272 456357.53944814205 452344.29825598001 3015173.1276248097 414657.24228367209 83518.920732557774 228739.31238493323 9382.485014513135 3387830.9340448678 780701.30895209312 1408537.4910473228 975785.01845210791 311123.07272702456 701753.30310416222
leaf_count=181474 3233456 549024 1781452 379201 548025 4922629 179291 4485149 836443 60231 812052 3315368 1015416 829016 412720 426300 335533 634003 276842 2610477 1230606 128729 136834 27294 1574326 364613 957305 1025525 326546 854280
internal_value=-0.000218298 -0.0283783 0.0175074 -0.055783 -0.0122489 0.0110008 -0.00651622 -0.0436982 -0.0505713 -0.0807568 0.0175157 -0.0687673 -0.0783178 0.0310304 -0.0616817 -0.00296412 0.0402209 -0.0477961 -0.00350435 -0.0128782 -0.111902 -0.0745438 -0.0266438 0.019818 0.00208436 0.00390067 -0.00814937 -0.040599 -0.00784324 -0.0339593
internal_weight=4.92446e+07 1.90232e+07 3.02213e+07 7.04814e+06 1.19751e+07 2.04039e+07 9.9609e+06 4.74975e+06 4.01396e+06 2.29839e+06 1.39132e+07 1.65955e+06 1.035e+06 9.81741e+06 721756 6.49073e+06 4.30218e+06 677347 9.28355e+06 3.46752e+06 638840 224183 899525 1.27584e+07 5.81603e+06 5.57707e+06 2.18924e+06 2.01419e+06 539862 1.67754e+06
internal_count=34450160 21619048 12831112 12412887 9206161 9885111 6778331 7298752 6749728 5114135 5761975 3375599 2264579 2946001 1428136 4123136 1164549 813294 5965037 2887319 1738536 507930 889680 4949923 3077718 2896244 1321918 2427830 463380 1879805
is_linear=0
shrinkage=0.1


Tree=17
num_leaves=31
num_cat=0
split_feature=9 3 2 7 11 11 11 10 8 11 8 10 9 3 4 9 8 11 11 11 11 6 10 10 8 11 7 11 3 2
split_gain=2.03706e+06 472701 447015 207134 156667 122050 116460 116007 108601 138633 105848 107363 71802.9 71318.3 69632.3 69237.8 62459.1 52530.1 46165.2 45869.7 43268.5 54815.8 46319.7 41262.5 40913.3 50545.3 42990.2 49869.8 39884.4 38566.1
threshold=12.150000095367433 12.500000000000002 11.933622360229494 19.31424713134766 -0.78324956448884031 -0.85225707553516283 -0.96687281075841669 0.24372619187392155 22.794077873229984 0.65720762023595369 29.490000724792484 -0.48314718476766422 15.330000400543215 344.50000000000006 6.1279971599578866 14.98644542694092 33.224294662475593 0.96407344085605606 0.51849435583340198 0.04621408538533487 -0.21022037796396451 18.414566040039066 -0.75015329512557205 -0.90893996196865023 15.10928535461426 0.95178258287705175 23.030083656311039 0.19969739736768838 116.50000000000001 260.54122924804693
decision_type=10 2 2 10 2 2 2 2 10 2 10 2 8 2 8 10 10 2 2 2 2 8 2 2 8 2 10 2 2 2
left_child=2 6 3 28 14 -3 -2 20 18 12 11 -11 -10 -5 -4 -9 29 -13 -7 -6 -8 -22 -23 -14 -21 26 -26 -28 -1 -16
right_child=1 5 4 13 19 8 7 15 9 10 -12 17 23 -15 16 -17 -18 -19 -20 24 21 22 -24 -25 25 -27 27 -29 -30 -31
leaf_value=-0.030515566279761354 0.027973718455858922 0.0065011983016252982 0.019385902702024144 0.002339832697152188 0.01421655877809614 -0.15849440538545273 0.0011067992822853233 -0.0062439262281103539 -0.034414764868258868 -0.15680005644312309 -0.11609813993970407 -0.040262701834973012 -0.13375067535280824 -0.19754279685923204 0.035831998088211851 -0.030186712391387916 0.014921724972291696 -0.086108406409470872 -0.0083941311329543133 0.033500449179448326 -0.00028065634631355114 -0.042851252095010957 -0.081797845823386423 -0.062465122105846996 -0.010840844503176334 -0.088626906083361642 -0.016647724876927623 0.047946133426743025 -0.12428518382563065 0.062431919935247916
leaf_weight=2153794.036600709 509929.05417981744 286678.37606689334 6359666.9533061981 8517411.4632135779 9917174.9954018593 21455.637297809124 185509.64593872428 3564322.5833559632 1353725.7894211113 121020.79438407719 721278.73772023618 668000.68470977247 86856.854386016726 17888.013991385698 4677020.2777908444 1826832.7038246989 1362217.3237440586 399331.8825391829 455505.02406048775 302955.39576238394 192461.78968447447 814424.20422285795 488555.89198154211 1246631.5705860853 1621406.4067845047 71123.656415164471 196433.71622896194 305274.02294701338 46336.446364417672 616962.09163928032
leaf_count=2394390 228056 197449 2206039 5049214 3859018 49638 121544 2681288 2049030 384206 1962018 1321974 245132 50258 1291943 1984097 463536 982289 629136 151280 154205 1045636 860468 2552646 997209 84224 104823 115574 121043 112797
internal_value=-0.000204155 -0.0342499 0.0119797 -0.00513137 0.0192032 -0.0569787 -0.0181808 -0.0215087 -0.0605654 -0.065278 -0.0858786 -0.0675367 -0.0506384 0.00192092 0.0268687 -0.0143571 0.0340182 -0.0574154 -0.0151463 0.0111663 -0.0444454 -0.0500962 -0.0574544 -0.0671083 -0.000947147 -0.00570328 -0.00292536 0.0226557 -0.0324904 0.038932
internal_weight=4.91082e+07 1.29425e+07 3.61657e+07 1.07354e+07 2.54302e+07 5.36049e+06 7.58204e+06 7.07211e+06 5.07381e+06 4.59685e+06 1.90963e+06 1.18835e+06 2.68721e+06 8.5353e+06 1.30159e+07 5.39116e+06 6.6562e+06 1.06733e+06 476961 1.24144e+07 1.68095e+06 1.49544e+06 1.30298e+06 1.33349e+06 2.49719e+06 2.19424e+06 2.12311e+06 501708 2.20013e+06 5.29398e+06
internal_count=34450160 17448812 17001348 7614905 9386443 10373518 7075294 6847238 10176069 9497295 4650487 2688469 4846808 5099472 4074315 4665385 1868276 2304263 678774 5312128 2181853 2060309 1906104 2797778 1453110 1301830 1217606 220397 2515433 1404740
is_linear=0
shrinkage=0.1


Tree=18
num_leaves=31
num_cat=0
split_feature=4 3 2 9 7 6 8 10 3 11 9 10 7 9 11 11 3 10 3 8 8 7 11 8 10 11 10 10 11 8
split_gain=1.68633e+06 584310 181465 168835 131872 101684 86844.2 102291 74505.8 72529.3 67843.4 62444.4 59726 56457.9 50465.4 49263.4 46685.4 45913.7 45558.1 80137.2 45098 44981.1 61503.6 53828.7 77875.1 71432 44158.6 39309 39103.5 55228.1
threshold=1.0000000180025095e-35 16.500000000000004 35.549346923828132 12.299999713897707 24.081423759460453 28.210115432739261 22.226320266723636 0.52766072109828632 136.50000000000003 -0.86974577485258975 17.08029937744141 -0.108376950152639 18.750151634216312 16.789999961853031 -0.90161545992537195 0.96407344085605606 320.50000000000006 0.45273815774107123 36.500000000000007 29.584506988525394 33.072200775146491 2.0038683414459233 0.8852232634113919 32.145544052124031 0.95242846126021108 -0.6523320455745395 0.65233619298682533 0.35846314187849709 -0.72694848937061807 34.725713729858406
decision_type=8 2 2 10 10 8 8 2 2 2 10 2 8 10 2 2 2 2 2 10 10 10 2 10 2 2 2 2 2 10
left_child=1 3 5 12 6 -2 26 18 13 20 11 15 17 -9 -6 -5 28 -1 -8 -20 -4 -13 23 24 -23 -25 -3 -12 -7 -30
right_child=2 4 9 10 14 16 7 8 -10 -11 27 21 -14 -15 -16 -17 -18 -19 19 -21 -22 22 -24 25 -26 -27 -28 -29 29 -31
leaf_value=-0.040534741774118949 -0.013926183036125212 -0.0086034094784389094 0.033224794779836607 -0.036195733112642396 0.018754664533876357 0.015542256976511869 -0.063061906955961422 -0.024556074263042838 -0.10214575830450699 0.015590679929943395 -0.11107829725034334 0.031244018303782924 0.00060169519427046752 -0.065905032160232774 -0.031882547738540955 -0.12391645577891704 -0.1989730815451998 0.0044081898988572723 -0.072336361252038253 -0.12835900294580796 0.014472143280721252 -0.014803630245449236 -0.061073721455837053 -0.0063810351340512052 0.035905007812436801 -0.046504322580159664 -0.1605734587148524 -0.045242691192575277 0.0084233719564766815 -0.017903242159781368
leaf_weight=674575.61543503404 2150450.9495844245 405099.31266826391 5687460.6548914909 1239008.6536389291 257955.57866755128 6013384.4996872544 1122384.4607192427 1051815.1201324761 202007.91114771366 8960561.8285989463 113798.86984500289 196570.62925577164 6744904.6252413988 481324.80809485912 830341.8810454309 67508.899839997292 10707.896392926574 342835.17252519727 747485.9635579735 387802.1621941179 1655775.3643698096 999764.88132193685 301790.26672238111 932189.93315622211 434466.54822608829 846754.53645011783 20067.709621280432 446655.82971909642 4702811.2264361084 959397.17069143057
leaf_count=753899 1625305 580121 1529963 1663580 147061 2525000 2243842 1735273 546244 3289259 258913 117329 3760040 1065912 1130366 130842 36526 252755 1884946 1238100 547091 963803 486958 662773 278066 1035658 49491 633076 2497310 780658
internal_value=-0.000191023 -0.0236539 0.0144805 -0.0123419 -0.0510608 0.00605782 -0.0587417 -0.0633168 -0.0450592 0.0216286 -0.0256121 -0.0219266 -0.0028051 -0.0375375 -0.0198802 -0.0407283 0.00973518 -0.0253904 -0.0773487 -0.0914731 0.0289964 -0.0153081 -0.0179115 -0.0138575 0.000557354 -0.0254792 -0.0157763 -0.0586104 0.00992659 0.00396262
internal_weight=4.89877e+07 1.88471e+07 3.01405e+07 1.33408e+07 5.50628e+06 1.38368e+07 4.41799e+06 3.99282e+06 1.73515e+06 1.63038e+07 5.57851e+06 5.01805e+06 7.76232e+06 1.53314e+06 1.0883e+06 1.30652e+06 1.16863e+07 1.01741e+06 2.25767e+06 1.13529e+06 7.34324e+06 3.71154e+06 3.51497e+06 3.21318e+06 1.43423e+06 1.77894e+06 425167 560455 1.16756e+07 5.66221e+06
internal_count=34450160 21619048 12831112 10997692 10621356 7464799 9343929 8714317 3347429 5366313 6230998 5339009 4766694 2801185 1277427 1794422 5839494 1006654 5366888 3123046 2077054 3544587 3427258 2940300 1241869 1698431 629612 891989 5802968 3277968
is_linear=0
shrinkage=0.1


Tree=19
num_leaves=31
num_cat=0
split_feature=2 9 11 4 10 3 8 8 11 9 10 9 11 10 7 10 3 11 8 3 10 7 11 3 7 6 10 2 8 2
split_gain=1.39334e+06 453661 205018 163375 119973 96671.3 95727.8 91308.7 87421.7 72816.2 58363.5 55243.7 51641.2 64243.8 50787.1 50491.4 49006.9 48584.8 45892.6 45313.2 47663.3 44867.8 44046.7 46239.1 45057.7 41756.2 40365.1 39540.1 38980.2 33038.4
threshold=7.4988236427307138 14.730000019073488 0.65720762023595369 1.8856558799743655 -0.13398594226331254 425.50000000000006 26.537406921386722 19.805377960205082 -0.86974577485258975 18.740000724792484 -0.26037633224328088 10.320081710815431 0.6174544326165855 -0.84315017450793706 20.540300369262699 0.51297097409535064 2.5000000000000004 0.26659387353423869 33.224294662475593 52.500000000000007 -0.074117382312902977 23.030083656311039 -0.85225707553516283 150.50000000000003 21.000008583068851 32.220035552978523 0.14250626876356556 70.387599945068374 17.882857322692875 375.85374450683599
decision_type=2 10 2 8 2 2 10 8 2 10 2 8 2 2 10 2 2 2 10 2 2 8 2 2 8 8 2 2 10 2
left_child=1 2 5 16 6 11 10 -4 18 19 -3 25 13 17 15 -9 21 -8 29 28 -21 26 24 -24 -13 -1 -2 -10 -6 -5
right_child=3 4 7 8 9 -7 12 14 27 -11 -12 22 -14 -15 -16 -17 -18 -19 -20 20 -22 -23 23 -25 -26 -27 -28 -29 -30 -31
leaf_value=-0.0081272618785374531 -0.010033945139627616 -0.011453379232540601 -0.0043092168270802578 0.029799371262784674 0.036958968344333404 -0.19698563960080906 -0.046589937294971066 -0.060764484184887516 0.0078678570232013061 -0.084364976701413102 -0.12587379564840459 -0.044672911437114229 -0.11705203080387117 -0.00039469761924585648 -0.0031366802894958732 -0.020326136032640094 -0.0083724262118427487 -0.12948984492915691 0.014502770870446236 0.048622783743602821 -0.06061620683976985 0.013217971707809809 -0.015003539163005983 -0.087271887179251217 0.0081750784330672996 0.01138671808833225 0.011035892210986917 0.020430381079540965 -0.03062308810878997 0.067531899364561151
leaf_weight=1924697.9150762856 2148133.9806399941 276704.95669181645 669295.71914610267 5656754.8860481381 88207.762579232454 26442.178061544895 129749.17886179686 1471178.7612380683 6259295.9320807457 321710.02894622087 53140.813221931458 180839.32080850005 440091.3539660722 105423.20815046132 237095.99452649057 390783.36194206774 2568057.2427734137 155328.33798478544 2228496.7446063161 42067.861724287271 790349.3531550765 5279072.8401139975 4682311.5884478688 90240.988220691681 1495328.4152346551 2548498.8606904298 1576575.3635531068 4177653.9132506847 2630289.535944581 241979.3966858387
leaf_count=1201372 1185664 432993 653199 1601839 59027 92326 237034 2834215 2799328 752249 155355 159646 1423379 185181 237481 547860 1601527 449948 778262 56428 1832137 2071027 4715651 219103 786060 1326067 875940 1376202 3763245 40415
internal_value=-0.00017783 -0.0215812 -0.0121589 0.0131387 -0.0472601 -0.00601123 -0.0754645 -0.0364716 0.0189519 -0.0388086 -0.0298874 -0.00554888 -0.0935642 -0.0670935 -0.0467268 -0.0522774 0.00381291 -0.0917591 0.0267285 -0.0346812 -0.0550956 0.00728841 -0.0114722 -0.01637 0.00247338 0.00299037 -0.00111562 0.0128963 -0.0284302 0.0313472
internal_weight=4.88858e+07 1.87498e+07 1.37167e+07 3.0136e+07 5.03306e+06 1.09484e+07 1.16044e+06 2.76835e+06 1.85642e+07 3.87262e+06 329846 1.09219e+07 830592 390501 2.09906e+06 1.86196e+06 1.15718e+07 285078 8.12723e+06 3.55091e+06 832417 9.00378e+06 6.44872e+06 4.77255e+06 1.67617e+06 4.4732e+06 3.72471e+06 1.04369e+07 2.7185e+06 5.89873e+06
internal_count=34450160 22119956 12772980 12330204 9346976 8500225 2883890 4272755 6596046 6463086 588348 8407899 2295542 872163 3619556 3382075 5734158 686982 2420516 5710837 1888565 4132631 5880460 4934754 945706 2527439 2061604 4175530 3822272 1642254
is_linear=0
shrinkage=0.1


Tree=20
num_leaves=31
num_cat=0
split_feature=5 3 9 7 4 10 11 10 3 10 11 11 8 11 8 10 11 2 10 6 11 11 7 8 10 7 10 8 7 10
split_gain=1.14435e+06 409231 148190 131382 94067.5 93511.6 144907 90909.6 73311.8 73648.7 69558.3 67427.6 64817 113098 69614 53547.9 53432.9 52750.7 51226.1 44314.8 43367.1 40823.1 40773 47260.3 53180.2 37448.7 36908.2 40746.5 36255.6 35266.2
threshold=1.0000000180025095e-35 21.500000000000004 14.309998512268068 19.31424713134766 6.5773305892944345 -0.42957681104363482 0.65720762023595369 0.12545942051955489 55.500000000000007 -0.13398594226331254 0.53312596302726967 0.89309379682046119 28.318849563598636 0.21652257995689161 33.48430252075196 0.89787622492179153 1.0000000180025095e-35 200.97452545166018 -0.30983472475487867 24.550377845764164 -0.72694848937061807 -0.6905596507703472 22.250313758850101 20.31369781494141 0.54219432480460406 4.1574494838714608 -0.97113884758256674 34.584287643432624 9.3503532409667987 0.78857998149907527
decision_type=8 2 10 8 10 2 2 2 2 2 2 2 8 2 10 2 2 2 2 10 2 2 8 10 2 10 2 10 10 2
left_child=1 2 11 7 21 6 10 19 18 -10 16 -1 -4 14 -14 -11 -3 26 -7 -2 -16 -5 23 -20 -25 -13 -6 -28 -12 -15
right_child=3 5 12 4 17 8 -8 -9 9 15 28 25 13 29 20 -17 -18 -19 22 -21 -22 -23 -24 24 -26 -27 27 -29 -30 -31
leaf_value=-0.003320001030958065 -0.068455737751707171 -0.011613739399032609 -0.011961273526519666 0.013469607399761191 -0.0019783130193721499 0.030446860844379198 -0.12699900071732725 0.0040793055841202401 -0.11994910383004312 -0.037487959613613626 0.094606797068468432 -0.002843069345223543 0.018402874366884505 -0.09326365968080691 -0.0067922864047536557 -0.079628434989457542 -0.10647997517985913 0.039464377232527437 0.025881747202631991 -0.019968843393458672 -0.049302640194315954 0.003028595576125065 -0.0088319395108702892 -0.074366043278250082 -0.027935087004749771 -0.047222593047255935 0.022755650881412556 0.0021806119590529103 -0.015922347141619747 -0.046972772627873471
leaf_weight=10014714.067987472 252108.54484406114 90307.780329093337 1287781.7062464654 8937481.4891689271 805106.82400980592 151902.17102140188 336048.29580248892 2236116.6227517426 152650.41217568517 1282456.2443454266 36559.417953372002 284302.74223348498 299827.28262984753 396608.09605766833 350544.84403672814 394233.41450434923 173322.72023785114 1371224.9077760577 95085.326238572598 747033.05058665574 760833.18092632294 6445227.4328718781 584389.36659678817 432320.0311460942 574472.68410652876 574073.73517891765 8201216.3830600977 1090504.1164844036 157646.47829076648 281307.36417809129
leaf_count=6752086 282723 104021 1522734 3418581 374102 230604 1147362 1494451 510860 2523779 30638 239421 250815 902130 284660 969750 482767 309536 108399 566525 1148655 3320992 708491 1066325 1061310 840048 2610018 454184 309414 424779
internal_value=-0.000165146 -0.0195834 -0.0113086 0.0119117 0.0142055 -0.0460138 -0.0771313 -0.00712582 -0.039278 -0.0534505 -0.0405288 -0.00562548 -0.0296073 -0.0404846 -0.0243582 -0.0473963 -0.0739831 0.0210606 -0.0251735 -0.0322033 -0.0358943 0.00909491 -0.0301839 -0.0415081 -0.0478727 -0.0325237 0.0185612 0.0203409 0.00488485 -0.0740548
internal_weight=4.87974e+07 1.87114e+07 1.425e+07 3.0086e+07 2.68508e+07 4.46139e+06 793885 3.23526e+06 3.66751e+06 1.82934e+06 457836 1.08731e+07 3.3769e+06 2.08912e+06 1.41121e+06 1.67669e+06 263631 1.14681e+07 1.83817e+06 999142 1.11138e+06 1.53827e+07 1.68627e+06 1.10188e+06 1.00679e+06 858376 1.00968e+07 9.29172e+06 194206 677915
internal_count=34450160 21619048 12365328 12831112 10487413 9253720 2074202 2343699 7179518 4004389 926840 7831555 4533773 3011039 1684130 3493529 586788 3747840 3175129 849248 1433315 6739573 2944525 2236034 2127635 1079469 3438304 3064202 340052 1326909
is_linear=0
shrinkage=0.1


Tree=21
num_leaves=31
num_cat=0
split_feature=9 3 2 6 9 10 11 11 10 3 8 10 11 8 10 8 7 11 8 11 11 10 2 9 11 3 11 7 11 11
split_gain=961705 231170 209714 125005 106582 95866.2 87825.1 80187.3 70760.1 57557.7 53744.7 77685.4 67108.1 51907.4 43913 43906.1 42144.3 56729.9 41833.6 49724 39746.8 37351.4 35807.2 34088.1 33146.1 32159.3 35743 31657.7 31021.7 30670.4
threshold=12.150000095367433 35.500000000000007 11.208228111267092 26.710247993469242 17.210001945495609 -0.42957681104363482 -0.96687281075841669 -0.78324956448884031 0.14250626876356556 344.50000000000006 32.060632705688484 0.94978112945126536 -0.3744658827978154 17.882857322692875 0.51297097409535064 34.584287643432624 7.1703755855560312 0.65720762023595369 23.785716056823734 0.097680735332368748 -0.80417042486635371 0.35846314187849709 375.85374450683599 19.040639877319339 -0.21022037796396451 107.50000000000001 0.84199059757024453 19.130130767822269 0.56191161272202661 0.96407344085605606
decision_type=10 2 2 10 8 2 2 2 2 2 8 2 2 10 2 10 10 2 8 2 2 2 2 8 2 2 2 8 2 2
left_child=2 4 3 -1 6 18 -2 15 16 -5 11 13 -12 -10 -15 22 -8 24 -3 -20 -7 -6 27 25 -18 29 -27 -4 -26 -22
right_child=1 5 7 9 21 20 8 -9 10 -11 12 -13 -14 14 -16 -17 17 -19 19 -21 23 -23 -24 -25 28 26 -28 -29 -30 -31
leaf_value=-0.031382557561404158 0.024670982235695874 -0.013055730867709012 -0.020721111613464169 0.00089045564115721766 -0.087889364175072426 0.0050856744050031934 -0.0010883479118959812 0.0073409887043520408 0.022641938975940482 -0.19600724555225349 -0.010083150276072728 0.026927353009127294 -0.04024931442318902 -0.04630483558532715 -0.0090340574927083635 0.0044978109834288875 0.0096569994081701083 -0.060337702814969321 0.074809979701516136 -0.13407974247027524 -0.029118201115633541 -0.039173593199373913 0.055373372484663133 -0.09806907865860745 -0.03889795205783781 -0.056325060890763681 -0.13561352804955545 0.020709510372528231 0.0047860790508203362 -0.062020152758197292
leaf_weight=1418273.8014909178 548318.80357664824 40328.121121823788 187673.82911807299 8964076.4061216712 210168.74791485071 151270.64781862497 400953.03416055441 12563982.114893883 385076.67205888033 14871.05735629797 2407597.9523799121 746279.31680199504 1063076.5977738947 415299.70086304843 1323755.5369591415 1904646.4035930634 229385.28873991966 675684.43632392585 12012.923390358686 221702.8247641325 1090994.4172659516 626682.82097986341 293802.20288872719 127674.37646833062 1005163.761454314 364465.53407035768 67363.90846607089 10678107.572085142 193925.48367147148 382702.246427387
leaf_count=1684314 251114 76293 97033 5725269 548901 122880 414031 5409876 236714 54796 1910794 493760 1402580 634381 1339492 729195 156754 1420141 13203 915831 2243001 1012463 51995 384472 1493660 873074 214167 3248870 267245 1023861
internal_value=-0.000153768 -0.0238273 0.0081852 -0.00379349 -0.0172112 -0.0513612 -0.014165 0.0130449 -0.0165721 0.000564351 -0.0109507 -0.000827428 -0.0193231 -0.0105786 -0.0179346 0.0185304 -0.0308015 -0.0364634 -0.107113 -0.123343 -0.0443671 -0.0514082 0.0209254 -0.0480464 -0.0251706 -0.0446948 -0.0686938 0.0199939 -0.0318331 -0.0376625
internal_weight=4.87153e+07 1.26899e+07 3.60254e+07 1.03972e+07 1.02314e+07 2.45851e+06 9.39452e+06 2.56282e+07 8.8462e+06 8.97895e+06 6.34109e+06 2.87041e+06 3.47067e+06 2.12413e+06 1.73906e+06 1.30642e+07 2.50511e+06 2.10416e+06 274044 233716 2.18447e+06 836852 1.11596e+07 2.0332e+06 1.42847e+06 1.90553e+06 431829 1.08658e+07 1.19909e+06 1.4737e+06
internal_count=34450160 17448812 17001348 7464379 11582030 5866782 10020666 9536969 9769552 5780065 6017721 2704347 3313374 2210587 1973873 4127093 3751831 3337800 1005327 929034 4861455 1561364 3397898 4738575 1917659 4354103 1087241 3345903 1760905 3266862
is_linear=0
shrinkage=0.1


Tree=22
num_leaves=31
num_cat=0
split_feature=4 3 9 10 2 7 8 11 8 10 8 10 11 11 10 10 11 9 11 10 8 6 11 8 10 10 8 7 10 11
split_gain=786960 279942 122681 100216 94673.2 88205.2 63446 106808 62231.8 55520.8 47189 81723 80952.5 57898 46692.7 45594.9 47133.8 43547 43949.6 42592.9 42461.9 41779.7 40464.5 36211.2 35386.4 35116.1 35584.1 31902.2 60293.5 48938.8
threshold=1.0000000180025095e-35 31.500000000000004 11.787460803985597 -0.40614700388750385 93.553295135498061 22.60003757476807 19.211283683776859 0.65720762023595369 28.255781173706058 -0.71504373327588355 32.060632705688484 0.94978112945126536 -0.40613878790836594 0.5475998096715059 0.24372619187392155 -0.48314718476766422 0.92191100909954782 14.730000019073488 0.94909129669788206 0.77244481603295057 23.785716056823734 28.546000480651859 0.16587474750015932 28.191126823425297 -0.814291907305839 -0.28519255817492867 31.381426811218265 17.211653709411625 0.12545942051955489 -0.20180761162458913
decision_type=8 2 10 2 2 8 8 2 10 2 10 2 2 2 2 2 2 8 2 2 8 8 2 10 2 2 10 10 2 2
left_child=1 2 21 9 5 27 -4 10 15 20 11 -8 14 22 -12 -9 -17 18 -5 -7 -3 -1 -14 -20 -15 -6 -27 28 -2 -30
right_child=4 3 6 17 25 19 7 8 -10 -11 12 -13 13 24 -16 16 -18 -19 23 -21 -22 -23 -24 -25 -26 26 -28 -29 29 -31
leaf_value=-0.022372044636085026 -0.045708196797880407 0.056767388983096412 0.0089981137287930609 -0.014105560842840545 0.014205557713886622 0.012528384085884543 -0.015349158304502137 -0.093165605441761529 -0.072521107346093294 -0.12396902164550805 0.029369057145980395 0.030790869884322558 -0.031528605231084632 0.10474132927941145 -0.014808827361026629 -0.0025859669440187025 -0.049060306999138784 -0.048213650993428364 -0.03837828290017075 -0.014895759840799739 -0.070613443785908059 0.0011367748841141119 -0.064447784426439614 -0.12376861269882707 -0.0087804485216998584 0.036489578654790404 0.012165498960092913 0.0020606457088478288 -0.039057630336366674 0.0055960592277515177
leaf_weight=853057.11020490527 427863.77915471792 30946.376975029707 715359.59585171938 1061859.0486459136 3886406.1929696798 14407704.92787236 1514989.0984491855 104112.09748190641 550680.93972474337 216685.45598515868 282717.27431854606 514151.68577882648 1072591.7782800794 40129.872015923262 1555816.2309684753 491974.02411232889 392190.75755131245 1466618.1870880127 200577.58995319903 589503.40762400627 169525.77928856015 6642222.372929126 572816.34109148383 66004.72003389895 86960.91356317699 1925994.3287172318 874507.43992286921 6391174.27130422 306306.7884298265 1235056.668753013
leaf_count=852512 471785 38532 536240 1616469 1207101 5537380 1765714 224009 1229789 852517 132750 365980 1418505 29170 1401493 619000 752831 3577288 454564 454147 504457 3818446 1080130 220124 128528 467282 249985 3319008 232161 892263
internal_value=-0.000142272 -0.0163064 -0.0107019 -0.0431579 0.00986573 0.00686222 -0.0194016 -0.0222315 -0.0455821 -0.0888785 -0.0158601 -0.00365802 -0.0227168 -0.0379658 -0.00801545 -0.0305713 -0.0232007 -0.0363342 -0.0232191 0.0114504 -0.05095 -0.00153882 -0.0429888 -0.0595206 0.0270649 0.0203571 0.0288939 -0.00136825 -0.0124968 -0.00327773
internal_weight=4.86465e+07 1.8602e+07 1.53898e+07 3.21222e+06 3.00445e+07 2.33576e+07 7.89449e+06 7.17913e+06 1.53896e+06 417158 5.64017e+06 2.02914e+06 3.61103e+06 1.7725e+06 1.83853e+06 988277 884165 2.79506e+06 1.32844e+06 1.49972e+07 200472 7.49528e+06 1.64541e+06 266582 127091 6.68691e+06 2.8005e+06 8.3604e+06 1.96923e+06 1.54136e+06
internal_count=34450160 21619048 14355097 7263951 12831112 10906744 9684139 9147899 2825629 1395506 6322270 2131694 4190576 2656333 1534243 1595840 1371831 5868445 2291157 5991527 542989 4670958 2498635 674688 157698 1924368 717267 4915217 1596209 1124424
is_linear=0
shrinkage=0.1


Tree=23
num_leaves=31
num_cat=0
split_feature=2 9 11 1 3 10 10 6 10 8 10 3 11 7 11 9 11 9 9 10 8 10 8 3 11 8 10 10 11 2
split_gain=649637 225010 118460 93624.5 69033.7 67021.9 67349.4 61755.1 57630.1 71209.3 68430.6 53495 51115 48479.8 72670.2 47204.7 40292.5 39729 38229.1 38873.6 34150.4 32908.8 31978.6 31819.2 38891.4 29483.9 29101.8 30278.6 29437.3 27090.6
threshold=7.4988236427307138 15.73520088195801 0.26659387353423869 0.10636131092906 405.00000000000006 -0.108376950152639 -0.074117382312902977 23.570285797119144 -0.78326540922535159 28.918571472167972 -0.84315017450793706 107.50000000000001 -0.86974577485258975 11.830269813537599 0.95178258287705175 11.680000782012941 0.92191100909954782 18.881216049194339 12.900000095367433 0.58481550752069722 34.947141647338874 -0.814291907305839 35.618570327758796 60.500000000000007 -0.79382744783423187 30.935715675354007 -0.97113884758256674 -0.99866806308218525 0.99445195900249039 188.68995666503909
decision_type=2 10 2 10 2 2 2 8 2 10 2 2 2 8 2 10 2 10 10 2 10 2 10 2 2 8 2 2 2 2
left_child=1 2 4 -2 7 8 -7 -1 9 -3 -11 13 29 -4 16 -16 18 -8 -15 -20 26 -12 -13 -9 -25 -18 27 -14 -28 -5
right_child=3 5 11 12 -6 6 17 23 -10 10 21 22 20 14 15 -17 25 -19 19 -21 -22 -23 -24 24 -26 -27 28 -29 -30 -31
leaf_value=-0.080299327656624592 0.00012308879197342904 0.038163712245428361 -0.0068862117314309676 0.016159367567306678 -0.19483103652552866 0.073445439176091545 -0.02959807024358127 -0.0010243313923795241 -0.091215465643949278 -0.11168813275484007 0.060426077759561492 -0.095647433710133581 0.023177660173294062 -0.014834202325481043 -0.031721938554834204 -0.096889114553912858 0.033849140322868926 -0.071065357339744922 -0.055778670949691668 -0.018599342938045615 -0.017105271221611484 -0.086707933166869366 0.095452629832227687 0.0044207984928424536 -0.049953688061350469 -0.068655179821062076 0.011650163916725922 -0.009714651099727899 -0.10356790377810068 0.032930807934028909
leaf_weight=102724.62984468043 8584785.2727057934 95255.731158077717 1753243.7071405649 7971228.1212517619 18825.965413212776 59756.739870801568 2168282.9481065124 9451918.1207624376 400695.82542645931 124640.94559654593 46543.854630246758 131193.90262791514 354495.18907162547 1546794.8301601112 217355.70400580764 227494.11225669086 192832.74504368007 258600.55828860402 623000.82492253184 512622.49109980464 507208.1153653264 22574.446406453848 9382.9071460068226 234276.91914787889 299966.79963122308 32839.616872668266 10186628.160726666 1329352.0472781062 22223.051509439945 1095475.6325392723
leaf_count=127853 4368461 118631 2263790 2563792 77158 67833 3850580 6559231 1369793 409586 61460 379646 147681 1816685 336069 659383 253443 650223 1413277 753131 303617 63076 9106 179113 629369 71520 4026322 658617 30391 231323
internal_value=-0.000131139 -0.014857 -0.00984516 0.00894941 -0.00351684 -0.0390844 -0.0314343 -0.00315985 -0.0666659 -0.0326299 -0.0674334 -0.0220365 0.0124792 -0.0203611 -0.027407 -0.0650481 -0.0216491 -0.0340167 -0.0250632 -0.0389959 0.00830656 0.0123712 -0.0828923 -0.00236634 -0.0261094 0.0189328 0.00939034 -0.00278993 0.0113994 0.0181858
internal_weight=4.85822e+07 1.85308e+07 1.53545e+07 3.00514e+07 1.01077e+07 3.17635e+06 2.48664e+06 1.00889e+07 689711 289015 193759 5.24676e+06 2.14666e+07 5.10618e+06 3.35294e+06 444850 2.90809e+06 2.42688e+06 2.68242e+06 1.13562e+06 1.23999e+07 69118.3 140577 9.98616e+06 534244 225672 1.18927e+07 1.68385e+06 1.02089e+07 9.0667e+06
internal_count=34450160 22119956 15528774 12330204 7572724 6591182 4568636 7495566 2022546 652753 534122 7956050 7961743 7567298 5303508 995452 4308056 4500803 3983093 2166408 5166628 124536 388752 7367713 808482 324963 4863011 806298 4056713 2795115
is_linear=0
shrinkage=0.1


Tree=24
num_leaves=31
num_cat=0
split_feature=4 3 9 10 7 10 4 8 11 11 7 8 11 3 10 10 3 11 10 8 10 8 11 6 10 7 11 10 10 10
split_gain=538510 200505 94505.8 92068.4 66829.5 60074.3 56289.5 49202.4 60536.4 48610.7 68025.9 39675.7 38389 44965.2 34854.9 44725.8 37687.7 34286.7 32286.3 34025.3 31999.8 33949.1 30309.9 57129.5 34921.7 29590.3 31268.3 28108 28095 44291.7
threshold=0.016939329914748672 35.500000000000007 14.730000019073488 -0.44504625642270151 18.750151634216312 0.12545942051955489 6.5773305892944345 28.255781173706058 0.14888728888808328 0.47369649395226454 7.9205369949340829 33.924226760864265 -0.79382744783423187 124.50000000000001 -0.84315017450793706 -0.8041866928211282 26.500000000000004 -0.25206183926700709 -0.71504373327588355 28.918571472167972 -0.97509794945709805 34.584287643432624 0.94909129669788206 29.030014038085941 0.89787622492179153 19.31424713134766 0.76556758748011056 -0.8781231054254196 -0.12546116083924153 -0.03977009085991149
decision_type=8 2 10 2 8 2 10 8 2 2 8 8 2 2 2 2 2 2 2 10 2 10 2 10 2 8 2 2 2 2
left_child=1 2 9 18 5 -2 -6 -4 11 -1 -11 -9 -5 22 -10 16 -16 -7 19 27 -8 -22 24 28 -14 26 -12 -3 -24 -30
right_child=4 3 7 12 6 17 20 8 14 10 25 -13 13 -15 15 -17 -18 -19 -20 -21 21 -23 23 -25 -26 -27 -28 -29 29 -31
leaf_value=-0.0015083697837130169 -0.030176210077670986 -0.14376393284771832 -0.007525348035178174 0.0019601136762207104 0.0057910412626108266 -0.021323563960613304 -0.0044862739649682215 0.01826179612289348 -0.093628522922661078 0.0073832414517943368 -0.018056517848484773 -0.026694106834659476 -0.011672920441764252 -0.06935268068567392 -0.0357873051301828 -0.04954993991023178 0.12275880583000179 0.009681377519713992 -0.12361901542689593 -0.092445858778690576 0.018319409889073882 -0.0002389449644570095 -0.077809783947706199 -0.11233939039136376 -0.046625146721548216 -0.0087639215262085915 -0.048577589954848656 0.051926312957787095 0.033627735298579993 -0.043799285038879004
leaf_weight=9509439.7545407116 775183.99447022378 9147.0988345295191 1227174.1576028466 297339.23477891088 15491330.544465944 462747.01448187232 784665.67558541894 242191.1567542851 162363.34896497428 844169.16021105647 610298.92513713241 1036367.1240133941 951532.45421920717 347608.41796910763 31295.261498212814 739508.95371593535 28781.83542008698 1555885.5808360577 150146.14091788232 88943.087004154921 9682913.7362969816 1097428.5613456815 109286.40804694593 115817.07829277217 408606.02570909262 640566.74719686806 745918.20570369065 37151.473169073462 107459.42764599621 236445.67713034153
leaf_count=6196736 707763 34964 1609373 242453 6840726 308046 367608 209505 474862 711529 808416 1437041 1908695 966255 60213 1522912 19608 1065801 673280 326691 2981534 458231 355246 432935 898925 659353 1354964 53435 175563 587497
internal_value=-0.000121166 -0.0134384 -0.0090332 -0.0378073 0.00821159 -0.0065131 0.00973205 -0.0236204 -0.0324361 -0.00493747 -0.0164156 -0.0181783 -0.0318326 -0.0362459 -0.0513865 -0.0428089 0.0401692 0.00257387 -0.0916971 -0.0562571 0.015011 0.0164302 -0.0302804 -0.0496599 -0.0221731 -0.0264769 -0.0348431 0.0132643 -0.0336416 -0.0196058
internal_weight=4.85277e+07 1.86776e+07 1.58181e+07 2.85948e+06 2.98502e+07 2.79382e+06 2.70563e+07 3.46768e+06 2.24051e+06 1.23504e+07 2.84095e+06 1.27856e+06 2.57409e+06 2.27676e+06 961949 799586 60077.1 2.01863e+06 285388 135242 1.1565e+07 1.07803e+07 1.92915e+06 569009 1.36014e+06 1.99678e+06 1.35622e+06 46298.6 453192 343905
internal_count=34450160 21720451 15064512 6655939 12729709 2081610 10648099 5333514 3724141 9730998 3534262 1646546 5567569 5325116 2077595 1602733 79821 1373847 1088370 415090 3807373 3439765 4358861 1551241 2807620 2822733 2163380 88399 1118306 763060
is_linear=0
shrinkage=0.1


Tree=25
num_leaves=31
num_cat=0
split_feature=3 9 3 10 11 7 8 11 10 11 10 10 8 11 7 9 11 3 11 10 11 10 11 11 8 6 7 3 9 10
split_gain=444505 151684 88676.5 99355 87996.6 84749.1 75759.5 54745.1 53974 50182.1 47598.5 42044.5 40305.6 40160.9 57842 66594.2 43070.4 34467.9 32464.5 32313 31344.9 30787.9 38849.6 33201.9 29153.7 27086.2 25023.4 24915.5 22976.4 22903.1
threshold=2.5000000000000004 17.08029937744141 53.500000000000007 -0.13398594226331254 -0.19337245081799007 17.310421943664554 34.947141647338874 -0.90161545992537195 -0.33425342068356556 0.99445195900249039 -0.108376950152639 -0.074117382312902977 13.993053913116457 0.26659387353423869 12.240072727203371 10.593381404876711 0.94909129669788206 405.00000000000006 0.83258597624099873 -0.94139628442229062 0.9863035000474919 0.92922379131507438 0.080547328232315238 0.84199059757024453 29.185841560363773 20.991237640380863 17.120238304138187 172.50000000000003 13.04210424423218 -0.99866806308218525
decision_type=2 10 2 2 2 8 10 2 2 2 2 2 8 2 8 10 2 2 2 2 2 2 2 2 10 8 8 2 8 2
left_child=4 2 13 27 5 -1 8 -8 -7 12 -3 -12 -6 25 -15 26 19 -5 29 28 -18 23 -23 -13 -25 -2 -16 -4 -17 -14
right_child=1 10 3 17 9 6 7 -9 -10 -11 11 21 18 14 15 16 20 -19 -20 -21 -22 22 -24 24 -26 -27 -28 -29 -30 -31
leaf_value=-0.027011844944468358 -0.10401449557257399 -0.082355636485274109 -0.085426666704645035 -0.021617396252563752 0.027768887634381546 0.0080288798171430677 0.0075329664657935369 -0.016032737056738824 0.018183651012419883 -0.077006102690081013 0.077257697110063278 -0.014116855191315751 0.015860161350799647 -0.0013192368320711332 -0.062958779936902312 -0.043463102897279518 -0.1141916402890779 -0.16216378595979955 -0.029484904077915982 -0.024837557023573195 -0.040146024331565729 -0.038600072831625074 -0.10795897864620588 -0.041708421130216299 -0.13127891391313271 -0.0033606978094927829 0.0083410822808745577 -0.19620110176864766 -0.14500619341592641 -0.0047760837073948332
leaf_weight=629101.16988366842 26823.457509130239 276546.44179417193 181694.27486887574 1425714.866289109 407766.28337711096 11786596.692609668 2339032.4118941426 1703904.2973223031 9415156.0554279983 92094.648959964514 31825.722227916121 522533.7504362613 602736.47472509742 1845075.9149880111 53247.69479855895 53754.688097417355 103117.46980039775 17665.393494486809 486509.50557209551 1929332.362662524 128303.55113451183 221850.30710761249 126980.23635850847 173553.95151031017 45961.479738369584 8147461.0319806933 651234.75859224796 22858.940740838647 38061.251755043864 4993093.572558105
leaf_count=456074 37607 995174 642026 2749903 218580 4228559 932426 1119532 3085507 143120 35167 941881 280436 2325386 89722 63264 313969 69511 532981 3324245 295558 454489 353309 405551 169317 6166696 601170 95093 111498 3212409
internal_value=-0.000111669 -0.0137395 -0.0107299 -0.0325811 0.00661641 0.00924269 0.0101462 -0.00239885 0.0125384 -0.00370716 -0.0451937 -0.03604 -0.00266705 -0.00795498 -0.0152132 -0.0238825 -0.0322749 -0.0233375 -0.0047075 -0.0275959 -0.0731396 -0.0393454 -0.0638479 -0.027827 -0.0604624 -0.00369099 0.00295194 -0.0978058 -0.0855566 -0.00255332
internal_weight=4.84796e+07 1.60236e+07 1.46243e+07 1.64793e+06 3.2456e+07 2.58738e+07 2.52447e+07 4.04294e+06 2.12018e+07 6.5822e+06 1.39925e+06 1.12271e+06 6.49011e+06 1.29764e+07 4.80213e+06 2.95705e+06 2.25257e+06 1.44338e+06 6.08234e+06 2.02115e+06 231421 1.09088e+06 348831 742049 219515 8.17428e+06 704482 204553 91815.9 5.59583e+06
internal_count=34450160 20240536 16885648 3556533 14209624 9822098 9366024 2051958 7314066 4387526 3354888 2359714 4244406 13329115 7124812 4799426 4108534 2819414 4025826 3499007 609527 2324547 807798 1516749 574868 6204303 690892 737119 174762 3492845
is_linear=0
shrinkage=0.1


Tree=26
num_leaves=31
num_cat=0
split_feature=2 9 3 11 11 8 10 8 10 10 3 9 11 11 6 10 3 10 8 11 7 8 10 8 11 10 8 7 7 11
split_gain=366416 140221 81039.8 74207.9 57357.9 50701.1 44535.6 50567.3 36971.7 33131.7 32766.6 32707.5 31025.9 37951.9 34855.8 33532.2 52057.6 31036.3 31023.1 45685.1 30524.7 34420.2 38752.5 30274.1 28149.6 27253.7 57535.5 42445.6 31538.1 31502.7
threshold=9.0299220085144061 15.330000400543215 405.00000000000006 0.65720762023595369 -0.49812626372919411 20.31369781494141 -0.12546116083924153 26.537406921386722 -0.074117382312902977 -0.78326540922535159 108.50000000000001 19.22970008850098 0.95178258287705175 0.92191100909954782 24.37018966674805 0.51297097409535064 23.500000000000004 -0.17647087149565668 15.10928535461426 0.95178258287705175 19.040272712707523 34.584287643432624 -0.25205528343633254 18.616177558898929 0.41202506375868281 0.96465729447553372 32.28167915344239 22.350042343139652 15.550929069519045 0.21652257995689161
decision_type=2 10 2 2 2 8 2 10 2 2 2 10 2 2 10 2 2 2 10 2 8 10 2 8 2 2 8 10 8 2
left_child=1 2 3 23 20 -5 7 9 -8 24 12 -10 13 15 -15 16 -7 -14 -6 25 -2 22 -22 -1 -3 27 28 -20 -27 -29
right_child=4 6 -4 5 18 10 8 -9 11 -11 -12 -13 17 14 -16 -17 -18 -19 19 -21 21 -23 -24 -25 -26 26 -28 29 -30 -31
leaf_value=-0.054926564465140465 -0.012917407556553623 -0.034305371742784661 -0.18995003123968759 0.0014714619485883846 0.022190195935606134 -0.022374352033668308 0.0448139555620128 -0.065100270483341591 -0.021480492583045921 -0.039645668318774321 -0.10883187836301456 -0.065980272812355287 -0.091545130750106202 -0.050292295781839795 0.033421408657194777 -0.0047296014098717892 -0.079487686865360188 -0.034181212765918935 -0.010083848307932816 -0.062804827267036553 0.0083343475367939537 0.0011086331749111571 0.018264345937225021 -0.0023264132609889915 0.07947351986573592 0.0010449034494316146 -0.035157186409650439 0.0017051870611819908 0.043422481348159764 0.029390899902846913
leaf_weight=110399.45705337822 561389.01581066847 34919.883245110512 24051.085304319859 809024.64254631102 618455.37732562423 581269.02689433098 79869.651836246252 566063.30266550183 2762110.2501691729 148900.5210481137 48645.293162584305 175675.09083279967 113135.59858167171 64033.099062666297 222780.9845341593 484497.94898359478 219991.2658393532 567047.7973062098 3566073.3038522005 117935.08255240321 9133005.8653989434 3107887.9225869179 6898706.0107656121 12332716.375530347 57631.293513864279 276288.93428143859 178258.62174269557 3627870.8794021904 481960.22681355476 463503.64466005564
leaf_count=116770 320786 61617 121397 804073 311526 837070 112811 1885090 4802369 352082 157613 472809 308551 120834 305429 647608 676790 1175173 2229540 157648 3027405 1346298 2098462 9698350 50926 156056 148945 1561833 189952 194347
internal_value=-0.000103494 -0.0107428 -0.0065302 -0.00624657 0.00700716 -0.020062 -0.0278982 -0.0487569 -0.0223164 -0.0104412 -0.0276318 -0.0241415 -0.0258784 -0.0181603 0.0147318 -0.0254975 -0.0380552 -0.0437226 0.000548268 -0.000988088 0.0100661 0.0107402 0.0126074 -0.0027931 0.0365443 -0.000139775 0.0159631 -0.00210916 0.027981 0.00484165
internal_weight=4.84341e+07 1.94028e+07 1.55776e+07 1.55535e+07 2.90313e+07 3.11043e+06 3.82517e+06 807515 3.01765e+06 241452 2.3014e+06 2.93779e+06 2.25276e+06 1.57257e+06 286814 1.28576e+06 801260 680183 9.33035e+06 8.71189e+06 1.9701e+07 1.91396e+07 1.60317e+07 1.24431e+07 92551.2 8.59396e+06 936508 7.65745e+06 758249 4.09137e+06
internal_count=34450160 22707362 14969658 14848261 11742798 5033141 7737704 2349715 5387989 464625 4229068 5275178 4071455 2587731 426263 2161468 1513860 1483724 4949847 4638321 6792951 6472165 5125867 9815120 112543 4480673 494953 3985720 346008 1756180
is_linear=0
shrinkage=0.1


Tree=27
num_leaves=31
num_cat=0
split_feature=4 3 10 9 2 7 9 8 11 8 10 11 8 3 11 7 10 8 10 10 7 10 8 10 3 10 10 7 10 11
split_gain=310553 121362 71030.3 53415.7 47040 42535.1 36097.6 33363.7 76504.9 32567.9 30392.9 49426.9 67340.4 47459.3 34464.6 28716.5 27724 45698.7 54290.9 49155.8 32527.3 26172.7 28372 25678.5 24590.7 24556.2 24530 24335.1 29502.4 24119.7
threshold=0.042893372476100929 35.500000000000007 -0.44504625642270151 16.960001945495609 125.71569824218751 22.60003757476807 9.8100008964538592 19.211283683776859 0.65720762023595369 27.597004890441898 0.89787622492179153 0.84199059757024453 30.611430168151859 107.50000000000001 0.79773375822167203 22.987835884094242 -0.90893996196865023 33.588102340698249 0.76140650896573492 0.95242846126021108 19.989834785461429 -0.71504373327588355 32.145544052124031 0.77244481603295057 45.500000000000007 -0.89406062840022227 0.056951373111866731 17.020046234130863 0.87397152483179585 -0.97507822412530132
decision_type=8 2 2 10 2 8 8 8 2 10 2 2 10 2 2 10 2 10 2 2 10 2 10 2 2 2 2 8 2 2
left_child=1 3 21 6 5 -2 9 -8 16 -1 11 14 13 24 27 -6 -9 19 29 20 -18 22 25 -7 26 -3 -13 28 -4 -19
right_child=4 2 10 -5 15 23 7 8 -10 -11 -12 12 -14 -15 -16 -17 17 18 -20 -21 -22 -23 -24 -25 -26 -27 -28 -29 -30 -31
leaf_value=-0.031659288659291511 -0.00084741832466171023 -0.14840331444989621 -0.049527282396771226 -0.029881990854949261 0.025018253316549766 0.0085412981828516654 0.0098429343209472109 -0.016928306481946365 -0.028669498652774052 0.004822953408413027 -0.044609618198440469 0.042366989115917381 -0.11358278526867614 -0.10281016773869062 0.052223448053031654 0.0084067290082821648 -0.008226877862854946 0.016617853291925548 -0.027096367991646726 0.029581200269785914 0.017955462952227018 -0.1078612130370199 -0.1024638393207352 -0.013158270924350506 -0.027549545616296273 0.014909058825485988 -0.046352684461560927 -0.00041752387796426221 0.062772611052024863 -0.0071722524849355627
leaf_weight=260699.63248877227 8792275.1995657533 10663.479792170227 212228.07923509181 934800.76251995564 1964376.0216963291 15686136.261861332 933975.5282535851 1798426.1915032864 1791487.6663588732 3986097.2349479944 557075.01047593355 110184.14960378408 97889.640215188265 73114.329393222928 100136.16100391746 2213103.274522543 1671667.0527137965 561037.8196105361 1277602.6579510421 690259.85402318835 662558.83959175646 139982.60230069607 52500.623086348176 564982.92095606029 601868.71479599178 67413.611651860178 43455.027132883668 739853.25404435396 26291.764436736703 1772752.767107904
leaf_count=257843 4930491 46959 537668 1797626 515899 5881380 707679 1813577 3097164 1989971 1345864 193741 380982 251839 146611 617325 1806318 255956 1553681 477368 362388 674721 217753 426437 1546192 151826 110906 1040645 38622 1274728
internal_value=-9.47623e-05 -0.00998389 -0.0290926 -0.00667153 0.00639424 0.00475555 -0.00526323 -0.00824922 -0.00990167 0.00258341 -0.0239467 -0.0182057 -0.0351456 -0.0258793 -0.00365331 0.016218 -0.0059153 -0.0029306 -0.010525 0.00613746 -0.000795146 -0.0778219 -0.0456191 0.0077869 -0.0184343 -0.00739554 0.0172737 -0.00937228 -0.0371486 -0.00145317
internal_weight=4.83949e+07 1.9174e+07 2.83266e+06 1.63414e+07 2.92209e+07 2.50434e+07 1.54066e+07 1.11598e+07 1.02258e+07 4.2468e+06 2.5621e+06 2.00502e+06 926512 828622 1.07851e+06 4.17748e+06 8.43431e+06 6.63588e+06 3.61139e+06 3.02449e+06 2.33423e+06 270560 130578 1.62511e+07 755508 78077.1 153639 978373 238520 2.33379e+06
internal_count=34450160 22078628 6684329 15394299 12371532 11238308 13596673 11348859 10641180 2247814 5593070 4247206 2483660 2102678 1763546 1133224 7544016 5730439 3084365 2646074 2168706 1091259 416538 6307817 1850839 198785 304647 1616935 576290 1530684
is_linear=0
shrinkage=0.1


Tree=28
num_leaves=31
num_cat=0
split_feature=11 8 10 9 7 10 7 11 10 3 10 3 6 7 8 3 11 11 8 11 10 11 10 8 2 10 11 10 6 10
split_gain=253884 101557 105346 76028.6 73885.9 59299.3 57379.2 72597.7 45017.1 44399.8 44045.9 43858.2 40566.4 39363.8 42172.7 35974.4 35293.6 38957.5 63020.8 45143.2 34248.1 33181.7 32210.8 32128.2 31960.4 30258.7 27644.4 25464.6 51696.1 27743.4
threshold=0.11478523713130605 35.442857742309577 0.52766072109828632 17.279999732971195 17.310421943664554 -0.35041564478062465 7.9205369949340829 0.96407344085605606 0.97508442350096236 138.50000000000003 -0.17647087149565668 61.500000000000007 27.370162010192875 23.534754753112797 34.947141647338874 405.00000000000006 0.36447543099728863 0.6174544326165855 29.584506988525394 0.5475998096715059 -0.90893996196865023 0.19969739736768838 -0.42180583328916638 33.588102340698249 104.61793518066408 0.98667101781630195 -0.8611288361322974 -0.074117382312902977 28.210115432739261 0.17646842360078763
decision_type=2 10 2 10 8 2 8 2 2 2 2 2 8 10 10 2 2 2 8 2 2 2 2 8 2 2 2 2 10 2
left_child=1 4 -3 6 8 11 20 9 12 13 -9 -6 -1 23 21 -7 -5 19 22 -18 -2 -15 -19 25 -22 -8 -14 -12 29 -29
right_child=3 2 -4 16 5 15 7 10 -10 -11 27 -13 26 14 -16 -17 17 18 -20 -21 24 -23 -24 -25 -26 -27 -28 28 -30 -31
leaf_value=-0.050247022330461036 -0.14289943112386586 0.0038052361069477107 -0.020181532782658735 -0.091345245269101594 0.0038172967740438333 0.013092048999547018 -0.011160498057883585 -0.10450070708061832 0.0099779362491469112 -0.091922785090574194 -0.0023808654091717193 -0.18915090861694581 -0.052223200635186012 -0.020924154364338223 -0.08219861312871192 -0.18985708709368831 -0.035978917395135472 -0.12689828362347455 -0.10381560989848547 0.052804048061452558 0.0028524896938808787 0.042797079938466084 -0.01756014642835043 -0.031052583853154334 0.073478376673627985 0.037765887020320049 0.0025012024977181784 -0.041377963438428207 -0.09176377091447635 0.021413547717456599
leaf_weight=438371.63114340603 15754.608397901058 4268616.6981381327 3206182.6624503881 122427.14569485188 15857952.114890695 12188803.562711433 6095853.630965963 102028.30385640264 471548.89320297539 68000.343412868679 185275.90752957761 11786.956621564925 117859.58514887094 109967.97238594294 38995.209964215755 8740.3917300850153 141240.35713271797 29326.733070716262 148630.00894804299 96331.795117273927 2016174.4967169166 318136.74795787036 331585.69033136964 833469.90779833496 66177.609192639589 129081.72730828822 425804.61763040721 252018.56982116401 164939.39113099873 97621.583529084921
leaf_count=417224 35178 2120902 3877220 356748 6500185 4685145 7837143 307336 328334 245785 352194 48120 110023 66695 57029 41876 352464 139284 599757 138792 1964588 139115 748557 1376266 20505 79069 356907 543084 457067 147568
internal_value=-8.68435e-05 0.00392877 -0.00648346 -0.0131609 0.00656519 0.0077037 -0.0108062 -0.0145029 -0.0154183 -0.011481 -0.0431187 0.00367397 -0.0276129 -0.0107541 0.0173603 0.0129466 -0.0415764 -0.033421 -0.0490132 2.11877e-05 0.0039857 0.0264289 -0.0264447 -0.0126146 0.005097 -0.0101459 -0.00936236 -0.0341702 -0.045616 -0.0238462
internal_weight=4.83587e+07 3.69957e+07 7.4748e+06 1.1363e+07 2.95209e+07 2.80673e+07 1.04935e+07 8.39539e+06 1.45358e+06 7.59351e+06 801884 1.58697e+07 982036 7.52551e+06 467100 1.21975e+07 869542 747115 509542 237572 2.09811e+06 428105 360912 7.05841e+06 2.08235e+06 6.22494e+06 543664 699855 514580 349640
internal_count=34450160 18485936 5998122 15964224 12487814 11275326 13628622 11608351 1212488 9801102 1807249 6548305 884154 9555317 262839 4727021 2335602 1978854 1487598 491256 2020271 205810 887841 9292478 1985093 7916212 466930 1499913 1147719 690652
is_linear=0
shrinkage=0.1


Tree=29
num_leaves=31
num_cat=0
split_feature=4 9 8 11 10 11 11 10 3 2 10 8 10 8 10 10 7 3 11 11 11 7 8 10 10 8 11 10 11 8
split_gain=214630 85858.4 45295.8 67990.6 51594.5 40317.5 43153.1 39818.9 37174.5 35208.9 34289.5 33406.5 38261.1 32724.8 34992.6 30954.3 30543.9 28813.9 28346.6 27755.1 27594.5 36901.7 25749.1 37700.4 36146.6 25383.9 31170.6 23859.7 23272.2 32143.7
threshold=0.14921022206544879 14.730000019073488 27.981488227844242 0.6174544326165855 -0.84315017450793706 0.96849880583763492 0.97832380634958016 0.92922379131507438 405.00000000000006 298.86936950683599 0.97875492728876534 29.830000877380375 0.54219432480460406 16.131060600280765 0.074116354202380205 0.66527693225344786 17.80034160614014 295.50000000000006 0.87291090774974645 0.26659387353423869 0.029024409397335523 16.200611114501957 34.584287643432624 0.30983042691905771 0.92922379131507438 33.025739669799812 0.080547328232315238 -0.14250824554987665 0.56191161272202661 30.738570213317875
decision_type=8 10 10 2 2 2 2 2 2 2 2 8 2 10 2 2 10 2 2 2 2 8 10 2 2 10 2 2 2 10
left_child=1 5 -3 4 19 8 -7 28 -1 17 -9 12 18 27 16 -14 -15 20 -5 -4 21 -2 23 -23 -24 -12 -27 -8 -6 -30
right_child=9 2 3 11 7 6 13 10 -10 -11 25 -13 15 14 -16 -17 -18 -19 -20 -21 -22 22 24 -25 -26 26 -28 -29 29 -31
leaf_value=-0.0028568027050780297 -0.023316390115219059 -0.0055624284461928512 -0.026403572609817506 -0.10902085142327507 -0.0081047915751412593 -0.090061988036769042 -0.12903014904672885 -0.05303350380201536 -0.18128430858486752 0.028266652758152384 0.027050359934095963 -0.070995237157182631 0.073735431733205015 -0.032881197347523809 -0.076114161305329095 -0.049108128838181442 0.036603371859316149 -0.19337149490907365 -0.02806016462025418 -0.095727830090565569 -0.0034318655307441315 0.0066344081764131762 0.0014795122447922751 0.019655839466580272 -0.045664936297891229 -0.010820510213712872 -0.071641648788397488 0.022426205096163332 -0.061977020205109951 0.051119575931282593
leaf_weight=14815120.625201061 412180.87870101631 1633314.9855090305 108247.63037198037 59404.4099156335 1253417.7088497877 93599.993872776628 10961.567762687802 380471.13936197758 11685.95650588721 672473.80729317665 117519.92335666716 424707.33263649046 55183.46275793016 250277.34988923371 131973.49527201056 32648.082205981016 84662.936198875308 7312.7000340223312 158998.5073139295 123806.77259600908 3286856.2333276868 16932320.10713239 3682333.2119386494 2559563.080209285 170146.8401145041 364991.19469638169 109554.96092161536 203518.19479072094 30541.052400410175 141846.14467215538
leaf_count=12007721 293772 2681912 217693 256719 1743726 216888 19528 782916 70553 144581 108296 1467987 64298 532084 306426 69068 99981 42507 442871 448511 2266402 5929568 1712424 943648 179057 670126 278023 177905 66027 208942
internal_value=-8.04251e-05 -0.00781273 -0.0192239 -0.0258622 -0.018365 -0.00415964 -0.0263945 -0.0140085 -0.00299743 0.00566416 -0.02961 -0.0528419 -0.0276656 -0.0176488 -0.0325018 0.0280729 -0.0153176 0.00510227 -0.050081 -0.0633898 0.00515593 0.00634411 0.00686781 0.00834431 -0.000602648 -0.0145577 -0.0248618 0.0146856 -0.00336681 0.0310828
internal_weight=4.83196e+07 2.05965e+07 4.99465e+06 3.36134e+06 2.6304e+06 1.56018e+07 774994 2.39834e+06 1.48268e+07 2.77232e+07 972537 730942 306234 681394 466914 87831.5 334940 2.70507e+07 218403 232054 2.70434e+07 2.37565e+07 2.33444e+07 1.94919e+07 3.85248e+06 592066 474546 214480 1.4258e+06 172387
internal_count=34450160 22938201 9507115 6825203 4524260 13431086 1352812 3858056 12078274 11511959 1839361 2300943 832956 1135924 938491 133366 632065 11367378 699590 666204 11324871 9058469 8764697 6873216 1891481 1056445 948149 197433 2018695 274969
is_linear=0
shrinkage=0.1


Tree=30
num_leaves=31
num_cat=0
split_feature=4 3 10 9 10 11 10 2 7 10 10 8 11 7 8 10 6 10 10 10 10 10 6 10 10 3 7 11 3 10
split_gain=174524 77945.8 91556.9 45807.2 35251.5 36097.5 37860.2 29763.7 29713.4 73143.1 65211.7 53053.2 36692.9 64479.8 42629.1 27069.4 26919.5 25101.2 34137.9 24611.3 24197.5 34002.4 42022.4 30110.9 24453.3 22883.8 22856.9 22763.3 22714.8 21145
threshold=0.1994976028800011 55.500000000000007 -0.13398594226331254 16.730000495910648 -0.065535378769913874 0.98486764554468398 0.89787622492179153 122.15429306030275 23.614005088806156 0.46800856592688472 0.42179998225932674 33.025739669799812 0.18281312110578132 16.60019683837891 29.830000877380375 0.99907018497641664 26.498523712158207 0.86548282553247169 0.65233619298682533 0.92922379131507438 -0.42180583328916638 -0.78326540922535159 34.010030746459968 -0.35846811432664222 -0.159513159777915 17.500000000000004 21.350020408630375 0.6174544326165855 320.50000000000006 -0.26866367175705824
decision_type=8 2 2 10 2 2 2 2 10 2 2 10 2 10 10 2 8 2 2 2 2 2 10 2 2 2 10 2 2 2
left_child=1 3 -3 8 -4 6 17 16 9 29 -10 12 13 15 -14 25 -2 18 -6 -13 21 22 -5 -22 -25 -11 -9 -20 -18 -1
right_child=7 2 4 20 5 -7 -8 26 10 11 -12 19 14 -15 -16 -17 28 -19 27 -21 23 -23 -24 24 -26 -27 -28 -29 -30 -31
leaf_value=-0.0095781032110013424 -0.0080900599215111418 -0.087980020978501661 0.043952558816743224 0.013250479397627551 0.00070670230507837144 -0.070699799951535899 -0.044262828009324538 0.02827605341525179 0.0078720264936402318 -0.0059172309845749319 -0.013283962752895832 0.001693949658083073 0.0097478401689866899 0.04482419612621856 -0.027523588467462164 0.054055781793412409 0.0048278167686013904 0.040393379757191712 -0.022102602352924484 -0.031443911433313806 0.079815194584428262 -0.10391673765797688 -0.11527784005553686 -0.11627242809995893 -0.01746656427264098 -0.10438614094796635 0.0094058675654387792 -0.081642329037329014 -0.19726989469723052 -0.021800044608358791
leaf_weight=5129255.7354903817 1762117.0058256015 213846.51437142491 85840.258383885026 93535.630986101925 644111.34086018801 138017.44237400591 378569.85048095137 785268.89847832918 4814764.5800115168 421168.14049065113 2089217.4683210552 397572.58799821138 1394256.2028761655 666246.11316089332 393470.48252432048 73511.0085311234 21136946.593006417 99560.841479800642 216107.54337947816 513719.64501957595 31224.323318317533 82684.506462037563 34940.419901952147 25645.636185869575 1074839.4883947968 25002.056277707219 3515714.3400295973 91358.732208862901 5562.8792735636234 1955130.3782273084
leaf_count=5581113 1190995 914021 134221 195655 1099455 442000 988944 205119 2257354 318758 1878482 411168 1319483 298291 568442 40188 8824952 157023 458760 729310 46433 384854 150838 105545 1911959 52983 965939 273130 37405 2507340
internal_value=-7.40968e-05 -0.00690314 -0.0264078 -0.0050077 -0.018445 -0.0218615 -0.0171469 0.00521822 -0.00366941 -0.00690411 0.00147 0.00412284 0.010592 0.0242305 0.00154457 -0.00217118 0.00378492 -0.00738103 -0.0123795 -0.0169867 -0.0228199 -0.0538963 -0.0217042 -0.0170216 -0.0197691 -0.0114351 0.0128512 -0.0397939 0.00477464 -0.0129511
internal_weight=4.82892e+07 2.10836e+07 1.86741e+06 1.92162e+07 1.65357e+06 1.56773e+06 1.42971e+06 2.72056e+07 1.78733e+07 1.09693e+07 6.90398e+06 3.88495e+06 2.97365e+06 1.18593e+06 1.78773e+06 519681 2.29046e+07 1.05114e+06 951578 911292 1.34287e+06 211161 128476 1.13171e+06 1.10049e+06 446170 4.30098e+06 307466 2.11425e+07 7.08439e+06
internal_count=34450160 23225750 4467554 18758196 3553533 3419312 2977312 11224410 15962912 11827076 4135836 3738623 2598145 710220 1887925 411929 10053352 1988368 1831345 1140478 2795284 731347 346493 2063937 2017504 371741 1171058 731890 8862357 8088453
is_linear=0
shrinkage=0.1


Tree=31
num_leaves=31
num_cat=0
split_feature=1 9 3 11 10 8 10 6 2 7 10 10 8 3 10 11 7 8 3 10 11 6 9 10 8 7 10 11 11 10
split_gain=145770 72938.3 48067.5 41565 67935.9 43759.9 44446.4 31230.8 27491.1 27363.5 69445.4 56754 52961.1 40350.6 37289.2 33019.4 53918.3 37489.9 29333.2 25740.8 23922.8 21128.3 20770.9 20676.4 20492.2 23979.3 39196.8 28205.3 25974.1 20935.7
threshold=0.13803476095199588 17.650444030761722 405.00000000000006 0.96407344085605606 -0.17647087149565668 16.131060600280765 -0.03977009085991149 29.081247329711918 375.85374450683599 23.494898796081547 0.42179998225932674 0.46800856592688472 33.025739669799812 125.50000000000001 0.92922379131507438 0.18281312110578132 16.60019683837891 29.781458854675297 17.500000000000004 0.42179998225932674 0.99445195900249039 20.991237640380863 10.540481567382814 -0.97509794945709805 34.444410324096687 18.95037937164307 0.12545942051955489 0.96177147954086928 0.2332836900311728 0.55656748448714433
decision_type=10 10 2 2 2 10 2 10 2 10 2 2 8 2 2 2 8 8 2 2 2 10 10 2 10 8 2 2 2 2
left_child=1 2 3 9 -5 -6 -7 -8 20 11 -11 19 13 15 -14 16 18 -17 21 -1 23 -13 -21 -2 25 26 28 -28 -25 -26
right_child=8 -3 -4 4 5 6 7 -9 -10 10 -12 12 14 -15 -16 17 -18 -19 -20 22 -22 -23 -24 24 29 -27 27 -29 -30 -31
leaf_value=-0.010824708416599757 -0.005268992673077494 -0.032848790761519628 -0.15525126037522874 -0.091220299879023636 0.020697418381078803 0.0056440943975088389 -0.030737398141023262 -0.091927161793753251 0.032847844229625354 0.0062860111716768231 -0.012203522172381999 -0.064447084636303567 0.0028591803836483473 -0.071105632010081438 -0.027702334850483443 0.010296181179919466 0.037633814402636606 -0.018741287583564876 -0.097087194259064369 0.0024164448521468867 -0.074064808227720935 0.0091664091162633379 -0.07300647581370423 -0.0092600047670515131 0.002578827927085062 0.0086710036538059001 0.0023324054583384996 0.06689788521664701 -0.055181794244767747 -0.018856948385889246
leaf_weight=7513561.6967359334 1711883.0016047508 931399.17037437856 21083.627729691565 127022.87242780626 274023.2415086031 302575.28000120074 453941.91607356071 102188.53827211261 364611.01946377754 6841260.5927993655 2889309.2150827348 42733.444691985846 751570.19473436475 62705.109800934792 851630.00215949118 1617204.3133413345 845655.18945750594 613226.29433873296 31340.116068899632 52591.683637142181 38039.584137529135 445060.13467001915 119431.3682102859 334146.34509602189 2204955.8406232446 16312932.298503593 1562174.5029582232 70722.900794476271 195076.43559905887 574299.29927566648
leaf_count=8130029 859500 2382626 131106 377682 240787 559425 942578 318878 73065 3071814 2837900 39245 856060 195350 1375206 1642918 388073 964541 72348 40054 60479 329247 223256 194161 881522 5558350 977242 41382 233868 451468
internal_value=-6.79053e-05 -0.00539338 -0.00432602 -0.00419308 -0.0218731 -0.0140965 -0.0251997 -0.041981 0.00560411 -0.00321094 0.000795893 -0.00622242 0.00177994 0.0084222 -0.0133753 0.00980926 0.0220606 0.00231273 -0.00330775 -0.0117004 0.0051723 0.00271746 -0.0499478 0.00530355 0.00615509 0.00735941 -0.00253641 0.00512882 -0.0261872 -0.00185061
internal_weight=4.82584e+07 2.48895e+07 2.39581e+07 2.3937e+07 1.25975e+06 1.13273e+06 858706 556130 2.33688e+07 2.26773e+07 9.73057e+06 1.29467e+07 5.26112e+06 3.65792e+06 1.6032e+06 3.59522e+06 1.36479e+06 2.23043e+06 519134 7.68558e+06 2.30042e+07 487794 172023 2.29662e+07 2.12543e+07 1.84751e+07 2.16212e+06 1.6329e+06 529223 2.77926e+06
internal_count=34450160 25119123 22736497 22605391 2439350 2061668 1820881 1261456 9331037 20166041 5909714 14256327 5862988 3631722 2231266 3436372 828913 2607459 440840 8393339 9257972 368492 263310 9197493 8337993 7005003 1446653 1018624 428029 1332990
is_linear=0
shrinkage=0.1


Tree=32
num_leaves=31
num_cat=0
split_feature=11 1 8 11 3 8 7 8 3 8 10 6 8 11 2 11 10 9 11 10 6 10 10 11 11 3 8 11 9 10
split_gain=118908 54978.8 53152 46908.6 41402 36729.2 38497.6 35650.5 32596 30993.7 41740.3 32720.3 27621.4 41881.1 25654.2 24586.3 22320.7 21448.6 26057.3 23702.1 22731.2 26186.1 22410.8 21345.1 31534.6 26503.1 23770.7 20849.3 29092.7 28516
threshold=0.11478523713130605 0.18320620059967044 21.923569679260257 0.94909129669788206 170.50000000000003 33.924226760864265 23.494898796081547 30.65152740478516 405.00000000000006 28.191126823425297 0.91596454896554913 23.570285797119144 38.815713882446296 -0.96687281075841669 138.374626159668 0.19969739736768838 -0.17647087149565668 17.570000648498539 0.93158198870884079 -0.42180583328916638 30.579602241516117 0.78857998149907527 -0.79384350655589164 0.91511078773075516 0.83258597624099873 109.50000000000001 30.935715675354007 0.3484035575467645 15.820071220397951 0.76696112484652035
decision_type=2 8 8 2 2 8 8 10 2 8 2 8 10 2 2 2 2 10 2 2 10 2 2 2 2 2 10 2 10 2
left_child=1 8 14 4 5 6 17 16 9 10 -1 -12 -11 -14 -2 -8 -5 23 19 22 -21 -22 -19 24 -4 26 -25 28 -7 -29
right_child=2 -3 3 7 -6 27 15 -9 -10 12 11 -13 13 -15 -16 -17 -18 18 -20 20 21 -23 -24 25 -26 -27 -28 29 -30 -31
leaf_value=-0.035068573898439141 0.0034192066035978446 0.006088937529817086 -0.0061497457224167001 -0.057041297788999461 -0.15136720378854077 -0.029068195093926816 -0.023370426464293964 -0.088656161711770418 -0.18281836958795653 0.0013028262331351561 -0.044734952676898393 0.032479141618486855 0.021686151069930798 -0.015788623048053063 0.0891206131740757 0.038119973410515609 -0.01897023308456634 -0.0040839656409085972 -0.17170961862586043 0.014511823438981403 -0.09778157980942126 -0.012631191536416071 -0.11520841278711713 0.025440535266964381 -0.029715646908613738 -0.18428537431225478 -0.055952250409292796 -0.040122630409588807 -0.087196981768962303 0.010859464810624142
leaf_weight=588663.72403098643 2194096.8074140996 20755169.482536912 5120895.5438911393 189092.54668048769 20590.327103607357 397031.67639161646 83799.532198861241 99821.998248830438 9928.9838624820113 12903457.972764529 74919.524461612105 205190.73196613789 348709.8513789773 2059787.4665682614 35493.772874385118 290233.87726286054 829781.88169939071 28299.605136550963 12723.325370721519 147947.68483895063 52524.428233966231 115607.19676314294 50594.312034197152 376253.22654978931 638647.55510551482 6600.649330958724 39664.011131852865 198808.72733611614 109941.4909330979 244808.51382659376
leaf_count=513508 2047058 7600486 6058681 545252 114552 545087 49227 339009 71748 7634612 73075 123775 157444 2311288 8993 123070 1834912 72624 62120 273432 186252 239116 293788 560334 1303174 29891 103597 434913 353898 385244
internal_value=-6.21627e-05 0.00268184 -0.00904712 -0.0124531 -0.00975041 -0.00938198 -0.00686504 -0.0316235 -0.00168579 -0.00157464 -0.0199485 0.0118271 -0.000532138 -0.0103629 0.00478352 0.0243435 -0.0260358 -0.00863643 -0.0308523 -0.0263148 -0.0140762 -0.0392322 -0.0753476 -0.00717134 -0.00876285 0.0145234 0.0176785 -0.0278204 -0.0416739 -0.0119884
internal_weight=4.82291e+07 3.69458e+07 1.12833e+07 9.05367e+06 7.93497e+06 7.91438e+06 6.96379e+06 1.1187e+06 1.61907e+07 1.61807e+07 868774 280110 1.5312e+07 2.4085e+06 2.22959e+06 374033 1.01887e+06 6.58976e+06 407697 394973 316079 168132 78893.9 6.18206e+06 5.75954e+06 422518 415917 950590 506973 443617
internal_count=34450160 18485936 15964224 13908173 11189000 11074448 9355306 2719173 10885450 10813702 710358 196850 10103344 2468732 2056051 172297 2380164 9183009 1127332 1065212 698800 425368 366412 8055677 7361855 693822 663931 1719142 898985 820157
is_linear=0
shrinkage=0.1


Tree=33
num_leaves=31
num_cat=0
split_feature=4 9 3 10 7 10 8 10 11 7 8 11 9 10 6 10 2 11 6 11 10 10 10 8 10 8 11 10 11 7
split_gain=98913.6 48417.9 31445.5 59837.1 23475.3 52186.1 43681.6 40960.7 30103 42604.1 25873.9 25486.7 25228.6 22827.6 22816.7 22711.9 21309.5 20864.1 20179.7 21622.4 20459.7 19240.6 30828.7 23273.3 22765.2 18843.7 21217.5 34822.9 40204.4 57924
threshold=0.51428905129432689 17.810787200927738 53.500000000000007 -0.13398594226331254 23.289410591125492 0.46800856592688472 33.025739669799812 0.55656748448714433 0.18281312110578132 15.100335597991945 29.781458854675297 -0.90161545992537195 12.799999713897707 0.99907018497641664 32.460149765014656 0.92922379131507438 234.51544952392581 0.14888728888808328 35.750190734863288 -0.022575793296316496 0.29342972903661901 0.65233619298682533 0.55656748448714433 37.941471099853523 0.75014288946266361 16.131060600280765 0.96849880583763492 -0.48314718476766422 0.74298546529340237 16.090071678161625
decision_type=8 10 2 2 8 2 10 2 2 10 8 2 8 2 10 2 2 2 10 2 2 2 2 8 2 8 2 2 2 10
left_child=1 2 4 -4 5 11 8 -6 9 12 -10 14 -7 17 -1 -8 -2 -14 20 -20 25 22 -5 -24 -23 -13 27 28 -27 -30
right_child=16 -3 3 21 7 6 15 -9 10 -11 -12 18 13 -15 -16 -17 -18 -19 19 -21 -22 24 23 -25 -26 26 -28 -29 29 -31
leaf_value=-0.03777261600349005 0.0036659107151313271 -0.028630275510638004 -0.069016027951039879 -0.0099810760672363955 0.0046292541835678781 -0.058112593124075934 0.0023005881211003876 -0.011648580305189657 0.0070776464894429488 0.033045431263385057 -0.019829793064304931 0.015597453565440872 -0.01359901636354338 0.063411312312901355 0.0022164410211116463 -0.027900582794222584 0.01746497310875 0.072717044619291307 0.015489326656814344 -0.08759894441972324 -0.030598452027512376 -0.066685228896927046 0.056325232643066651 -0.033206063562314828 -0.014986784310832047 -0.0062085393684146546 -0.025111479392591115 0.015697378684765301 -0.079761586143074548 -0.0026536305385532967
leaf_weight=585129.92696556449 23778166.207205437 819126.42130634934 195485.75517893583 630560.9010925889 7006672.2603356242 74392.412350356579 431512.01926666498 1983489.4465644807 1527502.9518450499 875764.11677949131 466513.22157838941 354333.71575601399 280736.99219726026 57841.523386195302 188694.89053037763 588728.71715795994 1174387.999430716 31106.602164268494 29809.20711183548 64092.902695678174 383420.11699950695 99471.301490902901 137977.53403250128 36771.847344055772 592683.96734429896 4118401.4089938775 654865.53652203828 646748.21455003321 187950.57332818955 202265.55089625716
leaf_count=386150 9747899 2137186 807601 1240999 3400074 75333 468274 1958151 1486343 432347 686172 289367 250847 29262 95053 902040 269820 15314 28169 178142 586104 267279 182784 55055 1314664 4053327 1318118 969701 533878 284707
internal_value=-5.74115e-05 -0.00474998 -0.003878 -0.0169824 -0.00280832 -0.00575119 0.00296625 0.00103789 0.00853663 0.0202516 0.000782474 -0.0108461 -0.00497908 0.00571308 -0.0280214 -0.015127 0.00431536 -0.00498893 -0.00884504 -0.0548736 -0.00818496 -0.0101898 0.000318998 0.0374855 -0.0224165 -0.0067909 -0.00815624 -0.00600248 -0.00911526 -0.0397933
internal_weight=4.82046e+07 2.32521e+07 2.24329e+07 1.69295e+06 2.074e+07 1.17498e+07 4.3341e+06 8.99016e+06 3.31386e+06 1.31984e+06 1.99402e+06 7.41571e+06 444078 369685 773825 1.02024e+06 2.49526e+07 311844 6.64189e+06 93902.1 6.54799e+06 1.49747e+06 805310 174749 692155 6.16457e+06 5.81023e+06 5.15537e+06 4.50862e+06 390216
internal_count=34450160 24432441 22295255 3868382 18426873 13068648 4345932 5358225 2975618 803103 2172515 8722716 370756 295423 481203 1370314 10017719 266161 8241513 206311 8035202 3060781 1478838 237839 1581943 7449098 7159731 5841613 4871912 818585
is_linear=0
shrinkage=0.1


Tree=34
num_leaves=31
num_cat=0
split_feature=11 4 8 11 3 6 10 8 6 11 8 10 7 11 6 10 2 7 11 11 2 7 11 11 3 3 3 6 10 3
split_gain=82898.9 40193.1 39798.7 34166.1 35245.2 33260.8 32053.7 30010.2 28353.7 31450.3 28188.7 45612.8 27773.5 38075.4 25959.1 25316 25235.9 23181.5 21671.4 20965 20937.5 19953.5 19868.2 32545.8 32883.2 33980.4 29584.4 28343.5 19028.3 18650.7
threshold=0.11478523713130605 2.6606502532958989 21.923569679260257 0.94909129669788206 170.50000000000003 29.890322685241703 0.97508442350096236 30.65152740478516 37.130416870117195 0.53312596302726967 34.870746612548835 0.43733377705052551 22.987835884094242 0.21652257995689161 26.140227317810062 -0.97876850416056738 3.9194098711013798 8.1402940750122088 -0.89404254237865755 0.011826144619637555 138.374626159668 15.880630493164064 0.90438663683299525 0.8511460603353429 21.500000000000004 9.5000000000000018 110.50000000000001 31.330038070678714 -0.17647087149565668 97.500000000000014
decision_type=2 10 8 2 2 8 2 10 10 2 10 2 10 2 8 2 2 10 2 2 2 8 2 2 2 2 2 8 2 2
left_child=1 5 20 4 8 6 14 28 12 -10 15 -12 22 -14 16 -7 -1 -8 -16 -18 -2 -3 23 -4 25 -25 27 -24 -5 -30
right_child=2 21 3 7 -6 10 17 -9 9 -11 11 -13 13 -15 18 -17 19 -19 -20 -21 -22 -23 26 24 -26 -27 -28 -29 29 -31
leaf_value=-0.086966411373531657 0.0031861185724060036 -0.024759480287461819 -0.0088669539284256908 -0.050660444148643673 -0.14332266048663272 -0.0085118681143013623 -0.046035857084677924 -0.079875863362968286 -0.088405285464382255 0.10011066407517451 0.0045761738030788614 -0.011762871014301983 -0.023540303836410106 0.026322112520012965 -0.027092243835660446 0.0060061345823333228 -0.030648048358932513 0.028669643875603092 -0.0051964095224710481 0.11648770772101956 0.081382127133973164 0.0062880914999055406 0.018319282784294452 -0.045724515316251525 -0.070191773441478464 0.027374927736663047 -0.17638416928778156 -0.056788063620001453 -0.011677797804894259 -0.076967225525849697
leaf_weight=91296.943326197565 2191614.9166870862 209650.23530341685 6055244.6832253188 186839.93357424438 19260.617194801569 1380238.6958356947 48411.568683557212 97649.891848787665 73681.400743730366 10057.697526931763 3217752.7757651582 3642873.6832683012 218976.74865326285 509388.04538954794 622882.97369167954 9254724.7493171617 154199.47814360261 292511.60423288494 1647929.9776931554 10333.00391510129 34785.182923942804 16355746.178141139 524863.44402275234 148411.13111738861 178120.47066047788 111268.11840826273 8537.6764297485352 55563.487467810512 781923.85131046176 46346.571331493556
leaf_count=140672 2047058 136217 8361720 545252 114552 868169 46292 339009 224554 10863 1649200 4215036 150879 263267 356404 4231524 106217 164429 962718 3431 8993 5605627 871641 206305 626557 168015 41463 149184 1671136 163776
internal_value=-5.2319e-05 0.00223739 -0.00756668 -0.0105203 -0.00821324 -0.000738198 -0.010721 -0.0269273 -0.00788359 -0.0657631 0.000898001 -0.00409958 -0.00726303 0.0113314 -0.0146046 0.00412194 -0.0448033 0.0180614 -0.0112024 -0.0214076 0.00440785 0.00589516 -0.00917541 -0.0107706 -0.0371007 -0.0144027 0.00841115 0.0111294 -0.0218338 -0.0153311
internal_weight=4.81811e+07 3.69286e+07 1.12525e+07 9.02613e+06 7.91337e+06 2.03632e+07 2.86757e+06 1.11276e+06 7.89411e+06 83739.1 1.74956e+07 6.86063e+06 7.81037e+06 728365 2.52664e+06 1.0635e+07 255829 340923 2.27081e+06 164532 2.2264e+06 1.65654e+07 7.08201e+06 6.49304e+06 437800 259679 588965 580427 1.01511e+06 828270
internal_count=34450160 18485936 15964224 13908173 11189000 12744092 1780163 2719173 11074448 235417 10963929 5864236 10839031 414146 1569442 5099693 250320 210721 1319122 109648 2056051 5741844 10424885 9362597 1000877 374320 1062288 1020825 2380164 1834912
is_linear=0
shrinkage=0.1


Tree=35
num_leaves=31
num_cat=0
split_feature=7 10 7 8 11 3 7 10 3 9 10 10 11 4 8 7 8 10 3 7 10 6 10 11 8 9 11 3 10 9
split_gain=69171.2 86176.7 49731.4 42608.5 50979.5 43818.1 40850 37114.4 32001.7 26785.7 24551.9 26520.3 28962.4 23955.8 23605.5 22672.7 21991.5 20759.1 20507.5 18711.5 20597.2 18106.1 18089.2 23176.9 19222.9 18074.1 17190.5 25136.7 16484.9 18014.4
threshold=18.850197792053226 0.46800856592688472 11.564236164093019 34.870746612548835 -0.97111920233974802 148.50000000000003 15.322363376617433 -0.97509794945709805 124.50000000000001 13.429998874664308 0.92922379131507438 0.97875492728876534 -0.048362832084465616 13.063788414001467 29.341427803039554 25.058630943298343 33.751338958740241 0.30983042691905771 107.50000000000001 20.620297431945804 -0.9905448150984083 34.130393981933601 0.10837544681456425 0.95178258287705175 34.110002517700202 20.530893325805668 -0.58481178939031186 8.5000000000000018 -0.99467753128998015 13.740786075592043
decision_type=8 2 10 10 2 2 8 2 2 10 2 2 2 8 8 10 8 2 2 8 2 10 2 2 8 10 2 2 2 10
left_child=1 2 18 5 9 7 -4 15 25 -5 21 -12 -13 14 17 19 -7 -9 -1 -2 -21 -6 24 -24 -8 26 27 -3 29 -23
right_child=3 8 6 4 10 16 22 13 -10 -11 11 12 -14 -15 -16 -17 -18 -19 -20 20 -22 28 23 -25 -26 -27 -28 -29 -30 -31
leaf_value=-0.0040188692389402916 0.01361571268800842 -0.01209327407383412 -0.041388953704327186 0.006726308601292641 -0.026014045231657741 -0.16132718796884885 -0.010767150900515844 -0.0078789962464501494 -0.048745224154436731 0.050996155002820787 -0.040234222996956635 0.0098577662080222388 -0.030865005431092902 0.010613714910326614 0.004898290890238334 0.023193215325875503 -0.033728588972760841 0.01687523715989054 -0.075736881957557844 -0.0049290857676917398 -0.023432293173657026 0.047306609764454971 -0.027619898421904654 -0.10884296197455226 -0.076430239187321961 -0.10924582667341416 0.0053776855101717418 -0.13062454973286192 -0.0049685167145846676 -0.032098715715001357
leaf_weight=2185065.3054055423 333133.8414727971 257469.12275618315 1013787.7182829455 1809783.282148391 402033.17404650897 22377.29827927798 1572825.2617381364 2632192.0503823012 120329.21160165966 147839.19145721197 457019.45041484386 371741.89263299853 329401.90364105254 6092142.2698445767 17036974.368983433 240993.15296140313 34075.321278691292 388815.37467822433 40611.991190336645 1682192.6032041162 936551.21306610107 117882.69438332319 198999.95328851044 42663.212458819151 45884.463051401079 14177.302357852459 4340448.7090796083 19227.391612619162 5234758.6233290955 37710.398343250155
leaf_count=3513074 219536 192191 2521149 740987 217950 94676 2198761 1180061 389624 58028 755623 502331 615072 1788680 8005001 103503 98583 149593 146396 934198 553796 72626 251092 156520 184459 50426 4450218 41824 4194204 69978
internal_value=-4.80181e-05 -0.00752136 -0.0165493 0.00187389 -0.00418483 0.00370971 -0.0252391 0.00387904 0.0021681 0.0100696 -0.00819958 -0.0214912 -0.00927406 0.00512176 0.00345371 -0.00629902 -0.0843075 -0.00469303 -0.00532751 -0.00870678 -0.0115465 -0.00554199 -0.0164385 -0.041959 -0.0126285 0.00349091 0.00383708 -0.0203299 -0.0040151 0.0280615
internal_weight=4.81591e+07 9.85149e+06 5.09984e+06 3.83076e+07 8.90817e+06 2.93994e+07 2.87416e+06 2.9343e+07 4.75165e+06 1.95762e+06 6.95055e+06 1.15816e+06 701144 2.61501e+07 2.0058e+07 3.19287e+06 56452.6 3.02101e+06 2.22568e+06 2.95188e+06 2.61874e+06 5.79238e+06 1.86037e+06 241663 1.61871e+06 4.63132e+06 4.61715e+06 276697 5.39035e+06 155593
internal_count=34450160 14095734 8971451 20354426 7226799 13127627 5311981 12934368 5124283 799015 6427784 1873026 1117403 11123335 9334655 1811033 193259 1329654 3659470 1707530 1487994 4554758 2790832 407612 2383220 4734659 4684233 234015 4336808 142604
is_linear=0
shrinkage=0.1


Tree=36
num_leaves=31
num_cat=0
split_feature=1 9 3 3 10 7 10 8 11 7 8 10 10 11 11 2 3 11 10 7 10 10 11 11 3 11 11 2 8 7
split_gain=59186.4 36807.4 30932.7 21064.1 46764.2 18632.1 34958.5 32941.4 28006.3 33557.6 32852.2 26990.5 23746.6 21086.5 26010 18258.6 17797 17244.7 31854.2 20400.8 18828.1 24641 17014.1 16893.5 34275 26349.1 16814.8 23012.9 15432.6 22249.3
threshold=0.18320620059967044 18.740000724792484 941.50000000000011 77.500000000000014 -0.19337636264337835 23.740042686462406 0.46800856592688472 33.025739669799812 0.18281312110578132 16.60019683837891 29.781458854675297 0.92922379131507438 0.76140650896573492 0.26659387353423869 0.2332836900311728 375.85374450683599 17.500000000000004 0.98486764554468398 0.022575936829235418 9.5300178527832049 0.65233619298682533 0.75014288946266361 0.99445195900249039 0.83258597624099873 107.50000000000001 0.79253265336324141 -0.94137724084408114 8.8355736732482928 12.856428146362306 16.200611114501957
decision_type=10 10 2 2 2 8 2 10 2 8 10 2 2 2 2 2 2 2 2 8 2 2 2 2 2 2 2 2 10 8
left_child=1 2 3 5 -5 6 26 8 9 16 -10 -9 -7 14 -13 22 -8 20 19 -19 23 -22 28 25 -25 -6 27 -1 -2 -30
right_child=15 -3 -4 4 17 12 7 11 10 -11 -12 13 -14 -15 -16 -17 -18 18 -20 -21 21 -23 -24 24 -26 -27 -28 -29 29 -31
leaf_value=-0.039035998576831044 0.019842004600708885 -0.035961129692371439 -0.19195593601533767 -0.11515745059651039 0.0063197329211280295 0.0031171719806260215 0.0031002597842563571 0.0040505832099147132 0.0075695597056793535 0.030530437953425416 -0.020293386274528601 -0.022611759520993063 -0.012438267366802262 -0.081866126239399428 0.057302842092802279 0.025912603279161353 -0.07755775458670898 0.026065225478446304 -0.11997726340454742 -0.091461256117821008 -0.076469287358382668 -0.012545845175803269 -0.065253881918710538 0.0088718369548139945 -0.088595532341206568 0.080577199611872666 -0.0067795539213388704 -0.0069086197527809812 -0.010722821110819753 0.0037005648306377586
leaf_weight=400438.72393900156 555311.18416979909 342351.5866605714 8655.642345007509 45641.12778044492 248274.14221291989 8193428.6729134619 511338.56197352707 720237.89172026515 1616396.0122821927 868009.89427137375 573236.45349773765 727679.15784171224 1114919.6034068018 55672.603923842311 43142.166222646832 361760.20274966955 28902.212927386165 49768.030405603349 40545.809626817703 21002.998333543539 69240.609713584185 467160.81059028953 36178.972272366285 131426.36706963927 49731.777781352401 59173.145130112767 8265306.8628959097 503037.83778107166 1127178.8326800019 20902448.344028369
leaf_count=293934 227124 1006002 76114 213322 244767 4192561 392709 769549 1630549 395457 909038 1126648 1252766 121655 47993 72890 67941 95817 164702 79961 209079 1091639 58434 283141 186766 71064 10174611 205758 871059 7917110
internal_value=-4.41285e-05 -0.0033958 -0.00294648 -0.00288052 -0.0159082 -0.00222865 -0.0044935 0.00210408 0.00735069 0.0183521 0.000275159 -0.0101002 0.001254 -0.0224317 -0.018139 0.00362427 -0.00121484 -0.0119218 -0.0493036 -0.00881357 -0.00786209 -0.0207973 0.00326783 0.00633847 -0.017885 0.0206118 -0.00819541 -0.0211481 0.0033776 0.00296257
internal_weight=4.81376e+07 2.51547e+07 2.48124e+07 2.48037e+07 1.18196e+06 2.36217e+07 1.43134e+07 5.14461e+06 3.59788e+06 1.40825e+06 2.18963e+06 1.54673e+06 9.30835e+06 826494 770821 2.29829e+07 540241 1.13632e+06 111317 70771 1.02501e+06 536401 2.26211e+07 488605 181158 307447 9.16878e+06 903477 2.25849e+07 2.20296e+07
internal_count=34450160 25303543 24297541 24221427 2640258 21581169 16135842 5461539 3395694 856107 2539587 2065845 5445327 1296296 1174641 9146617 460650 2426936 340480 175778 2086456 1300718 9073727 785738 469907 315831 10674303 499692 9015293 8788169
is_linear=0
shrinkage=0.1


Tree=37
num_leaves=31
num_cat=0
split_feature=7 10 7 8 11 3 10 9 9 6 10 4 9 6 11 11 6 6 3 8 10 10 11 10 10 10 11 9 8 10
split_gain=49212.6 53182.9 56849.6 31413.7 39395.5 35640.8 26859.7 22112.9 21900.7 21778.6 21342.2 19674.9 19137.1 20902.8 22047.9 42662.6 21789 19827.9 18858.4 17705.5 26983.4 16905.8 57211.5 51173.2 54537.3 39922.9 31465.1 30737.4 27749 25880.3
threshold=17.610344886779789 0.46800856592688472 11.564236164093019 34.870746612548835 -0.97111920233974802 148.50000000000003 -0.97876850416056738 6.3099997043609628 13.429998874664308 33.675392150878913 -0.03977009085991149 13.063788414001467 17.810787200927738 24.37018966674805 0.94909129669788206 0.92191100909954782 28.790679931640629 30.709376335144047 118.50000000000001 29.084286689758304 0.94138322595482449 -0.75015329512557205 0.87291090774974645 -0.37447345805034543 -0.12546116083924153 -0.05695216311707673 0.41202506375868281 13.609496116638185 19.805377960205082 -0.26037633224328088
decision_type=8 2 10 10 2 2 2 8 10 8 2 8 10 8 2 2 8 8 2 8 2 2 2 2 2 2 2 8 10 2
left_child=1 2 21 5 8 6 7 -2 -5 -6 -7 19 13 -4 15 -15 -16 -17 -3 20 -8 26 27 -24 29 -26 -1 -23 -28 -25
right_child=3 18 12 4 9 10 11 -9 -10 -11 -12 -13 -14 14 16 17 -18 -19 -20 -21 -22 22 23 24 25 -27 28 -29 -30 -31
leaf_value=-0.023153313642616642 -0.035651528832143044 0.0023211706426998434 -0.061408262677713855 0.005757609819651557 -0.03331515607837969 -0.19571382514230254 -0.0068801588082131387 -0.0034270451064493295 0.045882889656401742 -0.0060791142948261288 -0.044805020814011998 0.0090126768598298695 -0.078075487660325224 -0.023112698817282906 -0.023071801540113901 0.043761467265261436 -0.076623555095242213 -0.059696540165262602 -0.038607536716799798 0.0037700381258686817 0.035262834356214148 -0.0041322850029306144 0.050054523083685035 -0.017123371474887142 0.044566272863066442 -0.0057282126518022084 -0.069193915990935786 -0.093955166317541944 0.06261480734964775 -0.077769728261548182
leaf_weight=102741.02907098085 230748.77445187047 3939836.2976320386 146735.0273559019 1809581.2953152806 306975.40655632317 11528.61953003332 2781676.2775613517 2760384.5267667323 147082.4190774858 6733254.3414111063 50085.993653863668 6224281.2155661583 70664.576752215624 1338012.8628176004 173586.07336839288 145247.77940947562 135120.538395904 21232.586214520037 115887.89484343678 18594095.091388956 160708.22434385121 58353.801215223968 172275.87792645395 141496.16963139176 182813.56670533121 1154728.6154486015 17998.368134468794 109747.78460432589 141864.24989612401 139974.3453739211
leaf_count=158308 123494 4007684 233273 741063 191164 74191 1365393 1597977 58215 6454761 149227 1845357 346547 2461247 445217 214708 535512 69677 364258 9450878 60847 70842 249274 280325 224595 1756326 24324 353133 142831 399512
internal_value=-4.05332e-05 -0.00704093 -0.0148543 0.00142043 -0.00377816 0.00293831 0.00309054 -0.00591298 0.00877383 -0.00726669 -0.0730413 0.00406064 -0.026949 -0.0251057 -0.0221678 -0.0171728 -0.0465113 0.0305666 0.00115168 0.00262945 -0.00457838 -0.00380134 -0.00699462 -0.00176001 -0.00727349 0.00114597 0.020025 -0.0627746 0.0477749 -0.0472826
internal_weight=4.81187e+07 8.30832e+06 4.25259e+06 3.98104e+07 8.99689e+06 3.08135e+07 3.07519e+07 2.99113e+06 1.95666e+06 7.04023e+06 61614.6 2.77608e+07 2.0306e+06 1.95993e+06 1.8132e+06 1.50449e+06 308707 166480 4.05572e+06 2.15365e+07 2.94238e+06 2.22199e+06 1.95939e+06 1.79129e+06 1.61901e+06 1.33754e+06 262604 168102 159863 281471
internal_count=34450160 12337593 7965651 22112567 7445203 14667364 14443946 1721471 799278 6645925 223418 12722475 4306181 3959634 3726361 2745632 980729 284385 4371942 10877118 1426240 3659470 3334007 2910032 2660758 1980921 325463 423975 167155 679837
is_linear=0
shrinkage=0.1


Tree=38
num_leaves=31
num_cat=0
split_feature=11 7 6 3 8 10 10 6 3 2 10 10 8 10 11 3 10 11 10 11 3 7 11 3 9 8 10 7 6 7
split_gain=42608.1 27516.8 26020.9 23969 23563.8 28046.8 25379.2 27419.6 23123.1 22678.8 22552.6 25036.9 25250.7 24069 48279.8 29201.9 27163 32589 26918.8 26258.9 23101.5 21761.3 42997.2 19607 19602.6 18485.4 34070.4 25685.5 25061.1 23339.3
threshold=0.11478523713130605 8.9979672431945819 23.570285797119144 405.00000000000006 35.532857894897468 -0.35041564478062465 0.43733377705052551 34.770067214965827 170.50000000000003 0.63130483031272899 -0.90893996196865023 -0.75015329512557205 19.805377960205082 -0.12546116083924153 0.96407344085605606 25.500000000000004 -0.48314718476766422 0.92519182738459482 -0.05695216311707673 0.95436825032516992 39.500000000000007 22.500025749206547 0.21652257995689161 36.500000000000007 13.609496116638185 29.730000495910648 0.89017062131308955 14.980174064636232 30.990071296691898 14.640689849853517
decision_type=2 8 8 2 10 2 2 10 2 2 2 2 10 2 2 2 2 2 2 2 2 10 2 2 8 8 2 8 10 8
left_child=2 10 9 4 5 -4 -6 -8 21 -1 -2 12 -12 14 16 -16 24 -18 -15 -19 -17 25 -23 -20 -13 26 28 -28 -3 -27
right_child=1 8 3 -5 6 -7 7 -9 -10 -11 11 13 -14 18 15 20 17 19 23 -21 -22 22 -24 -25 -26 29 27 -29 -30 -31
leaf_value=-0.11557080720088904 -0.079450188804316091 -0.0071112651699448111 0.00033989821166048671 -0.17417186219455716 0.0028681255353513709 0.0065561736312691648 -0.051961137462240507 -0.0072510280816126234 -0.11432758958850378 -0.019843616058049868 -0.062305495540634526 0.010746121629332792 0.066633279448653979 0.049710840906426523 -0.12991979256893005 0.087133363722378038 0.056565729864542461 -0.075114096176464279 0.0071604698447162345 0.037186133773470277 -0.073893542713097879 -0.026076365372838414 0.01852258781800846 -0.027035040692965619 -0.071140797933267122 -0.041166244040463734 -0.000603071588587369 0.047138344505386676 -0.072526551243119519 -0.012335367555159705
leaf_weight=27810.554959051311 32297.085162945092 3156911.9416304827 16207408.148119118 7736.6967293843627 3521228.6172508225 13144596.416927677 142575.32334181666 3616085.3425077647 20465.107453446835 224772.25542470813 17699.856104105711 48800.594159454107 107031.79770337045 136906.99185594916 54646.215217828751 13842.044412478805 114019.74549978971 47041.168028898537 1700048.4803818576 37356.795494586229 25000.976585634053 304500.69084311277 745172.33755040914 186024.78598170727 72910.671877533197 304799.81932935119 250154.26218856871 205081.12918072939 59672.411794386804 3563675.8699999899
leaf_count=55626 67695 4941669 6848665 71387 1696155 5471686 128420 4070469 130073 143528 24172 50260 95966 142690 116470 16696 120869 97534 1442787 47350 108116 244009 432765 477175 166045 1033865 240691 124098 125709 5717520
internal_value=-3.73176e-05 -0.00543827 0.00160294 0.00182344 0.00186061 0.00312371 -0.00323211 -0.00894699 -0.00815817 -0.0303836 0.00359137 0.00463848 0.0483364 0.00240154 -0.0195788 -0.0828002 -0.00111579 0.0216982 0.00689563 -0.025407 -0.0165102 -0.00790522 0.00558483 0.00378774 -0.0383079 -0.00978315 -0.00470098 0.0209042 -0.00832482 -0.014607
internal_weight=4.80963e+07 1.12041e+07 3.68922e+07 3.66396e+07 3.66319e+07 2.9352e+07 7.27989e+06 3.75866e+06 8.61043e+06 252583 2.59363e+06 2.56133e+06 124732 2.4366e+06 413618 93489.2 320129 198418 2.02298e+06 84398 38843 8.58997e+06 1.04967e+06 1.88607e+06 121711 7.5403e+06 3.67182e+06 455235 3.21658e+06 3.86848e+06
internal_count=34450160 15964224 18485936 18286782 18215395 12320351 5895044 4198889 12990399 199154 2973825 2906130 120138 2785992 723340 241282 482058 265753 2062652 144884 124812 12860326 676774 1919962 216305 12183552 5432167 364789 5067378 6751385
is_linear=0
shrinkage=0.1


Tree=39
num_leaves=31
num_cat=0
split_feature=1 9 3 2 3 10 11 10 10 10 7 11 10 8 6 10 11 11 11 3 7 10 7 11 8 10 11 7 11 11
split_gain=36176.7 26113.6 24456.9 13947.1 13785.2 36890.1 15724.1 25672.1 14966.6 27517 14434 13342 13223 13125 15987.2 26919.1 14754 13106 12555.7 28837.5 18530.9 15594.2 12318.5 28796.7 20239.5 38761.1 36298.3 32326.5 31840 25439.3
threshold=0.18320620059967044 19.040639877319339 941.50000000000011 375.85374450683599 77.500000000000014 -0.19337636264337835 0.98486764554468398 0.022575936829235418 0.66527693225344786 0.75014288946266361 9.5300178527832049 0.99445195900249039 -0.108376950152639 12.856428146362306 24.171957015991214 -0.13398594226331254 0.96633974041180493 0.96177147954086928 0.84199059757024453 107.50000000000001 26.250079154968265 0.40614137006726808 23.700026512146 -0.90161545992537195 32.504289627075202 0.878110924644389 0.7254836971458194 6.5913624763488778 0.5475998096715059 -0.39827153806311183
decision_type=10 10 2 2 2 2 2 2 2 2 8 2 2 8 8 2 2 2 2 2 10 2 8 2 8 2 2 8 2 2
left_child=1 2 4 11 22 -6 8 10 18 -10 -8 13 -3 -2 15 -15 -16 -17 20 -20 -7 -22 23 -1 25 -25 28 -27 29 -26
right_child=3 12 -4 -5 5 6 7 -9 9 -11 -12 -13 -14 14 16 17 -18 -19 19 -21 21 -23 -24 24 26 27 -28 -29 -30 -31
leaf_value=-0.018716242262100249 0.027588933679396167 -0.095481057856165369 -0.18808548261676195 0.02233657880645841 -0.10290139774962037 0.039686133041270333 0.019454330904981325 -0.11025447834618665 -0.08344159684717925 -0.0093988141989199952 -0.079388572820336067 -0.058477565632099153 -0.02619373512415913 -0.055117776079994775 0.0029394582517820928 -0.0073894727546899618 -0.086336461122111324 0.054772885414493259 0.0093121457109598127 -0.083406579200362027 0.028873416394281926 -0.036825195322440649 0.001051753828598018 -0.0026282492402855203 0.0065349943538611406 -0.040211996289888891 -0.090980893311570471 0.019268387772749217 0.028691610764698717 -0.016035570216499276
leaf_weight=1159371.3077108562 208556.58905994892 31618.383703142405 7086.4978755563498 360904.78710925579 43763.405320715159 181845.84343316406 50449.380146682262 39165.970831625164 56122.539551898837 474987.20719517022 20892.029957689345 35799.811092883348 213731.12935844064 122456.41210831702 21657869.92954807 532070.89109858871 18527.359007492661 36226.012549564242 128613.77975794673 45380.630946993828 64236.958277262747 82566.00103020668 9406129.4998756088 8596399.0560569242 650215.28552691638 98124.74049974978 53548.345586597919 1327652.2142792791 220205.24565612525 2152482.2086707875
leaf_count=642090 102693 179524 76185 72890 217946 237097 99577 166784 185321 1116562 81469 58434 576206 127058 8379551 350652 29600 25739 281675 180189 34899 93541 5509133 10416663 474972 91007 189662 1040792 357784 3054465
internal_value=-3.43137e-05 -0.00265837 -0.00233796 0.00283329 -0.00228499 -0.0127963 -0.00935015 -0.0452038 -0.00551742 -0.0172229 -0.0094914 0.002522 -0.0351228 0.00261873 0.0023859 -0.0125907 0.00286315 -0.00342694 0.00685102 -0.0148704 0.0183509 -0.00807728 -0.00175729 -0.00361044 -0.00227341 -9.55435e-05 -0.00936825 0.0151748 -0.00792255 -0.0107993
internal_weight=4.8077e+07 2.51046e+07 2.48592e+07 2.29724e+07 2.48522e+07 1.18802e+06 1.14426e+06 110507 1.03375e+06 531110 71341.4 2.26115e+07 245350 2.25757e+07 2.23672e+07 690753 2.16764e+07 568297 502643 173994 328649 146803 2.36641e+07 1.4258e+07 1.30986e+07 1.00222e+07 3.07645e+06 1.42578e+06 3.0229e+06 2.8027e+06
internal_count=34450160 25303543 24547813 9146617 24471628 2695060 2477114 347830 2129284 1301883 181046 9073727 755730 9015293 8912600 503449 8409151 376391 827401 461864 365537 128440 21776568 16267435 15625345 11548462 4076883 1131799 3887221 3529437
is_linear=0
shrinkage=0.1


Tree=40
num_leaves=31
num_cat=0
split_feature=7 10 7 3 8 11 6 9 10 9 11 3 8 10 10 11 10 11 11 8 7 9 11 10 10 2 10 11 10 11
split_gain=33137.4 37300.1 43026.2 23629.8 21396.3 25506.6 20195.1 18966.5 17966.8 18562.2 15879.5 19595.5 16667.9 28188.4 45864.4 18844.1 16997.4 29084 18437.8 16382.2 15834.1 14537.5 18965.9 16031 32980.1 16515.4 17194 44356 44707.1 28069.1
threshold=17.610344886779789 0.46800856592688472 11.564236164093019 405.00000000000006 35.02721023559571 -0.97111920233974802 34.070026397705085 12.608390808105471 -0.97876850416056738 6.3099997043609628 -0.58481178939031186 8.5000000000000018 30.611430168151859 0.78857998149907527 0.80926549319045582 0.70138038092733435 0.92922379131507438 0.2332836900311728 0.50370931781787065 32.327142715454109 15.322363376617433 7.4799997806549081 0.92519182738459482 0.29342972903661901 0.17646842360078763 43.690019607543952 -0.75015329512557205 0.87291090774974645 -0.37447345805034543 0.99349222267034787
decision_type=8 2 8 2 10 2 8 10 2 8 2 2 8 2 2 2 2 2 2 10 10 10 2 2 2 2 2 2 2 2
left_child=1 2 21 4 8 7 -7 -6 9 -2 11 -3 -12 15 -15 -14 18 19 -16 -18 -4 22 -1 24 25 26 -23 -28 -29 -30
right_child=3 10 20 -5 5 6 -8 -9 -10 -11 12 -13 13 14 16 -17 17 -19 -20 -21 -22 23 -24 -25 -26 -27 27 28 29 -31
leaf_value=0.025444714695097244 -0.0321955164952989 -0.016478350585321034 -0.031850337157704967 -0.16443303508183782 0.0029318957500874179 -0.029068461598563002 -0.0047667477964621913 0.031285622024629686 0.0032074387679083302 -0.0026543372549190092 0.0052924064889780381 -0.12864057297452439 -0.13557922884920387 0.10001954583543099 0.026517938987587683 -0.036441130617843404 0.02028458989000172 -0.093457918939763462 -0.041115132305490035 -0.046263924827275857 -0.014138173018600028 0.018319094616588451 -0.093152716169553257 -0.020798473051275669 0.032458491791303966 0.050635427046916676 -0.061564537533059738 0.044237193542522125 -0.030982063220772422 0.0049964503595352856
leaf_weight=20763.355100508779 230219.34409987554 202193.66971710324 1000204.6569131836 8614.9707650840282 1582404.8218752742 361289.34025281668 6390658.1632506847 277257.26616469026 28144982.156556893 2795508.8651167899 3270382.890672721 16876.343666255474 24811.09477250278 39901.059860438108 148726.9298376888 84376.06528262049 82931.83576811105 56768.919996671379 55293.797957755625 66775.297009974718 1018843.9245158173 246542.60626739264 38462.428092986345 353881.04841342568 304774.21746835858 53991.61468668282 149803.75046593696 165820.92138753086 420499.15258805454 447720.25874450803
leaf_count=14870 123889 160389 2521149 93430 651950 234004 6192549 112020 13073547 1631178 3089741 40620 91483 38370 222806 229517 71121 153095 130077 144723 1785032 315611 55951 545256 379255 31183 413823 245957 935353 722211
internal_value=-3.16785e-05 -0.00579127 -0.0123685 0.00116542 0.00120128 -0.00321092 -0.00606711 0.00715916 0.00242025 -0.00490204 0.00106584 -0.0251189 0.00256358 -0.0133845 -0.00233382 -0.0589687 -0.0122828 -0.0325101 0.00818799 -0.00939868 -0.0229125 -0.00270176 -0.0515749 -0.00135108 0.00249547 -0.00365657 -0.00570589 -0.0107092 -0.00334171 -0.0124288
internal_weight=4.80613e+07 8.27035e+06 4.22131e+06 3.97909e+07 3.97823e+07 8.61161e+06 6.75195e+06 1.85966e+06 3.11707e+07 3.02573e+06 4.04904e+06 219070 3.82997e+06 559585 450398 109187 410497 206476 204021 149707 2.01905e+06 2.20226e+06 59225.8 2.14303e+06 1.78915e+06 1.48438e+06 1.43039e+06 1.18384e+06 1.03404e+06 868219
internal_count=34450160 12337593 7965651 22112567 22019137 7190523 6426553 763970 14828614 1755067 4371942 201009 4170933 1081192 760192 321000 721822 368939 352883 215844 4306181 3659470 70821 3588649 3043393 2664138 2632955 2317344 1903521 1657564
is_linear=0
shrinkage=0.1


Tree=41
num_leaves=31
num_cat=0
split_feature=4 9 3 3 9 7 10 10 8 10 3 10 10 11 11 7 8 10 11 7 11 11 3 11 10 7 11 6 6 11
split_gain=27684.6 20866.4 13359.1 12956.7 11082.9 12846.4 28656 22612.5 20420.3 23983.7 21282.7 17812.5 17295.5 19220.6 24986.7 21567.5 14616.1 22295.7 29025.5 22153.6 38434.4 23750.6 16978.8 15306.5 20615.9 18003.3 15172.4 14816.9 14224.8 21753
threshold=0.94413292407989513 18.740000724792484 941.50000000000011 162.50000000000003 6.3903479576110849 23.740042686462406 0.58481550752069722 0.46800856592688472 32.831430435180671 0.92922379131507438 124.50000000000001 0.99907018497641664 0.96234642434711437 0.2332836900311728 0.14888728888808328 22.084649085998539 16.131060600280765 0.056951373111866731 0.98486764554468398 13.410038471221926 0.95691861501572195 0.96177147954086928 63.500000000000007 0.98174098242282837 -0.14250824554987665 1.0609077811241152 0.90803977035715633 24.720253944396976 35.750190734863288 -0.022575793296316496
decision_type=8 10 2 2 8 10 2 2 8 2 2 2 2 2 2 10 8 2 2 10 2 2 2 2 2 8 2 8 10 2
left_child=1 2 4 -2 -1 7 -7 16 10 -10 11 -9 -11 14 -14 -15 23 28 19 20 27 22 -21 25 -25 -6 -24 -19 -18 -30
right_child=3 -3 -4 -5 5 6 -8 8 9 12 -12 -13 13 15 -16 -17 17 18 -20 21 -22 -23 26 24 -26 -27 -28 -29 29 -31
leaf_value=-0.014029089499276693 0.0025388418799191072 -0.027012443973679509 -0.17928348325489696 -0.10287072529390787 -0.032244023354071401 0.0045480505784787966 -0.0092072605975393983 0.0054090986430476431 0.0050995648129967541 -0.043841343195467841 -0.04897097241550042 0.041843641098978659 -0.0081798270188670613 -0.0055457132166317584 -0.062205908987615632 0.12170742590414985 -0.0045235514727126154 -0.042294701613667954 -0.053755028312673349 -0.025079539170909729 0.033011491940870087 -0.097659434379335844 -0.069468916463009275 -0.16412754099000662 0.033936762307570166 0.022060148425825554 0.058378775256373798 0.0015134329144471746 0.014335785151326649 -0.072376019883677312
leaf_weight=737536.0918363072 22898335.358094279 337659.58366020024 4249.046200864017 11666.866818077862 129422.55217310786 6783194.9322919473 1949874.2584816739 3690907.3366639614 897603.95293733478 197824.54114289582 69837.871551886201 139245.24590480328 678162.44194160402 32852.508462421596 97972.743161611259 22399.915609017015 7464068.6501543187 157709.37111438066 202548.36796373129 591167.68325947225 231962.65147934109 41996.468478471041 11681.545611441135 5381.21397395432 224448.8120033443 115561.39429734647 45199.949940249324 151246.77634976804 47094.303605508059 75012.518510058522
leaf_count=360207 8941373 1007383 50768 49327 143440 3241688 2226907 3642866 1092329 363339 237633 77004 1091438 60423 228918 10660 8855392 286910 539050 539248 345387 152433 33012 12027 170599 99903 76086 258671 42347 213392
internal_value=-2.91374e-05 -0.00232097 -0.00198474 0.00248516 -0.00195435 -0.00158413 0.00147684 -0.00332886 0.0015751 -0.00684715 0.00573616 0.00673368 -0.0172662 -0.0109428 -0.0149996 0.0460441 -0.00633844 -0.00723865 -0.018676 -0.0129039 0.00224815 -0.0247815 -0.0200587 0.0107622 0.0292993 -0.0066282 0.0321232 -0.0208488 -0.0050774 -0.0389329
internal_weight=4.80438e+07 2.51338e+07 2.47962e+07 2.291e+07 2.47919e+07 2.40544e+07 8.73307e+06 1.53213e+07 5.82681e+06 1.92682e+06 3.89999e+06 3.83015e+06 1.02921e+06 831388 776135 55252.4 9.4945e+06 9.01969e+06 1.43351e+06 1.23096e+06 540919 690046 648049 474814 229830 244984 56881.5 308956 7.58618e+06 122107
internal_count=34450160 25459460 24452077 8990700 24401309 24041102 5468595 18572507 6804610 2847107 3957503 3719870 1754778 1391439 1320356 71083 11767897 11341928 2230797 1691747 890968 800779 648346 425969 182626 243343 109098 545581 9111131 255739
is_linear=0
shrinkage=0.1


Tree=42
num_leaves=31
num_cat=0
split_feature=7 7 10 11 11 6 9 3 2 11 11 8 11 9 11 9 8 11 8 10 2 10 3 10 10 10 3 7 9 6
split_gain=26367.5 27886.7 64930.3 30609.6 28809.1 22232.4 21750.3 19424.2 16717 16461.3 34701.8 21674.1 17991 16378.7 18971.5 14005.7 13142.4 15646.6 14605.2 12871.3 21379.1 22782.5 17471.1 14727.1 17359.5 24251.6 19984.3 27638.8 17374.8 14035.9
threshold=17.410214424133304 12.240072727203371 0.78857998149907527 0.59003219687534991 -0.24372464231556024 23.975421905517582 17.900000572204593 405.00000000000006 200.97452545166018 0.94909129669788206 0.91511078773075516 30.935715675354007 0.99138911339924218 14.98644542694092 -0.94703994556331683 19.439999580383304 33.924226760864265 0.48877522411129348 27.674286842346195 0.14250626876356556 1.0000000180025095e-35 -0.27694604220087021 76.500000000000014 0.29342972903661901 0.46800856592688472 0.67802080537253961 9.5000000000000018 8.3628058433532733 11.300007820129396 29.190434455871586
decision_type=8 8 2 2 2 8 10 2 2 2 2 10 2 10 2 10 10 2 10 2 2 2 2 2 2 2 2 10 8 10
left_child=1 4 5 16 -1 -3 9 13 15 10 -7 -12 -11 -2 -15 19 17 -4 -19 20 22 -22 29 -21 -25 28 -27 -28 -26 -6
right_child=7 2 3 -5 8 6 -8 -9 -10 12 11 -13 -14 14 -16 -17 -18 18 -20 23 21 -23 -24 24 25 26 27 -29 -30 -31
leaf_value=-0.043913723923661531 0.0015090558868061793 -0.060903352817645501 0.0092633725014594631 0.063198728767649121 0.0091710408556949837 -0.018418482925651458 -0.070422699528744886 -0.15664520851554922 0.10664729103188902 -0.065118300080211147 0.039939068289409935 -0.078261805557120007 -0.012367883095327707 0.043244320218089882 -0.0098796526173916977 -0.04826576444109832 -0.042783417868767278 0.009299870989398662 -0.048803744406322597 0.023702899498693593 -0.0044748193231497506 -0.048705764847765579 -0.03319819386438734 -0.016206151234822545 -0.010689273340892189 0.0031964903613204546 -0.10565057286263935 -0.0092994399879885743 0.02952501025510525 -0.0744190074818422
leaf_weight=143541.00924994051 38065503.841423988 135957.36336939782 992742.9691151306 87586.165643587708 903907.99841583893 1697155.5691999123 80028.305970035493 7812.1073492318392 15106.774708628654 140722.31028033048 157966.06849326193 17202.561108827591 119611.15585853904 69754.647254645824 1852479.4796559736 56327.251938700676 62179.507330454886 77501.980817854404 97920.161525301635 405449.61787316948 280207.15106795728 199266.05032466352 120307.71790356562 389083.08218592405 132952.86662385613 992885.59878709912 41303.954464793205 106631.45556914061 559843.17203585058 20544.347179725766
leaf_count=149197 19098214 191775 945935 83939 1689786 2961057 362387 94295 2949 529263 243382 66977 333801 33267 3163124 211838 164841 70040 193053 516862 321598 304630 390915 591533 99202 674652 85436 188480 577201 110531
internal_value=-2.66579e-05 -0.00525449 -0.0116845 0.00608008 0.000143783 -0.0216531 -0.0192413 0.00102346 0.00164102 -0.0173208 -0.0140447 0.0283311 -0.0408819 0.00105426 -0.00795187 0.00126411 0.00201389 0.00439838 -0.0231334 0.00193599 -0.00537476 -0.0228569 0.00264835 0.00617596 0.00297882 0.00704976 -0.00191235 -0.0362009 0.0218076 0.0073134
internal_weight=4.80295e+07 8.03393e+06 3.66657e+06 1.31793e+06 4.36736e+06 2.34864e+06 2.21269e+06 3.99956e+07 4.22382e+06 2.13266e+06 1.87232e+06 175169 260333 3.99877e+07 1.92223e+06 4.20871e+06 1.23034e+06 1.16817e+06 175422 4.15238e+06 1.52423e+06 479473 1.04476e+06 2.62815e+06 2.2227e+06 1.83362e+06 1.14082e+06 147935 692796 924452
internal_count=34450160 12061260 6146450 1457808 5914810 4688642 4496867 22388900 5765613 4134480 3271416 310359 863064 22294605 3196391 5762664 1373869 1209028 263093 5550826 2817460 626228 2191232 2733366 2216504 1624971 948568 273916 676403 1800317
is_linear=0
shrinkage=0.1


Tree=43
num_leaves=31
num_cat=0
split_feature=11 6 7 8 7 6 9 10 11 8 7 2 3 11 11 8 9 2 3 11 10 6 9 10 10 10 8 8 11 10
split_gain=21666.7 22377 21058.9 31106.7 25192.7 21304.8 27417.3 34364.1 31822.1 24057.3 24321.9 19812.9 18460 19092 33698.5 30142.2 22637.6 18025.8 17842.2 17233.2 21250.1 18253.9 16967.5 16859 16832.6 16767.5 22075.3 16393.6 16218 17723.3
threshold=0.16587474750015932 23.570285797119144 23.700026512146 34.947141647338874 12.380525112152101 24.37018966674805 12.999998569488527 0.73865729060996177 0.36447543099728863 31.178572654724125 14.760055065155031 1.3085516691207888 108.50000000000001 0.53312596302726967 0.60383265664488517 31.50285625457764 16.508025169372562 86.163890838623061 3.5000000000000004 0.94909129669788206 -0.12546116083924153 33.956455230712898 10.540481567382814 0.022575936829235418 -0.27694604220087021 0.93845596220871974 27.342857360839847 36.079999923706062 0.90070004940655357 0.074116354202380205
decision_type=2 8 10 10 8 8 8 2 2 10 8 2 2 2 2 8 10 2 2 2 2 10 10 2 2 2 10 10 2 2
left_child=1 11 4 -4 17 23 18 12 9 10 -9 -1 13 16 15 -15 -8 -2 24 21 -21 -16 28 -6 -7 26 -26 -10 -20 -30
right_child=2 -3 3 -5 5 6 7 8 27 -11 -12 -13 -14 14 19 -17 -18 -19 22 20 -22 -23 -24 -25 25 -27 -28 -29 29 -31
leaf_value=-0.093414959643591158 0.00031537851674254226 0.0013141695594701575 0.028891165699038265 -0.10863778362218007 -0.092988205028658927 -0.0032507424804097624 -0.033541405844698099 -0.056659397467532839 0.0062453064012334344 -0.044861411876041091 0.026161360507006695 -0.016398559624069466 -0.096759162976708279 -0.046134160728131812 -0.014300760583824108 0.057496942016312794 -0.10783728246705288 0.042080688269184541 0.0099924318650505637 -0.10874802761259977 -0.031741343011375801 -0.10772659018385222 -0.001427321210960209 -0.023519340804377783 0.00029224692644723161 0.0070477270122416879 -0.057575759799586304 0.065864783209309635 0.069196420066622175 -0.0125065053223537
leaf_weight=38777.579076357186 3844939.9714492969 37192531.9055252 299790.22080634907 17400.815488114953 49296.030761182308 1400036.2919327319 326650.93586903065 48761.723962627351 698550.56199109554 240764.84038142487 129968.77587748691 240988.62274351716 34870.289591226727 38717.053108297288 804278.35941289365 102033.81083544344 46899.268145643175 106193.0419896543 388795.24598120153 46277.771274402738 158799.22455934435 21471.570365816355 1014694.6663387902 119908.70853704214 98105.862406075001 110146.37932211161 200947.740054667 49381.203858703375 108901.61205776036 35110.215893685818
leaf_count=72308 5592954 18828710 135627 30554 97020 943966 668367 73449 1083175 565073 118328 150814 162709 84082 1956590 146384 242605 40481 366604 233553 506963 85790 1514649 128064 88781 77143 234299 67864 98151 55103
internal_value=-2.44832e-05 0.00110223 -0.00402958 0.0213465 -0.00481681 -0.00875618 -0.00778594 -0.0151938 -0.00218305 -0.0242284 0.00356598 -0.0270736 -0.0248072 -0.0231834 -0.0169067 0.0289906 -0.0428693 0.00143789 -0.00172272 -0.0231736 -0.0491187 -0.0167301 0.00616039 -0.0437584 -0.00846541 -0.0263069 -0.0385919 0.0101816 0.0206107 0.0492772
internal_weight=4.8014e+07 3.74723e+07 1.05417e+07 317191 1.02245e+07 6.27337e+06 6.10416e+06 2.74743e+06 1.16743e+06 419495 178730 279766 1.58e+06 1.54513e+06 1.17158e+06 140751 373550 3.95113e+06 3.35674e+06 1.03083e+06 205077 825750 1.5475e+06 169205 1.80924e+06 409200 299054 747932 532807 144012
internal_count=34450160 19051832 15398328 166181 15232147 9598712 9373628 5994932 1907889 756850 191777 223122 4087043 3924334 3013362 230466 910972 5633435 3378696 2782896 740516 2042380 2034507 225084 1344189 400223 323080 1151039 519858 153254
is_linear=0
shrinkage=0.1


Tree=44
num_leaves=31
num_cat=0
split_feature=4 9 3 8 7 11 10 7 7 8 7 11 10 2 10 8 10 3 11 7 10 10 10 7 8 10 9 3 8 7
split_gain=19531.4 15143.8 13396.2 13236.7 17812 17428.8 13586.8 19215.7 13506.1 12626.6 12345 35938.6 25458.8 18038.1 16173 20611.2 24838.5 20382.8 20288.1 29948.2 23442 22428.7 20106.8 19887.6 19837.4 22462.6 19718.5 18918 18232.8 18221.8
threshold=5.0022883415222177 18.480057716369632 941.50000000000011 31.815781593322757 24.720042228698734 -0.86974577485258975 0.9053161325100999 19.570019721984867 22.300631523132328 15.10928535461426 23.289410591125492 -0.90161545992537195 0.77788564761185042 4.2857587337493905 0.51297097409535064 32.413030624389656 0.92922379131507438 106.50000000000001 0.18281312110578132 16.910005569458011 0.67802080537253961 0.73865729060996177 0.96465729447553372 1.0609077811241152 16.131060600280765 -0.12546116083924153 13.04210424423218 37.500000000000007 12.856428146362306 18.181499481201175
decision_type=8 10 2 10 10 2 2 8 8 8 8 2 2 2 2 10 2 2 2 8 2 2 2 10 8 2 8 2 10 8
left_child=1 2 10 4 5 -2 7 9 -5 -7 11 13 -12 -1 17 18 -17 24 19 26 27 -22 -18 -23 25 28 -16 -20 -13 -25
right_child=3 -3 -4 8 -6 6 -8 -9 -10 -11 12 14 -14 -15 15 16 22 -19 20 -21 21 23 -24 29 -26 -27 -28 -29 -30 -31
leaf_value=-0.03520621581000042 0.012266037966770366 -0.019787152541098724 -0.17710328166658884 -0.01811686026820342 -0.014270088626846903 0.012603768135998833 0.018587903875821484 0.0037818489772833939 0.0006070308962347232 -0.021927861832135648 0.0023361983421333735 -0.10346702492446146 -0.011457010317586907 -0.010957162333688111 -0.027262570560393742 0.0059048386211687336 -0.043533580423663482 -0.06228957122923328 0.0056359076449647334 0.024983369273835102 -0.034107021056014257 -0.083440682951995693 -0.0093623976501988442 0.004073036315345429 -0.0046390361196182546 0.024531055947259333 0.0088671210103607196 0.041373834859589204 -0.0045701459052916267 -0.034515616931489551
leaf_weight=400352.82787216455 3207533.4375710115 438809.77063985914 4323.3899041265249 418274.53531500325 436055.77844174951 133534.33844225481 500699.59337579831 4124874.3558776937 4878727.6127856486 511473.01283983514 13926317.260672294 23669.439555615187 1480405.1297477968 1312236.839637965 205754.78292613477 921313.37935613468 219993.86645746976 59409.320443790406 578798.67310723662 1090502.5638249665 246227.3410090059 28950.031228497624 792545.55313782394 1252330.7068014666 9360686.2537426502 453789.14759836718 568251.98145679384 199063.79962100834 87762.47935834527 135621.06521771848
leaf_count=326758 851869 1266784 59993 227875 139807 69889 216186 1466158 1735021 350144 6751362 39369 1781049 574404 169661 1092014 386613 242717 593123 460657 356751 25679 1288549 1338661 11258183 333521 443814 324643 102096 176810
internal_value=-2.27417e-05 -0.001331 -0.00108814 0.00308764 0.00544025 0.00645401 0.00291697 0.00127198 -0.00087149 -0.0147789 -0.00106532 -0.00284858 0.00101083 -0.0166259 -0.00139432 0.00259977 -0.00597617 -0.00389004 0.00645173 0.0143061 0.000452333 -0.00624963 -0.0167868 -0.00140861 -0.00354051 0.0146524 -0.000737261 0.0147816 -0.025577 0.00030242
internal_weight=4.79983e+07 3.37871e+07 3.33483e+07 1.42112e+07 8.91417e+06 8.47811e+06 5.27058e+06 4.76988e+06 5.297e+06 645007 3.3344e+07 1.79373e+07 1.54067e+07 1.71259e+06 1.62247e+07 6.23935e+06 1.93385e+06 9.98532e+06 4.3055e+06 1.86451e+06 2.44099e+06 1.66313e+06 1.01254e+06 1.4169e+06 9.92591e+06 565221 774007 777862 111432 1.38795e+06
internal_count=34450160 29393211 28126427 5056949 3094053 2954246 2102377 1886191 1962896 420033 28066434 19534023 8532411 901162 18632861 6656975 2767176 11975886 3889799 1074132 2815667 1897901 1675162 1541150 11733169 474986 613475 917766 141465 1515471
is_linear=0
shrinkage=0.1


end of trees

feature_importances:
cos_doy=310
sin_doy=278
tmax_1deg_roll7=182
days_since_rain=144
tmin_1deg_lag1=137
diurnal_range_1deg=124
rf_roll7_sum=87
tmax_1deg_lag1=48
neighbor_mean_lag1=31
rf_lag_2=5
rf_lag_1=2
neighbor_max_lag1=2

parameters:
[boosting: gbdt]
[objective: tweedie]
[metric: tweedie]
[tree_learner: serial]
[device_type: cpu]
[data_sample_strategy: bagging]
[data: ]
[valid: ]
[num_iterations: 100]
[learning_rate: 0.1]
[num_leaves: 31]
[num_threads: -1]
[seed: 42]
[deterministic: 0]
[force_col_wise: 0]
[force_row_wise: 0]
[histogram_pool_size: -1]
[max_depth: -1]
[min_data_in_leaf: 20]
[min_sum_hessian_in_leaf: 0.001]
[bagging_fraction: 1]
[pos_bagging_fraction: 1]
[neg_bagging_fraction: 1]
[bagging_freq: 0]
[bagging_seed: 400]
[bagging_by_query: 0]
[feature_fraction: 1]
[feature_fraction_bynode: 1]
[feature_fraction_seed: 30056]
[extra_trees: 0]
[extra_seed: 12879]
[early_stopping_round: 0]
[early_stopping_min_delta: 0]
[first_metric_only: 0]
[max_delta_step: 0]
[lambda_l1: 0]
[lambda_l2: 0]
[linear_lambda: 0]
[min_gain_to_split: 0]
[drop_rate: 0.1]
[max_drop: 50]
[skip_drop: 0.5]
[xgboost_dart_mode: 0]
[uniform_drop: 0]
[drop_seed: 17869]
[top_rate: 0.2]
[other_rate: 0.1]
[min_data_per_group: 100]
[max_cat_threshold: 32]
[cat_l2: 10]
[cat_smooth: 10]
[max_cat_to_onehot: 4]
[top_k: 20]
[monotone_constraints: ]
[monotone_constraints_method: basic]
[monotone_penalty: 0]
[feature_contri: ]
[forcedsplits_filename: ]
[refit_decay_rate: 0.9]
[cegb_tradeoff: 1]
[cegb_penalty_split: 0]
[cegb_penalty_feature_lazy: ]
[cegb_penalty_feature_coupled: ]
[path_smooth: 0]
[interaction_constraints: ]
[verbosity: -1]
[saved_feature_importance_type: 0]
[use_quantized_grad: 0]
[num_grad_quant_bins: 4]
[quant_train_renew_leaf: 0]
[stochastic_rounding: 1]
[linear_tree: 0]
[max_bin: 255]
[max_bin_by_feature: ]
[min_data_in_bin: 3]
[bin_construct_sample_cnt: 200000]
[data_random_seed: 175]
[is_enable_sparse: 1]
[enable_bundle: 1]
[use_missing: 1]
[zero_as_missing: 0]
[feature_pre_filter: 1]
[pre_partition: 0]
[two_round: 0]
[header: 0]
[label_column: ]
[weight_column: ]
[group_column: ]
[ignore_column: ]
[categorical_feature: ]
[forcedbins_filename: ]
[precise_float_parser: 0]
[parser_config_file: ]
[objective_seed: 16083]
[num_class: 1]
[is_unbalance: 0]
[scale_pos_weight: 1]
[sigmoid: 1]
[boost_from_average: 1]
[reg_sqrt: 0]
[alpha: 0.9]
[fair_c: 1]
[poisson_max_delta_step: 0.7]
[tweedie_variance_power: 1.5]
[lambdarank_truncation_level: 30]
[lambdarank_norm: 1]
[label_gain: ]
[lambdarank_position_bias_regularization: 0]
[eval_at: ]
[multi_error_top_k: 1]
[auc_mu_weights: ]
[num_machines: 1]
[local_listen_port: 12400]
[time_out: 120]
[machine_list_filename: ]
[machines: ]
[gpu_platform_id: -1]
[gpu_device_id: -1]
[gpu_device_id_list: ]
[gpu_use_dp: 0]
[num_gpu: 1]

end of parameters

pandas_categorical:null
