tree
version=v4
num_class=1
num_tree_per_iteration=1
label_index=0
max_feature_idx=11
objective=tweedie
feature_names=rf_lag_1 rf_lag_2 rf_roll7_sum days_since_rain neighbor_mean_lag1 neighbor_max_lag1 tmax_1deg_lag1 tmin_1deg_lag1 tmax_1deg_roll7 diurnal_range_1deg sin_doy cos_doy
feature_infos=[0:385.5301513671875] [0:467.57992553710938] [0:1484.6839599609375] [0:6930] [0:356.41162109375] [0:435.11480712890625] [2.3299999237060547:48.46484375] [-7.6100001335144043:32.610000610351562] [3.3942859172821045:46.181095123291016] [1.0200004577636719:23.680000305175781] [-0.9999994220246925:0.99998555065071859] [-0.99997919295908233:0.9999907524084426]
tree_sizes=3611 3744 3745 3744 3762 3748 3758 3741 3758 3743 3772 3767 3748 3760 3738 3756 3746 3734 3766 3732 3722 3738 3773 3732 3751 3718 3738 3767 3715 3739 3723 3753 3694 3723 3742 3712 3712 3750 3773 3752 3724 3683 3707 3730 3743 3710 3733 3660 3738 3687 3727 3728 3603 3688 3736 3610 3678 3730 3677 3628 3598 3712 3701 3624 3629 3596 3704 3576 3687 3584 3667 3703 3735 3573 3660 3713 3608 3558 3640 3666 3664 3607 3584 3646 3553 3606 3662 3623 3695 3623 3551 3593 3652 3654 3716 3709 3579 3648 3635 3627

Tree=0
num_leaves=31
num_cat=0
split_feature=5 2 9 9 2 9 2 4 7 3 11 9 9 9 9 2 9 2 2 11 11 3 11 9 3 10 11 11 2 11
split_gain=5.77531e+07 6.9939e+06 6.82593e+06 1.60768e+06 1.58597e+06 1.53541e+06 1.35231e+06 617981 561892 309309 292017 290897 257055 243281 238767 222164 206512 160622 151430 148045 147189 141107 130902 121098 117087 110680 107986 101735 98688.7 90001
threshold=1.0000000180025095e-35 18.823777198791507 11.300007820129396 11.358915328979494 0.63130483031272899 8.7415904998779315 3.7912069559097294 11.817853450775148 21.740029335021976 16.500000000000004 -0.8611288361322974 11.249998569488527 14.730000019073488 9.4000000953674334 13.830000400543215 155.22714996337893 8.2900962829589862 3.9194098711013798 1.9406415820121767 -0.17646730165275518 -0.10837475778693638 19.500000000000004 -0.18493013702746822 9.1900014877319354 27.500000000000004 0.76696112484652035 -0.6652727025667432 -0.88620506325989179 1.790350139141083 -0.10837475778693638
decision_type=8 2 8 8 2 10 2 8 8 2 2 10 10 8 10 2 8 2 2 2 2 2 2 10 2 2 2 2 2 2
left_child=2 3 6 8 12 7 9 26 17 23 -5 19 21 -8 20 -9 24 -2 -12 -7 -6 29 -15 -1 -10 -22 -3 -13 -18 -4
right_child=1 5 4 10 14 11 13 15 16 -11 18 27 -14 22 -16 -17 28 -19 -20 -21 25 -23 -24 -25 -26 -27 -28 -29 -30 -31
leaf_value=1.0720308277214154 1.0591306332599781 1.2115760969353992 0.99246338480596552 1.1029955300812133 1.0555162075306233 1.1835956914175338 1.134501113359037 1.2279142824162377 1.1786259404186388 0.9722225328620816 0.99915379114978264 1.1600268090782115 0.91757456643777169 1.1047251552888058 0.97622263890979943 1.2590939043474463 1.100225828617986 1.1150374983817219 1.0522578126263651 1.1395141553552564 0.98182476810882324 0.93146358570350851 1.0429246849925422 1.0227166225771882 0.96115950061914646 1.0528753406502098 1.190675054391978 1.0991603703800832 1.1460620061374909 0.95119657919634581
leaf_weight=785213.04687327147 848158.49681138992 6703270.5869298577 751190.27950149775 693705.05335485935 945300.64469271898 3621697.3800773621 1930066.0365142822 6908615.2725207806 2261656.8551610112 949983.59969443083 972761.1552182436 413301.36752641201 7408991.2201959491 859191.18971067667 1744546.066264689 3414800.4735658169 622836.04278492928 1303965.796898663 1198652.9328339696 964835.73749494553 787353.2610527873 3034591.6099886298 570192.30232483149 1361171.5254827738 25032.485704958439 303861.23200589418 3915973.0274916887 818323.76667749882 1910903.3456003666 1782775.5542086363
leaf_count=523226 596679 1772901 672683 400390 674858 1249709 938872 1502153 812780 906075 852355 170667 8232547 491625 1643816 435865 364454 707398 866976 455411 729189 3250528 427741 1100324 24673 219240 1271416 481355 865930 1808324
internal_value=1.10342 1.18168 0.980037 1.10958 0.946381 1.20818 1.0674 1.22081 1.13549 1.01973 1.04651 1.16274 0.929776 1.11134 1.00337 1.23823 1.15446 1.093 1.02847 1.17432 1.02663 0.94601 1.08007 1.04076 1.17625 1.00161 1.20387 1.11959 1.13479 0.96343
internal_weight=5.98129e+07 3.65985e+07 2.32144e+07 9.83767e+06 1.67586e+07 2.67608e+07 6.45582e+06 2.09427e+07 6.97255e+06 3.09637e+06 2.86512e+06 5.81816e+06 1.29775e+07 3.35945e+06 3.78106e+06 1.03234e+07 4.82043e+06 2.15212e+06 2.17141e+06 4.58653e+06 2.03652e+06 5.56856e+06 1.42938e+06 2.14638e+06 2.28669e+06 1.09121e+06 1.06192e+07 1.23163e+06 2.53374e+06 2.53397e+06
internal_count=34450160 12831112 21619048 5491635 17231185 7339477 4387863 4982335 3371914 2529625 2119721 2357142 13964082 1858238 3267103 1938018 2067837 1304077 1719331 1705120 1623287 5731535 919366 1623550 837453 948429 3044317 652022 1230384 2481007
is_linear=0
shrinkage=1


Tree=1
num_leaves=31
num_cat=0
split_feature=2 9 9 4 4 4 4 2 3 4 3 9 9 7 7 11 9 7 9 11 2 9 9 11 9 2 11 2 3 4
split_gain=4.90971e+07 6.86761e+06 5.54329e+06 1.8935e+06 1.25408e+06 1.06473e+06 1.05905e+06 502023 445854 431011 365693 331486 277604 246866 235119 179632 173078 172066 150446 132540 124006 120138 118935 118857 105723 101818 101542 101438 96493.2 89371.6
threshold=4.941770315170289 9.8100008964538592 11.733077049255373 5.3783330917358407 0.042893372476100929 1.0000000180025095e-35 1.0000000180025095e-35 104.61793518066408 11.500000000000002 0.15706907212734225 16.500000000000004 12.799999713897707 12.250001430511476 21.620153427124027 22.193128585815433 -0.15950993297387572 14.602698802948 18.181499481201175 9.4516229629516619 -0.12545862287572049 26.992157936096195 7.5399999618530282 15.204071044921877 -0.89404254237865755 7.8700017929077157 234.51544952392581 0.39629089145655322 32.742265701293952 23.500000000000004 6.0177443027496347
decision_type=2 10 8 8 8 10 10 2 2 10 2 8 10 10 8 2 10 8 10 2 2 8 10 2 10 2 2 2 2 10
left_child=2 3 5 9 12 10 8 17 16 20 18 15 19 -7 27 29 -4 -5 -1 -3 -2 -16 -10 -8 -19 -9 -20 -11 -15 -6
right_child=1 4 6 7 11 13 23 25 22 14 -12 -13 -14 28 21 -17 -18 24 26 -21 -22 -23 -24 -25 -26 -27 -28 -29 -30 -31
leaf_value=-0.030111873141263835 0.0088104319480742377 -0.0060029992297915731 -0.11681576845773045 0.039181291829957561 0.032887460948562479 -0.040098985924907141 -0.013013775870123435 0.12827595176362094 -0.16511770030304287 0.019084760834410946 -0.12854233346477401 -0.030723291979178155 -0.088442173837097557 0.026135880082369368 0.095250169014802877 -0.0019906144643409328 -0.1597968298277215 0.1103132406079968 -0.062409448704952186 -0.064034081038807852 0.048668113846098524 0.069239789024881801 -0.1879290568319868 -0.089057163613422335 0.087365575310366234 0.15574743348035477 -0.11615475333293786 0.06549357524573543 -0.08651433550851366 0.069452255164230162
leaf_weight=1003308.440905869 1406120.9041270614 946468.26535391808 2034287.9184885621 435311.68086385727 1718019.982481122 1006515.1952504516 246391.77347791195 4586173.8762051463 4232005.1773054004 934947.46731722355 1132030.0085288286 993546.75424158573 1646118.3672684431 1787278.5171477199 3539152.0147108436 1013420.414639473 1736749.2315376401 6725854.7822665572 1116331.8271626234 673738.54281491041 1754633.5112543106 3564048.6441110969 4969655.0173299909 1239808.2952237129 2861985.4793977141 1911462.4622660279 513106.97906804085 949069.1273214817 79417.104596674442 1094190.3843042254
leaf_count=676164 764800 564978 1973580 194821 811388 710844 151179 890322 4841264 477061 1147871 667130 1442057 881928 1017550 587329 1955370 1645496 878836 532166 749994 1290478 6092519 1078065 889623 226439 489980 352147 67415 401366
internal_value=-8.23883e-05 0.0697131 -0.121678 0.0926692 -0.0116823 -0.046025 -0.156409 0.114707 -0.16557 0.0626988 -0.0810127 0.0207407 -0.0595195 -0.000180585 0.0738694 0.0341063 -0.136611 0.100672 -0.0605759 -0.0301343 0.0309367 0.0821994 -0.177438 -0.0764502 0.103463 0.136357 -0.0793337 0.0424631 0.0213433 0.0471143
internal_weight=5.78511e+07 3.67543e+07 2.10969e+07 2.86688e+07 8.0855e+06 6.63799e+06 1.44589e+07 1.65208e+07 1.29727e+07 1.2148e+07 3.76478e+06 4.81918e+06 3.26633e+06 2.87321e+06 8.98722e+06 3.82563e+06 3.77104e+06 1.00232e+07 2.63275e+06 1.62021e+06 3.16075e+06 7.1032e+06 9.20166e+06 1.4862e+06 9.58784e+06 6.49764e+06 1.62944e+06 1.88402e+06 1.8667e+06 2.81221e+06
internal_count=34450160 13505145 20945015 8498731 5006414 4853038 16091977 3846701 14862733 4652030 3192851 2467213 2539201 1660187 3137236 1800083 3928950 2729940 2044980 1097144 1514794 2308028 10933783 1229244 2535119 1116761 1368816 829208 949343 1212754
is_linear=0
shrinkage=0.1


Tree=2
num_leaves=31
num_cat=0
split_feature=2 9 9 4 5 3 3 2 2 9 5 9 5 8 11 9 9 7 11 4 4 7 4 3 11 9 11 11 8 10
split_gain=4.15907e+07 6.46989e+06 4.53237e+06 1.56982e+06 1.39149e+06 836652 830278 403763 396150 393099 362340 335956 318124 204148 200651 183977 139811 138511 138207 135194 133037 131002 130438 126250 124574 114229 113756 89346.2 98838.7 83641.7
threshold=3.6784236431121831 9.3500013351440447 11.940001487731935 6.8166618347167978 0.12544821202754977 10.500000000000002 11.500000000000002 29.292971611022953 125.71569824218751 12.150000095367433 0.12544821202754977 12.250001430511476 0.12544821202754977 29.240000724792484 0.16587474750015932 15.160000324249269 14.900000095367433 22.550026893615726 -0.12545862287572049 0.3088089525699616 5.0894865989685067 17.900031089782718 0.3225113451480866 36.500000000000007 -0.88620506325989179 9.8600788116455096 -0.85225707553516283 0.16587474750015932 18.616177558898929 0.21022171450811275
decision_type=2 10 8 8 8 2 2 2 2 10 10 8 8 10 2 10 10 10 2 10 10 8 8 2 2 8 2 2 8 2
left_child=2 3 6 7 11 12 10 13 21 14 25 18 16 -2 20 26 29 -12 -3 -9 -6 -5 -15 -8 -11 -1 -7 -13 -29 -4
right_child=1 4 5 8 9 15 23 19 -10 24 17 27 -14 22 -16 -17 -18 -19 -20 -21 -22 -23 -24 -25 -26 -27 -28 28 -30 -31
leaf_value=-0.029400954546292782 -0.00015825529085029932 -0.0043049040916443432 -0.13726052606203457 0.036810630778066643 0.029587268334085728 -0.085374092533088627 -0.084200512053167351 0.051949585457139208 0.13444148468410719 0.026105552440063587 -0.024577409141440458 -0.063814001258073613 -0.062049772254728144 0.02409856739614688 -0.013263342149284756 -0.18414385967355862 -0.15639295316040561 0.027197546313965065 -0.057226814757604216 0.083449701783243194 0.065347337922901219 0.10104644024740915 0.063050217769075725 -0.13640678022729058 -0.037341496696340834 -0.075613704423803316 -0.15934873414674006 -0.042023210745944103 -0.12629680413904881 -0.093070379953913027
leaf_weight=1001916.7776745558 1022658.0383716226 1225272.6689890027 762027.32895427942 329029.07720208168 2480327.771941483 219430.95072180033 1248339.9724730849 1764473.9018086791 4669417.2725406885 420313.70011931658 924422.37217158079 942011.45400798321 873104.45946270227 1288975.0372599959 697449.23863208294 4820097.9743321538 1237266.7826817632 1171553.1925508976 826220.50175637007 5980533.7051777244 1791947.9046567678 9048330.3066158295 2581485.2683301568 736517.66358792782 1173347.671208024 1147440.8903774023 3948507.6845425963 176009.78831040859 664902.67231416702 978095.88879448175
leaf_count=691230 575095 727102 841443 145599 1172675 206288 1129578 713369 769123 208572 617725 787978 711335 633706 425085 6415877 1495757 568665 653462 1835432 655399 2319262 948885 809758 825944 995029 4809137 135996 695357 930297
internal_value=-0.000152138 0.0615632 -0.120169 0.0876367 -0.00535201 -0.154131 -0.0501835 0.0620663 0.110643 0.0226092 -0.0252221 -0.0532132 -0.115129 0.0395788 0.0364677 -0.17084 -0.130694 0.00436239 -0.0256187 0.0762733 0.0445863 0.0987926 0.0500782 -0.103573 -0.0206079 -0.0540718 -0.155454 -0.0849644 -0.108658 -0.112422
internal_weight=5.61514e+07 3.70827e+07 1.90687e+07 2.66849e+07 1.03978e+07 1.28385e+07 6.23019e+06 1.26381e+07 1.40468e+07 6.56339e+06 4.24533e+06 3.83442e+06 3.85049e+06 4.89312e+06 4.96972e+06 8.98804e+06 2.97739e+06 2.09598e+06 2.05149e+06 7.74501e+06 4.27228e+06 9.37736e+06 3.87046e+06 1.98486e+06 1.59366e+06 2.14936e+06 4.16794e+06 1.78292e+06 840912 1.74012e+06
internal_count=34450160 14228041 20222119 7940471 6287570 15410134 4811985 4706487 3233984 3287675 2872649 2999895 3978832 2157686 2253159 11431302 3267497 1186390 1380564 2548801 1828074 2464861 1582591 1939336 1034516 1686259 5015425 1619331 831353 1771740
is_linear=0
shrinkage=0.1


Tree=3
num_leaves=31
num_cat=0
split_feature=3 9 9 4 4 2 3 3 2 9 9 7 11 9 9 11 11 2 10 11 9 11 10 9 2 2 11 9 11 3
split_gain=3.5335e+07 6.42176e+06 3.29921e+06 1.90534e+06 893786 613895 591483 505303 448299 410458 275882 245887 233834 210092 200935 185602 161120 159414 152209 140592 127943 126224 125609 123820 87316.5 77342.2 73638.2 73127.6 73034.8 66551.2
threshold=3.5000000000000004 9.9699997901916522 12.250001430511476 3.5112662315368657 1.2656208872795107 84.560729980468764 16.500000000000004 16.500000000000004 22.81940841674805 12.999998569488527 9.5000782012939471 22.400321960449222 -0.15950993297387572 14.98644542694092 13.239999294281008 0.53312596302726967 -0.14250536273956091 215.81109619140628 -0.048361574224334618 -0.10837475778693638 15.330000400543215 0.2332836900311728 0.76696112484652035 7.7099995613098153 18.823777198791507 26.992157936096195 -0.85225707553516283 7.6500000953674325 0.8511460603353429 40.500000000000007
decision_type=2 10 8 8 8 2 2 2 2 10 8 10 2 10 10 2 2 2 2 2 10 2 2 10 2 2 2 10 2 2
left_child=1 3 6 8 9 15 10 13 11 12 -2 28 -3 18 21 23 27 -7 -4 -12 26 25 -14 -5 -11 -6 -9 -10 -1 -8
right_child=2 4 7 5 14 17 29 20 16 24 19 -13 22 -15 -16 -17 -18 -19 -20 -21 -22 -23 -24 -25 -26 -27 -28 -29 -30 -31
leaf_value=-0.0052473853767900473 -0.0067351513128269466 -0.003282195970765984 -0.1403482217793964 0.09087591108783051 0.020505311681936353 0.10735083545621414 -0.092364990175557798 -0.086703596777373548 0.077195733327078464 -0.091508702255464591 -0.036566567353345424 0.035239592227953774 -0.076114578729239768 -0.15340549878209375 -0.032024413926296701 0.019682999574933968 0.020381374874443955 0.13955704909734473 -0.088123070482105409 -0.086163623264790712 -0.1848615645599945 -0.019810517930203525 -0.008809610093680826 0.067665389390233213 -0.041101642095851612 0.055322871984310622 -0.16055256849694097 0.054109298537072317 -0.06831371767084958 -0.13344444800395369
leaf_weight=1372586.0178737044 1587149.0358954668 2030453.7131641507 903400.75712871552 5828394.937841475 1341397.8359068632 6052529.8937086463 858521.52404046059 141426.08645808697 2751549.8562738299 1661027.9847663045 1160146.4232527614 2920928.0820039511 970319.21978884935 1803718.7834178209 673334.22411572933 507651.42614930868 916114.49162012339 2059998.7898650765 1459869.1756479144 1126513.5387219191 3602537.5003454685 460431.90172028542 388227.54339641333 3794830.4051909447 433290.8553994894 1216677.7652664781 2983249.5227771401 2736663.5419935584 211986.04744303226 729456.9704272151
leaf_count=814436 954797 1214183 1084916 1581158 677293 1361026 861759 140694 864079 1626624 849059 1315662 851301 2341573 475749 244729 440797 290724 1442327 1056115 5271008 299560 252688 1286579 337460 473805 3967349 1047307 169395 856008
internal_value=-0.000214006 0.0522968 -0.123267 0.0752599 -0.0206662 0.0950296 -0.0598368 -0.155068 0.0422011 -0.0462762 -0.0387672 0.0180331 -0.0247683 -0.127704 0.0173711 0.0786143 0.0592035 0.115529 -0.108087 -0.0610004 -0.172018 0.0283897 -0.0568811 0.0817231 -0.0810801 0.0370653 -0.15721 0.0656838 -0.0136845 -0.111235
internal_weight=5.46844e+07 3.83284e+07 1.6356e+07 2.91532e+07 9.17516e+06 1.82434e+07 5.46179e+06 1.08942e+07 1.09098e+07 5.48332e+06 3.87381e+06 4.5055e+06 3.389e+06 4.16699e+06 3.69184e+06 1.01309e+07 6.40433e+06 8.11253e+06 2.36327e+06 2.28666e+06 6.72721e+06 3.01851e+06 1.35855e+06 9.62323e+06 2.09432e+06 2.55808e+06 3.12468e+06 5.48821e+06 1.58457e+06 1.58798e+06
internal_count=34450160 15624555 18825605 9415892 6208663 4764216 4577738 14247867 4651676 4282256 2859971 2299493 2318172 4868816 1926407 3112466 2352183 1651750 2527243 1905174 9379051 1450658 1103989 2867737 1964084 1151098 4108043 1911386 983831 1717767
is_linear=0
shrinkage=0.1


Tree=4
num_leaves=31
num_cat=0
split_feature=2 9 9 4 4 4 3 2 2 2 9 3 5 8 9 9 4 9 9 7 11 11 11 10 11 2 11 9 10 10
split_gain=2.98963e+07 5.142e+06 3.30641e+06 1.33203e+06 1.09965e+06 638328 580418 376636 319361 312428 289718 285580 262049 209033 155397 154495 143211 137514 136236 128310 115447 107249 100461 97741.8 96735.2 95229.4 91509.1 90743.4 88948.8 77375.1
threshold=2.2681553363800053 9.2999997138977069 12.459999561309816 8.7699446678161639 1.0000000180025095e-35 1.0000000180025095e-35 16.500000000000004 35.549346923828132 23.978719711303714 149.03302764892581 12.250001430511476 23.500000000000004 1.0000000180025095e-35 29.185841560363773 13.429998874664308 10.123434066772463 0.72189500927925121 15.550024986267092 15.59999990463257 19.650196075439457 -0.35846086284744721 -0.12545862287572049 -0.13398942717002907 0.15951094710994371 -0.84313311835787952 45.007928848266609 -0.70289845916694649 16.100001335144047 -0.048361574224334618 0.76696112484652035
decision_type=2 10 8 10 8 10 2 2 2 2 10 2 8 10 10 8 10 10 10 10 2 2 2 2 2 2 2 10 2 2
left_child=2 3 5 7 10 11 12 13 14 25 21 15 18 -2 24 -1 -15 -8 28 -7 -9 -3 -17 -12 -6 -5 -10 -25 -4 -23
right_child=1 4 6 9 8 19 17 20 26 -11 23 -13 -14 16 -16 22 -18 -19 -20 -21 -22 29 -24 27 -26 -27 -28 -29 -30 -31
leaf_value=-0.035809653368006004 0.00026800821079173772 -0.0049604736463933867 -0.14161735382951948 0.071174564960380007 0.029601501296322864 -0.054594616530406093 -0.15309940859966809 0.074193476491974344 0.055160358097988596 0.12520529548034717 -0.11256550951136431 -0.12331907178219026 -0.060260156282770316 0.023799487601503789 -0.047945924573587088 -0.052754917139221896 0.057808772489363329 -0.18308256663710232 -0.15751396128075296 0.0041137002354512597 0.04350000058408815 -0.06355971269525916 -0.10300305508359869 -0.050449010009453767 -0.0072595195081360132 0.095092311650405728 0.022453339393310585 -0.11542400528691051 -0.10003703072202473 0.010803618016833862
leaf_weight=1243877.74297297 1340418.0547611713 1351440.793513 820435.25374442339 2287376.4852258563 1113124.0206282735 488534.81235146523 3045840.0277653933 6177249.6740399599 1730777.242628932 3222590.2365005016 517048.29503667355 1049179.8929874301 634060.19669377804 2029176.741984427 644866.42912960052 672159.20800417662 3176301.5228126049 3072858.879152894 1192667.6756899953 1564278.7005322576 1528698.7266436219 734940.25624185801 975097.70257687569 1207778.1808609366 1975426.7613562346 6114933.2255049944 1691381.300883472 261476.2048188448 1379571.3507035971 172824.2258118391
leaf_count=927969 743807 814046 1077551 709143 519184 398830 4300299 1897470 655251 529120 576396 1279735 557436 964211 502930 571208 1137507 4909035 1709356 904614 601916 635966 1051442 1044708 1176280 1495156 823947 298099 1533414 104134
internal_value=-0.000264019 0.0489601 -0.113965 0.0736125 -0.00699273 -0.0550732 -0.148754 0.0531216 0.0169292 0.0987339 -0.0473119 -0.0786294 -0.119269 0.0354834 -0.00329704 -0.0624117 0.0445514 -0.168157 -0.130298 -0.00985788 0.0681045 -0.0228174 -0.0824994 -0.0751716 0.00602532 0.0885811 0.0389951 -0.0620123 -0.115543 -0.0494021
internal_weight=5.34164e+07 3.72778e+07 1.61386e+07 2.58767e+07 1.14011e+07 5.99313e+06 1.01454e+07 1.42518e+07 7.15558e+06 1.16249e+07 4.24551e+06 3.94031e+06 4.02673e+06 6.5459e+06 3.73342e+06 2.89113e+06 5.20548e+06 6.1187e+06 3.39267e+06 2.05281e+06 7.70595e+06 2.25921e+06 1.64726e+06 1.9863e+06 3.08855e+06 8.40231e+06 3.42216e+06 1.46925e+06 2.20001e+06 907764
internal_count=34450160 15229271 19220889 8078330 7150941 5133798 14087091 5344911 3677592 2733419 3473349 3830354 4877757 2845525 2198394 2550619 2101718 9209334 4320321 1303444 2499386 1554146 1622650 1919203 1695464 2204299 1479198 1342807 2610965 740100
is_linear=0
shrinkage=0.1


Tree=5
num_leaves=31
num_cat=0
split_feature=3 9 9 4 9 3 3 11 2 9 4 11 2 8 9 10 2 11 8 9 4 11 11 11 11 2 3 9 9 9
split_gain=2.52844e+07 4.46712e+06 2.93547e+06 1.08217e+06 987875 557957 461318 412833 351880 274446 272103 264140 263765 202207 181830 140934 137577 132292 120811 117775 116639 90742.5 89730.2 86310.7 85173.2 77821.1 72700.2 84237.9 70765.5 68941.7
threshold=3.5000000000000004 9.0407443046569842 12.84999990463257 10.144440650939943 12.049998283386232 17.500000000000004 18.500000000000004 0.18281312110578132 23.978719711303714 10.123434066772463 2.0956468582153325 -0.78324956448884031 178.99919128417972 30.314291954040531 15.779999256134035 -0.048361574224334618 10.536006450653078 -0.12545862287572049 20.31369781494141 15.689999103546144 1.1817389726638796 0.71353761266622884 0.92843842216862604 -0.84313311835787952 0.11478523713130605 18.4981803894043 56.500000000000007 10.320081710815431 15.289999485015871 7.3699998855590829
decision_type=2 10 8 10 10 2 2 2 2 8 10 2 2 10 10 2 2 2 10 10 8 2 2 2 2 2 2 10 10 8
left_child=1 3 5 8 7 9 14 10 13 22 25 -6 24 -1 15 -4 28 -11 -9 -8 -10 -20 -2 -7 -5 -3 27 -25 -13 -15
right_child=2 4 6 12 11 23 19 18 20 17 -12 16 -14 29 -16 -17 -18 -19 21 -21 -22 -23 -24 26 -26 -27 -28 -29 -30 -31
leaf_value=0.00024521549739833722 -0.0066754114066595246 -0.0065920114385994988 -0.13672246033929397 0.088204198425219718 -0.0027232172754558109 -0.048408756501325513 -0.1511288459699488 0.01326412173239739 0.045219454128243616 -0.035820468907788401 0.045911867523341005 -0.065941128030906668 0.12388206762437676 0.062694478616371382 -0.1514347462777112 -0.086612261822278463 -0.034216491330757021 -0.084354749409710841 -0.030839876764738452 -0.18138363851306916 0.06942438488209228 -0.093498617363814929 -0.091247750998162458 -0.05318175688607335 0.049640996351670345 0.02184790075491512 -0.14300948898223384 -0.11584505504625212 -0.11210571258136036 0.032185710018112525
leaf_weight=1620565.9924120307 1989190.7463941574 2017480.9496934414 865897.2565536499 7283040.3839671016 1122043.4470618367 241308.70473891497 2573805.3960487843 415549.26899546385 2834352.9646542668 1038354.0143709779 3355690.2318566442 1323178.5468572974 2264425.5533363819 1190553.9517691135 1221666.391741395 1595308.0580244064 1254243.3460911512 1223206.0827537179 749822.03432232141 2572827.525405407 6689544.0920498371 334112.15420180559 133897.91114830971 305111.4445848465 621623.58685952425 1839329.2362875938 524021.20062983036 722576.16182100773 443294.76422691345 1960171.7853801847
leaf_count=910105 1232100 1218591 1200345 1808627 715260 227784 3917886 240737 1082662 808444 1317185 1237416 352440 411423 1850646 1771972 963202 1280185 526389 4484591 2036204 313054 123806 286004 218637 895175 727404 914438 522443 855005
internal_value=-0.000305162 0.0437758 -0.109923 0.068855 -0.00395328 -0.0570489 -0.146917 0.0151631 0.051116 -0.0378307 0.0250887 -0.0441539 0.0937915 0.0289498 -0.119897 -0.104242 -0.0595433 -0.0620711 -0.0325789 -0.166253 0.0622209 -0.0501538 -0.0120092 -0.104045 0.0851716 0.0069711 -0.112697 -0.0972409 -0.0775261 0.043714
internal_weight=5.23262e+07 3.7319e+07 1.50072e+07 2.44643e+07 1.28547e+07 6.17767e+06 8.8295e+06 8.71198e+06 1.42952e+07 4.38465e+06 7.2125e+06 4.14276e+06 1.01691e+07 4.77129e+06 3.68287e+06 2.46121e+06 3.02072e+06 2.26156e+06 1.49948e+06 5.14663e+06 9.5239e+06 1.08393e+06 2.12309e+06 1.79302e+06 7.90466e+06 3.85681e+06 1.55171e+06 1.02769e+06 1.76647e+06 3.15073e+06
internal_count=34450160 15624555 18825605 7675103 7949452 5600165 13225440 4511131 5295399 3444535 3430951 3438321 2379704 2176533 4822963 2972317 2723061 2088629 1080180 8402477 3118866 839443 1355906 2155630 2027264 2113766 1927846 1200442 1759859 1266428
is_linear=0
shrinkage=0.1


Tree=6
num_leaves=31
num_cat=0
split_feature=2 9 9 4 4 4 2 3 3 7 11 8 2 9 11 4 4 7 11 9 11 9 9 9 7 9 9 9 10 7
split_gain=2.13148e+07 3.86555e+06 2.57164e+06 1.37189e+06 572465 565824 517270 383665 279340 249767 181322 222935 174703 160425 159270 157483 142654 140053 111316 106644 104400 101798 97485.1 95331.4 94344.2 94217.4 88374 80794.4 78631.4 77476.8
threshold=1.5027573108673098 10.220034599304201 13.330000400543215 2.9515472650527959 0.10435572266578676 1.0000000180025095e-35 74.36643218994142 18.500000000000004 24.500000000000004 22.350042343139652 0.19969739736768838 18.616177558898929 260.54122924804693 10.642842292785646 -0.89404254237865755 1.0000000180025095e-35 1.0000000180025095e-35 20.140455245971683 0.97062204580664158 14.602698802948 -0.13398942717002907 16.300000190734867 16.400216102600101 12.94999933242798 19.650196075439457 6.9204683303833017 6.7800750732421884 7.9299988746643075 -0.065535378769913874 18.560169219970707
decision_type=2 10 8 8 8 10 2 2 2 10 2 8 2 10 2 8 8 8 2 10 2 10 10 10 10 8 10 10 2 10
left_child=2 3 5 9 10 8 17 16 13 18 19 -12 26 -1 29 -11 22 -5 -2 -3 -15 -9 28 -16 -7 -19 -8 -17 -4 -6
right_child=1 4 7 6 14 24 12 21 -10 15 11 -13 -14 20 23 27 -18 25 -20 -21 -22 -23 -24 -25 -26 -27 -28 -29 -30 -31
leaf_value=-0.037218374171795465 0.0064812761874671046 -0.0214015458403864 -0.14206487765863809 0.022519409217277089 -0.058131061639475068 -0.051442414068608749 0.094468197450763222 -0.15116170624805705 -0.11611053023971739 0.014163727008431812 -0.0050439224119197155 -0.096822014821014102 0.12472985432087121 -0.050148790083786358 0.0030506292940586793 0.057394652864590778 -0.060007154399386989 0.074639240213737329 -0.10675085514400079 -0.073277532499759476 -0.099605284140431349 -0.1817660736875151 -0.15722401747856493 -0.035834489229828702 0.00030631756940904505 0.05296806578015309 0.072576057352544965 0.03329992211300932 -0.099711615312865043 0.039192243052807579
leaf_weight=1438707.7761728764 2830207.8526841998 2026884.4662439227 667580.33293843269 1049591.9429318905 87447.669870197773 471878.17018735409 4167215.4772157073 2626610.6148376167 1362557.5476788282 2123645.1317500472 344403.829233706 1143166.9082065225 1282535.9720078707 668176.78098034859 2155480.5918596387 2982405.261823833 374369.06995099783 3244069.3420156837 89567.374581933022 492587.40713852644 1181680.8561201692 1854025.8321643472 724820.92898768187 891132.06072324514 1390282.9684521556 5257368.1500239372 3307460.4320856333 2609193.5191972852 1276604.2141717076 1265888.9872661829
leaf_count=1141833 1500591 1467078 1029334 468597 62991 411234 915557 4379379 1880950 1073502 253949 1295843 186932 615469 1204433 1003166 358065 899667 83761 521920 1444694 3542833 1220065 686216 848521 1789078 909982 1087110 1627738 539672
internal_value=-0.000336395 0.0391463 -0.105391 0.0564845 -0.0205452 -0.0593882 0.0730778 -0.145215 -0.0780378 0.0279192 -0.0478894 -0.0755735 0.0906318 -0.0622631 0.0043573 0.0373467 -0.117815 0.0569827 0.00300775 -0.0315439 -0.0817414 -0.163825 -0.125924 -0.00832324 -0.012807 0.0612376 0.0847812 0.0461514 -0.114255 0.0329036
internal_weight=5.13875e+07 3.73503e+07 1.40373e+07 2.89433e+07 8.40699e+06 6.51328e+06 1.83082e+07 7.52401e+06 4.65112e+06 1.0635e+07 4.00704e+06 1.48757e+06 8.75721e+06 3.28857e+06 4.39995e+06 7.71524e+06 3.04337e+06 9.55103e+06 2.91978e+06 2.51947e+06 1.84986e+06 4.48064e+06 2.66901e+06 3.04661e+06 1.86216e+06 8.50144e+06 7.47468e+06 5.5916e+06 1.94418e+06 1.35334e+06
internal_count=34450160 15950045 18500115 9917943 6032102 6342701 5169813 12157414 5082946 4748130 3538790 1549792 2012471 3201996 2493312 3163778 4235202 3157342 1584352 1988998 2060163 7922212 3877137 1890649 1259755 2688745 1825539 2090276 2657072 602663
is_linear=0
shrinkage=0.1


Tree=7
num_leaves=31
num_cat=0
split_feature=3 2 9 9 9 3 3 9 4 4 11 11 10 11 9 11 7 9 2 11 10 4 8 3 9 11 8 9 11 9
split_gain=1.78501e+07 3.09029e+06 2.58648e+06 1.06074e+06 668252 609596 332435 294108 285119 272119 246131 228980 190291 161261 148479 144542 130641 125014 106607 102143 100767 99058.2 83213.8 74823.1 82434.8 74486.7 71188 70409.6 68177.1 65494.2
threshold=3.5000000000000004 32.231061935424812 13.609496116638185 10.809999942779543 7.6500000953674325 22.500000000000004 26.500000000000004 10.220034599304201 0.99220186471939098 19.999456405639652 -0.78324956448884031 -0.18493013702746822 -0.031173458710879235 -0.10837475778693638 16.900283813476566 0.53312596302726967 21.560380935668949 14.179965019226076 234.51544952392581 -0.84313311835787952 0.43733377705052551 7.6034317016601571 20.790689468383793 141.50000000000003 10.320081710815431 0.94066717844141279 33.751338958740241 15.779999256134035 0.5475998096715059 7.3699998855590829
decision_type=2 2 10 10 10 2 2 8 10 8 2 2 2 2 10 2 8 8 2 2 2 8 8 2 8 2 10 10 2 8
left_child=1 3 5 8 9 7 12 25 15 -3 -5 21 -4 -9 -14 -1 -10 20 -11 26 -12 -6 -15 24 -21 -2 -7 -8 -24 -18
right_child=2 4 6 10 11 19 27 13 16 18 17 -13 14 22 -16 -17 29 -19 -20 23 -22 -23 28 -25 -26 -27 -28 -29 -30 -31
leaf_value=0.007435950656858873 -0.0071511229368225147 0.065250803283993936 -0.15515108690936619 -0.00086674693822387332 0.038695380315472559 -0.14255751112680096 -0.14856640061082602 -0.032578429478754826 0.0098813721058389342 0.087572259732402971 -0.061658206754069959 0.0090476035133463719 -0.090592671174060391 -0.027735039344214868 -0.14984268787235122 -0.05306005600207702 0.05852143684065772 -0.076476311849573236 0.1236026936186794 -0.058975769559590142 -0.020599150110733964 0.063220838053232489 -0.068323901553964131 -0.17415622632842218 -0.11750292147663731 -0.082096711406007661 -0.011014069610705016 -0.17860708924845059 -0.11083652159262897 0.034062850813967198
leaf_weight=3814715.8617002964 2171937.1476523876 7683399.1519669294 1081986.7574820817 1569678.071685195 3990353.6583576202 53743.260211288929 1396302.0277561247 1352062.7116978168 1589385.4600871801 3435396.2372858524 959430.97712010145 1839757.477953732 1803152.3619147837 275846.55728209019 552557.82511854172 440562.96724194288 1728998.2609101534 1095893.7434675097 1079158.57970047 301205.80058026314 1585471.812904954 2804163.4433072805 839737.24692761898 178927.20455819368 1197130.84867239 141236.76569926739 175437.17233097553 1768263.8073512316 684896.34725606441 2984824.8483980298
leaf_count=2023980 1380319 2213247 1911086 963335 1575325 76032 2473741 1126186 807866 770770 876183 955439 2399598 256784 988891 354775 549360 1190315 147484 325748 1159810 839596 924353 311478 1791842 137732 155957 3659168 906690 1197070
internal_value=-0.000357999 0.0363507 -0.0965038 0.00295286 0.0616312 -0.0557905 -0.141965 -0.0388076 0.0211726 0.0766998 -0.0339675 0.0403433 -0.120435 -0.0586778 -0.10449 0.0011726 0.0346745 -0.0482384 0.096185 -0.10448 -0.0360785 0.0488173 -0.078277 -0.113036 -0.105737 -0.0117271 -0.0418613 -0.165352 -0.0874214 0.0430341
internal_weight=5.05756e+07 3.66012e+07 1.39744e+07 1.5769e+07 2.08322e+07 7.37216e+06 6.60226e+06 5.46572e+06 1.05585e+07 1.2198e+07 5.21047e+06 8.63427e+06 3.4377e+06 3.15254e+06 2.35571e+06 4.25528e+06 6.30321e+06 3.6408e+06 4.51455e+06 1.90644e+06 2.5449e+06 6.79452e+06 1.80048e+06 1.67726e+06 1.49834e+06 2.31317e+06 229180 3.16457e+06 1.52463e+06 4.71382e+06
internal_count=34450160 15624555 18825605 9122694 6501861 7393121 11432484 4732064 4933051 3131501 4189643 3370360 5299575 3214013 3388489 2378755 2554296 3226308 918254 2661057 2035993 2414921 2087827 2429068 2117590 1518051 231989 6132909 1831043 1746430
is_linear=0
shrinkage=0.1


Tree=8
num_leaves=31
num_cat=0
split_feature=2 9 9 4 4 3 3 9 4 2 2 2 8 10 11 9 10 11 11 9 9 9 11 10 11 3 9 11 6 9
split_gain=1.5047e+07 2.87796e+06 2.0242e+06 874537 635585 423891 306350 291716 253467 224606 215358 159504 158759 150972 126400 125122 108988 97289.6 96417.1 94839.9 84562.5 74784.9 72418 70890.6 70317.7 68750.1 66486.6 66193.2 63008.7 61415.8
threshold=1.0110445618629458 8.5900006294250506 13.52000141143799 0.28447319567203527 14.177120208740236 26.500000000000004 26.500000000000004 11.830018043518068 1.0000000180025095e-35 26.992157936096195 41.649663925170906 188.68995666503909 29.341427803039554 -0.065535378769913874 0.3484035575467645 16.900283813476566 -0.048361574224334618 -0.16799793862756093 -0.89404254237865755 16.100001335144047 15.779999256134035 11.519999027252199 -0.67801649466304881 0.54219432480460406 -0.84313311835787952 141.50000000000003 6.3903479576110849 -0.70289845916694649 23.120876312255863 9.1900014877319354
decision_type=2 10 10 10 10 2 2 10 10 2 2 2 10 2 2 8 2 2 2 10 8 10 2 2 2 2 10 2 10 8
left_child=2 4 5 7 10 8 13 17 14 18 12 -6 -2 28 -1 -15 -9 -3 -5 -18 -8 -20 -12 -19 -7 -26 -14 -11 -4 -16
right_child=1 3 6 9 11 24 20 16 -10 27 22 -13 26 15 29 -17 19 23 21 -21 -22 -23 -24 -25 25 -27 -28 -29 -30 -31
leaf_value=-0.040268326850432787 0.0025833307051291695 0.0013821956462583499 -0.081343723045409641 0.026654730437705956 0.071064237585286447 -0.044420192932054424 -0.14098239431760745 -0.088023361698503624 -0.0056869350437175441 0.047249284398974155 0.062126334910175288 0.10599953566498486 0.059858008167445846 -0.087312634704884276 -0.023734996859730951 -0.14472847269413308 -0.033263655626044851 -0.044115116270792287 0.0061470210120034867 -0.091773067341240244 -0.17468840654249176 -0.025071061008984818 0.041867222229164169 0.010785366344404211 -0.10072417335191089 -0.16997850056162492 0.032568222600962281 0.022709594034617586 -0.15785214873880205 -0.088359324553728427
leaf_weight=2003881.4142262638 1603982.771189332 2533360.0125691891 123743.31043639779 1345535.014460206 5450544.8829545975 192691.124815166 1366971.7448168993 653084.30125412345 1424720.6820282936 2299482.4737779498 4754366.8941576481 1719092.1685417891 1144188.6633515358 1695816.4496216476 168567.54383826256 488994.80914694071 1935096.2886798084 1050660.6413254142 2137990.8620924354 323327.31483137608 1634110.7516410053 1196982.91780442 2805674.1591508985 303036.71450525522 1209567.252514571 162615.21057710052 4062679.4828239083 2105815.3844963312 827261.13960823417 1152465.5670288503
leaf_count=1826071 842964 1420346 185022 607789 1384185 203611 2549305 784694 932704 809167 1371505 278621 360921 2341588 129381 935880 1697023 854432 1111461 420635 3659168 892535 963621 186476 1779375 304928 1611971 930610 1602138 1472033
internal_value=-0.000373353 0.0313082 -0.0955979 -0.000984566 0.0551215 -0.0558492 -0.136497 -0.02811 -0.0409773 0.0193124 0.0429886 0.0794408 0.0300912 -0.11464 -0.0560992 -0.100163 -0.0520444 -0.0101825 0.00405886 -0.0416402 -0.159336 -0.00505772 0.0546078 -0.0318252 -0.100988 -0.108931 0.038565 0.0355189 -0.147897 -0.0801131
internal_weight=4.98763e+07 3.74249e+07 1.24514e+07 1.58844e+07 2.15405e+07 6.31451e+06 6.1369e+06 6.79857e+06 4.74964e+06 9.08581e+06 1.43709e+07 7.16964e+06 6.81085e+06 3.13582e+06 3.32491e+06 2.18481e+06 2.91151e+06 3.88706e+06 4.68051e+06 2.25842e+06 3.00108e+06 3.33497e+06 7.56004e+06 1.3537e+06 1.56487e+06 1.37218e+06 5.20687e+06 4.4053e+06 951004 1.32103e+06
internal_count=34450160 16528956 17921204 9715168 6813788 6648103 11273101 5363606 4360189 4351562 5150982 1662806 2815856 5064628 3427485 3277468 2902352 2461254 2611785 2117658 6208473 2003996 2335126 1040908 2287914 2084303 1972892 1739777 1787160 1601414
is_linear=0
shrinkage=0.1


Tree=9
num_leaves=31
num_cat=0
split_feature=5 3 2 9 9 9 4 7 11 9 9 9 11 10 11 2 11 10 2 3 9 2 7 3 8 11 8 11 9 9
split_gain=1.25702e+07 3.00014e+06 1.56384e+06 806717 585893 434008 331093 200511 175755 173167 144414 142692 141457 135497 126397 122105 119555 102180 100524 93401.9 88775.5 84134.2 78216.3 78182.3 63752.7 82547 83509.3 64306.6 56925.7 56765.8
threshold=1.0000000180025095e-35 8.5000000000000018 39.753995895385749 14.009998798370363 11.830018043518068 10.540481567382814 19.999456405639652 22.550026893615726 0.97263757644091875 11.030385971069338 16.669999122619632 15.820071220397951 -0.67801649466304881 0.21022171450811275 -0.87810534180523914 298.86936950683599 -0.15950993297387572 -0.05695216311707673 18.823777198791507 40.500000000000007 7.9799997806549081 8.8355736732482928 19.73261642456055 37.500000000000007 31.815781593322757 0.36447543099728863 17.882857322692875 -0.78324956448884031 8.1367740631103533 13.919998645782472
decision_type=8 2 2 10 10 10 8 10 2 8 10 10 2 2 2 2 2 2 2 2 10 2 10 2 10 2 10 2 10 10
left_child=1 4 5 9 8 7 12 21 18 -3 17 13 -4 16 22 -8 -6 -5 -1 -11 -9 -2 -7 -19 25 -15 -27 -26 -14 -16
right_child=2 3 6 10 11 14 15 20 -10 19 -12 -13 28 24 29 -17 -18 23 -20 -21 -22 -23 -24 -25 27 26 -28 -29 -30 -31
leaf_value=-0.018199669889478198 -0.013498134904780641 -0.050290517437569952 0.05628060855216524 -0.15760436932578314 -0.017550755943450343 -0.058148837487552646 0.07167934741500831 0.04513117467686896 -0.1192022308004947 -0.083095084009641787 -0.16928170715330756 -0.1017443255013832 0.042615544845234582 0.011702109468615095 -0.01632301611762876 0.1165024953698485 -0.10015973732948427 -0.096937356947131459 0.010065340673260953 -0.12514178792756367 0.022520967921715498 0.016725945122692067 0.023079258162586821 -0.1395866840289369 -0.021267812563511193 0.013248965382646125 -0.070588539562015315 -0.074419787613438038 0.019479575225011491 -0.047129129925757379
leaf_weight=3078649.8647928834 1443285.4779560268 1227798.4341166019 7102786.8409326673 931335.33615872264 225565.1130437851 133411.16645213962 4748140.1721994877 3502253.235765934 142531.24613794684 1683012.6303574443 1551294.3625965118 706599.49608296156 2719151.512906611 466081.89119598269 2364144.7178391814 696966.86013662815 784476.10927224159 935866.14427953959 2127993.1946521997 770035.35587286949 3444378.7993496954 2545204.9368669391 1063868.8383140266 794887.66868281364 358251.97223442793 170418.28839370608 392343.48181819916 624262.96130678058 1746604.4437589049 800753.45330968499
leaf_count=2195834 933913 1279226 2092285 2001845 189746 101759 1151738 1199695 169838 2344899 3670412 1083223 877256 348702 1667897 93201 1099120 1519387 1110713 1375740 1503559 1144434 523005 1645718 301189 124583 457684 701189 757778 784592
internal_value=-0.000380057 -0.0700655 0.0362224 -0.115151 -0.030856 0.0130211 0.0570831 0.0236596 -0.00964662 -0.0809489 -0.145029 -0.0612886 0.0475125 -0.0518275 -0.0136476 0.0774167 -0.0817113 -0.130897 -0.00664755 -0.0962939 0.0339203 0.00578898 0.0140281 -0.116525 -0.0368207 -0.0194227 -0.0452005 -0.0550391 0.0335668 -0.0241173
internal_weight=4.92824e+07 1.69714e+07 3.2311e+07 7.89423e+06 9.07717e+06 1.52973e+07 1.70136e+07 1.09351e+07 5.34917e+06 3.68085e+06 4.21338e+06 3.728e+06 1.15685e+07 3.0214e+06 4.36218e+06 5.44511e+06 1.01004e+06 2.66209e+06 5.20664e+06 2.45305e+06 6.94663e+06 3.98849e+06 1.19728e+06 1.73075e+06 2.01136e+06 1.02884e+06 562762 982515 4.46576e+06 3.1649e+06
internal_count=34450160 21619048 12831112 13837227 7781821 7858854 4972258 4781601 3476385 4999865 8837362 4305436 3727319 3222213 3077253 1244939 1288866 5166950 3306547 3720639 2703254 2078347 624764 3165105 1933347 930969 582267 1002378 1635034 2452489
is_linear=0
shrinkage=0.1


Tree=10
num_leaves=31
num_cat=0
split_feature=2 4 9 9 2 3 9 7 7 10 7 11 8 9 3 9 10 9 11 10 6 2 9 11 10 8 10 6 10 11
split_gain=1.05229e+07 2.16878e+06 1.55404e+06 719434 561200 307464 275738 212971 197512 169347 153088 149194 188456 146209 125725 112533 91807.2 89952.1 91226.7 89740.3 85925.2 79682.9 77057.9 74039.6 72921.3 67424 66305.3 64356 62454.6 61801.8
threshold=0.63130483031272899 1.8441320657730105 13.65000104904175 10.759998798370363 66.742511749267592 36.500000000000007 16.508025169372562 19.570019721984867 20.380391120910648 -0.065535378769913874 22.650074005126957 0.18281312110578132 19.211283683776859 6.5599997043609628 40.500000000000007 8.240000247955324 0.52766072109828632 9.0900011062622088 -0.15950993297387572 0.54219432480460406 39.850193023681648 298.86936950683599 8.1899991035461444 0.97062204580664158 -0.98803845231459242 20.31369781494141 0.79904096188274243 23.120876312255863 -0.03977009085991149 -0.84313311835787952
decision_type=2 8 10 10 2 2 10 8 10 2 10 2 10 10 2 10 2 10 2 2 10 2 10 2 2 10 2 10 2 2
left_child=2 3 5 10 7 8 9 -3 16 27 19 20 -13 21 -11 -9 25 -10 -19 23 24 -6 -12 -2 -5 -1 -14 -4 -8 -7
right_child=1 4 6 11 13 29 28 15 17 14 22 12 26 -15 -16 -17 -18 18 -20 -21 -22 -23 -24 -25 -26 -27 -28 -29 -30 -31
leaf_value=-0.035215162781885516 -0.010203774984398423 -0.0020537967045349942 -0.081864908022861477 -0.067850400466973826 0.069716462280328143 -0.037871414151967903 -0.18565516673207869 0.044678018015764022 0.0070530549622440904 -0.077544480350541303 0.031735046645725053 -0.00052861085589741099 -0.089864330444239499 0.050538253188222249 -0.1260022000889158 0.023889549479538454 -0.024410821480152278 -0.017507964011449079 -0.062561152627178318 0.027958783783556564 -0.06268423307563456 0.10676697291296638 0.010180174090811425 -0.094283461757029133 -0.010991070002090221 -0.087030153638372465 -0.043114663584462087 -0.15102025636326435 -0.14490441906867954 -0.10555161011497366
leaf_weight=321409.36598387361 2615094.8312739134 1721955.1058612466 156719.31330916286 245343.54088655114 4213337.3748979568 155864.47252783179 541520.10053896904 6131252.4456883669 776134.87392178178 1580564.9906960726 3191615.825505197 450743.9403526485 948369.71317628026 5034104.1326476932 809714.19044458866 4526301.0068476796 457639.81865912676 1299093.9966292977 687177.29702273011 643155.40464627743 443698.32186773419 673213.59008610249 3452813.2931924462 109102.11481517553 2796354.7603855729 1148553.7052059472 446085.51210847497 951992.17236405611 1231110.4440090954 1004079.4755349457
leaf_count=346468 1535189 963501 272223 259730 985713 170157 1453606 1948102 476350 2373093 1224176 346131 1220057 1471944 1699685 1942497 455558 1069971 782047 312817 462013 96916 1723369 113360 2052633 1538348 451619 2122800 2883631 1696456
internal_value=-0.000381395 0.0248685 -0.0858434 -0.00406993 0.044778 -0.0503585 -0.125221 0.0305769 -0.0389572 -0.108943 0.011731 -0.0337467 -0.0567395 0.062499 -0.0939597 0.0358491 -0.0635238 -0.0218147 -0.0330947 -0.00563901 -0.0215742 0.0748209 0.0205339 -0.0135711 -0.0155773 -0.0757007 -0.0749091 -0.141245 -0.157353 -0.0964573
internal_weight=4.87641e+07 3.76425e+07 1.11216e+07 1.53424e+07 2.23002e+07 5.84995e+06 5.27162e+06 1.23795e+07 4.69001e+06 3.49899e+06 1.00118e+07 5.3306e+06 1.8452e+06 9.92066e+06 2.39028e+06 1.06576e+07 1.9276e+06 2.76241e+06 1.98627e+06 3.36735e+06 3.4854e+06 4.88655e+06 6.64443e+06 2.7242e+06 3.0417e+06 1.46996e+06 1.39446e+06 1.10871e+06 1.77263e+06 1.15994e+06
internal_count=34450160 17109767 17340393 9701094 7408673 6535355 10805038 4854100 4668742 6467801 4908911 4792183 2017807 2554573 4072778 3890599 2340374 2328368 1852018 1961366 2774376 1082629 2947545 1648549 2312363 1884816 1671676 2395023 4337237 1866613
is_linear=0
shrinkage=0.1


Tree=11
num_leaves=31
num_cat=0
split_feature=3 2 9 9 9 3 3 11 11 9 0 4 10 11 9 11 8 4 9 10 8 9 11 2 11 3 9 10 10 11
split_gain=8.74908e+06 1.6987e+06 1.50987e+06 486691 475154 321279 256219 189333 173557 160115 159862 131062 130378 128634 97959.7 94643.2 95277.2 86687.2 85190.3 76298.8 76140.1 75503.9 70528.1 66592.6 65870.1 62262.1 72603.5 59969.9 59888.2 55260.1
threshold=4.5000000000000009 24.851899147033695 14.009998798370363 11.358915328979494 7.1899991035461435 26.500000000000004 26.500000000000004 -0.15950993297387572 0.39629089145655322 11.139999866485597 26.770177841186527 0.96732300519943248 -0.40614700388750385 -0.77243990499604276 17.08029937744141 -0.10837475778693638 22.530369758605961 6.4584131240844735 16.508025169372562 0.21022171450811275 34.870746612548835 15.289999485015871 0.94353349168649059 260.54122924804693 0.31595530242620651 170.50000000000003 10.642842292785646 -0.065535378769913874 0.78857998149907527 -0.82413948779581736
decision_type=2 2 10 10 10 2 2 2 2 10 2 10 2 2 10 2 10 8 8 2 10 10 2 2 2 2 8 2 2 2
left_child=1 3 5 8 10 9 12 17 11 22 29 -1 -4 -5 -14 -11 -17 -6 27 24 25 -21 -2 -12 -15 26 -7 -8 -9 -3
right_child=2 4 6 13 7 20 18 28 -10 15 23 -13 14 19 -16 16 -18 -19 -20 21 -22 -23 -24 -25 -26 -27 -28 -29 -30 -31
leaf_value=0.00017999529307783803 -0.012027496983624767 0.056513122490555304 -0.14023544510535732 -0.0043728643234262794 0.024674789689678133 -0.045243912453723147 -0.15984193407452821 -0.0064747492893024216 -0.025732705975846544 -0.026587667481225298 0.066876330220919794 0.025125598918186127 -0.073172021916460259 -0.039574380049817899 -0.12919902651648649 -0.017173015848617693 -0.082075802088112826 0.043518670470404343 -0.16722057816266242 -0.023422160378723942 -0.050093924661071987 -0.06644508305887141 -0.075842285640018089 0.1019297685661269 -0.095816442437201596 -0.17745374862598673 -0.10489771987104013 -0.11383984598351465 0.029180006607347958 0.039308905124682963
leaf_weight=3922192.4554722309 2418416.7333934009 3716202.4090514779 562273.23375731707 1246499.6210820377 5545573.6493950784 266827.78556847572 412232.46754437685 1907103.5942391455 1294968.4547980726 844876.95358297229 2251637.9500715733 4548742.1171378493 1449070.9400619566 408185.04986199737 397723.69371899962 283491.1100423038 1118908.7562099397 4361089.4929133654 973302.05200454593 1823377.4381274581 476932.64384797215 525469.78899306059 186547.9184679687 713753.19798731804 425122.79668757319 89588.487786263227 866815.92632183433 906668.91762247682 625637.983353585 3751930.0589064956
leaf_count=2206139 1796820 996309 1300087 838683 2265367 322032 1046536 1049128 918469 796667 511236 1865678 2247984 396170 902003 298154 1635758 1344915 2751720 1543223 666878 661959 217085 101028 583740 190144 1575587 1943490 308318 1168853
internal_value=-0.000377571 0.0230681 -0.0776033 -0.00410634 0.0399322 -0.046577 -0.120846 0.0267322 0.00836306 -0.0334696 0.0556698 0.0135753 -0.0980743 -0.0316034 -0.0852379 -0.0530273 -0.0689559 0.0329702 -0.144779 -0.04227 -0.0839851 -0.033047 -0.0165974 0.0753135 -0.068267 -0.0971992 -0.0908569 -0.128218 0.00233269 0.0478699
internal_weight=4.83212e+07 3.70675e+07 1.12537e+07 1.41946e+07 2.28729e+07 6.55241e+06 4.70127e+06 1.24394e+07 9.7659e+06 4.85224e+06 1.04335e+07 8.47093e+06 2.40907e+06 4.42865e+06 1.84679e+06 2.24728e+06 1.4024e+06 9.90666e+06 2.2922e+06 3.18216e+06 1.70016e+06 2.34885e+06 2.60496e+06 2.96539e+06 833308 1.22323e+06 1.13364e+06 1.3189e+06 2.53274e+06 7.46813e+06
internal_count=34450160 16759215 17690945 9014061 7745154 7499125 10191820 4967728 4990286 4744484 2777426 4071817 4450074 4023775 3149987 2730579 1933912 3610282 5741746 3185092 2754641 2205182 2013905 612264 979910 2087763 1897619 2990026 1357446 2165162
is_linear=0
shrinkage=0.1


Tree=12
num_leaves=31
num_cat=0
split_feature=5 3 2 9 9 7 4 11 9 9 10 6 11 9 11 11 2 11 10 10 8 2 3 6 9 11 7 11 8 11
split_gain=7.34681e+06 2.00177e+06 898000 579079 423580 282744 190705 168968 152268 146711 128214 111739 107123 106376 101982 97153.7 95865.1 89694.3 77411.6 77392.6 73292.1 70823.5 70299.9 69345.1 68482.7 66597.6 62914.6 62781.5 58900.5 78671.3
threshold=1.0000000180025095e-35 10.500000000000002 48.708066940307624 14.730000019073488 13.139999866485597 21.141921043396 25.20853424072266 0.97263757644091875 8.240000247955324 11.300007820129396 0.21022171450811275 32.558315277099616 -0.85225707553516283 17.08029937744141 0.36447543099728863 -0.67801649466304881 14.511683464050295 -0.85225707553516283 -0.05695216311707673 0.54219432480460406 17.882857322692875 298.86936950683599 40.500000000000007 23.570285797119144 13.429998874664308 0.2499757677084001 18.850197792053226 -0.78324956448884031 21.580000877380375 0.53312596302726967
decision_type=8 2 2 10 10 8 10 2 8 8 2 10 2 10 2 2 2 2 2 2 8 2 2 8 8 2 8 2 8 2
left_child=1 4 5 9 7 19 15 16 -7 -3 25 14 -10 18 -12 -4 -1 -11 23 26 -16 -8 28 -5 -21 -6 -2 -13 -19 -30
right_child=2 3 6 13 10 8 21 -9 12 17 11 27 -14 -15 20 -17 -18 22 -20 24 -22 -23 -24 -25 -26 -27 -28 -29 29 -31
leaf_value=-0.020509527525004952 -0.036835045409973094 -0.042337650370592179 0.046244777083113489 -0.066751205754000148 -0.050442595356012337 0.031687590050606972 0.058997096368733196 -0.10065373588071853 0.023930897902851671 -0.017201304849764707 0.011074161005299463 -0.027708671939331683 -0.0011520702204333275 -0.16006005271181306 0.018412016520808545 0.026615245825339535 0.0038894284979371697 -0.020213967696185345 -0.10433665172062317 0.016070261475248128 -0.070111481008899731 0.096615605943099064 -0.11390708634373632 -0.1621690107009317 -0.027640730840479424 -0.11591102106866465 -0.0056114766307212164 -0.084473958670672811 -0.061708411062334004 -0.11011647887629046
leaf_weight=3920569.4041527808 1253750.1821365654 1119237.2748932838 6688511.6825172305 89345.072362363338 225180.77719163895 5759998.3326537609 3278438.884382844 214537.06763914227 2999217.9742705524 177224.97023305297 466333.0366409719 260821.30982673168 3938535.1148878038 956944.20846676826 117728.03577661514 4046994.7466561794 2732829.6106983721 158048.03381454945 1216170.9244361222 1492423.7818389833 454986.7895488739 590627.36917769909 852674.82634401321 516318.13060688972 471714.87835925817 501261.24664604664 1329837.3441383839 770107.95735225081 705453.70716172457 640565.13404688239
leaf_count=3158541 980569 1270453 1926970 177062 302860 2045665 784974 285163 1328522 193042 402394 264160 2250622 2831781 88985 1438343 1541156 196331 2646590 815537 645363 83873 1795410 1464171 431798 940298 744239 1139792 1054618 1220878
internal_value=-0.000369189 -0.0554326 0.0274587 -0.0986599 -0.0266633 0.0120065 0.045705 -0.0133044 0.0196694 -0.0724909 -0.0594723 -0.0467875 0.0096914 -0.133064 -0.0236447 0.038845 -0.0104879 -0.0858094 -0.118883 -0.00938913 -0.0519145 0.0647397 -0.0909687 -0.148093 0.00557247 -0.0956173 -0.0207635 -0.0701126 -0.0779646 -0.0847456
internal_weight=4.79464e+07 1.60963e+07 3.18501e+07 6.43198e+06 9.66436e+06 1.72455e+07 1.46046e+07 6.86794e+06 1.26978e+07 3.6532e+06 2.79642e+06 2.06998e+06 6.93775e+06 2.77878e+06 1.03905e+06 1.07355e+07 6.6534e+06 2.53397e+06 1.82183e+06 4.54773e+06 572715 3.86907e+06 2.35674e+06 605663 1.96414e+06 726442 2.58359e+06 1.03093e+06 1.50407e+06 1.34602e+06
internal_count=34450160 21619048 12831112 12850336 8768712 8596952 4234160 4984860 5624809 5730732 3783852 2540694 3579144 7119604 1136742 3365313 4699697 4460279 4287823 2972143 734348 868847 4267237 1641233 1247335 1243158 1724808 1403952 2471827 2275496
is_linear=0
shrinkage=0.1


Tree=13
num_leaves=31
num_cat=0
split_feature=2 4 9 9 2 9 3 11 7 7 8 11 10 9 3 11 10 9 10 10 9 6 9 10 0 3 9 11 11 9
split_gain=6.07449e+06 1.32956e+06 1.07544e+06 462214 326789 281500 179691 160624 136976 111418 110743 106680 104442 100319 95561.1 92291.1 89827.5 88541.4 88258 83293.4 69196.4 64315.3 63845.7 62720.4 58993.3 57292 56198.2 56066.5 53929.3 52917.6
threshold=0.43547807633876806 2.1916134357452397 14.730000019073488 10.759998798370363 93.553295135498061 11.300007820129396 28.500000000000004 -0.13398942717002907 19.227850914001468 22.193128585815433 22.530369758605961 0.97648852793709995 0.58481550752069722 14.98644542694092 91.500000000000014 -0.7614016681079937 -0.32614396506100213 6.3099997043609628 -0.40614700388750385 0.54219432480460406 8.1367740631103533 30.990071296691898 17.900000572204593 -0.03977009085991149 39.459497451782234 89.500000000000014 7.5399999618530282 0.71353761266622884 -0.89404254237865755 17.570000648498539
decision_type=2 8 10 10 2 8 2 2 8 10 8 2 2 10 2 2 2 8 2 2 8 8 10 2 2 2 10 2 2 10
left_child=2 3 5 9 8 14 18 25 -3 19 -9 13 -12 16 20 24 -5 -10 -4 -2 -1 -14 -20 -8 -6 -7 -11 -22 -19 -25
right_child=1 4 6 11 15 7 23 10 17 26 12 -13 21 -15 -16 -17 -18 28 22 -21 27 -23 -24 29 -26 -27 -28 -29 -30 -31
leaf_value=0.015545198748027579 -0.015978682973733949 -0.00091611890842117514 -0.13567780239459706 -0.04260622366159212 0.054243037637467399 -0.026314457764992596 -0.16823190110160655 -0.030966601966241437 0.045211428577004345 0.027334505573064993 -0.10180148488781576 -0.11092753832682718 -0.018703771108071129 -0.053468163563097873 -0.094373949605387059 0.038020223085619448 -0.0098932974193455918 0.034752675656074539 -0.071844039393311951 0.024341437704518437 -0.016296784418930114 -0.079001392615153612 -0.13394954505031231 -0.11283309004109587 0.080092627947707773 -0.09540935305112315 0.0092345913640897673 -0.054835500060367186 0.019641717998771693 -0.16165741137129064
leaf_weight=514299.99627003074 2399378.4522763789 1639877.921693325 379213.31856822968 1115676.9296325147 2784419.0182719231 1097334.3258029222 520288.56886431575 428609.1210410893 2883040.9851676822 2554638.2635659575 1486834.5828571022 145846.34897401929 285738.640768677 968556.70195901394 171535.4896761179 2494823.6357731819 3389765.0083141029 3788966.5789889693 1128523.4584883451 651459.47209393978 1599219.9543802142 464383.73131489754 193980.50850403309 811146.99410456419 1292772.1977546811 134741.19789001346 5221819.7033811212 494132.2527730763 6270239.2423110604 305628.59065517783
leaf_count=324501 1508850 898037 1030757 1129549 680517 1217095 1688682 572458 815229 946754 2883591 226790 366921 1226874 278168 697717 2558221 1272791 2057597 318629 1321027 797304 521825 2052066 232282 262593 2519475 594566 2453632 995662
internal_value=-0.000358658 0.018075 -0.0695636 -0.0032508 0.0346556 -0.0463916 -0.115902 -0.0637301 0.0263116 0.00882674 -0.0775317 -0.0265196 -0.0864538 -0.0242707 -0.0220754 0.0531695 -0.017994 0.0297616 -0.0931483 -0.00736894 -0.0173195 -0.0560327 -0.0809535 -0.139555 0.0624393 -0.0338708 0.0151806 -0.0253938 0.0253335 -0.126195
internal_weight=4.76169e+07 3.76013e+07 1.00156e+07 1.64471e+07 2.11541e+07 6.67683e+06 3.33878e+06 3.89764e+06 1.45821e+07 1.08273e+07 2.66557e+06 5.61984e+06 2.23696e+06 5.474e+06 2.77919e+06 6.57201e+06 4.50544e+06 1.29422e+07 1.70172e+06 3.05084e+06 2.60765e+06 750122 1.3225e+06 1.63706e+06 4.07719e+06 1.23208e+06 7.77646e+06 2.09335e+06 1.00592e+07 1.11678e+06
internal_count=34450160 17485347 16964813 10435142 7050205 8618224 8346589 6099962 5439689 5293708 4620274 5141434 4047816 4914644 2518262 1610516 3687770 4541652 3610179 1827479 2240094 1164225 2579422 4736410 912799 1479688 3466229 1915593 3726423 3047728
is_linear=0
shrinkage=0.1


Tree=14
num_leaves=31
num_cat=0
split_feature=5 3 2 9 9 9 11 9 11 11 8 8 3 10 2 11 3 11 9 11 8 7 2 11 9 8 6 11 9 8
split_gain=5.04583e+06 1.48909e+06 617583 446062 360991 199038 149450 142698 121807 110890 188380 105651 100544 96790.4 93766 85378.2 79345.5 76663.7 70011.8 65698.2 63478.9 61928.9 61021.2 60024.9 64083.9 59210.6 58106 54148.8 53347.7 61620.6
threshold=1.0000000180025095e-35 13.500000000000002 50.241960525512702 15.204071044921877 13.609496116638185 9.6035952568054217 0.97263757644091875 6.3903479576110849 -0.85225707553516283 0.75438814418115718 27.828949928283695 28.191126823425297 40.500000000000007 -0.03977009085991149 9.8780283927917498 -0.48313741114591585 261.50000000000006 -0.89404254237865755 6.1299993991851816 -0.41399101439218416 16.131060600280765 18.560169219970707 375.85374450683599 0.99958851518450398 17.570000648498539 33.171485900878913 22.880730628967289 0.99995376255531909 10.320081710815431 21.923569679260257
decision_type=8 2 2 10 10 10 2 10 2 2 8 8 2 2 2 2 2 2 8 2 8 8 2 2 10 8 10 2 8 8
left_child=1 4 5 8 6 11 14 22 25 10 -6 -2 28 26 -1 -12 18 21 -13 -9 -11 -7 -4 24 -15 -3 -5 -14 -10 -30
right_child=2 3 7 13 9 17 -8 19 12 20 15 16 27 23 -16 -17 -18 -19 -20 -21 -22 -23 -24 -25 -26 -27 -28 -29 29 -31
leaf_value=-0.021283514151098012 -0.0090998025925230486 -0.12831480517212587 0.048090100110776086 -0.061517754860234232 -0.00057787705952720161 -0.058441882610034225 -0.087284350832912305 0.035213701730322733 -0.019107812386826222 -0.012074291012437325 -0.035005381437680387 0.042120302230767133 -0.098948898136005839 -0.10204076429395255 0.0012611883531779219 -0.08366147764944401 -0.19335851915437755 -0.010427835662391704 0.018577385197443064 0.015019285425170267 -0.11321324275550999 0.01861590664609036 0.090487647660884837 -0.0059483073207007237 -0.1507554119652641 0.0082446411738572641 -0.1695583022512791 0.062395013505953306 -0.0092748007031038162 -0.07333820899075745
leaf_weight=4105339.9228815138 1247562.9022966623 35951.35828384757 5052913.0776882768 54515.347601741552 630907.58147853613 111178.16263175011 267085.53823488951 6580152.8112729192 284470.06013202667 72480.870870709419 576272.56852826476 1491671.3755011857 1185862.0946910679 893572.92753025889 3350416.6765719354 963794.26155021787 17108.717734992504 4726926.3826298714 8244684.4531292319 2133257.123173058 431516.17228412628 1684371.6022695303 363917.44461083412 50820.989063262939 386991.48549261689 271751.22837218642 572970.45842330158 21172.340523689985 168766.6206844151 1360604.1964515448
leaf_count=3600236 691234 60426 1258529 123915 676891 88883 375438 1986953 276156 80111 698699 459588 2562089 2262978 1982041 1700368 37014 3336838 3316212 821495 877046 782369 51997 92382 1299246 260270 2026583 20678 211357 2432138
internal_value=-0.000344114 -0.0467233 0.022638 -0.0899311 -0.0247515 0.0100951 -0.0137855 0.038193 -0.0676494 -0.0564111 -0.046601 0.0183013 -0.0737547 -0.127793 -0.0111525 -0.065455 0.0218062 -0.00374597 0.0221843 0.0302696 -0.0986682 0.0138446 0.0509385 -0.112533 -0.116763 -0.00771069 -0.160172 -0.0961188 -0.0588724 -0.0662688
internal_weight=4.7339e+07 1.56853e+07 3.16537e+07 5.28745e+06 1.03978e+07 1.75235e+07 7.72284e+06 1.41302e+07 3.32858e+06 2.67497e+06 2.17097e+06 1.1001e+07 3.02088e+06 1.95887e+06 7.45576e+06 1.54007e+06 9.75346e+06 6.52248e+06 9.73636e+06 8.71341e+06 503997 1.79555e+06 5.41683e+06 1.33139e+06 1.28056e+06 307703 627486 1.20703e+06 1.81384e+06 1.52937e+06
internal_count=34450160 21619048 12831112 11628218 9990830 8712138 5957715 4118974 5823114 4033115 3075958 4504048 5502418 5805104 5582277 2399067 3812814 4208090 3775800 2808448 957157 871252 1310526 3654606 3562224 320696 2150498 2582767 2919651 2643495
is_linear=0
shrinkage=0.1


Tree=15
num_leaves=31
num_cat=0
split_feature=2 9 9 11 3 11 8 3 2 4 8 10 4 9 9 9 9 9 11 10 11 6 10 11 10 4 8 11 8 10
split_gain=4.19589e+06 1.29841e+06 513906 303358 303240 190181 172711 168829 160261 130563 118830 111136 95455.5 89984.1 86473.8 82490.3 73379.2 68050.9 66108.5 61907.8 59869.5 56359.3 58403 55092.9 51359.8 49427.4 46863.2 86059.1 62255 46233.4
threshold=5.9818756580352792 14.219999790191652 7.8700017929077157 0.71353761266622884 26.500000000000004 0.16587474750015932 19.805377960205082 122.50000000000001 112.50811767578126 0.09150829911231996 18.616177558898929 -0.40614700388750385 3.7786101102828984 9.6035952568054217 16.900283813476566 17.810787200927738 10.700001716613771 16.300000190734867 0.88917497572200743 -0.03977009085991149 0.8511460603353429 38.100074768066413 -0.98803845231459242 -0.7614016681079937 -0.71504373327588355 4.7245225906372079 21.214999198913578 0.81304046271159414 30.184420585632328 1.0000000180025095e-35
decision_type=2 10 10 2 2 2 8 2 2 10 8 2 10 8 10 8 8 10 2 2 2 10 2 2 2 8 10 2 10 2
left_child=1 3 8 7 11 12 -5 9 20 16 -7 17 21 -8 19 26 -1 -3 -12 -6 25 22 -4 -10 -18 -2 -13 28 -28 -21
right_child=2 4 5 6 14 10 13 -9 23 -11 18 15 -14 -15 -16 -17 24 -19 -20 29 -22 -23 -24 -25 -26 -27 27 -29 -30 -31
leaf_value=-0.0090091316282534806 0.019646548530124305 -0.087207102960227878 -0.019029348959373703 -0.0071206162086900199 -0.13889523645751373 0.021361348808029514 -0.026164054918313331 -0.098187280763540233 0.056955827523155977 0.0028294849182099535 -0.022763423785831047 -0.00091078132941251738 0.022570035456083656 -0.083502492548663376 -0.15002217803350915 -0.11397343809846361 -0.051911889864485333 -0.1700195284826872 -0.083204746756720349 0.015084992085511093 -0.029691923594119152 -0.025839509782510785 0.01074424973424927 0.034196035532858091 -0.024029595084851571 0.033283150247184257 -0.013593781740720887 -0.10608120431689161 -0.058600160341248 -0.094446614032568446
leaf_weight=2150749.1909324527 4524133.0004173517 371020.11969089508 732647.99305844307 533135.3459405601 356724.804486081 616599.84684595466 340788.47376871109 241083.56756454706 2979795.982212007 3124165.5612384975 1782525.866532892 171132.41518193483 5572236.1996923089 1390300.9921957552 620456.69399474561 231735.6646168232 986144.70334759355 135458.7174706161 201410.242736727 40493.676155924797 185098.86622405052 536567.14496383071 6538810.7403073609 1653846.4128571749 2001482.8053895831 6443906.9138255715 422493.67673426867 285475.84443804622 1127684.6041287482 797506.7280036509
leaf_count=1593921 1705130 856110 480669 540095 1162205 367047 299944 486913 647147 1826426 1377681 210666 2070974 2452484 2281522 615856 1398758 461877 235214 63422 105885 430570 3243784 443742 2245377 1884679 540448 642686 1768049 2010879
internal_value=-0.000329587 -0.0433001 0.0204039 -0.0243597 -0.0880236 0.00776247 -0.0568876 -0.0156986 0.0332007 -0.0132918 -0.0169824 -0.067054 0.0125718 -0.0722146 -0.119735 -0.057483 -0.0230936 -0.109355 -0.0288995 -0.104006 0.0267065 0.00543648 0.00774436 0.0488324 -0.0332329 0.0276583 -0.0509597 -0.0556256 -0.0463339 -0.0891539
internal_weight=4.70956e+07 1.5328e+07 3.17676e+07 1.07679e+07 4.56018e+06 1.59808e+07 2.26422e+06 8.50363e+06 1.57868e+07 8.26254e+06 2.60054e+06 2.745e+06 1.33803e+07 1.73109e+06 1.81518e+06 2.23852e+06 5.13838e+06 506479 1.98394e+06 1.19473e+06 1.11531e+07 7.80803e+06 7.27146e+06 4.63364e+06 2.98763e+06 1.0968e+07 2.00679e+06 1.83565e+06 1.55018e+06 838000
internal_count=34450160 21457638 12992522 10843918 10613720 8205939 3292523 7551395 4786583 7064482 1979942 5095692 6225997 2752428 5518028 3777705 5238056 1317987 1612895 3236506 3695694 4155023 3724453 1090889 3644135 3589809 3161849 2951183 2308497 2074301
is_linear=0
shrinkage=0.1


Tree=16
num_leaves=31
num_cat=0
split_feature=5 3 2 9 9 4 11 10 11 9 3 9 9 2 7 10 9 11 6 10 8 9 9 11 10 8 11 8 11 8
split_gain=3.44279e+06 1.09321e+06 423595 340584 301937 203406 109992 107620 104330 81899 80424.2 78382.8 78046.1 75541.5 73817.3 72915.1 66227.8 66003.2 106182 65389.1 79918.9 63469.1 62694 60396.8 60170.8 60046.3 75813.2 58485.6 51602.9 47898.8
threshold=1.0000000180025095e-35 16.500000000000004 14.759875774383547 15.640093803405763 13.139999866485597 16.147663116455082 0.8852232634113919 -0.048361574224334618 -0.85225707553516283 17.900000572204593 129.50000000000003 9.6035952568054217 8.490000247955324 200.97452545166018 22.840133666992191 -0.03977009085991149 16.25000095367432 0.8511460603353429 32.558315277099616 0.58481550752069722 26.311429023742679 12.509542465209963 8.490000247955324 -0.78324956448884031 0.51297097409535064 22.794077873229984 0.21652257995689161 17.882857322692875 0.9989598388634241 29.730000495910648
decision_type=10 2 2 10 10 8 2 2 2 8 2 8 10 2 10 2 10 2 8 2 8 10 8 2 2 8 2 8 2 10
left_child=1 4 14 8 6 12 22 16 -3 17 11 -10 -4 -7 -2 -5 29 18 -9 20 28 -22 -1 -20 -16 -24 -27 -8 -13 -6
right_child=2 3 5 15 7 13 27 9 10 -11 -12 19 -14 -15 24 -17 -18 -19 23 -21 21 -23 25 -25 -26 26 -28 -29 -30 -31
leaf_value=0.010164073812519464 -0.011118376330799401 -0.0016959818785052924 0.02440486428787347 -0.15620068664982217 -0.04320267586351148 0.034570253884531991 -0.012134204403684234 -0.0032006413322669888 -0.0029472805426602449 -0.10828900599583641 -0.1281023644436326 -0.061631177069622879 0.010028692624263938 0.060829986253545104 0.014026784683351709 -0.10661012033415651 -0.15104316014576333 -0.078093987030980236 -0.011361879891232251 -0.046571461139832009 -0.063585099259001979 -0.11606821310702116 0.030434141364364137 -0.061762753293427113 -0.017622183522812387 -0.0090476929051158811 -0.039498239380807577 -0.076713468160530998 0.028905568248801319 -0.097189059997299335
leaf_weight=1565548.0749239326 3915102.247215271 260218.01211857796 10708163.10186094 430792.25128954649 363008.85773584247 5649122.5163936019 225888.18428233266 1013843.457139045 199802.9800439775 152551.23756694794 205553.79378548265 437079.83016689122 5833496.1599901021 1359024.8643793464 3262227.0401860774 951097.67902578413 111176.75459836423 284450.89847519994 332245.0879791379 886200.34055250883 359675.54156717658 641196.42234711349 306559.63460886478 836045.33546862006 736295.84044033289 4093237.8120715618 1021713.5729339123 369847.5571051538 73547.487840116024 300299.77941128612
leaf_count=789402 2772914 284422 3491674 1737120 600040 1586518 208796 1086905 207457 383123 550572 869595 2623524 245573 1504007 2970816 349338 504886 342858 1591550 608272 1722078 206260 1302720 572202 2956165 1122365 512194 91656 655158
internal_value=-0.000313293 -0.0390192 0.0186581 -0.0808575 -0.0220757 0.0253843 -0.0109803 -0.0468677 -0.0622661 -0.037184 -0.067889 -0.063124 0.019335 0.0396626 -0.00135793 -0.12207 -0.0796158 -0.0327863 -0.0268803 -0.0681386 -0.0807836 -0.0972078 -0.00746352 -0.0474295 0.00819888 -0.0125538 -0.0151302 -0.0522266 -0.0485908 -0.0676439
internal_weight=4.6885e+07 1.54216e+07 3.14634e+07 4.44516e+06 1.09764e+07 2.35498e+07 7.58279e+06 3.39362e+06 3.06327e+06 2.61914e+06 2.80306e+06 2.5975e+06 1.65417e+07 7.00815e+06 7.91363e+06 1.38189e+06 774485 2.46658e+06 2.18213e+06 2.3977e+06 1.5115e+06 1.00087e+06 6.98706e+06 1.16829e+06 3.99852e+06 5.42151e+06 5.11495e+06 595736 510627 663309
internal_count=34450160 21653748 12796412 10633538 11020210 7947289 5795182 5225028 5925602 3620492 5641180 5090608 6115198 1832091 4849123 4707936 1604536 3237369 2732483 4883151 3291601 2330350 5074192 1645578 2076209 4284790 4078530 720990 961251 1255198
is_linear=0
shrinkage=0.1


Tree=17
num_leaves=31
num_cat=0
split_feature=9 3 4 9 2 11 8 2 10 11 9 8 10 11 11 3 10 9 11 6 4 9 3 0 9 10 11 11 8 8
split_gain=2.85177e+06 758216 567637 314236 174243 132426 205377 121597 110477 96803.9 88097.1 84913.9 82679.1 79409.3 69198.7 66972.4 66608.7 58508.3 58113.9 55877.3 54915.2 54910.5 54348.8 48489.4 42942.3 41982 38396.4 38008.1 37477.5 37059.6
threshold=11.519999027252199 7.5000000000000009 0.8138098716735841 16.300000190734867 95.680320739746108 0.5475998096715059 27.160102844238285 9.4665303230285662 -0.03977009085991149 0.97648852793709995 15.419999599456789 29.730000495910648 -0.35846811432664222 0.84199059757024453 -0.85225707553516283 156.50000000000003 -0.65234524191686594 18.370001792907718 0.99995376255531909 30.940032005310062 1.0000000180025095e-35 6.3099997043609628 40.500000000000007 42.667575836181648 8.1367740631103533 0.61237135649459018 -0.4755978891912595 0.97263757644091875 20.31369781494141 32.927022933959968
decision_type=10 2 10 10 2 2 10 2 2 2 10 10 2 2 2 2 2 10 2 8 10 8 2 2 8 2 2 2 10 10
left_child=2 9 7 5 13 14 18 11 -5 10 12 -1 -2 15 29 21 -6 -10 22 26 -21 -4 28 -18 -13 -8 -16 -9 -7 -3
right_child=1 3 4 8 16 6 25 27 17 -11 -12 24 -14 -15 19 -17 23 -19 -20 20 -22 -23 -24 -25 -26 -27 -28 -29 -30 -31
leaf_value=-0.034073589315790541 -0.038674711970977368 -0.12019840668052456 0.030448267457450762 -0.15958266621150607 0.022801695479513051 0.0047882100950780975 -0.11658800676336156 0.0068619582242420932 -0.080331437068622169 -0.093055473357823687 -0.044906697579114474 0.013518266278600578 -0.0063788503018412657 -0.026663590258195299 -0.13546040443325491 -0.16828923599109427 0.037644335372905319 -0.13825916920605799 0.088820317592458245 -0.06138976207438071 -0.0022178119033830464 0.016110341724013377 -0.079890805049029859 0.061168067925482295 -0.012055292720212633 -0.06723934010915858 -0.003007783186589787 -0.085461488203589855 -0.047300814301754639 0.014045638642188777
leaf_weight=1590544.50095433 964849.27813971043 22154.196212470531 3371595.5142516494 358147.93763576448 2205910.5179242492 216138.05832134187 806973.26390013099 5747989.9144533277 718204.61892129481 172394.37357777357 967426.05388773978 828333.70370596647 4442464.808580786 392270.09592503309 23373.62729434669 19097.057594031096 3198359.0674056411 230259.01447060704 33051.406107217073 1398193.9339181483 176658.06489086151 12855372.288195491 313535.9680967778 1206926.5838202834 3167091.8314079046 219221.5645044446 343904.66786772013 44940.102667957544 382693.62943336368 286521.46573632956
leaf_count=1671465 1127684 40402 1003091 1564077 630990 267287 2240106 2777230 2054378 309569 1370402 460283 3440723 252343 48266 41405 816979 887445 26515 2776057 191194 4924624 779875 225175 2533538 459874 494087 51971 709664 273461
internal_value=-0.000296637 -0.0421402 0.0142957 -0.069407 0.0232527 -0.0561453 -0.0750672 -0.00400534 -0.112263 -0.0191136 -0.017114 -0.0145325 -0.0121415 0.0177957 -0.0395706 0.0188692 0.0369863 -0.0943946 -0.0414417 -0.0465608 -0.0547522 0.0190894 -0.0461606 0.0440892 -0.00675337 -0.106046 -0.0114371 0.00614574 -0.0285002 0.00441071
internal_weight=4.67046e+07 1.20762e+07 3.46284e+07 5.52903e+06 2.32495e+07 4.22242e+06 1.97161e+06 1.13789e+07 1.30661e+06 6.54713e+06 6.37474e+06 5.58597e+06 5.40731e+06 1.66383e+07 2.25081e+06 1.62461e+07 6.6112e+06 948464 945419 1.94213e+06 1.57485e+06 1.6227e+07 912368 4.40529e+06 3.99543e+06 1.02619e+06 367278 5.79293e+06 598832 308676
internal_count=34450160 19061066 15389094 12812688 7894607 8306788 4483321 7494487 4505900 6248378 5938809 4665286 4568407 6221463 3823467 5969120 1673144 2941823 1783341 3509604 2967251 5927715 1756826 1042154 2993821 2699980 542353 2829201 976951 313863
is_linear=0
shrinkage=0.1


Tree=18
num_leaves=31
num_cat=0
split_feature=2 9 4 3 3 11 11 8 9 10 10 11 10 2 9 10 8 11 9 9 3 9 11 8 9 11 10 6 2 11
split_gain=2.36015e+06 840696 297389 219551 200603 146308 134521 92624.8 92961.3 90367.1 85205.7 79871.9 68668.5 63340.3 60549.5 55254.7 53653.4 120210 56273 52152.4 51628.1 50623.8 50342.5 57922.5 62291.8 50253.8 48858 44656.5 44258.8 43752.8
threshold=6.4706437587738046 14.730000019073488 9.4237246513366717 36.500000000000007 28.500000000000004 -0.12545862287572049 0.36447543099728863 20.31369781494141 9.7543802261352557 -0.30983472475487867 -0.40614700388750385 -0.89404254237865755 -0.35846811432664222 69.095954895019545 17.650444030761722 0.58481550752069722 29.084286689758304 -0.21862536810265826 9.0900011062622088 18.275887489318851 405.00000000000006 16.300000190734867 0.97263757644091875 17.080183029174808 8.4400014877319354 -0.84313311835787952 0.80926549319045582 39.220022201538093 162.00595855712893 -0.13398942717002907
decision_type=2 10 8 2 2 2 2 8 10 2 2 2 2 2 10 2 8 2 10 10 2 10 2 8 8 2 2 10 2 2
left_child=1 3 5 6 10 13 16 -8 -9 -5 21 28 -6 27 -14 -10 17 -1 -18 -12 25 -3 23 -7 -25 -11 -26 -2 -4 -20
right_child=2 4 11 9 12 22 7 8 15 20 19 -13 14 -15 -16 -17 18 -19 29 -21 -22 -23 -24 24 26 -27 -28 -29 -30 -31
leaf_value=-0.067899380294729181 0.0099632034784357844 -0.07458510274020333 0.033035906363119712 -0.11951809460013846 -0.15337090544977874 0.02804320606262525 0.0012737830853894352 -0.008003934804663047 -0.062820617454986655 0.0097439000025200447 -0.042655800737899208 0.021579880893840907 -0.081809617214176567 0.023402471910134677 -0.13695723178519284 -0.023056455308023041 0.0099814145411574184 0.012808628126966037 -0.0046234280334491477 -0.1054340649514062 -0.19568142608845907 -0.15299607119102621 -0.064032646611269325 0.0096584641258279664 -0.027691633698254454 -0.051739417123361275 0.0021328423725954873 -0.028194816911930837 0.055720745081490122 -0.027262843630608324
leaf_weight=420284.73425042629 11451164.937571645 256058.87264859676 3362054.0571581125 198167.13801401854 245550.04972341657 445438.7467020452 659471.16746518016 634612.10160186887 1342308.4633861184 153116.19276195765 1680254.405520156 6596548.5134833157 839620.96543988585 4078678.1703726351 260977.17301437259 472444.42323341966 1955515.4305949509 329018.35105073452 3398184.2078873515 143641.7927300632 22770.709165543318 121363.71238227189 155222.16763731837 1113874.8893367648 1804691.4678370953 1008856.0190690905 789597.49362802505 315140.23398834467 1155701.8330218792 1140018.7411521375
leaf_count=410056 5065890 660478 931498 516786 1108799 242241 618368 506057 2300245 159365 2940417 2053840 2500681 1350315 1126930 551475 1049214 273874 2651942 447735 67953 500379 181326 460471 1446868 2008772 552143 269229 212738 1284075
internal_value=-0.000278845 -0.032487 0.0154628 -0.0195912 -0.0751454 0.00822058 -0.0145918 -0.0319917 -0.0409481 -0.0570146 -0.0565496 0.0285954 -0.105555 0.0126637 -0.0948864 -0.0524686 -0.00712346 -0.0324606 -0.00419984 -0.0475999 -0.0465599 -0.0997989 -0.00811827 -0.00602872 -0.0101216 -0.0436376 -0.0186143 0.00894121 0.038839 -0.0103106
internal_weight=4.65503e+07 1.52822e+07 3.12681e+07 1.17348e+07 3.54747e+06 2.01538e+07 1.03519e+07 3.10884e+06 2.44936e+06 1.38291e+06 2.20132e+06 1.11143e+07 1.34615e+06 1.5845e+07 1.1006e+06 1.81475e+06 7.24302e+06 749303 6.49372e+06 1.8239e+06 1.18474e+06 377423 4.30882e+06 4.1536e+06 3.70816e+06 1.16197e+06 2.59429e+06 1.17663e+07 4.51776e+06 4.5382e+06
internal_count=34450160 21683601 12766559 12398182 9285419 9568483 9645306 3976145 3357777 2752876 4549009 3198076 4736410 6685434 3627611 2851720 5669161 683930 4985231 3388152 2236090 1160857 2883049 2701723 2459482 2168137 1999011 5335119 1144236 3936017
is_linear=0
shrinkage=0.1


Tree=19
num_leaves=31
num_cat=0
split_feature=9 4 3 9 10 9 11 9 9 11 2 10 3 6 11 11 4 11 8 8 10 11 11 8 11 9 10 2 11 4
split_gain=1.97373e+06 521340 447245 145801 137961 131323 126615 93789.7 89011.2 87540.4 82346.9 72940 67782.1 58338.5 91533.4 54102.4 53115.6 50869.4 71555.3 54985.7 48728.8 47709 47146.7 66126.3 53776.5 44122.3 41197.7 39844.1 36025.7 35565.8
threshold=12.551109313964846 0.58089429140090953 26.500000000000004 6.1299993991851816 -0.065535378769913874 16.054862022399906 0.97263757644091875 16.300000190734867 17.020001411437992 0.59003219687534991 13.70097064971924 -0.065535378769913874 121.50000000000001 25.19014930725098 0.2499757677084001 0.9989598388634241 13.355444908142092 0.84199059757024453 16.131060600280765 25.361121177673343 -0.03977009085991149 0.99995376255531909 -0.78324956448884031 32.018877029418952 0.21652257995689161 7.8199796676635751 -0.19337636264337835 375.85374450683599 -0.84313311835787952 1.0000000180025095e-35
decision_type=10 10 2 8 2 10 2 8 8 2 2 2 2 10 2 2 10 2 10 8 2 2 2 10 2 8 2 2 2 10
left_child=1 6 4 27 7 11 10 13 17 16 12 -4 25 26 -15 -8 -5 19 -19 -6 -7 29 -21 24 -24 -1 -2 -3 -14 -13
right_child=2 3 5 9 8 20 15 -9 -10 -11 -12 21 28 14 -16 -17 -18 18 -20 22 -22 -23 23 -25 -26 -27 -28 -29 -30 -31
leaf_value=0.010101376262516807 0.0030020190808183692 0.030155392970309315 -0.099225493564097933 0.01220880499341559 0.011222317905277876 -0.15118525212350761 -0.080263586999876152 -0.13144140480903985 -0.06336439777494636 -0.016356078871385699 0.0050061082244370961 -0.057728103928283508 -0.01470464638969189 -0.02630386792266733 -0.087777479494857452 -0.0011971645654099113 0.024325017668500735 0.02220249109014617 -0.068605735975708446 -0.0025311806999669039 -0.097174079347996586 0.087951153169114227 0.020732549768366627 -0.039315200952608757 -0.027878298729390006 -0.013522605708300909 -0.11070369073620312 0.067392844662103893 -0.11653721209936084 0.01084793414069618
leaf_weight=910733.52528998256 273741.71079790592 5497878.141055882 397868.83140209317 13274828.158243835 702558.20048482716 235600.29476581514 326297.01577197015 150646.58769766986 471544.67270550132 904762.60555449128 4925254.0989693999 957885.71407842636 55327.789213478565 441512.43868039548 536592.47794361413 117782.12423412502 4973819.5010235012 111993.7416806519 385346.56335200369 1147447.5173506588 574004.85104367137 24828.390306979418 420062.97518463433 1592830.8451486975 496637.41114580631 5992990.315995127 36062.43628436327 303191.48180902004 93365.892251059413 82111.964555352926
leaf_count=501731 357512 1497201 1246628 5261913 612228 1197414 528633 590266 1104971 559485 2456237 2269536 68049 623280 1280867 136922 1452279 100667 723527 916216 2114121 22684 332175 2067677 643012 5309381 80465 45089 248452 101542
internal_value=-0.000261116 0.0098799 -0.0421929 0.0182125 -0.0293032 -0.0805787 -0.00685972 -0.0567833 -0.0218843 0.0140058 -0.00491573 -0.0626933 -0.0118449 -0.0480505 -0.0600286 -0.059293 0.0155112 -0.017857 -0.0481571 -0.0144004 -0.112892 -0.0490432 -0.0193229 -0.0270006 -0.00560317 -0.0104061 -0.0102338 0.0321016 -0.0786461 -0.0523138
internal_weight=4.64155e+07 3.73762e+07 9.03928e+06 2.49545e+07 6.76698e+06 2.2723e+06 1.24218e+07 1.43856e+06 5.32842e+06 1.91534e+07 1.19777e+07 1.46269e+06 7.05242e+06 1.28791e+06 978105 444079 1.82486e+07 4.85688e+06 497340 4.35954e+06 809605 1.06483e+06 3.65698e+06 2.50953e+06 916700 6.90372e+06 309804 5.80107e+06 148694 1.04e+06
internal_count=34450160 18065372 16384788 8815967 9432863 6951925 9249405 2932390 6500473 7273677 8583850 3640390 6127613 2342124 1904147 665555 6714192 5395502 824194 4571308 3311535 2393762 3959080 3042864 975187 5811112 437977 1542290 316501 2371078
is_linear=0
shrinkage=0.1


Tree=20
num_leaves=31
num_cat=0
split_feature=4 9 3 9 11 8 8 11 10 2 3 11 10 0 11 9 8 11 10 6 6 7 3 9 9 3 9 11 6 10
split_gain=1.62455e+06 581639 214912 210584 162216 113497 108367 131567 109837 95853.9 79110.1 68699.4 56485.4 55690.1 53846 52229.2 55503.5 67463 49700.6 47807.7 46504.3 43262.9 40239.1 40020.8 39509.7 35718.3 33915.2 45914.5 31847.6 47725.4
threshold=1.0000000180025095e-35 14.262387275695803 35.500000000000007 6.8504943847656259 0.78192542922038288 17.882857322692875 29.341427803039554 -0.013976481981245173 0.59868201182722736 13.70097064971924 122.50000000000001 0.99958851518450398 0.3261394409934788 38.109579086303718 -0.71502926860092908 10.37527370452881 24.180133819580082 -0.13398942717002907 0.83849049182116964 27.700333595275882 36.110092163085945 19.227850914001468 87.500000000000014 17.570000648498539 8.2900962829589862 15.500000000000002 16.841410636901859 0.99958851518450398 30.440045356750492 -1.0000000180025095e-35
decision_type=10 10 2 10 2 8 10 2 2 2 2 2 2 2 2 8 8 2 2 10 10 8 2 8 8 2 8 2 8 2
left_child=1 4 6 13 10 -6 8 20 26 -5 15 12 19 22 21 -1 25 -18 -9 -4 -8 -11 -2 -14 -7 -17 -3 -28 29 -19
right_child=3 2 11 9 5 24 7 18 -10 14 -12 -13 23 -15 -16 16 17 28 -20 -21 -22 -23 -24 -25 -26 -27 27 -29 -30 -31
leaf_value=0.00033102165568984023 0.021580317880461018 -0.039348413478533295 -0.092738218829924765 -0.0029417047303145929 0.0016947756970122443 0.0079054849936956283 0.015698868350424212 -0.11134992216538907 0.0087130515422570443 -0.025950765258108993 -0.074148755196346408 0.02314991242582885 -0.068695098220572501 0.041189177613713601 0.0052763722167760048 0.029814362102733638 -0.00745101791752769 -0.040914592330583241 -0.062638156524053565 -0.1576683055302236 -0.044503007903257383 0.018700547871912498 -0.15659147430437637 -0.12562228871310221 -0.06083203890843461 -0.07757545688172178 -0.11562736824882497 0.097699634299204405 -0.04104632445228909 0.015722643844583047
leaf_weight=3995535.0862318277 8321972.2969613671 564555.38671688735 216374.13029269874 6576272.0107576698 445383.07091489434 89422.844193279743 156567.19734610617 458412.2200961411 599473.11838585138 223528.22268679738 185228.3201610744 47718.684554278851 546080.79459926486 1695766.0608606339 7043615.7091726363 363124.47582188249 2468927.3170474023 304188.93728488684 385680.93933439255 238272.79073698819 711050.25923131406 7422823.4596088827 12694.988974243402 159583.27051188052 1288840.0189245045 33859.576900169253 114441.49942108989 11064.716198951006 1328076.1493559629 291215.45171037316
leaf_count=2436274 2556493 1131034 813213 4230691 442091 69826 180636 1573763 705167 123222 431590 89841 1613634 348035 2980624 261870 2202325 478635 861875 1195989 1300018 2525931 31416 741066 2398979 66861 416723 12015 1942737 287586
internal_value=-0.000243422 -0.0272977 -0.0588275 0.0127259 -0.015002 -0.0421908 -0.0444919 -0.0609849 -0.0225994 0.00709244 -0.00947452 -0.0944429 -0.099279 0.0246699 0.0115844 -0.00811088 -0.0151535 -0.0183899 -0.0890927 -0.126767 -0.0336392 0.0173952 0.0213089 -0.081569 -0.0563723 0.0206549 -0.0498012 -0.0968203 -0.0324307 -0.013213
internal_weight=4.62997e+07 1.50031e+07 4.20928e+06 3.12967e+07 1.07938e+07 1.82365e+06 3.00125e+06 1.71171e+06 1.28953e+06 2.12662e+07 8.97016e+06 1.20803e+06 1.16031e+06 1.00304e+07 1.469e+07 8.78493e+06 4.78939e+06 4.39241e+06 844093 454647 867617 7.64635e+06 8.33467e+06 705664 1.37826e+06 396984 690062 125506 1.92348e+06 595404
internal_count=34450160 21653748 10634974 12796412 11018774 2910896 6181231 3916292 2264939 9860468 8107878 4453743 4363902 2935944 5629777 7676288 5240014 4911283 2435638 2009202 1480654 2649153 2587909 2354700 2468805 328731 1559772 428738 2708958 766221
is_linear=0
shrinkage=0.1


Tree=21
num_leaves=31
num_cat=0
split_feature=9 4 3 9 10 11 2 10 10 9 3 11 11 8 11 8 10 9 3 11 11 8 9 11 7 10 10 9 7 9
split_gain=1.34749e+06 350179 328047 126521 104824 103019 97896.4 89287.6 78013.1 66607.5 63096.3 61162 53443 50843.2 62930.8 48766.4 47489.9 47150.5 45921 40807.6 40934.9 59015.5 39146.9 38551.6 62639.1 38107.3 38070.3 37945.9 37546.6 36361.3
threshold=12.551109313964846 1.2358121275901797 35.500000000000007 16.508025169372562 -0.065535378769913874 0.71353761266622884 133.78949737548831 -0.39826117949089107 -0.39036798905311365 17.490000724792484 320.50000000000006 0.84199059757024453 0.97832380634958016 26.311429023742679 0.2499757677084001 19.211283683776859 -0.91597725483594616 8.490000247955324 156.50000000000003 0.99958851518450398 0.79253265336324141 28.448573112487797 5.5652065277099618 -0.87810534180523914 18.850197792053226 -0.72696319516528884 0.71503381463111937 6.7800750732421884 2.7907195091247563 18.881216049194339
decision_type=10 10 2 8 2 2 2 2 2 10 2 2 2 10 2 8 2 8 2 2 2 10 8 2 8 2 2 8 10 8
left_child=1 5 3 7 -4 10 11 13 -5 19 17 18 -9 25 -15 -7 -8 -1 22 20 26 -22 -3 24 -19 -2 -6 -17 -14 -10
right_child=2 6 4 8 9 15 16 12 29 -11 -12 -13 28 14 -16 27 -18 23 -20 -21 21 -23 -24 -25 -26 -27 -28 -29 -30 -31
leaf_value=0.0077350193467361416 0.022131573039468666 0.02629927876624067 -0.11834181014869544 -0.13573914535135118 -0.0056705205921188731 0.00074949994724412617 -0.0018217653549304639 -0.012459473237354539 -0.041840397013305275 -0.1136454269608041 -0.19471976545061467 -0.026280846606367411 0.01158869711166796 -0.026583169823815853 -0.079955405672705634 0.042226931303903065 0.034232290049600378 -0.071072751438361031 -0.15789370692244484 0.029781560758486592 -0.054194071458929842 -0.14497860120799888 0.012198549783559373 -0.009183459873314339 0.0090063339299129366 -0.055526370175450791 -0.056591721667002874 -0.041162954664111302 -0.078639823343974069 -0.11075207204103406
leaf_weight=4461952.1989071369 166525.28543256223 2244402.8832252324 412243.73543073237 118883.70439298451 202352.18924449384 461594.83633068204 408460.89788901806 4796675.9784202278 732414.43266732991 200178.03517399728 16765.825794458389 389139.13820755482 59366.969615072012 388587.89975719154 511998.93855001032 57203.931286722422 3460327.4181738496 101927.85820704699 15567.398582994938 59223.216861560941 206870.73259760439 109509.770253703 16037017.804085374 6120078.7433593869 2344046.8480657637 101826.53066319227 535011.57531993091 1184192.0326196253 206675.25149203837 85508.502397596836
leaf_count=2031987 197230 622380 1823937 573981 388276 411710 124909 5324058 1606177 942897 59629 250680 68636 602590 1353757 29764 783756 100507 39249 95623 571965 423914 5885757 4768194 1324452 194625 1433396 1632398 473481 310245
internal_value=-0.000227092 0.00811227 -0.0352041 -0.0257819 -0.0743505 -0.00386982 0.0159469 -0.0206309 -0.0600465 -0.0605401 -0.000849986 0.0129492 -0.0148792 -0.0455418 -0.0569262 -0.0270015 0.0304258 -0.000600494 0.0137835 -0.0509886 -0.0555281 -0.0856176 0.0139297 -0.00494236 0.0056693 -0.00733586 -0.0426176 -0.0373203 -0.0585054 -0.0490447
internal_weight=4.61965e+07 3.73027e+07 8.89385e+06 7.16846e+06 1.72539e+06 1.47478e+07 2.25549e+07 6.23166e+06 936807 1.31315e+06 1.30448e+07 1.86861e+07 5.06272e+06 1.16894e+06 900587 1.70299e+06 3.86879e+06 1.3028e+07 1.8297e+07 1.11297e+06 1.05374e+06 316381 1.82814e+07 8.56605e+06 2.44597e+06 268352 737364 1.2414e+06 266042 817923
internal_count=34450160 18065372 16384788 10704780 5680008 10358641 7706731 8214377 2490403 3856071 8284769 6798066 5866175 2348202 1956347 2073872 908665 8225140 6547386 2913174 2817551 995879 6508137 6193153 1424959 391855 1821672 1662162 542117 1916422
is_linear=0
shrinkage=0.1


Tree=22
num_leaves=31
num_cat=0
split_feature=9 2 3 11 3 10 10 11 8 9 4 9 11 9 7 6 10 7 8 11 9 11 11 7 11 6 9 8 11 10
split_gain=1.11117e+06 354526 235399 116172 101939 101856 78688.4 78407.7 70093.4 68938.3 68476 62856.5 57369.5 55896.4 47616.8 44743 46056.9 48614.1 43136.2 70983.6 44922.3 42715.1 56213.6 37318.4 37166.4 42209.5 35519.7 35507.8 85224.9 63997.7
threshold=13.330000400543215 11.458796977996828 36.500000000000007 -0.72694848937061807 320.50000000000006 -0.065535378769913874 -0.37447345805034543 0.71353761266622884 19.211283683776859 16.300000190734867 17.279673576354984 17.987498283386234 0.89309379682046119 17.570000648498539 19.486653327941898 31.940091133117679 0.78857998149907527 21.620153427124027 29.490000724792484 -0.21862536810265826 8.1367740631103533 0.99958851518450398 0.95936279103287792 2.7907195091247563 -0.85225707553516283 33.460073471069343 6.6390647888183603 30.010023117065433 0.5475998096715059 0.59868201182722736
decision_type=10 2 2 2 2 2 2 2 8 10 8 8 2 10 8 8 2 10 10 2 10 2 2 8 2 10 8 10 2 2
left_child=1 4 5 10 7 9 -4 18 -9 -2 14 27 15 21 -3 16 17 -5 19 -1 -20 22 -8 -21 -22 -26 -10 29 -29 -7
right_child=2 3 6 12 -6 11 13 8 26 -11 -12 -13 -14 -15 -16 -17 -18 -19 20 23 24 -23 -24 -25 25 -27 -28 28 -30 -31
leaf_value=-0.040247999833684309 -0.043657886957070839 -0.027737399164866935 -0.13268379623824919 -0.0045576516532027621 -0.18783925893058606 -0.03463762007062645 -0.047535656048053994 0.0065412503546006043 0.034599691884902507 -0.11138843147590383 0.030058284144213111 -0.074025476038074148 -0.035131389150549003 -0.11099226252147132 0.015632524219903129 -0.002572938052703322 0.027184513019794923 0.013001065430038254 0.013880680964793043 -0.11548510118086806 0.0064139692966264919 0.033074867918446042 -0.10788830671552781 0.00369385048362436 0.00011041091978635126 -0.01932048671980785 -0.039963941960666167 -0.021389957167029666 -0.10873664737230343 0.0071792054142941781
leaf_weight=794863.78638376296 958282.37843544781 259487.14503461123 191214.21407340467 2308219.2495319843 31442.376248240471 546013.06804305315 806888.5271166563 504391.86522838473 66900.937500745058 178225.8539942503 3905082.1194728017 210044.52651493251 336086.94925230742 209590.91997782886 10370627.531812072 3635002.1429449618 1409624.4547590315 4976068.9435910583 1646413.6247164905 27046.899546131492 2090409.7317095697 52968.747340276837 190828.03838428855 919269.8372566402 2205684.2038217932 2266973.3356333375 1418276.6082079411 2366834.1189053506 117238.49177193642 1110000.5758624971
leaf_count=667724 2113895 145306 989722 1137968 116041 948410 2240014 459398 35449 825033 931485 657654 255466 1060552 3636715 1727135 573243 1636259 760964 33319 1279982 84305 748307 793760 1768454 2153073 2127962 3094187 313161 1135217
internal_value=-0.000211057 0.00632214 -0.0370967 0.0126336 -0.00801774 -0.0276227 -0.0729086 -0.00754422 -0.0256668 -0.0542793 0.018734 -0.0206584 0.00563239 -0.0638393 0.0145738 0.00674362 0.0106389 0.00743712 -0.00392073 -0.0182173 -0.000888525 -0.0544332 -0.059079 0.000287569 -0.00459353 -0.00973817 -0.0366052 -0.0179509 -0.0255124 -0.00660844
internal_weight=4.611e+07 3.91719e+07 6.93813e+06 2.72002e+07 1.19717e+07 5.48664e+06 1.45149e+06 1.19402e+07 1.98957e+06 1.13651e+06 1.45352e+07 4.35013e+06 1.2665e+07 1.26028e+06 1.06301e+07 1.23289e+07 8.69391e+06 7.28429e+06 9.95066e+06 1.74118e+06 8.20948e+06 1.05069e+06 997717 946317 6.56307e+06 4.47266e+06 1.48518e+06 4.14009e+06 2.48407e+06 1.65601e+06
internal_count=34450160 20239703 14210457 10043577 10196126 9087557 5122900 10080085 2622809 2938928 4713506 6148629 5330071 4133178 3782021 5074605 3347470 2774227 7457276 1494803 5962473 3072626 2988321 827079 5201509 3921527 2163411 5490975 3407348 2083627
is_linear=0
shrinkage=0.1


Tree=23
num_leaves=31
num_cat=0
split_feature=4 9 2 3 3 11 7 10 8 10 10 3 11 8 2 10 10 8 11 8 11 11 3 11 9 6 11 11 8 11
split_gain=930349 371750 128051 125087 106661 72846.1 67451.4 62114.6 50149.3 49004 47305.9 47182.2 46931.5 57514.5 44910 44716.9 44471.8 37500.7 74807.6 37239.1 36180.8 39050.2 35292.4 33567.6 33246 32250.3 39642.3 32247.4 90309.5 33573.8
threshold=0.022948059253394607 15.204071044921877 73.001110076904311 10.500000000000002 36.500000000000007 0.97648852793709995 21.620153427124027 -0.40614700388750385 20.790689468383793 0.77244481603295057 -0.92923668111203805 405.00000000000006 0.81304046271159414 30.694287300109867 375.85374450683599 -0.37447345805034543 0.52766072109828632 20.790689468383793 0.2499757677084001 25.795714378356937 0.9989598388634241 0.94636490295939868 295.50000000000006 0.9989598388634241 10.920000553131105 29.84303188323975 0.57605713708605399 0.5475998096715059 27.160102844238285 0.51849435583340198
decision_type=10 10 2 2 2 2 8 2 10 2 2 2 2 8 2 2 2 8 2 8 2 2 2 2 8 10 2 2 8 2
left_child=1 3 6 5 7 17 16 19 -9 22 -4 24 13 -10 -12 -6 -2 -1 -19 -3 21 25 -8 -7 -5 -17 -27 29 -29 -26
right_child=2 4 10 11 15 23 9 8 12 -11 14 -13 -14 -15 -16 20 -18 18 -20 -21 -22 -23 -24 -25 27 26 -28 28 -30 -31
leaf_value=0.018786061181527383 -0.011083172080041052 -0.020168388470322086 0.00048549638133411058 -0.011219498130974765 -0.14244438195185227 -0.079632359435383729 0.010283563645339572 0.03275522101521857 -3.1453015085002778e-05 -0.015393833573216246 0.020128193694283793 -0.19213641319851221 -0.076495810254893451 -0.045378658115815762 0.053509564117334076 -0.025015636370821506 0.0066930864468696801 -0.0020220843537029332 -0.026680215335060639 -0.10104575479380984 0.0083672961534161944 -0.12806859934493231 -0.19936967976169662 0.007255408756182905 -0.02589998373951663 -0.065191638439768843 -0.14083543217923286 -0.016264479157200251 -0.067906938188633276 0.049497794758589626
leaf_weight=614917.56076842546 3436339.2156537324 74808.875392079353 1188136.3474435806 917115.36867186427 113150.3224068284 193342.35597194731 14498409.823120281 108115.61197134852 428086.69247299433 790898.9254899621 8188787.686169982 17538.697996452451 258767.37172985077 806830.18486048281 423890.42814052105 129230.51445943117 2383530.6197364777 6265014.7381862849 1531003.7847241312 238214.91039247811 48776.032680228353 138529.29139517248 8033.7655289024115 57742.577142804861 1356128.4747266322 300128.37747590244 90072.771254390478 626966.83370324969 736303.27738550305 61747.792173370719
leaf_count=465168 2086355 174111 406921 1017414 717037 347316 5742139 130294 618629 560204 2258943 80329 804562 1793083 68708 410299 1439272 4411242 1822147 1030127 114262 726726 28055 68576 2347855 1115281 449987 1179915 1953736 81467
internal_value=-0.000195272 -0.0205299 0.00974418 -0.0131578 -0.0538974 -0.00657368 0.00535991 -0.0409745 -0.0330126 0.00884589 0.0191907 -0.0285064 -0.037773 -0.0296589 0.0217711 -0.0840784 -0.0038029 -0.00498922 -0.00686452 -0.081717 -0.0747339 -0.0808944 0.0101675 -0.0596506 -0.0277304 -0.0683133 -0.082653 -0.0331751 -0.0441566 -0.0226164
internal_weight=4.60306e+07 1.51125e+07 3.0918e+07 1.23778e+07 2.73471e+06 8.66202e+06 2.11172e+07 1.91482e+06 1.6018e+06 1.52973e+07 9.80081e+06 3.7158e+06 1.49368e+06 1.23492e+06 8.61268e+06 819887 5.81987e+06 8.41094e+06 7.79602e+06 313024 706737 657961 1.45064e+07 251085 3.69826e+06 519432 390201 2.78115e+06 1.36327e+06 1.41788e+06
internal_count=34450160 21859563 12590597 13775165 8084398 7114449 9856025 4550806 3346568 6330398 2734572 6660716 3216274 2411712 2327651 3533592 3525627 6698557 6233389 1204238 2816555 2702293 5770194 415892 6580387 1975567 1565268 5562973 3133651 2429322
is_linear=0
shrinkage=0.1


Tree=24
num_leaves=31
num_cat=0
split_feature=9 9 4 11 8 10 9 3 11 11 8 11 8 8 11 10 11 11 8 8 2 6 8 10 11 10 11 9 11 2
split_gain=773483 237727 152115 122383 138678 104839 73136.7 56848.1 55044.4 52461.2 50352 44473.4 79134 59931.4 54702.4 49665.8 41406.1 41397.8 62410.7 50736.4 39650.1 38466.4 37660.7 59508.8 38475.8 36836.3 34200.5 33743 31469.6 31461.6
threshold=11.410000324249269 16.100001335144047 2.6081162691116337 0.5475998096715059 27.160102844238285 -0.39036798905311365 18.600001335144047 405.00000000000006 0.97062204580664158 -0.90892157495189674 18.616177558898929 -0.89404254237865755 31.461536407470707 30.611430168151859 -0.14250536273956091 0.90892735371523092 0.96633974041180493 0.79773375822167203 28.744288444519047 30.738570213317875 69.095954895019545 40.186279296875007 29.830000877380375 0.52766072109828632 0.96177147954086928 -0.30983472475487867 0.57605713708605399 7.4200010299682626 0.99932962452255414 169.65202331542972
decision_type=10 8 10 2 10 2 8 2 2 2 10 2 10 8 2 2 2 2 10 10 2 8 10 2 2 2 2 10 2 2
left_child=2 3 7 11 10 -3 17 8 20 29 -5 13 15 -2 21 -13 -6 19 25 -7 22 -14 23 24 -1 -19 -21 -24 -8 -4
right_child=1 5 9 4 16 6 28 -9 -10 -11 -12 12 14 -15 -16 -17 -18 18 -20 26 -22 -23 27 -25 -26 -27 -28 -29 -30 -31
leaf_value=-0.020005113638394745 -0.061300880236678672 -0.11872466381350213 0.017557491078521205 0.0092278765844574367 -0.052065127984990724 0.0052424569329666409 -0.11101749973765128 -0.19464995074863733 -0.037907517006014566 0.009612357509382656 -0.027231917108586291 -0.011356931460428899 -0.0060037212791428643 0.012859384220249199 -0.03781561871860338 0.020659785102451995 -0.10542540428446637 0.071638569168523736 -0.14661664743771333 -0.038042679350880182 0.013600486069099188 -0.036030433344258192 0.014585522471362494 0.014417494191851366 0.055560035961140265 -0.057096205157324054 -0.14185577422031861 -0.00057648337075274397 0.07570307968725469 0.035769794251642374
leaf_weight=2367898.8567593694 118890.14776015282 229385.22739130259 5513186.2932828069 563860.19310037792 1023238.517095387 315553.40887480974 193923.25732838362 14965.050888866186 367193.96173578501 11936823.608861715 1153993.9159370661 1057859.8492690176 1923386.7273774892 1306149.2825981528 1330073.4844826013 893950.77565389872 169512.35904835165 24589.524522036314 78575.147729314864 688728.69715379179 2226160.1541242898 548258.27218459547 1803954.1221405864 746343.76178082824 69355.656428992748 231363.57972978055 33267.053987115622 7877269.5145909786 9466.870799317956 1145633.7182893753
leaf_count=1743360 121463 1290059 1670077 575323 2484948 512616 932732 69279 486307 4065251 2076883 1170430 1868724 816499 2283817 684810 549944 54018 423762 1674220 843447 844248 727440 493267 49725 790511 156502 4749873 16999 223626
internal_value=-0.000180762 -0.0221359 0.00748417 -0.0161563 -0.0334529 -0.0555617 -0.0463653 0.000158903 0.000347497 0.0135794 -0.0152645 -0.00914333 -0.0130605 0.00667224 -0.0214637 0.00330708 -0.0596486 -0.0380699 -0.0686604 -0.0282068 0.00127832 -0.0126642 -0.000853939 -0.0102891 -0.0178548 -0.0447286 -0.042826 0.00224873 -0.102327 0.0206909
internal_weight=4.59628e+07 1.1894e+07 3.40688e+07 1.00892e+07 2.9106e+06 1.80485e+06 1.57547e+06 1.54731e+07 1.54582e+07 1.85956e+07 1.71785e+06 7.17857e+06 5.75353e+06 1.42504e+06 3.80172e+06 1.95181e+06 1.19275e+06 1.37208e+06 334528 1.03755e+06 1.5091e+07 2.47164e+06 1.28648e+07 3.1836e+06 2.43725e+06 255953 721996 9.68122e+06 203390 6.65882e+06
internal_count=34450160 19328508 15121652 13477089 5687098 5851419 4561360 9162698 9093419 5958954 2652206 7789991 6852029 937962 4996789 1855240 3034892 3611629 1268291 2343338 8607112 2712972 7763665 2286352 1793085 844529 1830722 5477313 949731 1893703
is_linear=0
shrinkage=0.1


Tree=25
num_leaves=31
num_cat=0
split_feature=2 9 9 3 9 10 10 11 4 6 3 11 8 10 8 8 8 3 11 8 11 3 10 11 0 3 6 11 8 10
split_gain=631921 278472 96298.9 89129.8 79595.5 71416.5 66618.9 60159 52419.9 46345 46038.2 37760.6 75139.6 36113.1 45041.6 34418.5 34284.7 33861.4 32688.7 47367.5 31690 36551.3 30787.9 30490.4 29002.4 27857.7 26576.1 26410.8 26054.6 25078
threshold=7.4988236427307138 15.289999485015871 6.6390647888183603 55.500000000000007 18.881216049194339 -0.39036798905311365 -0.03977009085991149 -0.18493013702746822 0.26181174814701086 22.880730628967289 58.500000000000007 0.78192542922038288 20.31369781494141 0.77788564761185042 31.540000915527347 12.856428146362306 21.580000877380375 405.00000000000006 0.79773375822167203 29.438961029052738 -0.84313311835787952 113.50000000000001 -0.24372957273992746 0.9989598388634241 46.670234680175788 65.500000000000014 37.355192184448249 0.2499757677084001 30.694287300109867 -0.23537230790205757
decision_type=2 10 10 2 10 2 2 2 10 10 2 2 10 2 10 8 8 2 2 10 2 2 2 2 2 2 8 2 10 2
left_child=1 3 24 8 5 9 25 26 11 -3 16 15 -13 -9 -15 -1 -7 20 28 22 -8 -22 -20 -12 -2 -5 29 -11 -18 -4
right_child=2 4 7 6 -6 10 17 13 -10 27 23 12 -14 14 -16 -17 18 -19 19 -21 21 -23 -24 -25 -26 -27 -28 -29 -30 -31
leaf_value=-0.13361900164472304 0.014801790346611122 0.0069605473120945699 0.0048193987422356747 -0.042772694086970049 -0.11531293442308173 0.029132604426496379 0.02293040018135117 -0.009792847333659609 0.0017896751285968215 -0.038018865786367984 -0.072039333716251167 0.0050716493760757731 -0.040951013417071865 0.018310057098323281 -0.028419204102248876 -0.0089275309362211435 -0.00023861217992736288 -0.18777869817870665 0.039334204115046595 -0.14540995257413966 -0.018366961646465115 -0.067830196881894553 -0.058511896511673947 0.026297352213425336 0.031574486679482684 -0.13051222482240182 -0.009590759530997835 -0.11243195419755586 -0.033039641862510537 0.012816874249813891
leaf_weight=22210.298263370991 7465496.1638073623 48658.884227961302 8520318.4310159385 56278.64274956286 159643.81353351474 101082.35579893738 115105.56116357446 3794564.8279994875 3594607.6872274578 59081.17580512166 393975.08787914366 520654.77917863429 1113327.8924349844 1075860.6520237625 255197.71137094498 6707217.1347468048 335474.55048203468 13095.322158277035 38888.101197123528 54615.186018534005 481991.77236965299 216501.54936639965 185827.328164123 34273.528525784612 1196098.5702866316 101364.84627605975 856114.92089557648 247509.64284265041 870636.28891955316 7263408.4395466149
leaf_count=31422 2219699 116313 3253304 150958 874280 144928 118783 2373065 2144483 181272 1632169 582348 2192547 595819 208572 7130998 534372 60417 96327 282031 976979 574980 578187 72702 237990 353952 583407 1385472 1904036 2858348
internal_value=-0.000167054 -0.0166216 0.00820001 -0.0106904 -0.046967 -0.0423632 -0.0396147 0.00465109 -0.00830947 -0.0837031 -0.0350741 -0.0126501 -0.0262863 -0.00482147 0.00935087 -0.00933907 -0.0272204 -0.0282543 -0.0310552 -0.0618803 -0.0256867 -0.0336983 -0.0415792 -0.0641693 0.017118 -0.0991893 0.00756895 -0.0980923 -0.0239162 0.0084997
internal_weight=4.58991e+07 1.5472e+07 3.04271e+07 1.29424e+07 2.52967e+06 2.37002e+06 984338 2.17655e+07 1.1958e+07 355250 2.01477e+06 8.36341e+06 1.63398e+06 5.12562e+06 1.33106e+06 6.72943e+06 1.58652e+06 826694 1.48544e+06 279331 813599 698493 224715 428249 8.66159e+06 157643 1.66398e+07 306591 1.20611e+06 1.57837e+07
internal_count=34450160 22119956 12330204 14317867 7802089 6927809 2236069 9872515 12081798 1683057 5244752 9937315 2774895 3177456 804391 7162420 3539881 1731159 3394953 956545 1670742 1551959 674514 1704871 2457689 504910 6695059 1566744 2438408 6111652
is_linear=0
shrinkage=0.1


Tree=26
num_leaves=31
num_cat=0
split_feature=9 9 11 8 10 0 11 3 8 9 10 3 9 10 6 10 8 11 2 3 10 9 11 6 9 11 11 10 6 10
split_gain=534069 188699 110080 143694 96969.2 94527.1 68933.3 68455.9 54410.2 47852.5 47412.9 44527.1 37384.1 37278.9 36414 41273.4 34767.8 35076.2 34394.3 33539.2 32635.4 32378.3 29177.8 28696.2 28133.9 27476.1 25829.5 26227.1 25116.2 24099.5
threshold=10.759998798370363 17.020001411437992 0.2499757677084001 27.160102844238285 0.61237135649459018 10.941082000732424 -0.4755978891912595 405.00000000000006 28.687313079833988 13.096703529357912 -0.03977009085991149 62.500000000000007 7.3099999427795419 -1.0000000180025095e-35 40.550180435180671 -0.9905448150984083 18.616177558898929 0.80798785254895478 375.85374450683599 49.500000000000007 0.52766072109828632 18.881216049194339 -0.8142754349318998 31.167242050170902 7.9299988746643075 0.99995376255531909 0.89309379682046119 -0.13398594226331254 9.6149997711181658 0.59868201182722736
decision_type=10 10 2 10 2 2 2 2 10 10 2 2 10 2 10 2 10 2 2 2 2 10 2 10 10 2 2 2 10 2
left_child=5 2 11 16 9 7 -3 8 20 -5 -8 14 -10 -12 15 -2 19 -18 26 -4 24 29 -13 -6 -1 -19 27 -7 -22 -15
right_child=1 6 3 4 23 18 10 -9 12 -11 13 22 -14 21 -16 -17 17 25 -20 -21 28 -23 -24 -25 -26 -27 -28 -29 -30 -31
leaf_value=-0.0046348994099915542 -0.031314508866019296 0.012734587141651843 0.013248618410227044 -0.038488808732919724 0.00038638840835329697 0.011135243675600828 -0.11788821325039341 -0.19444491841043185 0.012603381351070543 -0.073510673590025805 0.059581215155009304 0.01482958438574788 0.0029951181142623545 -0.096528261371348595 -0.02550291118130979 -0.00016767661029932143 -0.00052066588207422997 -0.032202206743198354 0.045236282659898992 -0.10102999925060148 -0.022264140591080103 -0.1115801090815739 -0.058135072681245542 -0.033357588983312578 -0.024611684829446975 0.063329197303247514 -0.040555440727307039 0.023050485614087859 0.018694737883095221 -0.040916509189091982
leaf_weight=1949898.9549633414 455598.78948524594 112256.85752014816 766436.68484458327 735724.1362247467 480047.16468834877 5761764.6615115404 169499.21358867735 17442.222275540233 5857064.2906832695 830604.77322480828 25744.299418315291 69906.564275920391 13121253.116666824 97532.880165241659 745022.56979355961 6427816.6008908972 802939.74483993649 903480.28428743035 377834.46266365051 26571.978603810072 190566.21038235724 112782.69679699838 253717.11686991155 530550.80102340877 1104206.0431450456 31144.549692481756 84658.890290379524 2719132.2558560371 698349.6757466644 387604.6716125831
leaf_count=1001995 608072 202936 683945 1234545 616815 1630066 1116950 87930 1998596 2937916 53063 91067 6508618 448005 1018677 5384088 991801 1948789 58300 81188 162023 606023 715368 1027479 905955 33219 45595 734843 345978 1170315
internal_value=-0.000154271 -0.0164621 -0.0134014 -0.0248572 -0.0414788 0.00698886 -0.0606093 0.00358893 0.00373963 -0.0570605 -0.0709898 -0.00604347 0.00596041 -0.0582437 -0.00450222 -0.00222922 -0.00793105 -0.0158496 0.0157093 0.00941939 -0.00694931 -0.0633168 -0.0423738 -0.0173288 -0.0118575 -0.0290188 0.0144068 0.0149555 0.00991395 -0.0520968
internal_weight=4.58472e+07 1.3965e+07 1.30596e+07 5.1075e+06 2.57693e+06 3.18822e+07 905421 2.29388e+07 2.29213e+07 1.56633e+06 793164 7.95206e+06 1.89783e+07 623665 7.62844e+06 6.88342e+06 2.53057e+06 1.73756e+06 8.94339e+06 793009 3.94302e+06 597920 323624 1.0106e+06 3.0541e+06 934625 8.56556e+06 8.4809e+06 888916 485138
internal_count=34450160 20970261 17372969 9555697 5816755 13479899 3597292 11011095 10923165 4172461 3394356 7817272 8507214 2277406 7010837 5992160 3738942 2973809 2468804 765133 2415951 2224343 806435 1644294 1907950 1982008 2410504 2364909 508001 1618320
is_linear=0
shrinkage=0.1


Tree=27
num_leaves=31
num_cat=0
split_feature=4 3 10 9 9 8 11 11 9 7 11 11 11 6 11 7 8 11 8 11 9 11 11 6 11 11 11 3 1 10
split_gain=441399 189056 92000.6 78120.4 70124 57234.9 77332 58860.6 55070.6 44142.3 37967.5 37946.2 37426.4 36008.1 32304.4 31415.7 28656.2 26796.1 26430.9 33449.8 27608.5 26147.8 77222.3 36807.3 46548.8 37609.1 29832 35368.6 25228.1 23872.9
threshold=0.067515678703784957 36.500000000000007 -0.35846811432664222 13.872105598449709 5.5652065277099618 29.438961029052738 0.011826144619637555 0.36447543099728863 17.490000724792484 18.95037937164307 -0.94137724084408114 -0.54940789553007929 0.97263757644091875 36.110092163085945 0.99681593486783593 2.7907195091247563 34.236398696899421 0.71353761266622884 24.180133819580082 0.33222858587828868 6.9204683303833017 0.9989598388634241 0.96633974041180493 29.589116096496586 0.81304046271159414 0.36447543099728863 -0.84313311835787952 141.50000000000003 1.0000000180025095e-35 0.34235194516023087
decision_type=10 2 2 10 8 10 2 2 8 8 2 2 2 10 2 8 10 2 8 2 8 2 2 8 2 2 2 2 8 2
left_child=1 3 -3 12 -2 7 13 -5 21 11 -11 -6 18 -7 -14 -9 17 29 -1 -20 -21 22 23 25 26 -4 -25 -28 -13 -12
right_child=4 2 8 5 9 6 -8 15 -10 10 16 28 14 -15 -16 -17 -18 -19 19 20 -22 -23 -24 24 -26 -27 27 -29 -30 -31
leaf_value=0.013117132474025779 0.019578538015953939 -0.098124518161247842 -0.13637009435882222 0.02222473139094968 -0.032056692888807782 0.020928619613587694 -0.05614621888209257 0.023389790537833022 -0.080366949395224846 0.012930510140476754 0.0046384085324532622 0.0096936038566802461 -0.058497658088728172 -0.024975967874745545 -0.00063635896447579562 -0.027400428401455831 -0.005621034214625161 -0.024852893217716845 -0.0025349327590159557 0.057297142663769778 -0.020859155462435046 0.020517068210782176 -0.085495220090845453 0.017316905751912668 -0.11478415182586854 0.011902358928633323 -0.023173242428337654 -0.079201813733442761 -0.01065639535437056 0.01617627719810585
leaf_weight=845617.95231597126 3838770.0281841457 254247.93009777367 17963.851312085986 455814.74243502319 483170.03873635828 212229.88332436979 860006.91118125618 140243.93833536655 224165.95494616032 6682605.2726378292 11610746.064438254 1117464.4969694912 237479.38181635737 877010.85713104904 162527.26902656257 925164.80471357703 2607315.4011823386 279560.23864889145 7331668.5819580853 46566.705417573452 1537133.1500462592 106101.72833780944 220617.52458292991 133031.54971878231 63715.188923172653 358624.43430233002 567626.22440510988 140569.09164619446 1339348.8397764862 2120878.7550176829
leaf_count=722655 1009960 1256776 54899 486971 328442 244999 2633494 165377 1182967 2265851 4321106 816193 424040 1554127 215608 2002570 1550334 175113 5263505 18949 2064766 189226 829176 152251 278100 777198 1377144 470322 794744 823297
internal_value=-0.000141944 -0.0137229 -0.041754 -0.00943198 0.00695473 -0.0223854 -0.0337303 -0.00784847 -0.0339325 0.00510802 0.00656489 -0.00643854 -0.00500776 -0.0160318 -0.034988 -0.0207147 0.00400515 0.00579647 -0.00377916 -0.00538177 -0.0185611 -0.0274603 -0.0308491 -0.0214416 -0.0323743 0.00482953 -0.0261325 -0.0342943 -0.00140034 0.00642046
internal_weight=4.5798e+07 1.57181e+07 2.08666e+06 1.36315e+07 3.00799e+07 3.47047e+06 1.94925e+06 1.52122e+06 1.83242e+06 2.62411e+07 2.33011e+07 2.93998e+06 1.0161e+07 1.08924e+06 400007 1.06541e+06 1.66185e+07 1.40112e+07 9.76099e+06 8.91537e+06 1.5837e+06 1.60825e+06 1.50215e+06 1.28153e+06 904942 376588 841227 708195 2.45681e+06 1.37316e+07
internal_count=34450160 22365120 6568059 15797061 12085040 7087538 4432620 2654918 5311283 11075080 9135701 1939379 8709523 1799126 639648 2167947 6869850 5319516 8069875 7347220 2083715 4128316 3939090 3109914 2277817 832097 1999717 1847466 1610937 5144403
is_linear=0
shrinkage=0.1


Tree=28
num_leaves=31
num_cat=0
split_feature=9 4 9 3 11 11 9 10 3 10 11 11 11 7 10 8 10 11 11 11 8 9 6 10 11 9 8 2 11 8
split_gain=365384 129934 92307.2 52954.5 49411.6 44469.6 44455.2 39776.5 37526.7 34895 29289.6 31152.9 28834.5 29126.3 28510.7 31414.4 31273 27776 24818.8 35065 30554.7 24808.8 24800.7 23297.1 23200.7 23113.8 22667.8 27219.5 22513.6 51331
threshold=13.609496116638185 0.56540566682815563 17.650444030761722 36.500000000000007 0.97263757644091875 0.9989598388634241 5.6900310516357431 -0.37447345805034543 405.00000000000006 -0.37447345805034543 -0.4755978891912595 0.99958851518450398 0.59003219687534991 8.5889630317688006 -0.35846811432664222 26.054286003112797 -0.31799228562170639 0.2499757677084001 0.99958851518450398 0.95936279103287792 28.918571472167972 8.3400106430053729 34.770067214965827 -0.30163705152652742 -0.24372464231556024 19.040639877319339 31.540000915527347 20.555511474609379 -0.85225707553516283 29.185841560363773
decision_type=10 10 8 2 2 2 10 2 2 2 2 2 2 10 2 8 2 2 2 2 10 8 10 2 2 10 8 2 2 8
left_child=1 4 3 14 8 -6 -3 -4 21 -5 -9 25 23 -14 15 -2 -16 22 19 -11 -21 24 -17 -8 26 -12 27 -1 29 -23
right_child=2 6 7 9 5 -7 12 10 -10 18 11 -13 13 -15 16 17 -18 -19 -20 20 -22 28 -24 -25 -26 -27 -28 -29 -30 -31
leaf_value=-0.029526056905280703 0.0013592162253149326 0.016619634116559198 -0.14011435153981835 -0.088765285991137671 -0.050844990222026848 0.012978163528552321 0.0034227421529424915 0.015973550558463941 -0.18563071589031199 -0.027135723317936334 -0.053695521643967806 0.073254820260940379 0.012874826913739644 -0.023294372392923691 0.077019874347511286 0.010723069894835503 -0.011765506983923625 -0.061205045145919068 0.036184666868057928 -0.056670884368286337 -0.16499276918776298 -0.056044813251969416 -0.06208155422243064 0.01028640766013203 0.020324656463560339 -0.10918610688953621 0.0092915976562707499 0.0018476383518031354 -0.0080085528246723742 0.0061239828931532493
leaf_weight=442431.89671094716 206423.0136417374 4534585.9368657917 59438.268656179309 125280.10334284604 403878.39617389441 149612.04049995542 10938784.383625329 54040.559314362705 11255.680190101266 731427.74766845256 291703.15286342055 16265.554498165846 337939.44111359119 652572.60144102573 40101.517571799457 132608.47743395716 3705680.8419958502 354924.74630939215 49705.703785896301 127635.44899852574 32714.753258243203 140428.53692820668 72299.09196229279 9025598.9598180205 735615.44444563985 101073.19633160532 1281838.2097268403 737485.85217005014 7812089.222723648 2448410.251617685
leaf_count=283811 357795 1229305 479455 714247 755775 190702 4027174 106638 70441 2161249 1181390 30225 182755 437435 55120 203967 5197211 1296275 80756 508097 215434 134031 208642 3369604 372968 604950 593202 289450 7611959 1500097
internal_value=-0.000130266 0.00337513 -0.0229119 -0.0191475 -0.00430429 -0.0335932 0.00764215 -0.0631025 -0.00311314 -0.0391846 -0.0532177 -0.0623589 0.00569944 -0.0109543 -0.0144103 -0.0319855 -0.010815 -0.0442805 -0.032587 -0.0364202 -0.0787708 -0.00296206 -0.0149651 0.0065257 0.00474164 -0.0679749 8.51679e-05 -0.00991651 -0.00533027 0.00275171
internal_weight=4.57538e+07 3.96525e+07 6.10132e+06 5.5788e+06 1.4163e+07 553490 2.54895e+07 522521 1.36096e+07 1.06676e+06 463082 409042 2.09549e+07 990512 4.51204e+06 766255 3.74578e+06 559832 941484 891778 160350 1.35983e+07 204908 1.99644e+07 3.19737e+06 392776 2.46176e+06 1.17992e+06 1.04009e+07 2.58884e+06
internal_count=34450160 21048709 13401451 10998793 11802436 946477 9246273 2402658 10855959 3679783 1923203 1816565 8016968 620190 7319010 2066679 5252331 1708884 2965536 2884780 723531 10785518 412609 7396778 1539431 1786340 1166463 573261 9246087 1634128
is_linear=0
shrinkage=0.1


Tree=29
num_leaves=31
num_cat=0
split_feature=9 9 2 10 11 8 3 8 6 10 10 3 9 11 10 3 10 7 11 8 9 7 8 2 11 10 10 7 10 11
split_gain=306444 119262 61123 58331.2 57488.6 71624 55726.1 45601.6 36829.2 34907.3 32756.5 31506.4 29348.1 28412 33788.7 27356.6 25693.2 34234.5 37308 25467.7 25372.8 22246.8 21994.9 21199.1 20909 20009 36681.5 21840.9 19978.6 33652.9
threshold=10.540481567382814 15.820071220397951 89.676486968994155 -0.03977009085991149 0.78192542922038288 27.160102844238285 405.00000000000006 29.240000724792484 22.62085056304932 0.54219432480460406 -0.92923668111203805 56.500000000000007 4.7100000381469735 0.99995376255531909 0.21022171450811275 134.50000000000003 -0.42957681104363482 11.979791641235353 0.2499757677084001 18.616177558898929 17.490000724792484 4.6804475784301767 27.427142143249515 375.85374450683599 0.097680735332368748 -0.98803845231459242 -0.97876850416056738 19.900044441223148 -0.0053757284505435614 0.84199059757024453
decision_type=10 10 2 2 2 8 2 10 10 2 2 2 10 2 2 2 2 10 2 8 10 10 8 2 2 2 2 10 2 2
left_child=2 4 6 8 15 13 7 9 -3 22 -4 19 -9 14 21 16 17 24 25 -5 -10 -6 -1 -12 -2 -19 27 -27 -21 -30
right_child=1 3 10 11 5 -7 -8 12 20 -11 23 -13 -14 -15 -16 -17 -18 18 -20 28 -22 -23 -24 -25 -26 26 -28 -29 29 -31
leaf_value=-0.02130074801248056 -0.077657678383481199 0.013522775023828176 -0.0043632691179609721 0.069837543380723732 -0.0034293140545708627 -0.050821621305554843 -0.19192278893079023 0.029705908390425331 -0.063237127135440788 0.010135200088958815 0.01414227660801219 -0.054298333085885588 0.0046570840192895029 0.074810899145776738 0.0037984325701989983 -0.047162077426225212 -0.0019372863582405638 -0.023321402809788953 -0.034061880176969282 0.080413410964191412 -0.12336482549087796 -0.040946272617804043 -0.0048739749621852582 0.037353757834248179 0.031911499426747793 0.07799324717271218 -0.010122451921361403 0.01357496479192407 -0.01773215148370599 -0.070204376474920629
leaf_weight=1216732.7162468731 18948.848995894194 46734.59999691695 938071.37896579504 31088.630324698985 239646.81597043574 661382.55028414726 14667.230709314346 480220.67278596759 234287.73804990947 1081588.3123728186 6444443.6031728387 324760.55700048059 17997920.837440833 37758.784346371889 623226.30828644335 154739.77283478528 7809335.4610387981 537386.71191915125 832830.81674405187 18879.020040199161 100194.05885151029 464242.53910026699 2469429.68754071 419056.12723758817 215340.07528264076 78680.191449955106 758346.4544999674 158980.31442032009 1173763.5587256327 136432.91445451975
leaf_count=882765 32718 117144 328017 29901 319138 1822074 86089 133054 1201715 567107 1734957 1450418 7809129 31875 788677 426045 7029550 641264 1645268 29521 795289 1045561 1326888 70231 257808 54281 638591 146002 2503841 505242
internal_value=-0.000119506 -0.012038 0.00550434 -0.0343057 -0.00838385 -0.023813 0.00293532 0.00305826 -0.0696301 -0.00566119 0.0131639 -0.0263135 0.00530807 -0.0107254 -0.013159 -0.00542459 -0.00480417 -0.0134134 -0.0170238 -0.0196316 -0.0812484 -0.0281732 -0.0102961 0.0155595 0.0230497 -0.00776986 0.000620829 0.0349014 -0.0217244 -0.0231962
internal_weight=4.57191e+07 1.4657e+07 3.10621e+07 2.06614e+06 1.25908e+07 2.02626e+06 2.32606e+07 2.32459e+07 381216 4.76775e+06 7.80157e+06 1.68492e+06 1.84781e+07 1.36487e+06 1.32712e+06 1.05646e+07 1.04098e+07 2.60051e+06 2.36622e+06 1.36016e+06 334482 703889 3.68616e+06 6.8635e+06 234289 1.53339e+06 996007 237661 1.32908e+06 1.3102e+06
internal_count=34450160 21511923 12938237 6633071 14878852 4007325 10805032 10718943 2114148 2776760 2133205 4518923 7942183 2185251 2153376 10871527 10445482 3415932 3125406 3068505 1997004 1364699 2209653 1805188 290526 1480138 838874 200283 3038604 3009083
is_linear=0
shrinkage=0.1


Tree=30
num_leaves=31
num_cat=0
split_feature=2 9 3 11 9 4 10 4 8 11 6 3 10 11 7 11 8 1 8 11 10 8 6 11 9 11 8 9 10 6
split_gain=254922 120743 63219.9 49376.9 47968.7 39554.1 38539.4 33873.4 32838.2 28356 28304.4 27849.6 35883 27142.1 43845.6 37595.1 31539.1 24153.7 24096.3 64336.9 31060.4 21954 21497 20701 19753.1 20009.1 21170.8 19433.5 17968.4 22573.5
threshold=9.0299220085144061 15.289999485015871 405.00000000000006 0.097680735332368748 18.881216049194339 30.039707183837894 -0.39036798905311365 0.067515678703784957 17.080183029174808 0.88917497572200743 22.880730628967289 58.500000000000007 -0.11692013674435776 0.94636490295939868 5.5702970027923593 0.9989598388634241 29.490000724792484 0.58519709110260021 30.314291954040531 0.57605713708605399 0.85673801594079257 28.384418487548832 9.6149997711181658 0.97832380634958016 7.3699998855590829 0.011826144619637555 33.122783660888679 16.350001335144047 -0.69057362043749781 36.010091781616218
decision_type=2 10 2 2 8 8 2 10 8 2 10 2 2 2 8 2 10 10 10 2 2 10 8 2 8 2 10 10 2 10
left_child=1 2 7 5 6 28 10 11 17 -10 -3 22 -13 14 -8 16 -15 23 -16 20 -20 -7 -1 -5 25 26 -24 -12 -2 -30
right_child=3 4 -4 8 -6 21 13 -9 9 -11 27 12 -14 15 18 -17 -18 -19 19 -21 -22 -23 24 -25 -26 -27 -28 -29 29 -31
leaf_value=-0.085858456343649692 0.0015845772410545628 0.011459829189530974 -0.18817151746811708 0.04342080255533344 -0.086866928088501133 0.033452938773832507 0.068487507352859814 0.00029321940334677563 -0.0070442805762283168 -0.042763123478802324 -0.047357036809086865 -0.086679253370246012 -0.020178366763392491 -0.054892726584841858 -0.002542088522517489 0.014857954097132215 -0.16352801155158558 -0.0047732863019981442 0.0013520593864048301 -0.11246398268090395 -0.034485809078979787 0.013067448829342743 -0.02040469241163383 -0.05084932929746392 -0.0089389161051427433 0.055748022849050165 0.039933978426218389 -0.10008444865654881 0.0087567244588883982 -0.0043531429533977348
leaf_weight=35500.111712604761 7599109.0336897373 49179.436638258398 19128.469140440226 278023.21158820391 142051.58294306695 695938.37030059099 57894.156649202108 5020719.6110481471 2697586.307288602 242210.40051873028 157711.84357896447 91569.473957419395 712380.26411580294 189973.19754642993 534804.3595681116 67983.760943002999 31099.213554650545 291793.78700396419 378476.60265092552 84077.307728119195 669864.13438999653 2192991.4725682735 163142.74441736937 25424.143165618181 7519830.2878203392 91080.080415159464 90354.905632019043 125541.92540869117 13980890.607406408 1449596.9311192036
leaf_count=46328 3009681 117036 121162 137572 876162 133347 69101 3092024 1649942 241253 646249 327918 1575361 776025 1141620 151002 236573 155937 676065 428522 1814322 535931 108093 30176 9486811 49155 42097 925736 4980440 868519
internal_value=-0.000109 -0.0101711 -0.00650111 0.00543642 -0.0304391 0.00694854 -0.0270232 -0.00624791 -0.00565025 -0.00998716 -0.0585681 -0.0100211 -0.0277528 -0.0218168 -0.0170651 -0.0501759 -0.0701749 0.015769 -0.0200359 -0.0282976 -0.0215475 0.0179783 -0.00821658 0.0355224 -0.0078661 0.0155462 0.001102 -0.0707265 0.00556492 0.00752514
internal_weight=4.56859e+07 1.62324e+07 1.37437e+07 2.94536e+07 2.48866e+06 2.59185e+07 2.34661e+06 1.37246e+07 3.53504e+06 2.9398e+06 332433 8.70386e+06 803950 2.01417e+06 1.72512e+06 289056 221072 595241 1.66722e+06 1.13242e+06 1.04834e+06 2.88893e+06 7.89991e+06 303447 7.86441e+06 344578 253498 283254 2.30296e+07 1.54305e+07
internal_count=34450160 22707362 14848949 11742798 7858413 9527918 6982251 14727787 2214880 1891195 1689021 11635763 1903279 5293230 4129630 1163600 1012598 323685 4060529 2918909 2490387 669278 9732484 167748 9686156 199345 150190 1571985 8858640 5848959
is_linear=0
shrinkage=0.1


Tree=31
num_leaves=31
num_cat=0
split_feature=9 4 9 11 8 11 11 11 3 9 8 8 11 7 11 6 3 6 11 11 10 7 10 10 10 6 10 10 9 2
split_gain=210046 84593.5 56287.8 41283.8 91892.7 62537.1 41025.8 45740.5 37846.5 27642 27328.9 25029.7 36011.3 69024.9 24955.7 24133.3 23941.4 23542 26161.6 23515.5 23467.5 23248.4 22501.4 21760.5 40764.8 36333.8 21461.2 24308.7 20591 20508.7
threshold=13.830000400543215 4.0741574764251718 18.480057716369632 -0.013976481981245173 29.390223503112797 0.79773375822167203 0.98174098242282837 0.99530134160901229 405.00000000000006 9.4000000953674334 31.69715785980225 20.790689468383793 -0.71502926860092908 17.990000724792484 0.36447543099728863 34.630228042602546 49.500000000000007 40.186279296875007 -0.49065906150552346 0.99932962452255414 0.57077594689671507 15.100335597991945 -0.13398594226331254 -0.37447345805034543 -0.30983472475487867 25.19014930725098 0.27694220057652758 0.3261394409934788 5.1199996471405038 55.59076118469239
decision_type=10 10 8 2 10 2 2 2 2 8 10 8 2 8 2 10 2 8 2 2 2 8 2 2 2 10 2 2 10 2
left_child=1 6 3 17 14 15 8 -8 9 10 29 16 13 -13 -5 -6 26 -2 -19 20 -4 -3 28 25 -25 -16 -11 -28 -23 -1
right_child=2 21 19 4 5 -7 7 -9 -10 11 -12 12 -14 -15 23 -17 -18 18 -20 -21 -22 22 -24 24 -26 -27 27 -29 -30 -31
leaf_value=-0.0059997472602985992 0.0017426180054773907 -0.011196395362775736 -0.12284784706625276 0.018500036532105003 -0.024192756977726784 -0.096200583932702255 -0.064133657542727304 -0.0048458911281825945 -0.1819481817537415 0.042711719606926241 0.0081763018885977531 -0.06408045221502616 -0.0098255046239925196 0.0050323756343340041 -0.0083358912558202797 -0.054935979425709762 -0.10025362372266695 -0.011186737764966754 -0.059886872194998456 0.080245593903186793 -0.05182802072262907 0.015575156267866826 0.013788444090706628 0.069312149985092789 -0.012726728982178186 -0.084590053559701242 -0.11232611822272479 0.0091297131900861042 0.0039524139127854385 0.0061715332071055687
leaf_weight=3964092.6950669438 1446259.3923923522 621099.50493501127 68245.481591068208 279473.58386157453 753820.21594934911 192703.16761577129 217846.47885601968 323168.91900795698 11534.372436694801 214513.04390439391 5094050.9697268009 150442.63172844052 6831325.2445676923 3662482.7626138628 147659.71384280175 386134.50806475431 18142.02602159977 583601.0863097012 136016.00191359967 10301.296479567885 146202.75541259348 1831474.8557526469 5410687.3345644176 63688.802555523813 1236199.3383639604 108328.20778142661 17023.613310024142 514885.22245243192 9086970.8717844486 2127373.9035364687
leaf_count=2101731 1802226 333783 554848 318019 2144370 1026354 435527 465430 85983 171407 2250955 159045 7153173 2270628 330108 1201466 50701 909683 385882 18783 693997 453592 1717367 116092 2677306 542479 24001 371077 2927413 756734
internal_value=-9.99975e-05 0.00242544 -0.0183172 -0.0162516 -0.0235259 -0.0435129 -0.00150511 -0.0287188 -0.000853816 -0.000761367 0.00277109 -0.00422469 -0.00548002 0.00230546 -0.00901325 -0.0346063 0.013252 -0.00561153 -0.0203916 -0.0673397 -0.0744292 0.00779292 0.00851521 -0.0139553 -0.00870718 -0.0406049 0.0160108 0.00524255 0.00590203 -0.00174907
internal_weight=4.56557e+07 4.00971e+07 5.55863e+06 5.33388e+06 3.16801e+06 1.33266e+06 2.31469e+07 541015 2.26059e+07 2.25943e+07 1.11855e+07 1.14088e+07 1.06443e+07 3.81293e+06 1.83535e+06 1.13995e+06 764564 2.16588e+06 719617 224750 214448 1.69502e+07 1.63291e+07 1.55588e+06 1.29989e+06 255988 746422 531909 1.09184e+07 6.09147e+06
internal_count=34450160 21728547 12721613 11453985 8356194 4372190 16296392 900957 15395435 15309452 5109420 10200032 9582846 2429673 3984004 3345836 617186 3097791 1295565 1267628 1248845 5432155 5098372 3665985 2793398 872587 566485 395078 3381005 2858465
is_linear=0
shrinkage=0.1


Tree=32
num_leaves=31
num_cat=0
split_feature=4 9 3 10 10 0 10 11 8 3 8 8 11 10 10 6 3 10 9 9 11 8 7 10 10 8 7 11 10 2
split_gain=172991 86073.4 56866.3 40829.7 35521 34832.3 33227.6 29732.7 52059.8 29195.8 28092.8 26669.4 25692.6 25473.4 27270.2 34896 35301.8 34477.6 44384.1 28572.2 24560.3 24261.3 23508.1 21207.2 26512.6 27130.6 24650.5 21029.6 19565.3 19548.7
threshold=0.09150829911231996 17.08029937744141 58.500000000000007 -0.03977009085991149 -0.03977009085991149 15.37400007247925 1.0000000180025095e-35 0.78192542922038288 18.616177558898929 295.50000000000006 24.35428619384766 28.318849563598636 -0.31800055644052067 -0.54939360607974019 -0.2270106897347694 27.930821418762211 14.500000000000002 -0.35846811432664222 12.608390808105471 12.099998950958254 -0.4755978891912595 26.311429023742679 9.3503532409667987 1.0000000180025095e-35 0.59868201182722736 25.924284934997562 10.690012454986574 -0.84313311835787952 -0.24372957273992746 375.85374450683599
decision_type=10 10 2 2 2 2 2 2 8 2 8 8 2 2 2 10 2 2 10 8 2 10 8 2 2 10 10 2 2 2
left_child=1 2 7 -4 21 9 -5 10 -9 11 12 -2 -1 -10 17 16 22 18 -15 -17 -6 28 -16 -22 25 -25 -26 -8 -3 -7
right_child=5 4 3 6 20 29 27 8 13 -11 -12 -13 -14 14 15 19 -18 -19 -20 -21 23 -23 -24 24 26 -27 -28 -29 -30 -31
leaf_value=-0.073019570489399027 -0.0060585439496328927 0.028326645611750779 -0.077179486352259338 0.057405874488614089 0.018217873865919419 0.0092308374543991802 0.017883501303674425 0.010259852716652213 -0.072872395763925832 -0.19938616311017365 -0.0044535786337483582 0.0039094641698909447 0.018874827122866786 0.0082761546631009951 -0.069694881588091631 -0.026691819614476964 0.0075612814783632106 0.025285485957174277 -0.072221258357343512 -0.084167396477889067 0.053998522722436715 -0.11316143944847126 -0.0180442112099088 -0.035942397114796902 0.034442351268269653 -0.14035962615839367 -0.041019671132254909 -0.031030732036144971 -0.12849113445511315 0.033202267037903639
leaf_weight=31709.784795612097 3118489.5834860057 26356.636181019247 150600.1267471388 50992.786208473146 86941.280557543039 6963286.3498395979 98878.584717087448 568359.405609712 103567.57152912021 7164.0047138556838 11065305.770394906 19268724.521932334 750891.21452470869 157779.72582677007 146295.06213022768 164735.7962320745 301777.78680671006 235698.80075484514 121043.1798049435 182102.6054693535 23451.345430731773 99512.043754242361 221588.45905338228 48417.913659311831 48992.935756281018 51194.344396933913 371758.64553156495 791191.5268669799 11396.033450014889 357670.60869079828
leaf_count=39031 1710488 99260 676920 69064 174286 1967147 115617 579018 286213 40304 11224170 8107644 702252 193043 308177 257045 598017 387501 476517 660147 51097 886459 346263 198198 106684 367185 1450282 2230130 87028 54973
internal_value=-9.17459e-05 -0.00850675 -0.00685029 -0.0288357 -0.0411659 0.00441391 -0.0210992 -0.00514216 -0.0158102 0.00245635 -0.00315859 0.00252094 0.0151514 -0.0248749 -0.0216281 -0.0311233 -0.017789 -0.00286931 -0.0266695 -0.0568686 -0.0311335 -0.0872666 -0.038584 -0.0390234 -0.0432156 -0.0896062 -0.0322328 -0.0255968 -0.0190104 0.010402
internal_weight=4.56259e+07 1.59105e+07 1.51425e+07 1.09166e+06 768021 2.97153e+07 941063 1.40509e+07 2.20295e+06 2.23944e+07 1.18479e+07 2.23872e+07 782601 1.63459e+06 1.53102e+06 1.0165e+06 669661 514522 278823 346838 630756 137265 367884 543815 520364 99612.3 420752 890070 37752.7 7.32096e+06
internal_count=34450160 22569604 19149125 3091731 3420479 11880556 2414811 16057394 4091941 9858436 11965453 9818132 741283 3512923 3226710 2169649 1252457 1057061 669560 917192 2347732 1072747 654440 2173446 2122349 565383 1556966 2345747 186288 2022120
is_linear=0
shrinkage=0.1


Tree=33
num_leaves=31
num_cat=0
split_feature=9 9 11 8 11 10 3 9 10 6 2 10 6 10 10 6 10 10 11 3 11 10 11 5 11 1 10 3 1 11
split_gain=149343 59465.2 40034.8 79978.2 41916.5 39228.1 39131.7 36658.6 33569.5 31932.7 48345.9 31438.3 30932.3 28628.6 52737.1 26877.1 29640.1 47180.2 23890 22273.8 21586.6 21385.8 19896 24455.9 19606.8 29729.8 22883.8 19534.2 19402.7 18954
threshold=10.540481567382814 17.490000724792484 -0.15950993297387572 28.862753868103031 0.79773375822167203 0.54219432480460406 405.00000000000006 6.7800750732421884 -0.98214942551678475 29.310121536254886 2.2681553363800053 -0.37447345805034543 40.013248443603523 -0.24372957273992746 -0.34235669412071207 33.785270690917976 0.83849049182116964 0.85673801594079257 0.2499757677084001 112.50000000000001 -0.4755978891912595 0.878110924644389 0.9980355542543059 0.32960529625415808 0.71353761266622884 1.0000000180025095e-35 0.074116354202380205 14.500000000000002 0.42516079545021063 0.99995376255531909
decision_type=10 10 2 8 2 2 2 8 2 10 2 2 10 2 2 8 2 2 2 2 2 2 2 10 2 8 2 2 8 2
left_child=6 2 8 5 15 19 7 -1 -2 10 -10 -3 -11 14 -6 16 18 27 -5 29 -13 -12 23 -15 -9 -26 -27 -18 -7 -4
right_child=1 11 3 4 13 28 -8 24 9 12 21 20 -14 22 -16 -17 17 -19 -20 -21 -22 -23 -24 -25 25 26 -28 -29 -30 -31
leaf_value=0.0090665259955892107 0.060119860388883853 -0.11022428764774705 -0.010969163162935457 0.0013307678480037276 -0.057582134472719974 0.015832738705263635 -0.18561641568036824 0.0023398214497812658 -0.076810361837027497 0.003179027851514909 -0.026612467257376045 0.02063482996997526 -0.015467278070820363 -0.093532371784513207 0.050005140592731645 -0.030438960335402582 0.0015921406996528523 -0.0029332040390040812 -0.029010057177326729 -0.094282420969341474 -0.040191463343361905 0.020923480813430335 -0.012015775082252555 0.025616519484176509 -0.00057181675703126737 -0.062978884002532903 -0.011675146576130956 0.1260148365557234 -0.010507326522138682 0.053723860153540831
leaf_weight=9528057.5009477884 87287.49949118495 57471.450900055468 2050901.6284179017 360550.11116161942 138124.08708912879 1244072.7846385986 10898.625863827765 20319104.54984951 137564.49164194614 4889011.6838785335 242106.30694055557 67132.796873241663 1087573.8164028823 208183.33819431067 67987.198720566928 1189435.934504807 17902.874743133783 650498.5096071437 926086.3266441673 31482.580227650702 445695.14380922914 155381.18746584654 46724.505402967334 18780.811053775251 821798.82060751319 161626.65898576379 188153.29631856084 42746.134677782655 360753.10929773748 46311.034011244774
leaf_count=2839583 50834 544551 3941624 343892 509711 1304486 86089 8934711 216236 3705829 182527 127062 1561102 864729 138687 2372733 21717 816029 2101371 130073 2011806 89567 118487 18599 821561 133686 122607 32674 257177 50420
internal_value=-8.44835e-05 -0.00843618 -0.00714674 -0.0121965 -0.022686 -0.00189376 0.003837 0.00390357 -0.00148359 -0.00230937 -0.025714 -0.0400888 -0.000214086 -0.0502417 -0.0220937 -0.0185378 -0.0114521 0.00493162 -0.0205077 -0.0107939 -0.0322289 -0.00803027 -0.0714396 -0.083673 0.00161453 -0.0109644 -0.0353816 0.0892867 0.00991168 -0.0095406
internal_weight=4.55994e+07 1.45698e+07 1.39995e+07 7.40054e+06 3.66702e+06 3.73352e+06 3.10296e+07 3.10187e+07 6.59892e+06 6.51164e+06 535052 570299 5.97659e+06 479800 206111 3.18722e+06 1.99778e+06 711148 1.28664e+06 2.1287e+06 512828 397487 273689 226964 2.14907e+07 1.17158e+06 349780 60649 1.60483e+06 2.09721e+06
internal_count=34450160 21511923 18828504 13022409 7338629 5683780 12938237 12852148 5806095 5755261 488330 2683419 5266931 1650213 648398 5688416 3315683 870420 2445263 4122117 2138868 272094 1001815 883328 10012565 1077854 256293 54391 1561663 3992044
is_linear=0
shrinkage=0.1


Tree=34
num_leaves=31
num_cat=0
split_feature=9 9 9 11 8 11 3 11 6 2 6 10 7 8 11 10 11 11 10 6 11 11 11 10 3 3 1 11 10 10
split_gain=122720 53841.3 38843.6 30245.5 67842.1 42503.2 29041.1 25826.4 43377.5 23894.7 21544.5 57288.3 39152.6 29267.5 25425 27221.9 20652.3 25789 20046 19388.9 30057.1 18761.9 21212.9 23731.5 23232 22608.8 19542.8 18459.4 22023.4 36129.7
threshold=13.830000400543215 7.8700017929077157 19.22970008850098 0.011826144619637555 29.965634346008304 0.79773375822167203 157.50000000000003 -0.89404254237865755 30.799470901489261 2.0084398984909062 33.350019454956062 0.52766072109828632 19.570019721984867 17.882857322692875 -0.15950993297387572 -0.97509794945709805 0.97062204580664158 -0.54219087765047058 -0.099819732675876835 38.360603332519538 -0.77243990499604276 0.9989598388634241 0.98332250088165762 0.27694220057652758 49.500000000000007 2.5000000000000004 10.637644767761232 0.38043945030393422 -0.37447345805034543 -0.30983472475487867
decision_type=10 8 8 2 10 2 2 2 8 2 8 2 10 10 2 2 2 2 2 8 2 2 2 2 2 2 10 2 2 2
left_child=1 -1 3 19 27 -6 7 8 9 -3 11 12 13 21 15 -12 17 -15 -8 -2 -21 22 23 24 26 -24 -9 -5 -29 -30
right_child=2 6 -4 4 5 -7 18 10 -10 -11 14 -13 -14 16 -16 -17 -18 -19 -20 20 -22 -23 25 -25 -26 -27 -28 28 29 -31
leaf_value=0.0062805411847859181 0.0055700175720214892 -0.065977471102931867 -0.078228357775352045 0.014551352210826636 -0.031009999046907263 -0.088328758626497444 -0.19184086532965045 0.046274339157344302 0.0073080366294279624 -0.011949469838066908 0.033012307481592271 0.010007700655963072 -0.00013915044007656164 -0.048715748674470843 -0.019989682093102208 -0.0059870360384213991 -0.041663383398453463 -0.011487593900525912 -0.03924942179755566 0.0078152883738361496 -0.025227631525779448 0.064432967558532409 0.0093899515996319072 -0.017206264466112089 -0.15366026268937832 -0.086645146255432681 -0.13121398750285712 -0.037743279704349354 0.063808785478849619 -0.010594365544399709
leaf_weight=16272178.934769981 1077886.3011889979 95866.30504578352 92761.370359405875 309089.69678907096 1044254.6671488509 147661.67454764992 9403.5451162457466 190487.89337418973 5701951.2051543593 560220.2325617969 187455.04040068388 3586964.3622792363 5395470.9169881791 208103.73275342584 1357874.3245844543 3958525.8530582339 354090.54982586205 1757976.9712796211 101930.88561383635 437390.85525206476 742806.10531549156 51186.033888727427 47091.544116288424 158481.83724084496 6362.1336280852556 51131.177660599351 6412.488665997982 278064.39666798711 68672.739816449583 1315266.0460076332
leaf_count=5331476 1266740 111927 628320 368107 3294977 885426 62132 131751 2566272 277588 99359 2331594 2925203 173923 1475865 2607647 741707 2303402 253530 490359 1579897 35625 40112 135224 23040 94902 6268 1041153 136158 3030476
internal_value=-7.7232e-05 0.00184799 -0.0140643 -0.0129664 -0.0192775 -0.038111 -0.00118423 -0.000944619 0.00450622 -0.019844 -0.00294585 -0.000538371 -0.00513656 -0.0146598 -0.0081134 -0.00422373 -0.019432 -0.0154281 -0.0521376 -0.00412609 -0.0129816 0.00700141 0.000610315 0.0118006 0.034417 -0.0406024 0.040494 -0.00788896 -0.0120623 -0.00690239
internal_weight=4.5573e+07 4.00592e+07 5.51385e+06 5.42109e+06 3.16301e+06 1.19192e+06 2.3787e+07 2.36757e+07 6.35804e+06 656087 1.73176e+07 1.18138e+07 8.2268e+06 2.83132e+06 5.50386e+06 4.14598e+06 2.32017e+06 1.96608e+06 111334 2.25808e+06 1.1802e+06 511153 459967 361744 203263 98222.7 196900 1.97109e+06 1.662e+06 1.38394e+06
internal_count=34450160 21728547 12721613 12093293 8756297 4180403 16397071 16081409 2955787 389515 13125622 8942751 6611157 3685954 4182871 2707006 3219032 2477325 315662 3336996 2070256 466922 431297 296283 161059 135014 138019 4575894 4207787 3166634
is_linear=0
shrinkage=0.1


Tree=35
num_leaves=31
num_cat=0
split_feature=2 9 3 10 2 10 10 10 11 9 3 7 11 3 11 11 11 10 10 3 3 10 11 11 10 9 6 6 6 8
split_gain=101389 52121.5 45201.8 30423 29621.2 26249.5 48871.4 25028.2 23604 22333.7 21615 19814.4 17786 17037.4 25871.6 17234.5 25605.5 38566.9 18048.4 16800.5 15977.9 15743.4 15298.5 15042.6 14926.2 14199.1 17876.4 13044.3 12882.6 16939.4
threshold=11.458796977996828 15.59999990463257 405.00000000000006 -0.39036798905311365 169.65202331542972 -0.97509794945709805 -0.98803845231459242 -0.98214942551678475 0.89309379682046119 7.3099999427795419 58.500000000000007 5.5702970027923593 0.94636490295939868 113.50000000000001 -0.84313311835787952 0.99988440732898443 0.98174098242282837 -0.091260668982868151 1.0000000180025095e-35 16.500000000000004 17.500000000000004 0.61237135649459018 0.9989598388634241 -0.30164489695395946 -0.69057362043749781 17.490000724792484 22.060064315795902 36.300340652465827 9.6149997711181658 22.794077873229984
decision_type=2 10 2 2 2 2 2 2 2 8 2 8 2 2 2 2 2 2 2 2 2 2 2 2 2 10 10 10 8 8
left_child=1 2 5 25 8 6 9 -6 24 -1 11 12 19 15 -15 16 28 -18 20 -5 -19 -16 -14 -23 -2 -3 -27 -26 -7 -30
right_child=4 3 -4 10 7 13 -8 -9 -10 -11 -12 -13 22 14 21 -17 17 18 -20 -21 -22 23 -24 -25 27 26 -28 -29 29 -31
leaf_value=0.045091274735125551 -0.00035591290273360033 -0.04086146916478206 -0.17982616166230361 0.016535917537306374 -0.031584251330688075 -0.053721104506307731 0.034022664412749044 0.015498787131649629 -0.022802482683395305 -0.0097595545286679325 -0.037383996638840157 -0.013329482666584794 -0.077258150845838383 0.020848240949750588 -0.10027742948014329 0.043646092794114195 -0.083158520880653619 -0.019662413770730358 -0.027197549330912608 0.13682008067416546 0.042602349131747555 -0.07261917174672608 0.08686597843154284 -0.012747553598310854 0.0055297538934577575 0.10593147765115368 -0.11512627234828846 -0.0056864534275508317 0.0083685602419756363 -0.0048624453867472418
leaf_weight=81608.451245605946 8851454.0904535651 216098.87495832145 14613.532409116626 22939.601842351258 117942.27605032921 51862.386073812842 505869.26030545682 2641670.7056466192 361245.61119650304 821306.18093954772 381871.60668978095 1374324.3185950816 18005.530444592237 79425.938829675317 42526.153550669551 73468.412097260356 96078.015700705349 78400.721206560731 340923.13129241765 23515.224770843983 86886.758420042694 63255.33297277987 8296.3135124519467 124675.28742913902 15009406.593019143 3953.2032902315259 49023.923416420817 1113828.2158806473 1053749.7922569066 11841047.157879539
leaf_count=28728 3661791 1089036 122942 30255 44642 51629 352226 609807 310840 801598 1838396 3476759 63696 84654 152948 78452 275631 117257 658589 18998 155609 196120 9654 312425 5634492 7663 519083 671122 1099245 11975873
internal_value=-7.05376e-05 -0.00605644 -0.00403652 -0.0208405 0.00364807 -0.00386906 0.00913928 0.0134865 0.00257646 -0.00480195 -0.0162217 -0.0106371 0.04022 -0.00518442 -0.02837 -0.00465699 -0.00491892 -0.0250743 -0.01405 0.0774232 0.0130683 -0.0453329 -0.025489 -0.0328997 0.00294355 -0.0522354 -0.0986307 0.00475491 -0.00398127 -0.00378122
internal_weight=4.55493e+07 1.74537e+07 1.53557e+07 2.09803e+06 2.80955e+07 1.53411e+07 1.40878e+06 2.75961e+06 2.53359e+07 902915 1.82895e+06 1.44708e+06 72756.7 1.39323e+07 309883 1.36224e+07 1.35489e+07 602289 506211 46454.8 165287 230457 26301.8 187931 2.49747e+07 269076 52977.1 1.61232e+07 1.29467e+07 1.28948e+07
internal_count=34450160 23517466 16463926 7053540 10932694 16340984 1182552 654449 10278245 830326 5437758 3599362 122603 15158432 746147 14412285 14333833 1207086 931455 49253 272866 661493 73350 508545 9967405 1615782 526746 6305614 13126747 13075118
is_linear=0
shrinkage=0.1


Tree=36
num_leaves=31
num_cat=0
split_feature=9 9 11 6 10 6 2 7 11 3 8 11 11 11 10 9 7 11 9 3 3 3 6 10 11 11 3 3 11 10
split_gain=86185.2 38726.1 30742.8 58296.8 66422 51402.4 39232 33308 32336.2 29940.4 25287.1 29978.6 43468 28241.6 40911.8 24992.4 20637.4 21201.4 20161.3 22535.6 19184.6 20933.8 17485.2 17173.9 17113.3 16658.5 16509.7 17093.2 17216.6 16253.5
threshold=10.123434066772463 18.600001335144047 -0.42958798411962301 31.810018539428714 0.54219432480460406 30.390104293823246 1.8652705550193789 25.610002517700199 0.7710868207630478 405.00000000000006 17.882857322692875 0.96633974041180493 0.99530134160901229 0.92843842216862604 -0.70291267844185523 5.5652065277099618 11.979791641235353 0.097680735332368748 12.402499675750734 3.5000000000000004 22.500000000000004 9.5000000000000018 40.186279296875007 0.878110924644389 -0.85225707553516283 0.94353349168649059 49.500000000000007 20.500000000000004 0.84658398682345093 0.99274428880883148
decision_type=10 10 2 8 2 10 2 10 2 2 10 2 2 2 2 8 10 2 10 2 2 2 10 2 2 2 2 2 2 2
left_child=9 2 5 4 10 6 -2 -7 22 15 26 13 -13 14 16 -1 17 -12 -16 -20 21 -15 -5 -8 -9 -23 27 -4 -29 -6
right_child=1 -3 3 8 29 7 23 24 -10 -11 11 12 -14 20 18 -17 -18 -19 19 -21 -22 25 -24 -25 -26 -27 -28 28 -30 -31
leaf_value=0.01061435198540972 -0.076789066100973066 -0.051191026754498617 0.005225084485685874 -0.016092117457342885 0.0059290166206454513 0.0092135010644421866 -0.019956495245315366 0.00041166163358428336 -0.076134154233535395 -0.18538768353682034 -0.067612594014004476 -0.05741552920177434 -0.0068059899335404092 0.013201764643528156 -0.010714452024064501 0.0020678752384755252 -0.0099638804619124038 0.033086084035388562 0.0024772711324792833 -0.053465555021545076 0.032215727071507966 -0.0033226099220213775 -0.057988024392435944 0.053997173682328571 -0.018010636011241553 -0.10322161257708838 -0.079557832611480514 -0.19702871874021255 0.070650143302725676 0.029142411365711614
leaf_weight=3954500.7918279804 129916.43589042127 186818.63154312596 407703.66032968462 3474870.3492000252 2334521.0809888244 3420627.2220023423 400196.96151286364 1300890.2928236052 95899.816349562258 8419.092317763716 23170.098818201572 364170.49819032848 317815.57611583918 131707.27787549049 275553.33798664436 25392932.146049805 881860.63301988319 214174.11075280234 86351.361092232168 433508.4221598208 236589.42104445398 31965.307313904166 102555.67031162232 34075.121599525213 823422.92656924576 34935.321593388915 20169.240608923137 2498.6308900862932 62658.260897599161 346379.54843862355
leaf_count=1068402 208108 1143209 397922 5674213 2534957 2367370 284071 934021 424922 82426 46495 1255620 756210 167640 390909 10712210 1292102 325762 119104 1734270 576451 67810 314631 14517 1082976 110660 68928 9852 61783 222609
internal_value=-6.41203e-05 -0.00592535 -0.00539643 -0.00884472 -0.00293458 0.000179793 -0.0285768 0.00310573 -0.0188293 0.0031654 -0.0119572 -0.0153728 -0.0338307 -0.0100157 -0.0152424 0.00321949 -0.00291918 0.0232556 -0.0325821 -0.0441732 0.0129789 -0.00993676 -0.0172932 -0.0141537 -0.00672916 -0.0554896 0.00904647 0.0128258 0.0603852 0.00892825
internal_weight=4.55309e+07 1.6175e+07 1.59882e+07 9.87906e+06 6.20573e+06 6.10913e+06 564189 5.54494e+06 3.67333e+06 2.93559e+07 3.52483e+06 3.0318e+06 681986 2.34982e+06 1.91462e+06 2.93474e+07 1.1192e+06 237344 795413 519860 435197 198608 3.57743e+06 434272 2.12431e+06 66900.6 493030 472861 65156.9 2.6809e+06
internal_count=34450160 22587122 21443913 16552850 10139084 4891063 506696 4384367 6413766 11863038 7381518 6843033 2011830 4831203 3908642 11780612 1664359 372257 2244283 1853374 922561 346110 5988844 298588 2016997 178470 538485 469557 71635 2757566
is_linear=0
shrinkage=0.1


Tree=37
num_leaves=31
num_cat=0
split_feature=4 3 10 10 9 7 1 10 8 10 11 4 11 10 8 3 10 8 2 10 10 10 10 9 11 7 8 11 11 7
split_gain=70742.7 40254.9 36375.6 24764.8 21985.7 21018.5 25903.1 20860.4 19509.8 18901.2 17996.9 17484.5 17450.9 20748.8 18084.6 16823.5 17556 16083.1 15940.5 16433.9 31112.6 30353.8 21374.4 22962.4 20507.1 21512.3 17818.5 15588 35993.8 18815.4
threshold=0.34829135239124304 58.500000000000007 -0.048361574224334618 -1.0000000180025095e-35 17.020001411437992 18.470034599304203 1.0000000180025095e-35 -0.03977009085991149 20.31369781494141 -0.0053757284505435614 0.78192542922038288 33.942102432250984 0.97461712852231652 0.71503381463111937 31.42004489898682 64.500000000000014 -0.34235669412071207 21.580000877380375 55.59076118469239 -0.95244167294248061 -0.98803845231459242 -0.97876850416056738 -0.41398024697495356 11.787460803985597 0.88117331841669433 9.8800859451293963 28.448573112487797 0.98332250088165762 0.99530134160901229 16.813553810119632
decision_type=10 2 2 2 10 8 8 2 8 2 2 10 2 2 10 2 2 10 2 2 2 2 2 10 2 10 8 2 2 10
left_child=1 4 15 -4 18 6 8 -6 -2 -9 -11 -7 13 -5 -15 16 -3 -12 19 20 -1 -22 23 26 25 -25 -21 29 -29 -24
right_child=5 2 3 12 7 11 -8 9 -10 10 17 -13 -14 14 -16 -17 -18 -19 -20 22 21 -23 27 24 -26 -27 -28 28 -30 -31
leaf_value=-0.0089468757355550006 0.030515960224855122 -0.089224004789335828 0.046622973651405858 0.00072645923859929813 -0.063452738908987255 0.0031212229530834601 -0.014608687923012443 0.10684071999335526 -0.0018057735809301587 -0.0093788881765061519 0.043860975573679503 0.01201947383095885 -0.059880663429644633 -0.078447891787694068 -0.021545945793875115 -0.082992010190223675 0.033818306540753428 -0.086186110084973289 0.0068300290531906217 -0.030396294289347849 0.037893288195863045 0.0027333438995330193 0.0052939995566807663 0.011743542217216912 -0.087527891498715454 -0.028895506036224178 -0.0042480946958956623 -0.052516037724263401 0.00097183872670853096 -0.0047872547275880396
leaf_weight=894703.01713705063 253880.52428117394 18975.440032262355 61116.812826491892 451519.69796187431 102289.33048892766 22633952.431596741 1392547.1780640185 12632.135318480432 706279.79268404096 425995.59738565236 11405.979690827429 2446954.4715649337 94375.443663567305 64127.655283130705 432921.17374306172 128634.70979818702 29819.345853351057 57201.973045967519 1522185.1927812994 291606.13840354234 404449.49065577239 624916.73556041718 2719077.2811975069 158539.31637108326 49899.00498791039 730149.89127837121 2451622.784359172 201681.91994117945 334430.65470226109 5801120.4518180564
leaf_count=922365 131796 128108 99626 1158877 824548 8491478 823015 16795 529174 1240537 23874 558912 378924 243528 1388670 746278 89625 317836 720278 281431 296601 600074 3417031 276718 193932 2021288 1676117 519190 579274 5754260
internal_value=-5.87278e-05 -0.00491597 -0.0219997 -0.0152457 -0.00361236 0.0031416 -0.00589587 -0.0222567 0.00674057 -0.0139491 -0.0170341 0.00398936 -0.0188712 -0.0147911 -0.0288873 -0.064027 -0.0140307 -0.064566 -0.00291019 -0.00392139 0.00469278 0.0165481 -0.00522254 -0.011647 -0.0251482 -0.0216456 -0.00702766 -0.00261068 -0.0191499 -0.00156999
internal_weight=4.5509e+07 1.80754e+07 1.28149e+06 1.10406e+06 1.67939e+07 2.74336e+07 2.35271e+06 609525 960160 507236 494604 2.50809e+07 1.04294e+06 948569 497049 177429 48794.8 68608 1.61844e+07 1.46622e+07 1.92407e+06 1.02937e+06 1.27381e+07 3.68182e+06 938588 888689 2.74323e+06 9.05631e+06 536113 8.5202e+06
internal_count=34450160 23915785 4233636 3269625 19682149 10534375 1483985 2423590 660970 1599042 1582247 9050390 3169999 2791075 1632198 964011 217733 341710 17258559 16538281 1819040 896675 14719241 4449486 2491938 2298006 1957548 10269755 1098464 9171291
is_linear=0
shrinkage=0.1


Tree=38
num_leaves=31
num_cat=0
split_feature=9 3 2 9 10 11 8 11 3 8 10 9 11 10 6 1 6 11 11 10 10 8 6 11 11 11 11 10 10 10
split_gain=61266.9 32486 29880.6 26017 25007.6 20501.2 46212.7 29475.5 30704.5 19708.2 52274.3 20966.8 29583.7 22548 18916.5 16981.8 16959.6 18974.9 16193.9 16161.8 16152.8 15756.2 18451.9 15011.7 18546 15039.4 23037.7 22898.5 19467.7 17568.9
threshold=13.830000400543215 405.00000000000006 118.69426727294923 19.22970008850098 -0.97876850416056738 -0.013976481981245173 28.975737571716312 0.79773375822167203 7.5000000000000009 29.490000724792484 0.52766072109828632 7.8700017929077157 -0.15950993297387572 -0.97876850416056738 34.700023651123054 0.10636131092906 32.99000549316407 0.53312596302726967 -0.31800055644052067 -0.031173458710879235 1.0000000180025095e-35 31.618573188781742 29.030014038085941 0.99958851518450398 0.96633974041180493 0.92843842216862604 0.78192542922038288 0.70290292807158605 0.67802080537253961 -0.30983472475487867
decision_type=10 2 2 10 2 2 8 2 2 8 2 8 2 2 10 10 8 2 2 2 2 10 10 2 2 2 2 2 2 2
left_child=1 2 9 5 -4 -2 23 14 -9 10 -1 18 13 -13 -8 -15 17 -14 19 -11 -19 22 -20 24 25 26 27 28 -7 -27
right_child=3 -3 4 -5 -6 6 7 8 -10 11 -12 12 16 15 -16 -17 -18 20 21 -21 -22 -23 -24 -25 -26 29 -28 -29 -30 -31
leaf_value=-0.0090113454546573556 -0.0016351490758319863 -0.16968984994671801 -0.019750042777721733 -0.063541196814973666 0.010075607022971571 0.013223071482715124 -0.012830667049976605 0.034314851512259624 -0.07559820421840828 0.0011284002133167919 0.0089222286671505752 0.027648926608742672 0.0025009726778959149 -0.0023196777085973952 -0.039519967271266103 0.0049949342728203934 -0.015779557789972816 -0.0054789763542656376 0.023056757772027751 0.012510739122989237 -0.034414398050621797 0.025356995732191797 -0.0059875982766681955 0.039908125246245534 -0.027768770490751743 0.076179500886990992 -0.025866722965250423 -0.0097532881211256847 0.075738541825458486 0.0076399592139974855
leaf_weight=5851356.9266568571 2190934.7565872855 11107.440885402262 298036.84953802824 89189.597859915346 4952867.7703903168 290907.22553851828 829857.08003906161 29294.991346918046 191934.33282390237 5964865.9763934612 2250526.983638823 333167.22286879644 1986786.2319010198 6422946.1102801599 390539.38406892493 6274636.2141849995 1584959.6943157464 570414.32266137749 365374.55783376098 1577340.1687283963 291524.88056403399 734416.98276156187 545006.88226568699 76899.032096378505 300853.22336696088 50440.894775047898 356164.66031656414 475021.21164944768 60104.382475674152 144647.49868934602
leaf_count=4429347 3209309 111100 112854 628320 1264751 575592 2425596 62405 1201001 2008941 1383963 153455 1394974 4178973 1296620 2627824 1714761 763456 120469 504189 507425 238487 213578 118685 1011970 82874 1079958 616440 58209 354634
internal_value=-5.35147e-05 0.00130416 0.00135163 -0.00997314 0.00838273 -0.00908634 -0.0141933 -0.0274595 -0.0610436 0.000289301 -0.00402979 0.00160228 -0.000432024 0.00196872 -0.0213715 0.00129491 -0.0074879 -0.00287463 0.00546948 0.00350885 -0.0152655 0.0144599 0.00566913 -0.00329605 -0.00527584 -0.000362498 -0.00460746 0.004559 0.0239277 0.0253611
internal_weight=4.54921e+07 4.00153e+07 4.00042e+07 5.47679e+06 5.2509e+06 5.3876e+06 3.19666e+06 1.44163e+06 221229 3.47533e+07 8.10188e+06 2.66514e+07 1.74644e+07 1.30307e+07 1.2204e+06 1.26976e+07 4.43369e+06 2.84873e+06 9.187e+06 7.54221e+06 861939 1.6448e+06 910381 1.75504e+06 1.67814e+06 1.37729e+06 1.1822e+06 826033 351012 195088
internal_count=34450160 21728547 21617447 12721613 1377605 12093293 8883984 4985622 1263406 20239842 5813310 14426532 11340868 6960252 3722216 6806797 4380616 2665855 3085664 2513130 1270881 572534 334047 3898362 3779677 2767707 2330199 1250241 633801 437508
is_linear=0
shrinkage=0.1


Tree=39
num_leaves=31
num_cat=0
split_feature=9 3 9 9 8 11 4 11 10 11 8 11 7 3 7 2 6 10 8 10 3 7 11 8 3 11 6 10 11 11
split_gain=49714 28435 25486.3 21364.5 18512.9 51815 22894.6 17647.1 37019.1 17099.3 30005.2 17013.3 36905.4 20651.3 20455.6 26317.6 17045.5 33970.9 28358.6 21027.9 16721.4 16297.1 21208.3 15840.5 15596.2 15306.5 15100.5 14959.4 46558.1 18959.2
threshold=13.830000400543215 405.00000000000006 6.9900035858154306 19.22970008850098 25.924284934997562 0.79773375822167203 1.0000000180025095e-35 0.92843842216862604 -0.24372957273992746 -0.77243990499604276 30.777144432067875 -0.89404254237865755 17.610344886779789 194.50000000000003 22.987835884094242 53.00001525878907 33.40028381347657 0.52766072109828632 32.413030624389656 0.77244481603295057 9.5000000000000018 19.570019721984867 -0.54219087765047058 32.73481750488282 26.500000000000004 -0.30982845708428081 32.368263244628913 0.83376496542330847 0.51849435583340198 0.29958852271690523
decision_type=10 2 8 10 8 2 10 2 2 2 8 2 8 2 8 2 8 2 8 2 2 10 2 8 2 2 10 2 2 2
left_child=1 2 -1 4 -2 9 7 -7 20 -6 -11 12 -4 16 15 -14 17 18 21 -18 -9 22 -13 -19 -21 -20 -27 29 -29 -12
right_child=3 -3 11 -5 5 6 -8 8 -10 10 27 13 14 -15 -16 -17 19 23 25 24 -22 -23 -24 -25 -26 26 -28 28 -30 -31
leaf_value=0.0053895854813870263 0.0024833809056896963 -0.16458072797771139 -0.05437256865421302 -0.057772153274381226 0.0073951603608216612 -0.069237513268595036 0.060625356711642667 0.12242753209972215 -0.052350857778623965 0.005791637543474077 -0.015965771410532872 -0.040215177899217303 -0.015289654652943624 -0.072491615697887965 0.0068456954180731132 0.010245657728150564 -0.0030715996168380207 0.010285124084988016 -0.00063717807789307672 -0.022706589892338438 0.005882304470593889 -0.0021909827000912391 -0.0086841922524130612 -0.010354479263455068 0.0062113093721308564 0.031105148354556401 0.0060419753918004408 -0.013631503575109458 0.089455442680219183 -0.047619170049109677
leaf_weight=10715381.57390511 1247924.7353384458 10346.897517263889 108676.21756875515 88334.20910480991 650230.58274635673 197307.01463126019 20852.943982414901 15634.719274610281 199357.40731678903 820570.04766972363 530104.8556487225 231649.36614093184 1048712.2821086347 41275.610889807343 6494809.1650647819 656133.88762366772 4380798.4592298269 3494468.1673839241 964071.6737191081 1059452.5549484789 57905.306418407708 6487843.4153240696 2695932.6274944693 416129.21217185259 226347.67780084908 431278.40391363949 543123.2199665755 1300459.6204308048 45338.87490452826 294267.19159263
leaf_count=3253970 2275297 111100 108289 628320 671912 1147705 23492 13555 961035 1467270 1017760 188442 581917 124029 2746976 195239 2981619 2172391 383909 915208 222496 3152917 3536567 305072 387403 217815 365684 2871732 64709 1356330
internal_value=-4.85396e-05 0.00117387 0.00121675 -0.00899176 -0.00819082 -0.0114146 -0.0419068 -0.0464539 -0.0299812 -0.00730209 -0.0104975 -0.00031032 0.00351943 -0.0018275 0.00428671 -0.00546203 -0.00168815 5.05682e-05 -0.00271804 -0.00637185 0.03066 -0.00498571 -0.0111791 0.00808885 -0.017616 0.00829634 0.0171351 -0.0166566 -0.0101586 -0.0272647
internal_weight=4.54747e+07 4.00064e+07 3.99961e+07 5.46829e+06 5.37995e+06 4.13203e+06 491057 470204 272897 3.64097e+06 2.99074e+06 2.92807e+07 8.30833e+06 2.09724e+07 8.19966e+06 1.70485e+06 2.09311e+07 1.52645e+07 1.13539e+07 5.6666e+06 73540 9.41543e+06 2.92758e+06 3.9106e+06 1.2858e+06 1.93847e+06 974402 2.17017e+06 1.3458e+06 824372
internal_count=34450160 21728547 21617447 12721613 12093293 9817996 2368283 2344791 1197086 7449713 6777801 18363477 3632421 14731056 3524132 777156 14607027 10322797 7845334 4284230 236051 6877926 3725009 2477463 1302611 967408 583499 5310531 2936441 2374090
is_linear=0
shrinkage=0.1


Tree=40
num_leaves=31
num_cat=0
split_feature=11 6 7 1 11 11 9 10 10 3 6 3 9 10 10 10 7 11 8 8 3 11 9 10 10 3 6 7 11 10
split_gain=42505.2 42927.4 36825.7 29665.4 32620 44516.3 26082.3 25612.7 35411.7 24583.1 23795.1 22138.1 21954.8 21112.7 29472.5 20961.8 19964.2 23468.4 21854.6 24375.7 22750 28690 19937.6 23157.7 19857.1 18643.1 17727 17493 16389.3 15750.1
threshold=0.097680735332368748 30.990071296691898 8.8005638122558612 0.41041778028011328 0.97263757644091875 0.9989598388634241 13.280001640319826 -0.92274349529687905 -0.37447345805034543 66.500000000000014 40.013248443603523 91.500000000000014 11.787460803985597 -0.96689237009891416 -0.90893996196865023 0.89404822654372251 -1.0000000180025095e-35 0.97062204580664158 20.31369781494141 31.178572654724125 12.500000000000002 0.67007489853957602 4.7100000381469735 -0.23537230790205757 -0.30983472475487867 14.500000000000002 24.37018966674805 8.3628058433532733 0.99681593486783593 -0.42957681104363482
decision_type=2 8 8 8 2 2 8 2 2 2 10 2 8 2 2 2 10 2 10 10 2 2 10 2 2 2 10 8 2 2
left_child=2 3 -1 4 6 9 16 25 26 -6 11 22 -3 -14 -15 -12 17 -2 20 -20 -18 -22 -4 -24 -10 -8 -9 -7 -5 -13
right_child=1 12 10 28 5 27 7 8 24 -11 15 29 13 14 -16 -17 18 -19 19 -21 21 -23 23 -25 -26 -27 -28 -29 -30 -31
leaf_value=-0.05655357634804406 -0.064639174903946023 -0.0057235999835975205 0.012185860737036095 -0.011257377560272891 -0.021134118344974931 0.046637687750349863 0.067592374730321619 -0.005035508707838747 0.047892191055797916 -0.076235185042793571 -0.0072654209616020765 -0.18331060899578708 0.0085527339021263422 -0.070823440545292923 -0.0225882714919559 -0.048570746307650056 0.03784295200052161 0.12873132679698582 0.0042701298712739758 0.036764112257815111 -0.16228963702973273 0.0054925272928108325 -0.0005674530893185494 0.0048869725717872797 -0.0018957126411765246 -0.06867408009533929 -0.048960606331663457 -0.0039189516501560743 -0.082337424716305452 -0.023801754275495142
leaf_weight=108433.27076001838 57507.658451482654 1258635.9437827021 2005902.937633235 1837080.678529799 573821.40656238049 124273.22351495177 74960.70953835547 145476.65645704418 85383.80544636026 94270.617945227772 1042546.2638926655 6359.9423552192748 187905.62015105784 139284.43368978426 1399194.1172612496 139274.60004620254 502811.09398854151 7045.1743748933077 1934584.6454166993 262144.40388333052 11951.40785291791 69211.16099884361 17187203.641696323 14227327.274153154 1296132.8749316856 11592.892649076879 249371.13534589484 152331.01018061489 33021.829548567533 232140.25598991662
leaf_count=100620 63997 972975 594654 1080645 1309646 143450 81387 319711 188985 502906 1440647 44087 307197 455640 4020307 456642 275185 2135 1994315 179707 23841 86866 7392437 7686100 2513127 43985 1258915 285075 42859 582117
internal_value=-4.41642e-05 -0.00562088 0.00163256 -0.00159476 0.00201708 -0.0149414 0.00541981 -0.00377856 -0.00636682 -0.0289091 0.00181365 0.00230334 -0.0157677 -0.0230904 -0.0269552 -0.0121331 0.0114424 -0.0435351 0.0127187 0.00814777 0.029913 -0.0192139 0.00251999 0.0019028 0.0011814 0.049341 -0.032777 0.0187952 -0.0125125 -0.0280553
internal_weight=4.54572e+07 1.0508e+07 3.49492e+07 7.52297e+06 5.65287e+06 944696 4.70817e+06 1.86292e+06 1.77636e+06 668092 3.48408e+07 3.36589e+07 2.98502e+06 1.72638e+06 1.53848e+06 1.18182e+06 2.84526e+06 64552.8 2.7807e+06 2.19673e+06 583974 81162.6 3.34204e+07 3.14145e+07 1.38152e+06 86553.6 394848 276604 1.8701e+06 238500
internal_count=34450160 16152856 18297304 10396737 9273233 2241077 7032156 4406110 4280738 1812552 18196684 16299395 5756119 4783144 4475947 1897289 2626046 66132 2559914 2174022 385892 110707 15673191 15078537 2702112 125372 1578626 428525 1123504 626204
is_linear=0
shrinkage=0.1


Tree=41
num_leaves=31
num_cat=0
split_feature=9 11 8 6 10 11 11 7 8 8 11 10 2 3 3 3 3 11 3 2 6 6 9 11 11 11 3 7 3 10
split_gain=36138 24134.1 46119 36490 42178.7 33376 31068.6 30377.5 35643.8 27190.6 28789.8 28161.9 21135.7 18650 18492.6 17084.1 18463.3 24186.8 16628.5 16360.3 16341.6 15647.2 29226.5 15771.9 31521.2 16747.3 20325.2 18634.5 16206.5 15434.6
threshold=9.0900011062622088 -0.78324956448884031 29.029999732971195 33.900070190429695 0.83376496542330847 0.51849435583340198 0.42763731121559989 6.2799537181854257 32.367830276489265 18.616177558898929 0.78192542922038288 -0.54939360607974019 2.4575660228729252 405.00000000000006 49.500000000000007 129.50000000000003 91.500000000000014 0.70138038092733435 14.500000000000002 2.2681553363800053 20.117623329162601 31.415515899658207 14.602698802948 0.96633974041180493 0.99530134160901229 0.92843842216862604 21.500000000000004 10.690012454986574 9.5000000000000018 0.54219432480460406
decision_type=10 2 8 10 2 2 2 10 10 8 2 2 2 2 2 2 2 2 2 2 10 8 10 2 2 2 2 10 2 2
left_child=13 2 12 4 9 6 7 19 -9 14 15 -12 -2 -1 -3 16 -11 -18 -7 20 -6 23 -23 25 -25 27 28 29 -27 -13
right_child=1 3 -4 -5 5 18 -8 8 -10 10 11 21 -14 -15 -16 -17 17 -19 -20 -21 -22 22 -24 24 -26 26 -28 -29 -30 -31
leaf_value=0.0026254830361796405 -0.094089710875278662 0.013330980664985304 0.0043318333622176988 -0.012903367986830823 -0.16454544948408556 0.029315949678469677 -0.026139484091082795 0.018531712613287715 -0.013525672280136028 -0.0037832903559270807 -0.06765748916988186 -0.053875297539123096 -0.024059876054934527 -0.1811898102281887 -0.069970007428792447 -0.085190309689931687 -0.062543257789265269 0.089987401099815206 0.098993482179497425 -0.020381793622745021 0.010084575089077332 -0.0141151428440877 -0.1131523822064333 -0.043830508437644744 -0.0020705517557913825 0.0045705641404012289 0.028674165801115148 -0.0040711025580084615 -0.05634460380450336 0.00063816847175346674
leaf_weight=24347661.533398036 55716.74109872058 870234.34622328356 5519619.924663607 4344726.057128381 17857.072191163898 92877.876722857356 268733.91157247126 1782403.8076690324 430636.30634875596 5052631.8805148304 105373.609623041 171066.43426218256 190281.39371526241 5520.9434868507087 27491.956368498504 25506.029327139258 13673.238516706973 43372.861259274185 54260.000426210463 81502.010943830013 7656.1512722373009 87232.595282144845 45256.497260525823 383707.60872294381 341728.51029968262 147181.21293527633 251556.12317785993 536729.19824329019 62104.769003599882 74583.058282420039
leaf_count=9038510 93417 770244 3237267 6613487 31922 73984 375353 1331965 476534 5683321 405544 562001 131241 72753 93281 127398 49516 63565 60268 53755 8968 194538 370286 1354570 812599 186659 622186 1247191 171109 136728
internal_value=-4.03118e-05 -0.00307107 0.00244372 -0.00514653 -0.0020759 0.00868215 0.00604898 0.0097774 0.0122937 -0.00564814 -0.00765693 -0.01721 -0.0399211 0.00258381 0.01078 -0.00355208 -0.00314457 0.0534277 0.0550109 -0.042258 -0.112141 -0.0146801 -0.0479449 -0.0124414 -0.0241588 -0.00560411 0.00951865 -0.0145118 -0.0135058 -0.0373241
internal_weight=4.54389e+07 2.10857e+07 5.76562e+06 1.53201e+07 1.09754e+07 2.73593e+06 2.58879e+06 2.32006e+06 2.21304e+06 8.23943e+06 7.3417e+06 2.20652e+06 245998 2.43532e+07 897726 5.13518e+06 5.10968e+06 57046.1 147138 107015 25513.2 2.10115e+06 132489 1.96866e+06 725436 1.24322e+06 460842 782379 209286 245649
internal_count=34450160 25338897 3461925 21876972 15263485 2412749 2278497 1903144 1808499 12850736 11987211 6063411 224658 9111263 863525 5923800 5796402 113081 134252 94645 40890 5657867 564824 5093043 2167169 2925874 979954 1945920 357768 698729
is_linear=0
shrinkage=0.1


Tree=42
num_leaves=31
num_cat=0
split_feature=11 6 7 1 9 11 11 9 0 8 3 10 11 8 3 8 10 10 10 9 10 8 3 10 11 10 3 7 10 7
split_gain=30545.1 35184.8 30617.4 29539.1 25716.2 23516.7 50820.1 19118 19076.7 20222.1 18397.1 18026.5 37560.7 38093.9 34945 25570.4 17491.4 24459.3 16919.5 16415.3 16391.8 16340.4 19778.6 19991 17144.6 20022.7 26150 19884.9 32845 17672.1
threshold=0.097680735332368748 29.790269851684574 8.8005638122558612 0.50995793938636791 11.733077049255373 0.98174098242282837 0.99530134160901229 7.3099999427795419 9.7174654006958026 28.627143859863285 2.5000000000000004 0.83849049182116964 0.28313308994381592 31.978569030761722 39.500000000000007 32.881446838378913 -0.96689237009891416 -0.90893996196865023 0.85673801594079257 16.300000190734867 0.89787622492179153 21.580000877380375 52.500000000000007 -0.85227431625818906 0.78192542922038288 -0.37447345805034543 29.500000000000004 9.8800859451293963 -0.30983472475487867 12.511072158813478
decision_type=2 8 8 8 8 2 2 8 2 10 2 2 2 10 2 10 2 2 2 10 2 10 2 2 2 2 2 10 2 10
left_child=2 3 -1 5 10 7 -7 -2 -4 -10 -3 14 13 -13 16 -14 -6 -18 -17 -16 -20 22 23 -9 -23 26 29 28 -27 -26
right_child=1 4 8 -5 11 6 -8 21 9 -11 -12 12 15 -15 19 18 17 -19 20 -21 -22 24 -24 -25 25 27 -28 -29 -30 -31
leaf_value=-0.051911382238885521 0.029342011161506039 -0.0119011444064221 0.00013641598359882652 -0.012137194411603771 0.0087116468864769075 -0.04750167892889879 0.0075341967347278584 -0.11606710544764971 0.014991670950943094 0.0031520704804388847 0.007795622300287618 0.011215092124273114 -0.014297078303929088 -0.059334092681044739 -0.042678899188498313 0.092062432088266019 -0.061102975995839665 -0.016904586243619967 -0.029369471361883046 -0.096591458558449528 0.035103901082590788 0.0071352181790785927 -0.055658464392585587 0.018454463939392173 -0.074946742119273463 0.072707101112297667 -0.090100587926725442 0.0066902462159930884 -0.044952064637676432 0.0011363761431505716
leaf_weight=107463.83767905086 342043.9364274554 1119791.0801438093 25542694.540935762 1540961.0210686848 195184.26263785362 266900.81601297483 451787.40381939337 11160.238237544894 1785982.3190535307 7503728.136143744 822500.1309771277 119830.32025838271 236772.17114216089 211844.08033045009 193842.67202886194 38694.710559651256 150459.90722348914 746029.07757788152 51011.029646210372 79696.120772976428 173744.6481615901 1515408.2553609945 38682.87012411654 1090415.9967264384 38905.713715080172 27401.519096139818 62918.296889130026 636640.80675582215 176861.31381054595 141791.43098473549
leaf_count=100620 154285 640179 15580434 936872 310728 810630 837966 25894 429398 2186852 807822 148163 449045 619689 796931 53331 465935 2050997 150992 751387 327247 1961414 130279 987799 167678 53431 424673 1244717 617509 227263
internal_value=-3.70079e-05 -0.00477174 0.00138332 -9.08309e-05 -0.0119432 0.00377572 -0.0129046 0.00671233 0.00154774 0.00542828 -0.00356017 -0.0193541 -0.00775041 -0.0338454 -0.0264248 0.009552 -0.0184162 -0.0243225 0.030986 -0.0583864 0.0204709 0.00464282 0.0146236 0.0170916 0.000265528 -0.00933355 -0.0345779 -0.0020201 -0.0291683 -0.015245
internal_weight=4.54211e+07 1.04813e+07 3.49399e+07 6.34188e+06 4.1394e+06 4.80092e+06 718688 4.08223e+06 3.48324e+07 9.28971e+06 1.94229e+06 2.19711e+06 831897 331674 1.36521e+06 500223 1.09167e+06 896489 263450 273539 224756 3.74019e+06 1.14026e+06 1.10158e+06 2.59993e+06 1.08452e+06 243615 840904 204263 180697
internal_count=34450160 16152856 18297304 8580410 7572446 7643538 1648596 5994942 18196684 2616250 1448001 6124445 1748467 767852 4375978 980615 2827660 2516932 531570 1548318 478239 5840657 1143972 1013693 4696685 2735271 819614 1915657 670940 394941
is_linear=0
shrinkage=0.1


Tree=43
num_leaves=31
num_cat=0
split_feature=3 10 9 11 11 6 2 6 10 7 8 11 3 10 6 11 9 3 2 11 6 5 10 8 2 0 10 8 11 11
split_gain=27887.6 26257.9 23496.2 16964.7 15255.5 34626.4 42858.2 33111.5 40693.8 33267.6 20413.6 21172.2 23965.5 19892.2 19105 18300.6 18559 16539.3 15494.3 14931.4 14922.1 14818.5 13769.3 12658.3 14211.1 13885.4 17933.6 15578 17401.2 13870.8
threshold=129.50000000000003 -0.11692013674435776 8.1367740631103533 -0.84313311835787952 -0.45273527932988084 29.530110359191898 2.2681553363800053 31.896846771240238 0.96234642434711437 8.1402940750122088 18.616177558898929 0.79773375822167203 6.5000000000000009 -0.54939360607974019 9.6149997711181658 0.78192542922038288 14.474685668945314 108.50000000000001 1.5027573108673098 0.59003219687534991 40.550180435180671 1.119465231895447 -0.76141707087277943 33.380012512207038 2.8428689241409306 20.643525123596195 -0.031173458710879235 27.674286842346195 0.04621408538533487 0.04621408538533487
decision_type=2 2 10 2 2 10 2 8 2 10 10 2 2 2 8 2 10 2 2 2 8 8 2 10 2 2 2 10 2 2
left_child=2 -2 23 -3 5 6 -4 8 10 18 14 12 19 -13 -6 20 -17 -14 -10 -12 -9 -11 -16 25 -25 -1 27 28 -27 -28
right_child=1 3 4 -5 7 -7 -8 15 9 21 11 13 17 -15 22 16 -18 -19 -20 -21 -22 -23 -24 24 -26 26 29 -29 -30 -31
leaf_value=0.00036159558676637608 -0.17697963583215384 0.020245342936340546 -0.065282236036439067 -0.035956553535031542 -0.040245406657872143 0.0023320134156624814 -0.0079043019663462173 -0.0087100942632295231 -0.10351544948359884 0.037663647694110923 -0.0023381498812766631 -0.060891997125390451 0.0083980150980961458 -0.011058646672439269 -0.15142595322413044 -0.019908859399144749 -0.11141427933861524 0.07362806984611063 -0.013302332481124821 -0.019788028126922388 -0.050455869481983398 0.012274967508807973 0.013805239497977288 0.032115030896867569 0.0071359308699037137 0.024396338276913399 0.023181120961892752 0.00036944743940505543 -0.05305977981276333 -0.022810566089475934
leaf_weight=12610604.245765164 11588.371048178524 68675.024757824838 158815.0247531943 246446.99609701708 71853.475248020142 11355346.356245406 722001.34216442704 5152247.4032482132 23693.253465369344 454913.41690641642 2632543.5689953938 83345.021102413535 1287600.4275423661 2058500.5118575543 5067.4528654739261 60134.843425855041 35103.043193392456 40080.506949383765 96906.866550415754 602606.47951819003 87073.190609928221 464758.77882263064 1064708.4317433164 261486.53174340725 1765786.8935517073 470946.30520904064 829684.93234229088 2578976.9604994059 30908.267774343491 71203.473932802677
leaf_count=4764010 99483 84860 228099 935400 73354 6743353 401665 6705249 39143 329501 1759812 294446 2461990 5220994 9442 132826 313739 62011 63066 622446 304505 221808 935913 121362 572193 89298 168642 651070 12675 27805
internal_value=-3.39862e-05 -0.0291449 0.000177005 -0.0237084 -0.00173828 0.000850438 -0.0182498 -0.00396567 -0.000227116 0.0183576 -0.0026911 -0.00479585 -0.000945759 -0.0129978 0.0096699 -0.0101936 -0.0536362 0.0103672 -0.0310257 -0.00558851 -0.00940387 0.0248334 0.0130226 0.00289851 0.0103578 0.00198712 0.00713536 0.00350625 0.019626 0.0195461
internal_weight=4.54036e+07 326710 4.50769e+07 315122 2.64573e+07 1.22362e+07 880816 1.42211e+07 8.88658e+06 1.04027e+06 7.84631e+06 6.70468e+06 4.56283e+06 2.14185e+06 1.14163e+06 5.33456e+06 95237.9 1.32768e+06 120600 3.23515e+06 5.23932e+06 919672 1.06978e+06 1.86196e+07 2.02727e+06 1.65923e+07 3.98172e+06 3.08083e+06 501855 900888
internal_count=34450160 1119743 33330417 1020260 26923362 7373117 629764 19550245 12093926 653518 11440408 10421699 4906259 5515440 1018709 7456319 446565 2524001 102209 2382258 7009754 551309 945355 6407055 693555 5713500 949490 753043 101973 196447
is_linear=0
shrinkage=0.1


Tree=44
num_leaves=31
num_cat=0
split_feature=3 10 2 10 10 11 9 9 10 3 10 7 11 11 8 9 7 4 10 9 3 6 11 11 7 10 10 8 8 11
split_gain=23320.8 23509.4 20622.4 17471.5 17113.6 16716.5 14589.5 13818.5 13747.2 16428.7 26210 16839 15383.1 13701 12381 12554 12200.5 12067.7 17638.9 24389.5 13826.1 13783.9 14138.3 29571.9 20106.1 18783.9 18002.7 20917.2 15094.2 23122.4
threshold=141.50000000000003 -0.11692013674435776 55.59076118469239 -0.93545489084327571 -0.95244167294248061 -0.84313311835787952 20.530893325805668 6.7800750732421884 -0.98803845231459242 2.5000000000000004 -0.97876850416056738 19.900044441223148 -0.056951011027366626 -1.0000000180025095e-35 31.50285625457764 11.139999866485597 24.308832168579105 0.40301407873630529 -0.861146256326485 16.100001335144047 6.5000000000000009 9.6149997711181658 0.9989598388634241 0.98332250088165762 17.900031089782718 -0.108376950152639 1.0000000180025095e-35 17.080183029174808 23.542143821716312 -0.31800055644052067
decision_type=2 2 2 2 2 2 10 8 2 2 2 8 2 2 8 8 10 10 2 10 2 8 2 2 10 2 2 10 8 2
left_child=2 -2 4 14 7 -3 17 -1 12 13 11 -11 -9 -10 15 -4 -5 18 19 -6 -19 -20 23 28 25 -25 -24 -28 29 -23
right_child=1 5 3 16 6 -7 -8 8 9 10 -12 -13 -14 -15 -16 -17 -18 20 21 -21 -22 22 26 24 -26 -27 27 -29 -30 -31
leaf_value=0.021771323245447047 -0.17623109704995399 0.019899714058408614 -0.010308003923045816 0.0068066630439976962 -0.013688299235342255 -0.038680921006676569 -0.11441317405812962 -0.017185746144574753 0.0088749673142671012 0.084482596246279032 0.0048492328294182548 0.029522902601187284 0.0029954667267184844 -0.01421578799939209 0.0063782152579951266 -0.088622261192639731 -0.00025557523256751534 -0.00041997412240433942 -0.050572567967785378 -0.10600194017001952 0.020202230238424115 -0.10385608973862262 0.038321194970428414 -0.08389965581193666 0.023471165401956474 -0.02668360520365716 0.061310488528784748 -0.045183094704978916 -0.0036494768504240598 0.0088465527637593359
leaf_weight=429908.38820835575 10502.890019223094 65657.369918409735 1174129.6784704626 8451808.486898914 1099898.0299903043 188743.90352536365 11572.835227068514 566148.63562335074 790548.29290942848 75277.502341657877 427978.62185683474 214882.65276206657 1134726.1245419644 380719.04318617284 557084.53455528617 20832.408324062824 3442592.9281335771 12592467.254598439 60823.765917528421 29384.767876073718 333725.77914936095 18446.890241406858 178390.27865290642 69938.916759353131 64123.67582705617 319499.27118182182 25405.913065493107 67308.025367222726 11204064.839785296 1382006.2363216542
leaf_count=135298 98735 81074 440900 2486694 1184772 743311 108345 404864 353225 64821 498019 168779 922462 248202 209873 23714 1070669 5641488 73840 251083 255357 28015 261386 326550 95355 966101 19412 170158 15462117 1655541
internal_value=-3.11103e-05 -0.0296151 0.000142566 0.00338937 -0.00126503 -0.0235621 -0.00215724 0.00482859 0.00279983 0.00867089 0.0205795 0.0437813 -0.003722 0.00136934 -0.0059336 -0.0116733 0.00476264 -0.00210991 -0.00408842 -0.0160904 0.000112446 -0.00307621 -0.00285947 -0.00332874 -0.0284155 -0.036959 0.0197437 -0.0160012 -0.00242602 0.00736202
internal_weight=4.53886e+07 264904 4.51237e+07 1.36464e+07 3.14772e+07 254401 2.74571e+07 4.02019e+06 3.59028e+06 1.88941e+06 718139 290160 1.70087e+06 1.17127e+06 1.75205e+06 1.19496e+06 1.18944e+07 2.74455e+07 1.45193e+07 1.12928e+06 1.29262e+07 1.339e+07 1.33292e+07 1.30581e+07 453562 389438 271104 92713.9 1.26045e+07 1.40045e+06
internal_count=34450160 923120 33527040 4231850 29295190 824385 26499520 2795670 2660372 1333046 731619 233600 1327326 601427 674487 464614 3557363 26391175 20494330 1435855 5896845 19058475 18984635 18533679 1388006 1292651 450956 189570 17145673 1683556
is_linear=0
shrinkage=0.1


Tree=45
num_leaves=31
num_cat=0
split_feature=3 11 6 6 1 9 7 11 11 6 3 11 10 11 10 8 9 10 8 7 8 5 9 8 11 11 7 2 2 5
split_gain=19046.2 18483.1 25504.2 25231.1 24769.8 20938.7 18304.8 17374.2 33437.6 16012.8 15951.4 15536.3 13789.9 13550.3 25228.9 23907.2 14016.5 13397.3 60624.7 42573.3 24098.1 18087.8 13851.1 13149.9 12973.5 14725.3 13161.2 12925.6 12456.1 12235.5
threshold=405.00000000000006 0.097680735332368748 29.530110359191898 20.580407142639164 0.41041778028011328 11.733077049255373 19.570019721984867 0.98174098242282837 0.99530134160901229 40.550180435180671 2.5000000000000004 -0.33426211444629356 -0.0053757284505435614 0.80798785254895478 0.19337368024598436 26.054286003112797 16.054862022399906 0.95752911693909493 32.73481750488282 12.380525112152101 38.36714172363282 1.0847337841987612 4.4299993515014657 38.224283218383796 0.99681593486783593 0.99249573635719013 21.28015232086182 0.86230576038360607 8.2515120506286639 0.15476569533348086
decision_type=2 2 8 8 8 8 10 2 2 10 2 2 2 2 2 10 8 2 8 8 10 8 10 10 2 2 10 2 2 10
left_child=1 3 4 27 6 10 7 -3 -9 17 -4 -11 -12 23 16 -16 -15 19 21 28 -20 -19 -21 -7 25 26 -6 -1 -5 -17
right_child=-2 2 5 9 24 13 -8 8 -10 11 12 -13 -14 14 15 29 -18 18 20 22 -22 -23 -24 -25 -26 -27 -28 -29 -30 -31
leaf_value=-0.14584328929256068 -0.12641997254690021 0.0051729125179200038 -0.0096923046364196762 -0.08756911163514014 -0.014976835609132095 -0.012212530755188911 0.02654895223625274 -0.041524481703642979 0.0047184207513514455 -0.0088095546587609475 0.015437552048743428 -0.068473727281774907 -0.013368372514908917 0.0022418714484958983 0.010197541526182812 -0.10265500466912131 -0.050147330572186816 0.04429017912188335 -0.014944530110756955 0.010717201390141763 0.026599042044243893 0.015475010393121678 0.00090119803595941489 -0.13231698052096527 -0.076033363701687284 0.068005546828942248 0.0097575907183949841 -0.035808589152732405 -0.026332316454134776 0.037540015933024265
leaf_weight=12179.277270633727 11919.474479101598 3554449.625207562 1211248.6547638774 62983.829754501581 1200820.5011903942 1909469.2093508653 338662.92476944625 248016.5488277562 423148.95003190264 868051.5364767313 647897.91409136355 45954.12181545794 223520.99070388079 160319.54593475908 28958.03699516505 91869.70089392364 74940.729754369706 408695.37305665016 782266.55645862222 1508784.4967679158 169966.75124190748 466491.7785910815 30436832.11983908 9159.7072627283633 29681.631088480353 24260.633714735508 262076.54300525784 86465.476243495941 70283.349018543959 6677.7179949954152
leaf_count=20651 132897 5502449 688332 124013 797604 4742907 163991 775725 802904 1343837 562071 190358 292516 518925 35347 555070 452243 278444 1172278 470369 315861 199084 14005810 57230 39498 15591 80914 50073 55521 7647
internal_value=-2.83966e-05 4.81292e-06 -0.00368584 0.00110879 0.000500179 -0.00951887 0.00417938 0.00238656 -0.0123698 0.00125186 -0.00226918 -0.0118093 0.00804876 -0.0161371 -0.0338609 -0.0696825 -0.0144464 0.00160395 0.00993231 0.00112951 -0.0075293 0.0289311 0.00136481 -0.0127859 -0.0105708 -0.00926425 -0.0105457 -0.0493941 -0.0552736 -0.0931552
internal_weight=4.53761e+07 4.53641e+07 1.04452e+07 3.4919e+07 6.08112e+06 4.36406e+06 4.56428e+06 4.22562e+06 671165 3.48203e+07 2.08267e+06 914006 871419 2.28139e+06 362766 127505 235260 3.39063e+07 1.82742e+06 3.20789e+07 952233 875187 3.19456e+07 1.91863e+06 1.51684e+06 1.48716e+06 1.4629e+06 98644.8 133267 98547.4
internal_count=34450160 34317263 16090964 18226299 8178676 7912288 7245069 7081078 1578629 18155575 1542919 1534195 854587 6369369 1569232 598064 971168 16621380 1965667 14655713 1488139 477528 14476179 4800137 933607 894109 878518 70724 179534 562717
is_linear=0
shrinkage=0.1


Tree=46
num_leaves=31
num_cat=0
split_feature=3 10 2 10 11 6 9 11 7 8 3 10 7 10 10 10 3 8 8 10 8 10 11 3 7 11 10 11 10 8
split_gain=17818.3 20872.9 15575.2 16899.1 13650.2 25601.6 24933 19155.5 22073.3 19266.7 40647.3 33614.6 23279.4 16366.7 21593.7 19327.4 14658.5 26884.8 26222.3 27086.2 23614.2 19781.6 18334.4 16090.3 14878.9 14989.3 19868.1 14629.5 13952.2 63270.5
threshold=141.50000000000003 -0.11692013674435776 99.821884155273452 -0.97876850416056738 0.5475998096715059 29.470059394836429 18.170379638671879 0.51849435583340198 18.370016098022464 29.029999732971195 21.500000000000004 0.91248814248966237 7.9205369949340829 0.21022171450811275 0.58481550752069722 -0.79384350655589164 14.500000000000002 17.882857322692875 11.574999809265138 -0.39036798905311365 28.318849563598636 -0.71504373327588355 0.99748108949426018 27.500000000000004 1.0609077811241152 0.97062204580664158 0.21022171450811275 0.87291090774974645 0.63920241694561786 32.28167915344239
decision_type=2 2 2 2 2 8 10 2 8 8 2 2 10 2 2 2 2 10 10 2 8 2 2 2 10 2 2 2 2 8
left_child=2 -2 4 -4 7 16 13 9 -9 10 11 -1 -13 15 -15 -7 17 24 -18 21 22 -20 -19 27 25 -6 -27 -23 -11 -30
right_child=1 -3 3 -5 5 6 -8 8 -10 28 -12 12 -14 14 -16 -17 18 20 19 -21 -22 23 -24 -25 -26 26 -28 -29 29 -31
leaf_value=-0.010114477679912184 -0.17135481080085954 -0.020527138541817466 -0.014978543831668143 0.0057632674489987564 -0.025264624101172747 -0.044781970617384446 -0.085425278135488475 0.045468535454302302 -0.010260289339875269 0.0019151167391403224 -0.082238939319932008 -0.020459717965835653 0.017172415230521699 -0.057155815178448338 -0.014175646379631713 -0.00073545511163181521 -0.10439454469178025 -0.015803438554909812 0.022240031310394235 0.015040204586120643 0.0088200990839011652 -0.041739033538915199 -0.068052143474350443 -0.065962152770761687 0.017885407373586064 0.00021366238451277052 0.11046937384380294 0.041696387713668369 0.014868543906017641 -0.010768900728647609
leaf_weight=3255888.1469847225 9520.270417181775 253223.51184471883 418202.94301998615 6466555.5081234723 200717.04469743371 112990.820629403 50267.891902253032 193815.93110881373 112227.8879526183 22802843.369628806 69273.237379591912 201831.14142537117 885932.4898833856 170594.22417166829 371341.34769801423 841900.24922101572 20837.329523727298 1365853.5205554701 76363.120057374239 1180011.5133259892 410644.75745613873 50159.577013079077 70634.113314591348 98210.509414013475 598596.46630964428 85744.761795297265 20192.741007015109 36168.024817172438 1311338.3246288896 3619792.78668648
leaf_count=1997387 98735 824385 160503 1729971 172061 247695 488312 238548 120853 11725751 195907 152595 533219 578116 772907 1833845 45224 1772530 155967 2805402 387944 147601 134920 543082 402955 97038 7590 73069 962042 5044006
internal_value=-2.6198e-05 -0.0259922 0.000125079 0.00450334 -0.00066372 -0.00514938 -0.0161514 0.0001326 0.0250325 -0.000104451 -0.00624175 -0.00502973 0.0101899 -0.013825 -0.0277052 -0.00594741 -0.00111032 -0.00540839 0.00698267 0.00859332 -0.0123272 -0.0205649 -0.0183726 -0.0382778 0.0087093 -0.00920267 0.0212295 -0.00678272 0.000872093 -0.00395112
internal_weight=4.53617e+07 262744 4.50989e+07 6.88476e+06 3.82142e+07 5.76123e+06 1.54709e+06 3.24529e+07 306044 3.21469e+07 4.41293e+06 4.34365e+06 1.08776e+06 1.49683e+06 541936 954891 4.21413e+06 2.75238e+06 1.46175e+06 1.44091e+06 1.84713e+06 260901 1.43649e+06 184538 905251 306655 105938 86327.6 2.7734e+07 4.93113e+06
internal_count=34450160 923120 33527040 1890474 31636566 10666258 3920875 20970308 359401 20610907 2879108 2683201 685814 3432563 1351023 2081540 6745383 2975038 3770345 3725121 2295394 919719 1907450 763752 679644 276689 104628 220670 17731799 6006048
is_linear=0
shrinkage=0.1


Tree=47
num_leaves=31
num_cat=0
split_feature=3 9 9 11 10 8 10 10 6 8 10 9 10 10 9 10 3 8 10 3 3 10 11 3 10 3 7 11 11 10
split_gain=16041.7 15040.7 13894.4 12574.4 34201.9 25435 15461.4 21896.7 14537.3 19907.1 26287.4 22191.3 19814 18552.6 16286.8 15077.1 14735.8 14130.9 13514.1 13399.1 15584.7 13391.3 18640.3 15397.9 15906.4 12576.7 12256.8 12097.3 38908.3 21186.8
threshold=941.50000000000011 19.690001487731937 6.0299992561340341 0.78192542922038288 -0.57078386445773377 19.211283683776859 0.52766072109828632 0.35846314187849709 22.880730628967289 26.862856864929203 -0.26037633224328088 16.669999122619632 -0.2270106897347694 -0.29343379936893921 14.900000095367433 -0.022576249993022688 14.500000000000002 25.204999923706058 0.39036257410962044 14.500000000000002 17.500000000000004 -0.2270106897347694 0.93769647993491489 27.500000000000004 -0.43733984355855576 21.500000000000004 8.8005638122558612 0.94636490295939868 0.96177147954086928 0.17646842360078763
decision_type=2 10 8 2 2 8 2 2 8 8 2 10 2 2 10 2 2 10 2 2 2 2 2 2 2 2 8 2 2 2
left_child=1 2 -1 -4 -5 6 7 27 13 10 26 21 17 14 -7 -14 -15 -12 -9 -17 -21 22 23 -11 -25 -20 -10 -6 -29 -30
right_child=-2 -3 3 4 5 8 -8 18 9 11 12 -13 15 16 -16 19 -18 -19 25 20 -22 -23 -24 24 -26 -27 -28 28 29 -31
leaf_value=0.0046432282198146492 -0.17443850175681985 -0.056806131097150464 -6.2224058101567617e-05 -0.066092054446184226 0.036731239736257436 -0.0074690866415332863 0.041797529506482488 -0.10232958518792726 0.035810056326872321 -0.00029133144844456651 -0.020627254554716347 -0.058691226320130768 -0.025499381390811746 -0.049819669103714805 0.10346743752051293 -0.0011356568417756215 -0.011408547902384852 0.12243897497723036 -0.02839252133873077 0.093610565962008674 0.023184884647696542 -0.019419856883702444 0.029186856007949388 -0.022505849558435514 -0.12759890660167716 0.070198695530809971 -0.047795481052386651 -0.073708367036032271 3.1400264988017029e-06 0.049813859349285311
leaf_weight=5759736.3399488684 5272.7368069589138 46568.342259518802 36081296.344444007 93327.692197009921 156912.02617042325 47000.012746367604 128777.49282878637 21869.485243156552 20916.145675923675 255199.01914421096 9217.6629548314959 101787.70110248774 95651.912563689053 236290.14654189348 18420.531549487263 209304.31688637286 172999.02651197091 27504.527391724288 115912.09624284506 36165.644611604512 239573.34900138527 648558.39627675712 170543.84856221825 48945.747857525945 20406.606520023197 14564.416974924505 108477.94675175846 55768.807391487062 275074.94833245873 123835.25515440106
leaf_count=1624015 76284 374075 25209517 272956 150431 72612 70475 28293 76125 382305 27641 810645 342885 364854 22735 344098 405456 27067 104270 41415 590195 1613001 269032 226299 126519 14897 277601 67851 341524 95087
internal_value=-2.41029e-05 -3.81991e-06 5.45805e-05 -0.000613938 -0.00637893 -0.00472017 0.00974396 0.00434066 -0.00995428 -0.00620712 0.00670176 -0.0139477 0.0152906 -0.0256803 0.0237674 0.0107857 -0.033584 0.0865278 -0.0295809 0.0179412 0.0324218 -0.00996547 0.00241946 -0.0116461 -0.053429 -0.0173873 -0.0342809 0.0127904 0.00452836 0.0154661
internal_weight=4.53459e+07 4.53406e+07 4.5294e+07 3.95343e+07 3.453e+06 3.35968e+06 892715 763937 2.46696e+06 1.99225e+06 746812 1.24544e+06 617417 474710 65420.5 580695 409289 36722.2 152346 485043 275739 1.14365e+06 495095 324551 69352.4 130477 129394 611591 454679 398910
internal_count=34450160 34373876 33999801 32375786 7166269 6893313 872828 802353 6020485 5154828 1727027 3427801 1373301 865657 95347 1318593 770310 54708 147460 975708 631610 2617156 1004155 735123 352818 119167 353726 654893 504462 436611
is_linear=0
shrinkage=0.1


Tree=48
num_leaves=31
num_cat=0
split_feature=3 11 7 8 2 6 2 3 11 10 7 11 9 10 8 1 3 3 8 10 11 7 9 10 7 2 10 11 1 10
split_gain=14122.3 13649.5 28357.9 21173 50359.2 19754.9 18632.8 16378.6 14910.7 14011.9 28263.4 18260.2 18328.6 23884.6 26108 16719.7 16557.8 15131.3 13627.1 15706.3 13707.7 19185.6 15395.6 12927.5 31499.6 16234.5 13658.4 12689 13821.8 15825.2
threshold=941.50000000000011 -0.94137724084408114 17.410214424133304 33.328573226928718 20.555511474609379 34.448438644409187 0.31113341450691229 19.500000000000004 0.5475998096715059 0.54219432480460406 18.95037937164307 -0.55656394595157355 16.350001335144047 0.45273815774107123 26.537406921386722 21.933238029479984 112.50000000000001 3.5000000000000004 31.540000915527347 0.92922379131507438 0.57605713708605399 17.708258628845218 11.194006919860842 0.95752911693909493 8.1402940750122088 1.5027573108673098 0.9550229469509578 -0.14250536273956091 0.56559228897094738 0.074116354202380205
decision_type=2 2 8 8 2 10 2 2 2 2 8 2 8 2 8 8 2 2 8 2 2 8 10 2 8 2 2 2 10 2
left_child=1 2 -1 4 6 9 -4 -5 -7 10 11 -3 15 14 -14 16 27 -16 23 20 22 -22 -20 26 25 -25 -11 -13 -29 -30
right_child=-2 5 3 7 -6 8 -8 -9 -10 18 -12 12 13 -15 17 -17 -18 -19 19 -21 21 -23 -24 24 -26 -27 -28 28 29 -31
leaf_value=-0.050470273354096831 -0.16993322639536493 -0.032214384805641323 -0.062440268686329937 0.0083240704073676928 0.0041267894781139682 -0.005813055235016483 -0.016485112137283427 0.047214336931742359 -0.072528162447032793 0.0045896889646906179 0.0006926332477822021 0.017268967926714722 0.0063879712428007197 -0.13185870040030076 0.057024775231795083 -0.057603914324693431 -0.081154869691107814 -0.055849743683890785 -0.0015825586090728043 -0.015453903260409546 -0.091749507228344407 -0.0058006327937834799 0.02411927223088868 -0.099543235481896419 0.021652542399408604 -0.012361339834884497 -0.059502372874057269 -0.0023749571765398388 -0.039529437519621173 0.0011711719774918018
leaf_weight=97021.307743564248 4891.1886301636696 294812.1872619912 98706.601023480296 3906048.351087302 4655778.4724823833 5867650.8113728352 831142.46968023479 111379.50738422573 33692.788334671408 3398609.0739923343 18808490.710478291 285846.80091126263 172774.81828130782 20736.454306442291 12774.810149267316 58098.801404446363 27286.710026174784 168868.36714461632 599479.31210024282 656803.87755134329 32432.813380926847 130361.5080502592 381300.07772108912 26307.345706932247 1089051.0249328576 113559.87748748064 33578.577489782125 3024005.8578007817 226221.52059936523 165363.5718838349
leaf_count=102360 76284 257598 105957 1685987 1339238 7218629 444918 86151 181072 3061892 8257921 204923 654225 151900 22335 41284 122184 1450976 320455 737915 185290 212517 452757 45374 646053 72344 39861 5910719 230021 131020
internal_value=-2.19022e-05 -3.56774e-06 0.00332213 0.0038656 -0.000116607 -0.000909019 -0.0213634 0.00940227 -0.00619395 0.000140144 -0.00100402 -0.00816419 -0.0064606 -0.0275443 -0.021441 -0.00437187 -0.00354244 -0.0479114 0.00425981 -0.00312939 0.00394911 -0.0229239 0.00840961 0.00711394 0.015915 -0.0287592 0.00396265 -0.00297029 -0.00466409 -0.0223419
internal_weight=4.53331e+07 4.53282e+07 9.70008e+06 9.60306e+06 5.58563e+06 3.56281e+07 929849 4.01743e+06 5.90134e+06 2.97268e+07 2.32653e+07 4.45679e+06 4.16198e+06 375154 354418 3.78682e+06 3.72872e+06 181643 6.46148e+06 1.80038e+06 1.14357e+06 162794 980779 4.66111e+06 1.22892e+06 139867 3.43219e+06 3.70144e+06 3.41559e+06 391585
internal_count=34450160 34373876 3764611 3662251 1890113 30609265 550875 1772138 7399701 23209564 17435106 9177185 8919587 2279436 2127536 6640151 6598867 1473311 5774458 1908934 1171019 397807 773212 3865524 763771 117718 3101753 6476683 6271760 361041
is_linear=0
shrinkage=0.1


Tree=49
num_leaves=31
num_cat=0
split_feature=3 10 11 2 1 10 9 8 6 10 3 11 11 8 7 2 11 7 3 10 10 3 10 8 8 9 7 11 9 10
split_gain=13553.1 17714.4 12299.7 11586.8 13488.1 13386.5 10288.4 10099 9433.13 14564.5 9507.61 12736.9 8948.54 17605.9 15538 32323.3 16073.3 23128.2 14361.1 13324.1 18764.3 22358.9 19543.6 17345 12357.7 12319.1 11606.6 14418.9 13490.8 11322.1
threshold=141.50000000000003 -0.13398594226331254 -0.84313311835787952 215.81109619140628 72.633220672607436 -0.92274349529687905 20.530893325805668 33.924226760864265 41.140251159667976 0.91596454896554913 10.500000000000002 -0.91595872546125101 0.5475998096715059 20.790689468383793 5.5702970027923593 0.63130483031272899 0.51849435583340198 16.813553810119632 53.500000000000007 0.72695311118111527 0.58481550752069722 14.500000000000002 0.49812943072827093 30.358491897583011 17.080183029174808 6.2199995517730722 -1.0000000180025095e-35 0.97062204580664158 16.610001564025882 0.21022171450811275
decision_type=2 2 2 2 8 2 10 8 10 2 2 2 2 8 8 2 2 8 2 2 2 2 2 8 10 8 10 2 10 2
left_child=3 -2 7 4 6 -5 8 -3 12 10 -10 -12 14 26 15 -1 -16 -18 -19 20 22 -22 25 -23 -17 -15 27 28 -14 -29
right_child=1 2 -4 5 -6 -7 -8 -9 9 -11 11 -13 13 19 16 24 17 18 -20 -21 21 23 -24 -25 -26 -27 -28 29 -30 -31
leaf_value=-0.1279543258386745 -0.16618919061201826 -0.12324092871667079 -0.03108924133146871 -0.021581826957674882 -0.025803952897413881 0.010939570175744573 -0.097688370849572201 0.030125759829056731 -0.019329141637093372 -0.077294745007427834 0.049367213586390707 -0.0052555264667210576 -0.040666786117441012 0.020989999350514241 0.00065819608586853602 0.0042388373644684507 0.054032934702414007 -0.013997604440004014 0.07839763439740903 -0.023197234313620016 -0.0066448510521167825 0.050232857175642867 -0.039877966209654184 -0.0044389728323147443 -0.068016909966999162 -0.0073609044442397176 0.0098226559867420921 0.00058012300636498546 0.096812962086941901 0.091567867341582065
leaf_weight=27786.064470790327 8335.6734674945474 4619.772672560066 186807.78466775641 137907.19254629314 204843.45770365 1539585.6594982743 10796.630392588675 60798.194826714694 353330.09842088073 32455.088859274983 53386.588142432272 213045.56788121164 140510.41366364807 161519.71864914894 36204526.515718937 117292.63539785147 137544.82610307261 134326.54340514168 19230.861075088382 441013.95319657028 305698.50362664461 183226.9391913861 178996.25025364012 84925.556088026613 29653.771151468158 2999177.5322865061 1241054.7528147995 83282.792370401323 7519.7304009720683 16363.050762929022
leaf_count=62204 97524 17509 743909 45881 69493 322903 108383 64178 445477 142114 47871 471855 149523 62280 20723141 63667 163181 150496 29716 784392 327593 290400 466236 245118 30528 7011955 1187377 108336 8513 8407
internal_value=-2.03327e-05 -0.0227615 -0.0180214 0.000111172 -0.000204161 0.00826598 -8.27079e-05 0.0192951 -5.82948e-05 -0.0119934 -0.00857375 0.00568956 0.000124806 -0.00350966 0.000703945 -0.0290451 0.000846376 0.0242504 -0.00242643 -0.00671916 -0.00486226 0.0118423 -0.00773256 0.0329179 -0.0103424 -0.0059121 0.00587816 -0.0138869 -0.033683 0.0155214
internal_weight=4.53196e+07 260561 252226 4.5059e+07 4.33815e+07 1.67749e+06 4.31767e+07 65418 4.31659e+07 652217 619762 266432 4.25137e+07 5.84329e+06 3.66704e+07 174732 3.64956e+07 291102 153557 4.35456e+06 3.91354e+06 573851 3.33969e+06 268152 146946 3.1607e+06 1.48873e+06 247676 148030 99645.8
internal_count=34450160 923120 825596 33527040 33158256 368784 33088763 81687 32980380 1107317 965203 519726 31873063 10650130 21222933 156399 21066534 343393 180212 9187974 8403582 863111 7540471 535518 94195 7074235 1462156 274779 158036 116743
is_linear=0
shrinkage=0.1


Tree=50
num_leaves=31
num_cat=0
split_feature=3 9 9 11 8 2 3 6 10 8 3 6 11 11 7 11 11 3 3 3 6 3 7 3 10 8 8 7 11 10
split_gain=11653.4 11077 10506.1 9078.36 25580.5 47978 19156 12790.5 15197.1 20191.6 24458.9 16206.2 16542.9 14379.3 19690.2 14350.1 18972.6 15473.1 14418.3 14084.2 13806.2 12743.1 12572.2 12912 12220.7 13299.2 11692.9 12608.8 10528.6 10448.4
threshold=941.50000000000011 20.530893325805668 5.279743194580079 -0.94137724084408114 33.328573226928718 15.332457065582277 8.5000000000000018 34.010030746459968 0.54219432480460406 32.28167915344239 39.500000000000007 32.41017150878907 -0.29342786347392819 -0.45273527932988084 24.040215492248539 -0.30982845708428081 -0.15950993297387572 16.500000000000004 114.50000000000001 112.50000000000001 41.140251159667976 19.500000000000004 17.708258628845218 1.5000000000000002 0.52766072109828632 36.928594589233406 30.314291954040531 21.28015232086182 0.99988440732898443 -0.97509794945709805
decision_type=2 10 8 2 8 2 2 10 2 8 2 10 2 2 8 2 2 2 2 2 10 2 10 2 2 10 10 8 2 2
left_child=1 2 -1 4 5 6 26 8 9 19 11 12 -11 14 -9 18 17 29 -15 28 -19 -6 -14 -24 -16 -26 -4 -28 -5 -17
right_child=-2 -3 3 7 21 -7 -8 13 -10 10 -12 -13 22 15 24 16 -18 20 -20 -21 -22 -23 23 -25 25 -27 27 -29 -30 -31
leaf_value=0.0057172311076897518 -0.16285385380812872 -0.097628593974347949 -0.037042909808582734 -0.0032289881947686638 0.007466868006105353 0.0019057966806242184 -0.081740887675854607 0.01380735132336235 0.0042204068008218519 0.0042854370464175005 -0.066524935601081303 -0.00032521431944228289 -0.0021359164383803731 -0.022606987756623231 0.0004283780002577182 0.02474170971502368 -0.013434024608900939 0.04200667126450873 -0.12970158125377826 -0.061229956566556255 -0.094145869522301862 0.041910010573964158 0.019552220441514629 0.050021442916196784 -0.029911456046677071 -0.0064940273185909256 0.021740531183485259 -0.019705907276695203 0.031173047905803993 -0.0096730657490620327
leaf_weight=3023160.7690961957 4394.5506244972348 11619.326528482139 275886.56805305928 15601023.544204878 3853821.3726158142 4061597.2860871851 55979.299828957766 709138.79858464375 6130928.1209243536 1292710.8897714615 48389.294079497457 2630254.0474314392 168788.39772172645 543397.06998865306 2068715.1828719787 116045.55412320048 1413311.4036472812 145455.99463680759 12869.012290649116 41694.64285784401 7849.6256211027503 110495.58333270997 480442.34155519307 195749.63997643441 310578.76357683539 1106700.1514402553 93853.993714466691 336815.47337508202 89471.351288534701 367888.72709871083
leaf_count=805714 76284 122673 213153 13181996 1672967 1256399 83883 597611 5416655 449508 271695 1603062 231772 684013 1230989 66893 3059907 261845 67060 208415 50011 86011 171634 140149 257421 1470466 56446 175403 112308 367817
internal_value=-1.85551e-05 -2.76004e-06 2.22846e-05 -0.000385021 0.00247543 -0.00241529 -0.0254313 -0.00113585 -0.00014896 -0.00145262 0.00421279 0.0049307 0.0113977 -0.00500677 -0.00138238 -0.0108395 -0.0069751 0.00734993 -0.0250846 -0.00318706 0.0350353 0.00842689 0.0222785 0.0283727 -0.00447236 -0.0116257 -0.02097 -0.0106737 -0.00303282 -0.00142054
internal_weight=4.5309e+07 4.53046e+07 4.5293e+07 4.22699e+07 8.78845e+06 4.82413e+06 762535 3.34814e+07 2.66795e+07 2.05485e+07 4.81633e+06 4.76795e+06 2.13769e+06 6.80195e+06 4.19513e+06 2.60682e+06 2.05055e+06 637240 556266 1.57322e+07 153306 3.96432e+06 844980 676192 3.48599e+06 1.41728e+06 706556 430669 1.56905e+07 483934
internal_count=34450160 34373876 34251203 33445489 3544262 1785284 528885 29901227 21787194 16370539 2867820 2596125 993063 8114033 3556487 4557546 3806473 746566 751073 13502719 311856 1758978 543555 311783 2958876 1727887 445002 231849 13294304 434710
is_linear=0
shrinkage=0.1


Tree=51
num_leaves=31
num_cat=0
split_feature=3 10 10 8 2 1 0 2 9 10 9 4 3 11 8 10 10 7 3 10 2 11 2 3 10 6 10 7 3 7
split_gain=10500.3 14269.8 12307.6 10915.6 9689.06 14424 11693.7 10459.6 8763.67 8511.28 8301.7 7807.16 7682.17 10481 7195.86 33507.3 32471.3 26940.7 21554.2 16539.7 15504.3 27451 23736.2 15458 13462.4 13358.1 13338.2 13257.7 13141.3 11390.8
threshold=165.50000000000003 -0.11692013674435776 0.54219432480460406 36.70428657531739 375.85374450683599 82.108852386474624 80.984638214111342 122.15429306030275 4.4299993515014657 -0.98214942551678475 20.016410827636722 0.63708180189132702 163.50000000000003 0.38043945030393422 31.69715785980225 0.7210268013660811 0.54219432480460406 17.610344886779789 25.500000000000004 0.82414472752956958 43.690019607543952 -0.8611288361322974 1.4360010623931887 13.500000000000002 0.8697513045430848 31.940091133117679 -0.95244167294248061 23.913949966430668 112.50000000000001 24.77011871337891
decision_type=2 2 2 10 2 8 2 2 8 2 10 10 2 2 8 2 2 8 2 2 2 2 2 2 2 10 2 10 2 10
left_child=4 -2 -3 -4 5 7 -6 8 11 -9 12 -1 14 -14 16 17 20 23 27 -20 21 22 -10 -16 -21 26 -19 -17 29 -23
right_child=1 2 3 -5 6 -7 -8 9 10 -11 -12 -13 13 -15 15 18 -18 25 19 24 -22 28 -24 -25 -26 -27 -28 -29 -30 -31
leaf_value=0.04801818169256182 -0.1589260076628739 0.017538977947457748 -0.077062115623438648 -0.012053432173121213 0.0022854485156555866 -0.02194370917128588 0.036237359666631677 -0.014144324392652117 -0.052110875930051904 0.0058249486325119074 -0.055352222854581828 0.0079123995802255261 -0.058003967655223448 0.15373687585405879 -0.001838422152335018 -0.0072183743823662971 0.0055122800533113688 0.019965044372420554 -0.029761708500883305 0.044762537285123756 -2.5297073242851198e-05 -0.0033515595041485667 -0.014057697123368998 -0.065952385117961324 0.006276871343123768 0.00144782272643008 0.0052259904969229999 -0.021845513331614799 -0.067563212522946378 -0.033026301909102156
leaf_weight=53009.467619620264 7553.1291341092438 60690.838178331032 43972.725086912513 62596.989104501903 271908.8224285543 299354.57997314632 161811.72822600603 225274.30621266365 183746.54374510422 4062047.4624950886 27680.691102534533 575372.62015780807 3474.2794921994209 7146.0664789527655 64941.977734025568 1786806.2310436293 4477145.2484825402 770671.61064641923 106714.60754988715 109095.29704982787 5593345.0808393806 7523687.0787494704 1519095.8121489882 89335.890283070505 544722.83333163708 12533811.743808527 3019960.7296926826 948638.9368911311 32522.367598749697 131617.31014671922
leaf_count=18491 97922 92313 216593 222196 54850 86237 21695 87567 211146 1068066 243854 159730 13864 5816 152827 2142193 3833635 296498 331421 215137 1945962 9771886 758029 714756 1433357 7713227 1252458 1063655 160254 64525
internal_value=-1.69639e-05 -0.0244779 -0.0184065 -0.0388773 7.78018e-05 -6.65579e-05 0.0149522 8.09764e-05 -0.000420929 0.00477568 -0.000607444 0.0112957 -0.000569028 0.0844692 -0.000591929 0.000741408 -0.00196045 0.00262789 -0.00815074 0.00674071 -0.00419326 -0.00667582 -0.0181639 -0.0389641 0.0126985 0.00302096 0.00822258 -0.012291 -0.00413124 -0.00386176
internal_weight=4.52978e+07 174814 167261 106570 4.51229e+07 4.46892e+07 433721 4.43899e+07 4.01025e+07 4.28732e+06 3.94742e+07 628382 3.94465e+07 10620.3 3.94359e+07 1.99747e+07 1.94612e+07 1.64787e+07 3.49598e+06 760533 1.4984e+07 9.39067e+06 1.70284e+06 154278 653818 1.63244e+07 3.79063e+06 2.73545e+06 7.68783e+06 7.6553e+06
internal_count=34450160 629024 531102 438789 33821136 33744591 76545 33658354 32502721 1155633 32324500 178221 32080646 19680 32060966 15315529 16745437 10129766 5185763 1979915 12911802 10965840 969175 867583 1648494 9262183 1548956 3205848 9996665 9836411
is_linear=0
shrinkage=0.1


Tree=52
num_leaves=31
num_cat=0
split_feature=3 9 11 10 6 2 8 11 11 6 11 3 7 8 3 11 6 3 10 11 11 3 11 7 10 10 10 6 10 6
split_gain=9699.52 8998.06 11171.5 17461.5 8390.53 14510.7 11199.1 17402.5 14733.2 27348.3 14700.2 31979.6 13856.1 22731.7 27057.6 17107.2 13797.8 13540.1 12286.3 11733.6 12547 19304.2 18124.9 14222.7 12181.6 10950.3 10861.8 11626.3 10556.7 9155.65
threshold=1506.5000000000002 19.040639877319339 0.99932962452255414 0.58481550752069722 9.6149997711181658 3.6784236431121831 16.131060600280765 0.96633974041180493 0.96177147954086928 29.081247329711918 0.9980355542543059 24.500000000000004 17.510086059570316 28.744288444519047 15.500000000000002 0.9980355542543059 29.640311241149906 17.500000000000004 0.22700754078277605 0.21652257995689161 0.98332250088165762 2.5000000000000004 0.97461712852231652 2.0038683414459233 -0.12546116083924153 0.75014288946266361 0.70290292807158605 16.020244598388675 0.022575936829235418 21.384360313415531
decision_type=2 10 2 2 8 2 8 2 2 10 2 2 8 8 2 2 10 2 2 2 2 2 2 10 2 2 2 10 2 8
left_child=1 4 3 -3 5 -1 10 8 -8 -10 11 19 13 14 29 -15 -17 -16 -14 -6 22 24 23 26 -22 -7 -21 -28 -18 -9
right_child=-2 2 -4 -5 6 25 7 12 9 -11 -12 -13 18 15 17 16 28 -19 -20 20 21 -23 -24 -25 -26 -27 27 -29 -30 -31
leaf_value=-0.069926117498581672 -0.17191905012472949 -0.1118311537670492 0.10189203016122612 -0.013461998741851678 -0.08633168034973665 0.0050288427731994059 0.0001377921810164663 -0.058160435822502299 0.058183430956453112 -0.10045865209371595 0.055663528810886799 -0.09095036539434119 0.013690065146646828 -0.1038313778585311 0.071570145752503853 -0.095352038599925318 0.061897128869160302 -0.0012973896675399516 -0.11387419192681039 0.0058691058932391175 -0.13958756990979213 -0.085952625257651294 0.073008664817903135 0.025461165583569419 0.045775320155614349 -0.097565963703174038 -0.059575397716273751 0.075866549806113348 -0.18121807121043401 -0.021781774377095144
leaf_weight=46186.727426605299 3282.080455519259 23961.698524177074 6088.3778345435858 73084.484787903726 11989.991910044104 113803.94724652171 43100150.461087011 117688.52507782914 87747.705080360174 12402.488327361643 69350.286591023207 31580.833170838654 206945.98133156821 52427.226738505065 27497.705551505089 12339.759328808635 18535.323958918452 351136.2473110836 7836.1847670152783 196793.67866542935 4027.0078956186771 30792.695476636291 54004.933708816767 357546.56738767028 29641.310811132193 11450.149225950241 51859.690816015005 7220.1416213810444 1976.5582561045885 167854.86227577925
leaf_count=64827 64380 318531 11493 427979 10643 64516 30189455 199251 114374 49969 52586 92202 275883 381708 35206 49559 44845 1054686 18583 160428 6610 61209 34126 189540 20867 6619 44394 3509 15231 386951
internal_value=-1.55e-05 -3.04082e-06 -0.0295068 -0.0377504 6.43077e-05 -0.0220164 0.000148413 -6.97506e-05 0.000226813 0.0385374 0.0115535 0.00760867 -0.0133565 -0.0197739 -0.0135333 -0.068377 -0.0117962 0.0039945 0.00903597 0.0117929 0.0134004 -0.0287304 0.0174695 0.0125799 0.0236044 -0.0043499 -0.00541983 -0.043023 0.0384702 -0.0367755
internal_weight=4.52872e+07 4.52839e+07 103135 97046.2 4.51808e+07 171441 4.50093e+07 4.41645e+07 4.32003e+07 100150 844807 775457 964238 749456 664177 85278.9 32851.6 378634 214782 743876 731886 64461 667425 613420 33668.3 125254 255874 59079.8 20511.9 285543
internal_count=34450160 34385780 758003 746510 33627777 135962 33491815 32815701 30353798 164343 676114 623528 2461903 2167437 1676094 491343 109635 1089892 294466 531326 520683 88686 431997 397871 27477 71135 208331 47903 60076 586202
is_linear=0
shrinkage=0.1


Tree=53
num_leaves=31
num_cat=0
split_feature=3 8 7 2 10 1 6 11 10 5 9 7 7 11 8 6 11 10 3 9 11 8 9 7 8 6 11 3 11 4
split_gain=8964.41 13524.9 13154.7 8076.05 10910.4 9878 14694 7796.81 19745.9 8402.37 7792.72 7128.78 6979.99 9544.81 8927.22 12933 7823.62 7257.89 6489.01 6488.62 6540.47 7647.55 11360.4 7461.87 6469.03 12513.2 11288.8 12167.9 9273.24 7309.2
threshold=129.50000000000003 33.025739669799812 18.750151634216312 169.65202331542972 -0.98523971305672675 36.524587631225593 24.37018966674805 0.39629089145655322 0.89787622492179153 0.11106529086828233 4.4299993515014657 21.141921043396 28.212017059326175 -0.99273797715557011 41.568571090698249 40.940166473388679 -0.98212955754013376 0.94138322595482449 12.500000000000002 20.016410827636722 0.99988440732898443 15.10928535461426 13.280001640319826 11.133640766143801 38.36714172363282 38.230096817016609 0.063390085881955341 25.500000000000004 0.29958852271690523 7.8764719963073739
decision_type=2 10 10 2 2 8 8 2 2 10 8 8 10 2 10 10 2 2 2 10 2 10 10 10 10 10 2 2 2 10
left_child=3 2 -2 5 -5 10 -7 9 -9 -3 -1 -6 14 -14 15 19 -16 18 -18 20 24 -22 -23 -24 25 29 27 -26 -27 -12
right_child=1 7 -4 4 11 6 -8 8 -10 -11 12 -13 13 -15 16 -17 17 -19 -20 -21 21 22 23 -25 26 28 -28 -29 -30 -31
leaf_value=0.010420947475315002 -0.034778452601756722 -0.017270079151588159 -0.14734069193389152 -0.026419456662693692 0.018947624948347206 -0.074065193335382806 -0.0074100138748184859 -0.054453816460304831 0.1395193190119868 0.04545603176214346 -0.00091888700047567577 0.0044207923937807708 0.021816081828645573 -0.019024503230888775 0.073539278234505429 -0.022886354055073669 0.001492556006459398 -0.090813508465804535 0.029910121394267311 -0.054994597916276457 0.081766044833543258 -0.037952443348377607 0.0038453698666526719 0.087114925961424006 0.0035225893657516716 -0.019773061933551543 -0.099516236297817931 0.02993041618270072 0.12197516492721867 0.0023597787742761934
leaf_weight=707542.48817570694 74837.021566677839 183281.40417507105 12054.748956754804 103976.68711946905 397566.23522667587 34085.398006677628 1113318.2840728611 9419.9354966562241 11849.602038353682 24171.64783744514 28306102.287209608 2247534.4083984792 67676.327645987272 370541.29070523381 21990.786471858621 249024.34899517894 181460.75740386918 6733.3544322885573 144213.31419758499 21462.10351921618 19793.091524943709 28117.85125669837 22457.941952288151 20663.028871797025 1344664.3170342259 387610.56504574791 10023.945543691516 200498.24004467949 4670.876850578934 8949188.4936332107
leaf_count=195429 362724 574100 83665 40319 89500 21703 357330 54783 14599 29872 25366876 524630 39178 392548 9258 511746 201335 33561 267066 201107 10989 40752 37590 26306 1125250 532695 51792 368985 7208 2877264
internal_value=-1.44772e-05 -0.0168088 -0.0503945 0.000103415 0.00535518 -0.00023861 -0.00939011 -0.00404962 0.0536117 -0.00996147 1.70967e-05 0.00660422 -0.000165305 -0.0127173 -2.75126e-05 -0.000169048 0.0157732 0.0119516 0.0140763 -2.51554e-05 4.86867e-06 0.0267783 0.0115004 0.0437471 -5.73013e-05 -0.000318388 0.00626301 0.00694923 -0.0180853 -0.00013131
internal_weight=4.52765e+07 315614 86891.8 4.49609e+07 2.74908e+06 4.22118e+07 1.1474e+06 228723 21269.5 207453 4.10644e+07 2.6451e+06 4.03569e+07 438218 3.99187e+07 3.95643e+07 354398 332407 325674 3.93153e+07 3.92938e+07 91031.9 71238.8 43121 3.92028e+07 3.76476e+07 1.55519e+06 1.54516e+06 392281 3.72553e+07
internal_count=34450160 1119743 446389 33330417 654449 32675968 379033 673354 69382 603972 32296935 614130 32101506 431726 31669780 31158560 511220 501962 468401 30646814 30445707 115637 104648 63896 30330070 28784043 1546027 1494235 539903 28244140
is_linear=0
shrinkage=0.1


Tree=54
num_leaves=31
num_cat=0
split_feature=3 11 7 8 2 2 10 6 11 7 8 10 7 10 8 10 11 11 2 2 7 8 2 3 11 11 7 3 5 7
split_gain=8120.15 7504.33 19491.8 13771.8 29607.9 12450.6 11694.3 10963.2 20353.1 21949.8 19955.9 23777.4 20864.1 17389.6 17051 15614.7 14568.9 12012.7 11511.2 11274.2 10844.8 10823.2 12014.7 10635.3 10466.4 11067.9 12235.6 10053.7 10389.5 10393.2
threshold=1506.5000000000002 -0.94137724084408114 17.120238304138187 33.328573226928718 20.932770729064945 0.31113341450691229 0.26037272046371446 32.41017150878907 -0.14250536273956091 23.030083656311039 32.018877029418952 0.96234642434711437 6.880033254623414 0.89404822654372251 36.280897140502937 -0.95244167294248061 -0.23537842981696178 -0.22700609751797865 0.59196385741233837 3.5792907476425175 24.623843193054203 29.965634346008304 61.342947006225593 1.5000000000000002 0.78192542922038288 0.68274389090025245 18.082599639892582 38.500000000000007 1.119465231895447 15.44113063812256
decision_type=2 2 8 8 2 2 2 10 2 8 10 2 8 2 10 2 2 2 2 2 10 8 2 2 2 2 10 2 8 10
left_child=1 2 6 4 5 -4 -1 10 9 18 11 20 19 17 -15 23 -16 -11 -9 -13 -3 22 -6 -12 25 -10 -27 28 -14 -30
right_child=-2 7 3 -5 21 -7 -8 8 24 13 15 12 27 14 16 -17 -18 -19 -20 -21 -22 -23 -24 -25 -26 26 -28 -29 29 -31
leaf_value=-0.073877136713324784 -0.16544318808117406 -0.00090834406721476886 -0.050231427257373451 0.0073389359192888512 -0.0073367594620564573 -0.012543388118998475 0.0090068886239573123 0.026987150469824264 -0.010941619896010283 -0.0024564727297190525 0.014366747407510001 -0.11146798311175055 0.02780163735099658 -0.049407659750280081 -0.020974125103729355 0.0039106705492302964 0.024639535282472331 0.018221901905556635 0.0055421569932390157 -0.017404020784170023 -0.013056629367648115 -0.00038993148758126078 0.014542261482399153 0.043200722650746745 -0.059002022071204745 -0.046018206334994621 0.047532293720508857 -0.069859923907793262 -0.011106891965535574 0.017432396981510449
leaf_weight=53056.023177267984 2966.9218360856175 19008498.290488947 97697.827362991869 4014428.2027409058 318200.37085092068 852844.69188351929 25064.817668810487 342472.48214078695 2681171.9222762175 6701715.0245460607 616653.98748895526 16604.892278401181 520691.62340135872 147292.57758971304 268249.26794017106 2246623.0748236012 94757.600757677108 293227.65990137681 930076.11911109835 54773.770598053932 764387.7197775133 3139717.2064707875 1188300.6536459923 161403.33447945677 44001.426926709712 17996.810606207699 62652.439383130521 13330.631750343367 186431.83147628605 404386.83436641097
leaf_count=64418 64380 16232980 109713 1772839 121509 459488 22380 546811 4649564 4516770 212474 30202 364610 149212 505210 1324100 142773 146413 643217 35328 266852 947422 267751 90079 261806 112059 89631 40987 102991 156191
internal_value=-1.30288e-05 -2.18603e-06 0.00246503 0.0028694 -0.000336502 -0.016417 -0.0472841 -0.000674119 -0.00320056 -0.000830656 0.000545584 -0.000549724 0.0131409 -0.00288975 -0.0207112 0.00813899 -0.00906735 -0.00158964 0.0113135 -0.0392862 -0.00137798 0.00295331 0.00992101 0.0203482 -0.0106146 -0.0098437 0.0266566 0.0164677 0.0175031 0.00842687
internal_weight=4.52697e+07 4.52667e+07 9.68931e+06 9.61119e+06 5.59676e+06 950543 78120.8 3.55774e+07 1.15836e+07 8.77779e+06 2.39938e+07 2.09691e+07 1.19622e+06 7.50524e+06 510299 3.02468e+06 363007 6.99494e+06 1.27255e+06 71378.7 1.97729e+07 4.64622e+06 1.5065e+06 778057 2.80582e+06 2.76182e+06 80649.2 1.12484e+06 1.11151e+06 590819
internal_count=34450160 34385780 3765520 3678722 1905883 569201 86798 30620260 11763466 6650406 18856794 17230141 730309 5460378 797195 1626653 647983 4663183 1190028 65530 16499832 1336682 389260 302553 5113060 4851254 201690 664779 623792 259182
is_linear=0
shrinkage=0.1


Tree=55
num_leaves=31
num_cat=0
split_feature=3 9 6 2 8 11 11 10 6 6 3 11 6 6 11 3 11 5 10 10 11 11 11 7 3 11 10 7 10 2
split_gain=7087.06 6998.25 6737.95 12026 9390.8 14430.9 12544.3 14472.1 14113.3 17235.8 13067.5 11657 24157.1 11356.7 11090.3 19029.1 9386.64 8965.45 8942.15 8821.31 8546.29 8113.84 15421.4 12678.5 9420.87 21813.7 10695.5 9796.83 8397.39 10584.5
threshold=1506.5000000000002 20.530893325805668 9.6149997711181658 4.4063014984130868 16.131060600280765 0.96633974041180493 0.99249573635719013 1.0000000180025095e-35 23.570285797119144 30.140189170837406 77.500000000000014 0.96177147954086928 28.002498626708988 30.940032005310062 0.9989598388634241 39.500000000000007 0.21652257995689161 2.9470582008361821 0.26037272046371446 0.75014288946266361 0.99138911339924218 0.98332250088165762 0.97461712852231652 2.0038683414459233 2.5000000000000004 0.99748108949426018 0.074116354202380205 2.0038683414459233 0.70290292807158605 1.3085516691207888
decision_type=2 10 8 2 8 2 2 2 8 10 2 2 10 10 2 2 2 10 2 2 2 2 2 10 2 2 2 8 2 2
left_child=1 2 3 -1 14 11 10 13 -9 -10 20 -6 17 -8 15 16 -4 -13 -14 -5 -7 22 23 28 26 -26 -23 -27 -18 -30
right_child=-2 -3 4 19 5 6 7 8 9 -11 -12 12 18 -15 -16 -17 21 -19 -20 -21 -22 24 -24 -25 25 27 -28 -29 29 -31
leaf_value=-0.061907124251175484 -0.1598499312321412 -0.079864663554997578 -0.078393120684632847 0.0053813789323604259 8.5120854249920853e-05 -0.016315903631267004 0.0080807159855516165 -0.050495147944815327 0.011707174823989159 -0.085862710249447305 -0.080094018053839575 0.067850178521158738 -0.019708725690226001 0.082290539987317057 0.05418254393564971 -0.096222540612542304 0.0032120526946103306 -0.062053958384507217 -0.16582957967826195 -0.088589773980972786 -0.09131561360071154 -0.049736606724330494 0.065617005912576506 0.02245407415103606 -0.10441919554543598 0.082457599897027556 0.061184016882386449 -0.12687767429203295 -0.13963086179800205 -0.021713696405111838
leaf_weight=48563.127254238352 2773.8247543498874 10969.767333716154 11862.054639192298 111066.69263207912 43164829.312496021 391433.37089931034 252522.96043415368 91053.539565421641 137864.05350765586 20842.151333637536 38616.596834061667 74430.293529428542 13279.173656906933 22455.824809666723 54512.652425259352 17285.453938633204 202285.03443989158 5721.2104539424181 6117.4911986105144 10976.774942815304 15807.077302627265 14202.426594287157 54875.88413348794 361244.98647366464 27348.970007382333 12485.789018154144 22410.170606255531 2723.2436911165714 8980.9870778620243 49948.841334462166
leaf_count=67487 64380 122675 11364 62079 30729282 1026685 552920 200471 325899 81606 249838 95805 33832 42078 37983 65286 172244 4794 36127 6396 71537 17369 36249 195935 62733 9745 13371 4944 15572 33474
internal_value=-1.18971e-05 -2.10046e-06 1.72621e-05 -0.0198184 9.23387e-05 -0.000106583 -0.0121656 -0.00168628 -0.0191117 -0.00110623 -0.0244988 0.000163949 0.0343443 0.014141 0.0105656 0.00753926 0.00987352 0.0585776 -0.0657936 -0.00307053 -0.019227 0.0112575 0.0147982 0.0103181 -0.0190344 -0.0510298 0.0181567 0.0449752 -0.00646535 -0.0396844
internal_weight=4.52595e+07 4.52567e+07 4.52457e+07 170607 4.50751e+07 4.4235e+07 970596 524739 249760 158706 445857 4.32644e+07 99548.2 274979 840166 785654 768368 80151.5 19396.7 122043 407240 756506 677336 622460 79170.6 42558 36612.6 15209 261215 58929.8
internal_count=34450160 34385780 34263105 135962 34127143 33450874 2551034 1202974 607976 407505 1348060 30899840 170558 594998 676269 638286 573000 100599 69959 68475 1098222 561636 453474 417225 108162 77422 30740 14689 221290 49046
is_linear=0
shrinkage=0.1


Tree=56
num_leaves=31
num_cat=0
split_feature=3 10 10 11 7 2 1 0 9 8 6 2 6 6 8 11 10 3 9 6 10 3 8 9 6 3 7 7 7 10
split_gain=6725.49 12096.4 7780.76 7817 8072.74 6613.14 12576.8 9787.97 6433.23 9949.08 9401.1 9215.05 7306.33 6612.17 9780.64 10802.8 20514.7 13871 12135.7 11749.3 9242.85 14548.2 30725.7 14993.5 14119.2 13547.1 13236.5 11325.1 15522.2 12815.6
threshold=142.50000000000003 -0.20180236284700911 0.54219432480460406 -0.71502926860092908 27.350473403930668 375.85374450683599 95.27384185791017 95.826412200927749 7.4200010299682626 33.380012512207038 32.460149765014656 4.1616230010986337 34.010030746459968 9.6149997711181658 17.080183029174808 0.78192542922038288 -0.54939360607974019 39.500000000000007 15.689999103546144 32.94041824340821 -0.2270106897347694 14.500000000000002 26.537406921386722 11.733077049255373 24.870082855224613 50.500000000000007 6.5913624763488778 4.6804475784301767 13.282958984375002 -0.29343379936893921
decision_type=2 2 2 2 10 2 8 2 10 10 10 2 10 10 10 2 2 2 10 8 2 2 10 10 10 2 10 10 8 2
left_child=5 -2 -3 -4 -5 6 8 -7 9 10 -1 12 -11 -10 -15 -16 17 18 -17 20 27 26 24 -24 25 -23 -22 -18 -29 -30
right_child=1 2 3 4 -6 7 -8 -9 13 11 -12 -13 -14 14 15 16 19 -19 -20 -21 21 22 23 -25 -26 -27 -28 28 29 -31
leaf_value=0.0016128614966628462 -0.15502546288821034 0.014965408574222575 -0.089953314555927741 -0.022010799998000333 0.095269181145993587 0.0023765519146857397 -0.025995956664369109 0.034980440175810916 -0.028418126175112742 0.043192562619724484 -0.012540078386883487 0.0071035100260053987 -0.0092172555000643152 0.0095326788479363333 -0.00038206496545203455 -0.048337546807616399 0.062749445596578704 -0.14798567376710622 0.044124544536449657 -0.090952911415376134 -0.057067591153284095 0.02248181481068709 0.011781625076493135 -0.031191687008909882 0.03974841428412746 -0.018105979415202488 -0.014164432653860214 -0.017417962705779468 0.0049212097928043753 0.047624737182151516
leaf_weight=11836116.841420207 6136.5978730972856 71144.569138349965 16424.07085441798 150472.27053934336 6107.3354217782617 300129.16808474064 185895.90389035642 132828.42599970102 85990.349794860929 131580.21964013577 488716.86142095923 1010515.5844268203 33339.221632033587 915317.1850768961 27340948.540059246 101677.18267359585 32608.275582592934 12066.763478109613 16498.449357947335 15839.635750258341 80196.638909582049 185963.11019807309 109806.57406643778 311549.41210408509 172904.94759822264 147428.68133968115 696027.69096147269 247184.2853075657 319500.61448988691 90093.304605148733
leaf_count=3979771 92664 117335 66495 622733 9330 59007 55640 17538 87538 48923 185191 304044 20212 768855 21589338 214038 42221 145624 77465 121478 167468 336732 170698 1479160 445734 453233 1148392 871745 626041 125517
internal_value=-1.10618e-05 -0.0163581 -0.0128728 -0.0243207 -0.0174363 7.98574e-05 -3.96257e-05 0.0123792 6.90938e-05 0.00189001 0.00105165 0.0106805 0.0325977 -0.000726943 -0.000649621 -0.000961533 -0.00720063 -0.0458572 -0.035429 -0.00511075 -0.00454261 -0.00849555 -4.30192e-05 -0.0199927 0.0165597 0.00453355 -0.018597 0.00522741 0.00237151 0.0143142
internal_weight=4.5251e+07 250285 244148 173004 156580 4.50007e+07 4.45678e+07 432958 4.43819e+07 1.35003e+07 1.23248e+07 1.17544e+06 164919 3.08816e+07 3.07956e+07 2.98803e+07 2.53935e+06 130242 118176 2.4091e+06 2.39326e+06 1.70388e+06 927653 421356 506297 333392 776224 689386 656778 409594
internal_count=34450160 908557 815893 698558 632063 33541603 33465058 76545 33409418 4538141 4164962 373179 69135 28871277 28783739 28014884 6425546 437127 291503 5988419 5866941 4201417 2885557 1649858 1235699 789965 1315860 1665524 1623303 751558
is_linear=0
shrinkage=0.1


Tree=57
num_leaves=31
num_cat=0
split_feature=7 8 6 10 10 9 11 10 3 11 3 11 11 7 9 10 6 1 6 8 11 9 11 10 10 9 9 11 8 6
split_gain=6211.39 8128.71 10715.5 7317.77 6350.45 6348.62 9328.87 16403.3 5900.38 6571.73 5893.63 5873.65 5699.73 21921.1 12526.6 10186.8 9996.26 11801.1 15017.1 13172 14330.2 11892.7 17003.5 13205.7 13932.8 25451.1 11749.5 9989.7 16090.7 18377.1
threshold=27.990239143371586 41.568571090698249 40.730085372924812 0.94138322595482449 0.14250626876356556 19.040639877319339 0.99932962452255414 0.62587949062545845 48.500000000000007 -0.4755978891912595 1506.5000000000002 -0.98212955754013376 -0.83375966452616657 17.610344886779789 12.702729225158693 0.26037272046371446 34.448438644409187 1.0000000180025095e-35 24.550377845764164 20.31369781494141 -0.099822328936730861 7.3099999427795419 -0.21022037796396451 0.54219432480460406 0.45273815774107123 15.550024986267092 15.160000324249269 0.097680735332368748 33.380012512207038 21.384360313415531
decision_type=10 10 10 2 2 10 2 2 2 2 2 2 2 8 8 2 8 8 8 10 2 8 2 2 2 10 10 2 8 10
left_child=1 2 5 11 -2 10 7 -7 9 -4 12 -3 13 15 -15 -1 17 21 19 20 -19 22 -14 24 -23 -26 -22 28 29 -25
right_child=4 3 8 -5 -6 6 -8 -9 -10 -11 -12 -13 16 14 -16 -17 -18 18 -20 -21 26 23 -24 27 25 -27 -28 -29 -30 -31
leaf_value=-0.055303963785407188 0.0070951190198614462 0.07015498169587317 -0.016708727580356849 -0.088660363973231529 -0.016542927030941412 -0.10632223800633356 0.095175873945532119 -0.0074937434449592237 0.01517069561207833 -0.056989263935559489 -0.15181495569690026 0.01430299877729403 0.0020856772581977329 0.0015435814705249699 0.014397419616631985 -0.011061463856608904 -0.0050950128798573566 -0.11544816984623936 -0.00095427403403836064 -0.025433196063143728 -0.0032055838738071218 -0.00045859695632970051 0.024456332990924132 -0.050367903638562063 -0.012707383769874799 -0.11456208914554872 0.087451045933761767 0.0021614904609170973 -0.0086701364398008123 0.021387746288381415
leaf_weight=91451.920441983268 154735.02831600606 20048.308694556355 204024.95704755932 6598.2702114060521 428074.25564350188 23295.074974056333 5886.8093279749155 60183.354559827596 43439.308413721621 50535.540716424584 2550.6568716391921 309635.01882418245 855683.53086955659 13929919.374386625 801811.17737185955 120768.40391481668 4259598.8392964229 11123.638485312462 11466669.653412692 489353.97145050019 543523.55616050959 7071953.4388281256 563524.96517375112 37010.294793859124 174486.6487217322 28546.199304956943 14682.385547176003 2204401.0389894098 267560.62045170739 1001634.5296539608
leaf_count=102742 91529 8140 307751 35370 476033 330656 11493 352297 144747 179184 64288 459102 339521 5141333 468780 115017 5386561 10245 4616327 354007 335637 10286861 247052 37913 291706 178892 8018 3149712 240151 679095
internal_value=-1.01665e-05 0.000123685 6.1724e-06 0.0156125 -0.0102671 0.000134094 -0.0264924 -0.0350723 -0.0188925 -0.0247052 0.000188251 0.0176994 0.000197076 0.00178349 0.00224318 -0.0301268 -0.000620708 0.000149961 -0.00200639 -0.0134019 -0.00306066 0.00236294 0.0109684 0.00123061 -0.00120011 -0.027028 -0.00082106 0.00626774 0.0131976 0.0188309
internal_weight=4.52427e+07 4.46599e+07 4.43236e+07 336282 582809 4.40256e+07 89365.2 83478.4 298000 254560 4.39363e+07 329683 4.39337e+07 1.4944e+07 1.47317e+07 212220 2.89898e+07 2.47302e+07 1.25254e+07 1.05868e+06 569330 1.22048e+07 1.41921e+06 1.07856e+07 7.27499e+06 203033 558206 3.51061e+06 1.30621e+06 1.03864e+06
internal_count=34450160 33882598 33379986 502612 567562 32748304 694446 682953 631682 486935 32053858 467242 31989570 5827872 5610113 217759 26161698 20775137 5324234 707907 353900 15450903 586573 14864330 10757459 470598 343655 4106871 957159 717008
is_linear=0
shrinkage=0.1


Tree=58
num_leaves=31
num_cat=0
split_feature=2 10 1 7 9 8 2 7 10 9 10 7 5 3 6 10 8 3 11 3 11 10 11 10 3 6 5 10 3 10
split_gain=5768.33 8768.3 7596.21 11727.9 6883.72 6454.4 6454.07 6437.37 6039.42 5317.44 5223.96 5034.79 6526.45 5019.58 4813.78 8839.82 7392.4 5892.71 10494.7 5180.38 4744.31 15197.6 9294.42 23215.8 14596.5 14180.9 14579.1 18078.6 9988.55 9768.05
threshold=143.27314758300784 -0.98523971305672675 29.32196140289307 16.200611114501957 4.4299993515014657 27.427142143249515 2.8428689241409306 21.141921043396 0.074116354202380205 20.530893325805668 -0.72696319516528884 25.550364494323734 3.3584896326065068 2787.5000000000005 41.360345840454109 0.94138322595482449 41.568571090698249 10.500000000000002 -0.91595872546125101 12.500000000000002 0.9989598388634241 1.0000000180025095e-35 0.98332250088165762 -0.091260668982868151 50.500000000000007 23.570285797119144 0.11106529086828233 0.074116354202380205 31.500000000000004 0.039769539193789977
decision_type=2 2 8 8 8 10 2 8 2 10 2 10 10 2 10 2 10 2 2 2 2 2 2 2 2 10 10 2 2 2
left_child=2 -2 4 8 5 -1 -7 10 -4 13 -3 12 -9 14 16 17 20 -16 -19 -18 22 -22 -6 -24 25 26 28 -28 -25 -30
right_child=1 7 3 -5 9 6 -8 11 -10 -11 -12 -13 -14 -15 15 -17 19 18 -20 -21 21 -23 23 24 -26 -27 27 -29 29 -31
leaf_value=-0.015235132724496362 -0.019333184248157075 -0.0057016302092764547 -0.12412056595869431 -0.0055847624337194918 -9.5299656939995103e-05 0.067372711478421818 0.012098579290783651 0.018846774506596744 -0.037288111143951752 -0.070823687825688333 0.01992481216146004 -0.012953883533421574 0.002521379370196431 -0.18765271170895839 -0.016449686178490599 -0.080115714377917008 0.0066190810459439949 0.045525484850671635 -0.0056842486301656803 0.040924557974399721 0.028901327933362891 -0.017697586830427891 -0.052212444024151511 -0.044374623713227701 -0.042545796725473213 0.026548491778943729 -0.070023840501431345 0.054105888800172967 0.11316936127576607 -0.075473460747095003
leaf_weight=85388.504013620317 157941.68231366575 98171.979228273034 9767.4111779332161 1476776.360574916 37657540.794189461 22021.061277555302 518943.02304232121 269833.46095919609 44517.489982947707 10673.62023999542 419287.06816753745 185622.70846164227 2647745.2887194753 1428.9457739144564 308676.50668006018 17069.560714703053 114605.39045640826 49274.660124070942 213042.01906886697 71468.716584429145 195788.86625984311 108925.39004388452 119368.42356147058 105244.37165624462 74741.449631143361 173350.82851291075 15379.95932585001 49482.092676103115 8273.2852827757597 4107.7814573571086
leaf_count=33859 61357 31186 12687 484207 29442236 9775 135381 92016 26312 122689 94781 57371 609737 41879 402284 91382 85136 44845 504582 87368 278934 206107 464800 224628 362155 370156 18628 30808 8684 14190
internal_value=-9.41853e-06 0.00373098 -0.000350347 -0.00726278 -8.52646e-05 0.0103156 0.0143486 0.00473709 -0.0529118 -0.000251037 0.015063 0.00301525 0.00403124 -0.000231864 -0.000225047 -0.00920463 -8.85922e-05 -0.00708478 0.0039352 0.0197954 -0.000184663 0.0122437 -0.000283782 -0.0131901 -0.00237203 0.0060662 -0.0133906 0.0246725 -0.0343797 0.0505816
internal_weight=4.52345e+07 3.7786e+06 4.14559e+07 1.53106e+06 3.99248e+07 626353 540964 3.62066e+06 54284.9 3.92984e+07 517459 3.1032e+06 2.91758e+06 3.92878e+07 3.92863e+07 588063 3.86983e+07 570993 262317 186074 3.85122e+07 304714 3.82075e+07 549948 430580 355838 182487 64862.1 117625 12381.1
internal_count=34450160 946448 33503712 523206 32980506 179015 145156 885091 38999 32801491 125967 759124 701753 32678802 32636923 1043093 31593830 951711 549427 172504 31421326 485041 30936285 1494049 1029249 667094 296938 49436 247502 22874
is_linear=0
shrinkage=0.1


Tree=59
num_leaves=31
num_cat=0
split_feature=3 10 7 10 3 11 11 8 10 10 7 11 8 6 10 7 3 3 8 6 2 9 11 11 11 10 10 10 10 9
split_gain=5230.23 10737.4 7834.38 5759.75 6507.63 5929.41 30939.8 8786 8203.07 5795.32 4962.37 6484.2 5686.17 6795.52 6196.16 6930.74 6015.91 5379.81 5135.54 10351.8 10326.5 13671.5 10896.8 7803.3 7734.82 7136.17 6737.27 6476.65 5522.19 5380.08
threshold=129.50000000000003 -0.20180236284700911 8.3628058433532733 0.55656748448714433 235.50000000000003 0.44312301391210612 0.38043945030393422 34.513084411621101 0.73865729060996177 0.83849049182116964 28.212017059326175 -0.99273797715557011 41.842855453491218 40.940166473388679 0.91596454896554913 26.630189895629886 26.500000000000004 78.500000000000014 38.080209732055671 38.230096817016609 1.0000000180025095e-35 9.0407443046569842 0.04621408538533487 0.29958852271690523 -0.24372464231556024 0.46800856592688472 -0.90893996196865023 0.99983759474438971 0.89404822654372251 15.373739242553713
decision_type=2 2 8 2 2 2 2 10 2 2 10 2 10 10 2 8 2 2 10 10 2 8 2 2 2 2 2 2 2 8
left_child=10 -2 -3 -4 5 6 7 -5 -7 -10 12 -12 13 18 15 16 -14 -15 19 -1 21 -20 24 28 26 -22 -23 -26 -21 -28
right_child=1 2 3 4 -6 8 -8 -9 9 -11 11 -13 14 17 -16 -17 -18 -19 20 23 25 22 -24 -25 27 -27 29 -29 -30 -31
leaf_value=0.00010476681438488781 -0.14789895725001498 -0.12689867551021655 0.014588084184634593 -0.075622041470148949 -0.1050351727923553 0.0034445964204770857 0.10650465001982433 -0.01040930091931545 -0.14727052889729589 -0.045374973747050247 0.017938496763254614 -0.01570346898415826 0.022524287944885243 -0.018630105318530883 -0.071431859848683041 0.0024845323498036333 0.075241497424537604 0.040986309327266254 0.11317476020220643 -0.011701749564843312 0.0074266953526642325 0.13510073669533018 -0.065736292696947571 0.11560031780185397 0.045132576470716758 -0.0078042393531986901 0.013613156544747835 -0.065003757911628782 -0.041563255288678075 -0.016945973714956045
leaf_weight=41759126.224658348 5783.7907129162923 5662.2639656271785 81163.886333881877 24811.301067940891 8016.0050606597215 17937.609900552779 21707.798589117825 123472.68183961511 9379.8554541021585 13784.501210924238 67763.415934592485 370749.52842766792 93539.894077293575 269488.34248054028 8152.1119011417031 147489.0456564799 28164.818298593163 16037.645893104374 14135.566146880388 220834.53403531387 638129.28842117637 4288.9268933683634 16794.571682784706 4298.4573176726699 106256.29145472124 593929.11890355498 398116.614903301 5621.8572048842907 86062.316110920161 67358.535571761429
leaf_count=29634632 93102 34541 140772 109707 64803 64877 36293 440064 71818 63766 39279 392999 109820 539117 38406 210287 47527 43393 4095 200581 323458 2132 80612 7366 210001 542378 457718 21329 241211 184076
internal_value=-8.57388e-06 -0.0129171 -0.0103652 -0.00816775 -0.0165971 -0.0132388 -0.00499768 -0.0213209 -0.0473228 -0.0866352 8.10113e-05 -0.0105048 0.000185378 9.58136e-05 0.0144592 0.0170603 0.0347241 -0.0152815 0.000195794 -3.06465e-05 0.0053602 0.0159713 0.0136752 -0.0182017 0.0159682 8.44333e-05 0.0103405 0.0395982 -0.0200757 0.00919097
internal_weight=4.52281e+07 311720 305936 300274 219110 211094 169992 148284 41102 23164.4 4.49163e+07 438513 4.44778e+07 4.42005e+07 277346 269194 121705 285526 4.3915e+07 4.20703e+07 1.84463e+06 612572 598437 311195 581642 1.23206e+06 469764 111878 306897 465475
internal_count=34450160 1119743 1026641 992100 851328 786525 586064 549771 200461 135584 33330417 432278 32898139 32492099 406040 367634 157347 582510 31909589 30083790 1825799 959963 955868 449158 875256 865836 643926 231330 441792 641794
is_linear=0
shrinkage=0.1


Tree=60
num_leaves=31
num_cat=0
split_feature=2 1 0 7 1 9 11 11 10 6 11 11 11 11 6 3 10 6 3 10 11 10 3 3 3 6 2 10 8 11
split_gain=4915.6 11575.2 7899.16 6101.18 5400.24 4868.75 10711.8 15083.2 8435.47 8334.53 9761.5 12536.9 12018.2 7086.34 6708.18 5923.65 5716.32 6747.98 5229.52 5084.08 4661.02 6575.65 4551.54 4506.7 6088.69 4385.53 9894.29 7672.06 5691.65 9100.67
threshold=260.54122924804693 72.633220672607436 72.54278945922853 12.111235141754152 122.95699310302736 17.987498283386234 0.99958851518450398 0.95178258287705175 -0.88622299073327826 22.62085056304932 0.42763731121559989 0.92519182738459482 0.29958852271690523 0.81800285027139286 35.580333709716804 17.500000000000004 0.878110924644389 41.140251159667976 41.500000000000007 0.45273815774107123 -0.082691941062253513 0.93544191479114935 13.500000000000002 60.500000000000007 65.500000000000014 9.6149997711181658 0.81423595547676098 0.75014288946266361 16.131060600280765 0.99988440732898443
decision_type=2 8 2 8 10 10 2 2 2 10 2 2 2 2 10 2 2 10 2 2 2 2 2 2 2 8 2 2 8 2
left_child=1 5 3 -2 -5 25 7 8 -7 -10 12 13 16 14 -12 22 -11 20 -13 -15 21 -18 -8 -9 -25 26 -1 -28 29 -27
right_child=2 -3 -4 4 -6 6 15 23 9 10 11 18 -14 19 -16 -17 17 -19 -20 -21 -22 -23 -24 24 -26 28 27 -29 -30 -31
leaf_value=-0.069288705471042253 0.1062626911261607 -0.020411132198741907 0.01957178705516717 0.0027365464018584262 -0.028733288674473265 -0.1447120388037135 -0.18571365136147 -0.12636473140184237 0.11768193642872633 0.029060792100768448 -0.02376302312269624 0.099914268068442724 0.064040249750489095 -0.064968860627838243 -0.13499121558817534 0.017595185588698575 -0.074953791080543189 -0.092951139264940946 -0.021091935408610485 -0.1766319598037529 -0.02769842106344568 0.034343388575592833 0.18227594432231142 0.090695551398041571 -0.077216316007026289 0.0067459854961266887 0.0021292010195346563 -0.082123240038067549 -4.8049861478211596e-05 0.078088128871865808
leaf_weight=28923.472112693824 5472.9014215022326 280788.74491503835 328897.14341700077 704565.09405234456 59102.704527080059 4500.5024792086333 360.046457067132 13780.975584968925 5284.9489945471287 34765.40388917923 69537.952321173623 9105.0609702430665 29335.981378581375 12482.406482439488 5880.7449237648398 6788.3157405480742 6568.4541340060532 10695.339704129845 5876.5411589443684 6055.6205769684166 57083.587952747941 33984.067009232938 5056.7528630942106 2645.6584175117314 11753.04123686254 810325.62627089117 127475.20646239817 11809.297574400902 42515137.152251892 18284.018167763948
leaf_count=47992 1121 89353 51295 159504 14025 64462 1864 142489 7104 74163 467280 24769 89541 151209 60953 21011 28527 82883 46761 81839 297329 103083 1020 11931 134756 664220 79458 8013 31433123 9082
internal_value=-7.74827e-06 -0.000172216 0.00660135 0.00105498 0.000300995 -4.25994e-05 -0.0121149 -0.015629 -0.00886773 -0.00673498 -0.00907188 -0.0325054 0.00573279 -0.0460517 -0.032436 0.0798272 -0.00622069 -0.0175431 0.0524495 -0.101445 -0.00928271 0.0166401 0.157816 -0.0854874 -0.0463637 4.93863e-05 -0.0160662 -0.00501418 0.000111928 0.00832021
internal_weight=4.52223e+07 4.41243e+07 1.09804e+06 769141 763668 4.38435e+07 331541 319336 291157 286656 281371 108938 172433 93956.7 75418.7 12205.1 143097 108331 14981.6 18538 97636.1 40552.5 5416.8 28179.7 14398.7 4.3512e+07 168208 139285 4.33437e+07 828610
internal_count=34450160 34224215 225945 174650 173529 34134862 1892974 1869079 1579903 1515441 1508337 832811 675526 761281 528233 23895 585985 511822 71530 233048 428939 131610 2884 289176 146687 32241888 135463 87471 32106425 673302
is_linear=0
shrinkage=0.1


Tree=61
num_leaves=31
num_cat=0
split_feature=2 10 8 11 10 8 8 5 0 8 10 10 7 11 11 3 8 11 11 11 3 9 6 3 8 10 11 3 3 6
split_gain=4621.44 7986.78 12741.4 7223.6 7273.83 12805.1 6797.17 6477.03 6466.33 6457.46 22710.2 16809.5 16098.8 11959.8 18976.9 21476.2 14930.3 21259 13855.4 36337.5 13139.4 11965 11863.7 22529.4 16588.2 11228.8 10261.7 22266.4 18746.7 15822.5
threshold=95.680320739746108 0.30983042691905771 32.881446838378913 -0.10837475778693638 -0.95754239937548935 29.390223503112797 27.981488227844242 5.158858299255372 24.851124763488773 30.694287300109867 0.54219432480460406 0.62587949062545845 17.120238304138187 0.5475998096715059 0.51849435583340198 14.500000000000002 32.367830276489265 0.18281312110578132 0.28313308994381592 0.19969739736768838 119.50000000000001 16.508025169372562 30.89033126831055 2.5000000000000004 32.235715866088874 0.9053161325100999 0.70138038092733435 4.5000000000000009 55.500000000000007 16.020244598388675
decision_type=2 2 10 2 2 10 10 10 2 8 2 2 8 2 2 2 8 2 2 2 2 10 8 2 8 2 2 2 2 10
left_child=9 3 -3 6 -5 -6 8 -8 -2 10 -1 12 -11 14 16 -16 17 -13 19 -18 25 -15 23 -14 -24 -20 28 -28 29 -12
right_child=1 2 -4 4 5 -7 7 -9 -10 11 26 13 22 21 15 -17 18 -19 20 -21 -22 -23 24 -25 -26 -27 27 -29 -30 -31
leaf_value=-0.0046175759615572094 0.0014934630833117188 0.015941422833036688 -0.030112198770350113 -0.020384976186642492 -0.017888843858247402 0.029558084053932416 0.0087618992024638669 -0.00095022521000786534 0.017491918267984206 -0.024167042533117127 -0.023984353349706885 0.019749455013702909 0.0050240839264058153 -0.018248054181816371 -0.052067801676858885 0.081516358253499621 -0.007038050209505875 -0.02136380479452242 -0.024969483680230036 -0.070364048774941346 0.066114562227335416 -0.08657469010269836 -0.0047053963526583033 0.033557302626054081 0.0028952298596472276 0.017756740800180498 -0.0030744116899037994 0.031356127920235857 -0.061321300005416829 0.0047990629909390112
leaf_weight=10191162.079063307 496786.29867839813 697529.63665130734 65735.837515562773 297373.42929199338 127414.94385008514 102751.84663495421 821173.3773393929 4192227.1369444132 514068.20880287886 234627.03150867205 204990.60136577487 498445.67487841472 2699434.583062049 207809.99783120677 15820.83578569442 50294.551373759285 3346237.5855355877 168215.58657545783 87045.62384596467 93135.090685423464 40243.27170342952 29234.430118640885 3758627.5354981283 308332.4052735772 12165053.076360341 209675.26415450871 359860.20237874985 392905.71089192107 46252.252476669848 2794553.4099006467
leaf_count=10340231 135205 195131 26778 128010 54094 33273 286674 1080953 90950 1289797 136809 281681 882322 408773 25244 72924 4692459 291072 198186 263908 101593 214722 2105517 253221 7374105 331709 268288 620688 182841 2083002
internal_value=-7.12306e-06 0.0022941 0.0119751 0.0011663 -0.0100544 0.00329258 0.00214889 0.000640579 0.00962945 -0.000451259 -0.00215776 0.000547118 0.0018665 -0.00478086 -0.0036299 0.0495508 -0.00442127 0.00937553 -0.00685691 -0.00875286 0.0124949 -0.0266747 0.00218915 0.00794908 0.00110118 0.00522264 0.0044417 0.0148966 0.00185778 0.00283199
internal_weight=4.5217e+07 7.31506e+06 763265 6.5518e+06 527540 230167 6.02426e+06 5.0134e+06 1.01085e+06 3.7902e+07 1.39897e+07 2.39122e+07 1.91661e+07 4.74616e+06 4.50911e+06 66115.4 4.443e+06 666661 3.77634e+06 3.43937e+06 336964 237044 1.89314e+07 3.00777e+06 1.59237e+07 296721 3.79856e+06 752766 3.0458e+06 2.99954e+06
internal_count=34450160 2031068 221909 1809159 215377 87367 1593782 1367627 226155 32419092 13631859 18787233 11904962 6882271 6258776 98168 6160608 572753 5587855 4956367 631488 623495 10615165 1135543 9479622 529895 3291628 888976 2402652 2219811
is_linear=0
shrinkage=0.1


Tree=62
num_leaves=31
num_cat=0
split_feature=9 3 7 3 7 8 6 11 10 3 11 10 8 4 8 8 11 2 9 6 8 7 8 8 2 10 8 7 0 3
split_gain=4338.69 6762.74 4377.11 4194.51 4150.57 5670.89 6481.28 4992.86 4973.36 28987.1 13073.7 14847.4 16697 10676.3 9535.12 8231 14123.3 20494.2 13501.7 12032.9 11643.9 17660 20434.2 11735.2 11099.1 22845.9 22940.8 16849.5 15963.7 14749.9
threshold=4.7100000381469735 1.5000000000000002 19.31424713134766 2787.5000000000005 27.990239143371586 41.568571090698249 41.360345840454109 -0.98212955754013376 -0.05695216311707673 64.500000000000014 0.9863035000474919 -0.091260668982868151 21.214999198913578 21.651929855346683 34.375715255737312 31.578572273254398 0.91159213926341531 19.13187408447266 16.508025169372562 27.775579452514652 12.856428146362306 6.2799537181854257 24.700531959533695 21.214999198913578 36.136514663696296 -0.69057362043749781 29.730000495910648 8.3628058433532733 5.2282476425170907 33.500000000000007
decision_type=8 2 8 2 10 10 10 2 2 2 2 2 8 10 10 8 2 2 10 10 10 8 10 10 2 2 10 8 2 2
left_child=1 2 -1 4 5 6 8 -7 9 10 15 -12 -13 -10 -15 16 24 20 -17 -19 -18 -22 23 -23 25 -2 29 28 -26 -27
right_child=3 -3 -4 -5 -6 7 -8 -9 13 -11 11 12 -14 14 -16 18 17 19 -20 -21 21 22 -24 -25 27 26 -28 -29 -30 -31
leaf_value=-0.0251992228640633 -0.0015433089009958948 0.040812567495928508 0.0048542651033779997 -0.18331248029398772 -0.0085865572855349497 0.06172378385526589 -0.020611796122129582 0.0098346365807638336 0.00047718148564531381 -0.051596337734657063 -0.061120846531020748 -0.0999628193690138 0.032975545961874249 0.013201193755815169 -0.01103355656195569 0.0016015684264780693 -0.069728724406833906 -0.07596138663510961 -0.051708665938482057 0.0070590243140536517 0.05853911815390403 0.026097812408964766 0.023085641160501484 -0.060297848888736183 0.10556571865565621 -0.023300100905945184 -0.0041118748796881918 -0.00085090314823887926 -0.064624505182764289 -0.081461935930177087
leaf_weight=50050.320691904984 3348985.2647930812 51247.391337170266 1526658.620056808 1250.8726971969008 580937.99728923291 19703.853460863233 154674.50222426653 314939.60206085443 16210771.499291081 112770.65042954683 75762.197848528624 11855.22480885312 46529.461510036141 1148031.6227166951 189088.87407862023 11246893.940700099 14257.407170802355 38200.504408568144 47709.624869158491 32152.550860881805 104756.9151201956 22386.903369896114 336408.69146048836 52808.35303805396 26543.568203538656 923218.89023236372 938657.17604825459 7526887.1103835553 6955.7064716815948 45763.99428810738
leaf_count=23543 2800632 23772 370794 41631 567255 8140 363229 494472 16022947 722992 269621 26510 106292 285517 64451 6129415 19723 39587 472499 21004 102502 24844 693877 131289 10319 1034548 779967 2490683 4393 303712
internal_value=-6.42544e-06 0.00506225 0.00390026 -0.000195773 -0.000190517 -7.70764e-05 -0.00017879 0.0128899 -0.000104439 -0.0010114 -0.00078181 -0.0319157 0.00598192 0.00118559 0.00977404 -0.000612806 -0.00228721 0.0126955 0.00137638 -0.0380196 0.0194197 0.0218812 0.0125515 -0.0345764 -0.00298973 -0.00651887 -0.0152538 -0.000535961 0.0702278 -0.026047
internal_weight=4.52069e+07 1.62796e+06 1.57671e+06 4.35789e+07 4.35777e+07 4.29967e+07 4.26621e+07 334643 4.25074e+07 2.49595e+07 2.48467e+07 134147 58384.7 1.75479e+07 1.33712e+06 2.47126e+07 1.3418e+07 600971 1.12946e+07 70353.1 530618 516361 411604 75195.3 1.2817e+07 5.25663e+06 1.90764e+06 7.56039e+06 33499.3 968983
internal_count=34450160 418109 394337 34032051 33990420 33423165 32920553 502612 32557324 16184409 15461417 402423 132802 16372915 349968 15058994 8457080 1032826 6601914 60591 972235 952512 850010 156133 7424254 4918859 2118227 2505395 14712 1338260
is_linear=0
shrinkage=0.1


Tree=63
num_leaves=31
num_cat=0
split_feature=3 10 10 3 10 9 1 7 11 8 6 8 0 9 6 11 11 10 11 11 11 9 8 9 3 10 7 6 11 3
split_gain=4177.56 8432.59 6214.58 8098.46 4914.44 4448.89 3938.49 3521.73 5370.24 4045.2 5536.4 5071.91 9960.76 10290.6 7737.63 7619.83 6431.45 9618.96 9742.82 6331.44 6084.77 6321.81 6030.88 5691.42 4654.22 4419.28 4317.49 4295.02 4261.79 4252.72
threshold=141.50000000000003 -0.21861968191509915 0.30983042691905771 202.50000000000003 0.022575936829235418 19.690001487731937 inf 28.212017059326175 -0.99052477729077237 41.568571090698249 40.370006561279304 38.080209732055671 0.43277670443058019 9.0407443046569842 37.355192184448249 0.04621408538533487 -0.25206183926700709 0.45273815774107123 -0.90892157495189674 -0.8142754349318998 -0.13398942717002907 13.139999866485597 36.813228607177741 16.200165748596195 25.500000000000004 0.26037272046371446 26.630189895629886 38.641212463378913 -0.039769286347669845 48.500000000000007
decision_type=2 2 2 2 2 10 8 10 2 10 10 10 2 8 10 2 2 2 2 2 2 10 10 10 2 2 8 10 2 2
left_child=6 -2 3 -3 -5 -4 7 9 -9 10 11 14 13 19 -1 16 17 18 -15 -13 -18 -22 27 -19 -20 -11 -27 -16 29 -12
right_child=1 2 5 4 -6 -7 -8 8 -10 25 28 12 -14 15 22 -17 20 23 24 -21 21 -23 -24 -25 -26 26 -28 -29 -30 -31
leaf_value=0.00015588873772787474 -0.13875879285642176 -0.052126299098710541 -0.014262094231039413 -0.083208695130239568 0.08763461663393006 -0.15430950547729527 -0.18960701206163905 0.014480517853418848 -0.014087540474339251 0.046455105745266886 -0.013808016003150092 0.037823763500335041 -0.0062249591264619195 0.01261233346030748 -0.016743284326258916 -0.057105557046631332 0.049371221037621919 0.0014437551412573816 0.04446200445718896 0.13347412762876584 -0.12006618936535202 0.015274812974505378 -0.0034567082330248934 -0.042661156507757494 0.12077175731284917 0.019207522566606298 -0.0039797622189683005 -0.05246040806120518 -0.1202505882885129 0.019842185184787448
leaf_weight=41306597.398514546 5211.2255128026009 7510.4819952379912 216745.80002191477 1869.231336498633 16968.55894073844 2292.2953243572265 1094.7344182878733 80599.000549644232 358392.57189873606 31677.48495310545 374028.14174027741 24596.524677097797 496031.07828468084 318286.25976723433 232919.22339999676 17133.53385133855 75574.642313677818 551061.74753348529 50585.616287261248 9629.7526251990348 3655.776914358139 61705.204267460853 507309.95144505799 30898.664877906442 9492.3813051581383 156465.07648674399 164971.86893039197 39356.423052087426 3563.8864327073097 41749.232416585088
leaf_count=29259882 91503 13143 748268 14841 21860 33505 4964 47825 386645 16158 641127 9927 274297 197489 290843 77960 106964 614487 27660 1904 8020 139917 610237 88178 4343 246593 251190 69953 25456 125021
internal_value=-5.95382e-06 -0.0128815 -0.0102083 0.0356761 0.0706822 -0.0157277 6.58319e-05 7.04517e-05 -0.00884244 0.000158363 7.31065e-05 0.000182754 0.00562374 0.0107228 -3.03871e-05 0.00906988 0.0100994 0.00717185 0.019584 0.0647355 0.0300479 0.00770491 -0.00990027 -0.000897955 0.056519 0.010819 0.00730706 -0.0219061 -0.0113625 -0.0104291
internal_weight=4.5198e+07 250598 245386 26348.3 18837.8 219038 4.49474e+07 4.49463e+07 438992 4.45073e+07 4.41542e+07 4.37348e+07 1.64865e+06 1.15262e+06 4.20862e+07 1.11839e+06 1.10126e+06 960325 378364 34226.3 140936 65361 779586 581960 60078 353114 321437 272276 419341 415777
internal_count=34450160 923120 831617 49844 36701 781773 33527040 33522076 434470 33087606 32573665 31782061 1551146 1276849 30230915 1265018 1187058 932157 229492 11831 254901 147937 971033 702665 32003 513941 497783 360796 791604 766148
is_linear=0
shrinkage=0.1


Tree=64
num_leaves=31
num_cat=0
split_feature=9 11 11 11 3 11 11 6 11 11 3 7 11 9 10 8 8 11 2 11 6 10 11 11 6 7 8 3 11 6
split_gain=3854.9 5503.52 9414.72 9210.87 5161.04 5021.89 4735.19 4839.84 4432.38 4723.43 3700.05 3552.12 11490.4 10611.9 8701.64 11857 7969.48 8813.13 25451.9 16175.5 13004.1 11152.3 8081.14 9716.88 20293.9 9511.39 19696.4 18809.4 12885.3 11521.8
threshold=19.22970008850098 0.42763731121559989 0.99932962452255414 0.33222858587828868 49.500000000000007 0.99981043035926087 -0.50557503990954278 33.956455230712898 0.95178258287705175 0.92519182738459482 2787.5000000000005 -1.0000000180025095e-35 0.97062204580664158 16.610001564025882 0.21022171450811275 11.574999809265138 16.131060600280765 0.75438814418115718 1.5744614005088808 0.70138038092733435 16.020244598388675 -0.0053757284505435614 0.96633974041180493 0.96177147954086928 28.002498626708988 17.510086059570316 28.862753868103031 15.500000000000002 0.9980355542543059 30.89033126831055
decision_type=10 2 2 2 2 2 2 10 2 2 2 8 2 10 2 10 8 2 2 2 10 2 2 2 10 8 8 2 2 10
left_child=10 3 4 6 8 -4 -2 -8 9 -3 11 12 13 -1 15 -14 17 18 19 -13 -20 -19 23 -18 -25 26 27 -24 -28 -30
right_child=1 2 5 -5 -6 -7 7 -9 -10 -11 -12 16 14 -15 -16 -17 22 21 20 -21 -22 -23 25 24 -26 -27 28 -29 29 -31
leaf_value=-0.035708815515414515 0.063781345941481576 -0.04094323359986736 0.12553751079765801 0.095228650792980596 -0.12012111840060813 -0.16566301272077927 0.089161290971735488 -0.051935899981909985 -0.16862375026643067 0.11323282444714154 -0.17880377105560108 -0.10798095210945724 -0.03241680693824648 0.088161494484330805 0.082771074544860657 0.044911217687912251 5.7563247798786262e-05 -0.0080347017589984145 -0.0063883131209946827 0.034667469488724116 0.043677366181432919 0.027443715626165672 -0.028477332568893191 0.053913152544723397 -0.061818425425152229 0.0094355199625377195 -0.095287247629592425 0.0055752666549086106 -0.052820951520638974 0.080760534359428579
leaf_weight=139870.51775627583 5454.5991424992681 14263.904768990353 3954.5601908490062 8521.5527709256858 12576.538541903719 696.52868964523077 2693.7478055730462 24928.854116018862 2264.4397344794124 2308.7508471384645 1156.8663491457701 33236.561167255975 45151.308967269957 7275.8472279161215 15772.056416489184 35356.450522840023 43059742.819946609 117931.59665490687 168421.36815616488 10448.111576586962 74974.921751052141 356234.92279807478 283311.66404861677 78783.104014579207 18759.634106669575 213067.71953285765 46787.298446783796 379474.25892122649 20887.060706589371 9346.2429244108498
leaf_count=152004 12642 127054 4970 28159 207359 4949 7262 191416 37113 7396 42427 51586 67416 8405 8283 40216 30317010 130211 85577 8394 34584 229340 593079 99108 66591 295015 368897 1118264 81864 23569
internal_value=-5.32681e-06 -0.0222653 -0.0508551 0.00252107 -0.0705149 0.0819285 -0.0213628 -0.0381761 -0.0373955 -0.0194648 3.29919e-05 3.75778e-05 -0.0120096 -0.0295839 0.0148495 0.00154321 0.000102933 0.0102476 -0.00358062 -0.0738636 0.00903374 0.0186198 -7.21415e-05 0.00012898 0.0316554 -0.00918126 -0.014543 -0.00898071 -0.062408 -0.0115259
internal_weight=4.51937e+07 77663.5 36064.7 41598.8 31413.6 4651.09 33077.2 27622.6 18837.1 16572.7 4.5116e+07 4.51148e+07 243426 147146 96279.8 80507.8 4.48714e+07 761247 287081 43684.7 243396 474167 4.41102e+07 4.31573e+07 97542.7 952874 739807 662786 77020.6 30233.3
internal_count=34450160 628320 388841 239479 378922 9919 211320 198678 171563 134450 33821840 33779413 276324 160409 115915 107632 33503089 539692 180141 59980 120161 359551 32963397 30482709 165699 2480688 2185673 1711343 474330 105433
is_linear=0
shrinkage=0.1


Tree=65
num_leaves=31
num_cat=0
split_feature=9 1 7 4 11 6 8 1 11 10 2 8 3 7 11 10 3 8 4 7 11 7 10 6 3 3 10 8 7 3
split_gain=3500.83 7753.38 7268.56 5133.3 5085.15 3709.44 6274.1 3474.83 3504.53 12467.1 8345.11 9787.61 6466.62 6909.91 5300.03 15351.6 13067 6978.32 6575.43 14115.4 16306.5 12718 12608.6 11260.6 18683.6 12370.9 9709.51 7514.99 6331.84 6292.66
threshold=5.1199996471405038 1.0000000180025095e-35 19.130130767822269 11.145262718200685 -0.85225707553516283 29.990403175354007 31.340019226074222 inf 0.9989598388634241 1.0000000180025095e-35 3.3603427410125737 18.616177558898929 112.50000000000001 10.060648918151857 0.98332250088165762 -0.108376950152639 96.500000000000014 32.102998733520515 0.022948059253394607 7.1703755855560312 0.99748108949426018 2.7907195091247563 0.074116354202380205 27.930821418762211 22.500000000000004 7.5000000000000009 0.12545942051955489 11.574999809265138 5.9429731369018564 405.00000000000006
decision_type=8 8 10 10 2 10 10 8 2 2 2 10 2 10 2 2 2 10 8 10 2 8 2 8 2 2 2 10 8 2
left_child=1 3 -3 4 5 -1 -7 8 14 -10 11 -11 13 -13 29 -16 17 18 19 20 28 27 -20 -21 25 -25 -24 -22 -17 -2
right_child=7 2 -4 -5 -6 6 -8 -9 9 10 -12 12 -14 -15 15 16 -18 -19 22 23 21 -23 26 24 -26 -27 -28 -29 -30 -31
leaf_value=0.021459550450458123 -0.00015137437229603129 -0.036720764241996627 0.0023988788888515346 -0.0016140190358323191 0.03755021839535759 -0.11328977070171642 0.00310205888560753 -0.18727287813920163 0.025632389365063242 0.045758364256348716 -0.079831435627703437 -0.087332066550915452 0.12037401567468367 -0.012013088727712782 -0.047154202747334069 -0.089009760544063968 -0.10232466016289291 0.10117666405910215 -0.029618069854153134 0.021211813962954927 -0.047272603380472296 -0.055929989592283159 0.077147979963493221 -0.055051286111214806 -0.089253597877596486 0.050302780009564688 0.0011513192830482056 0.099671285265013648 -0.021381839769972766 -0.10282968818040393
leaf_weight=45974.045904264785 41750234.114179112 48531.430346608162 2226607.9899149835 89351.769687576219 145552.60432740627 6240.4302557073534 17961.437043355778 993.12053863704205 194701.05113363639 27179.077108707279 17536.867861911654 16835.47359431535 2885.3209358640015 44052.108365204185 92733.589803772978 45880.797879216261 12743.685628436506 6764.3793709166348 33249.997478999197 153849.4444594644 4465.2923394292593 14300.699335869402 40155.871912971139 17407.889046624303 28865.208856832236 30981.273888386786 28918.560122862458 15778.721040159464 19827.447652123868 5969.5154418945312
leaf_count=16355 31647530 23078 553047 26063 53861 3937 6984 4964 281777 22842 22989 54264 3635 102812 376146 132030 83561 16458 37783 386863 7525 41014 21896 47313 195717 61763 25351 11128 61158 120316
internal_value=-5.01089e-06 0.00357175 0.00156441 0.0185415 0.0268896 0.00477832 -0.0269095 -0.000221618 -0.000217258 0.0104956 -0.0166698 -0.00449128 -0.0259069 -0.0328389 -0.00029404 -0.0100834 -0.00249777 0.000390583 -0.00118144 -0.008024 -0.0393607 0.0162619 0.0209768 0.00556988 -0.0255805 0.0124019 0.0453314 0.0672594 -0.0686031 -0.000166053
internal_weight=4.51865e+07 2.58022e+06 2.27514e+06 305080 215729 70175.9 24201.9 4.26063e+07 4.26053e+07 303190 108489 90952 63772.9 60887.6 4.23021e+07 545923 453189 440446 433681 331357 100253 34544.7 102324 231104 77254.4 48389.2 69074.4 20244 65708.2 4.17562e+07
internal_count=34450160 683325 576125 107200 81137 27276 10921 33766835 33761871 488319 206542 183553 160711 157076 33273552 1505706 1129560 1045999 1029541 944511 252855 59667 85030 691656 304793 109076 47247 18653 193188 31767846
is_linear=0
shrinkage=0.1


Tree=66
num_leaves=31
num_cat=0
split_feature=9 1 0 11 2 10 10 3 7 11 10 9 10 3 9 8 9 6 8 8 6 7 10 5 11 10 9 10 3 9
split_gain=3325.78 3288.14 14136.6 11486.5 6080.9 7078.48 13533.4 25897.3 15048.8 13785.3 13298 11009.7 11621.3 10220.5 9265.83 9499.06 9154.87 6844.44 6316.65 6146.15 6924.4 6033.21 7001 7475.07 6915.83 5669.69 12080 9940.11 12920.9 12047.2
threshold=20.530893325805668 35.295186996459968 57.296329498291023 0.89309379682046119 73.001110076904311 -0.97509794945709805 -0.98803845231459242 3.5000000000000004 19.900044441223148 -0.056951011027366626 -0.99467753128998015 9.6035952568054217 -0.98214942551678475 1.5000000000000002 12.099998950958254 26.311429023742679 5.1199996471405038 33.190118789672859 32.367830276489265 34.444410324096687 33.460073471069343 24.128284454345707 -0.57078386445773377 0.27021819353103643 0.97062204580664158 -0.41398024697495356 16.150000572204593 -0.46038400545438724 74.500000000000014 12.250001430511476
decision_type=10 8 2 2 2 2 2 2 8 2 2 10 2 2 10 8 8 10 10 10 10 8 2 10 2 2 10 2 2 10
left_child=1 4 3 -3 5 6 9 18 -9 10 13 -10 -13 -1 15 -11 -12 -14 -8 20 -17 22 -6 24 -24 26 27 28 -7 -29
right_child=-2 2 -4 -5 21 25 7 8 11 14 16 12 17 -15 -16 19 -18 -19 -20 -21 -22 -23 23 -25 -26 -27 -28 29 -30 -31
leaf_value=-0.013954866944417083 -0.057429490106051195 -0.006981482935161808 0.010757025263590896 -0.10860638705202073 0.0006391847184537932 -0.0014879309399930913 -0.0039282148502086979 0.075071743190937137 0.051872650756590005 -0.1147561399331225 0.067952664162604329 0.031140291561368012 0.02014711424080895 -0.051632614591707621 -0.015509016249176631 0.010134295215275976 -0.0031339584902020587 -0.051935489475731525 0.014321313996475807 0.032446714709125607 -0.01292988876912122 -0.0011793976975322928 0.030457278290287326 0.0065857903173079241 -0.10576470861812302 0.00017006257956358325 -0.031606214282150602 -0.011786489938775567 -0.12448564010449213 -0.074472437560903215
leaf_weight=205590.31465703249 10083.185860566795 1905081.7516011596 538979.21804070473 11187.403149500489 2447929.4111709595 10403813.873815559 469509.07830014639 79409.655575502664 90667.13193477504 6220.5263791978359 19004.828739484772 83665.889729162678 20126.242911177687 110793.27234341204 185779.74093229789 935082.47646014486 387626.50018223887 38127.498864448629 318206.40769559145 103322.95807446307 151218.93009407539 2709635.6516818404 176685.22423493862 2792215.3018397987 3807.2249113768339 20300516.741645347 142150.73660215177 492558.87956405245 8547.7949681002647 32693.11659350805
leaf_count=108831 122690 559740 97459 13313 811023 7041890 230176 80604 44709 7482 3798 80247 15108 128990 360567 459673 227525 60930 147181 67643 121072 831202 79052 751155 7290 20354446 1149811 257535 90372 138646
internal_value=-4.67711e-06 8.14165e-06 -0.00355056 -0.00757478 0.000212695 -0.000365807 0.00411119 0.0131017 0.0374852 -0.000586497 -0.0117742 0.0246525 0.00726253 -0.0271491 0.00526811 0.00849592 0.000188435 -0.0270315 0.00344388 0.0091404 0.00692364 0.00267353 0.00459952 0.00786072 0.0275839 -0.000822969 -0.00264242 -0.00226599 -0.0015889 -0.0156882
internal_weight=4.51802e+07 4.51702e+07 2.45525e+06 1.91627e+06 4.27149e+07 3.45846e+07 3.20435e+06 1.09971e+06 311996 2.10464e+06 723015 232587 141920 316384 1.38162e+06 1.19584e+06 406631 58253.7 787715 1.18962e+06 1.0863e+06 8.13027e+06 5.42064e+06 2.97271e+06 180492 3.13803e+07 1.10798e+07 1.09376e+07 1.04124e+07 525252
internal_count=34450160 34327470 670512 573053 33656958 31177236 2144536 658955 281598 1485581 469144 200994 156285 237821 1016437 655870 231323 76038 377357 648388 580745 2479722 1648520 837497 86342 29032700 8678254 7528443 7132262 396181
is_linear=0
shrinkage=0.1


Tree=67
num_leaves=31
num_cat=0
split_feature=3 8 7 5 11 10 7 6 8 11 3 11 3 8 6 6 2 11 10 10 10 2 8 11 10 3 10 10 10 7
split_gain=3137.72 7861.82 12224.5 5579.51 5762.79 19339.2 4826.78 5431.77 4260.25 4775.96 4322.31 4185.43 4124.13 3612.34 3576.43 3165.85 8439.07 7952.04 5963.14 5802.91 5716.39 6586.82 5058.71 8009.56 7360.79 12305.9 7324.19 13853.6 10609.9 9390.89
threshold=129.50000000000003 32.594411849975593 19.401484489440922 0.11106529086828233 0.39629089145655322 0.9053161325100999 8.3628058433532733 29.370143890380863 34.513084411621101 -0.95242240592625282 252.50000000000003 -0.98521978256641018 202.50000000000003 35.02721023559571 35.430002212524421 9.6149997711181658 3.9194098711013798 0.79773375822167203 0.75014288946266361 0.54219432480460406 0.72695311118111527 24.404079437255863 16.131060600280765 0.19969739736768838 -0.05695216311707673 49.500000000000007 0.27694220057652758 0.3261394409934788 0.35846314187849709 3.543819904327393
decision_type=2 10 10 10 2 2 8 8 10 2 2 2 2 10 10 8 2 2 2 2 2 2 8 2 2 2 2 2 2 8
left_child=15 2 6 4 8 13 -2 -8 -3 12 -11 -9 -10 -6 -7 16 17 -1 20 -19 21 -18 23 -17 25 -25 -26 -28 -29 -30
right_child=1 3 -4 -5 5 14 7 11 9 10 -12 -13 -14 -15 -16 22 18 19 -20 -21 -22 -23 -24 24 26 -27 27 28 29 -31
leaf_value=-0.14910763531134563 -0.1169487016294784 -0.059494002718668275 -0.17274488421364587 0.043188444721937259 -0.088404366162184611 0.1532588586012931 0.01128881661858127 0.099490844567672584 -0.036462603055614856 -0.0090950260961878415 -0.096494148935873603 -0.055905313552410164 0.082523477847313093 0.026462209457219051 -0.1555654796007801 -0.082392973640863565 0.028864436114666599 -0.049049007088777595 -0.071625154162335003 0.062357501499046675 0.11513212334298073 -0.020857875673298928 -3.0120580087043209e-05 -0.0065996061116007747 0.029949644452622416 -0.16155316733665392 -0.084996815444077389 0.068937215710187891 -0.0052046967679326437 0.024215795789622605
leaf_weight=6967.8537280447781 5390.6117974789813 17260.284674742259 6192.5475528673269 25483.801170640625 7402.6667503872886 9947.5838459245861 31331.383060673252 1837.3728037290275 4094.5366639047861 146826.93908726424 5885.318976434879 30582.936769599561 10094.807787535712 4344.6003408245742 389.68637923896313 9717.7098711933941 49223.00974008441 31994.859163381159 10656.531177937984 5475.6244383454323 4656.1616530418396 58077.158653318882 43871087.919991106 123049.08574175835 186516.4474485144 5347.9603911191225 15936.6938919276 28515.645468011498 283027.14603057504 175937.34572483599
leaf_count=11039 34711 81398 61654 33571 51460 7649 121933 2852 5193 479373 16582 195009 6217 19077 3064 10431 28984 49853 6548 3094 830 33839 32523827 136621 163138 32443 19526 14838 209875 85531
internal_value=-4.26765e-06 -0.0100785 -0.0381418 -0.000955149 -0.00640953 0.0418607 -0.0260865 -0.0184035 -0.0121981 -0.0073069 -0.0124633 -0.0470985 0.0481884 -0.0459222 0.141617 6.46804e-05 -0.0136761 -0.0510107 -0.000144957 -0.032769 0.00665886 0.0019518 0.000116033 0.00785943 0.00893118 -0.0130537 0.0130226 0.00675109 0.00975051 0.00607322
internal_weight=4.51733e+07 307065 75334.9 231730 206246 22084.5 69142.3 63751.7 184162 166902 152712 32420.3 14189.3 11747.3 10337.3 4.48662e+07 167051 44438.3 122613 37470.5 111956 107300 4.46991e+07 828048 818330 128397 689933 503417 487480 458964
internal_count=34450160 1119743 416159 703584 670013 81250 354505 319794 588763 507365 495955 197861 11410 70537 10713 33330417 134187 63986 70201 52947 63653 62823 33196230 672403 661972 169064 492908 329770 310244 295406
is_linear=0
shrinkage=0.1


Tree=68
num_leaves=31
num_cat=0
split_feature=11 10 7 1 9 8 10 3 10 8 6 11 6 11 11 11 7 10 8 3 8 8 10 7 8 5 9 9 7 8
split_gain=3248.87 19004.3 17912.4 17583 18506.5 16578.5 16159.2 16461.6 15337.8 14045.9 16419.3 15617.4 17622.2 23589.5 13484.8 22912.7 14535.1 12798.8 12489.2 10699.6 10527 10294.6 10119.4 28949.2 25067.1 14913 10058.3 9660.04 9428.96 9213.55
threshold=0.097680735332368748 0.9893236546938301 9.1800270080566424 1.0000000180025095e-35 9.0900011062622088 27.160102844238285 -0.91597725483594616 14.500000000000002 0.95752911693909493 32.687143325805671 31.580005645751957 0.73721509932751383 33.51768875122071 0.69521084835931835 0.44312301391210612 0.39629089145655322 19.130130767822269 -0.88622299073327826 36.079999923706062 2.5000000000000004 32.927022933959968 34.307142257690437 0.95752911693909493 12.640486240386965 32.73481750488282 1.119465231895447 11.570000171661379 12.999998569488527 22.350042343139652 34.236398696899421
decision_type=2 2 8 8 8 8 2 2 2 10 10 2 8 2 2 2 10 2 10 2 10 10 2 8 8 8 8 10 10 10
left_child=2 3 8 4 -2 6 7 19 -1 10 -7 12 21 14 15 -14 -17 -8 27 -6 -3 -11 23 -4 25 28 -26 -16 -24 -15
right_child=1 20 22 -5 5 9 17 -9 -10 11 -12 -13 13 29 18 16 -18 -19 -20 -21 -22 -23 24 -25 26 -27 -28 -29 -30 -31
leaf_value=-0.11578925960856877 0.013349147975330043 -0.014680529333374454 -0.044113421857505004 -0.0081479875794443282 0.002028973680489488 -0.0044226901658415835 -0.099580959319202855 -0.072225871139628472 -0.021690406795197553 0.017490745852128307 -0.022841662335931129 -0.067308439562304076 -0.007195213984207147 0.12741543637796202 0.0021690582927300956 0.10384225572814816 0.0098020303550562741 0.0044777170347019566 0.044095569867130986 0.085144173124587996 -0.065070940931633417 0.065379417989693142 0.037914288899796818 0.00039093666663472565 -0.023216335935551318 0.0086879579623127898 0.0020729986896316408 -0.066511844260489755 -0.071794002869167942 -0.16774080562111782
leaf_weight=20775.685804545879 1110649.7424610863 106515.61844190955 146816.12538905349 2569739.6559063606 21181.045516200364 2123740.9643255239 11874.891734020784 10196.106277688406 104194.01204541698 329709.76646564156 626820.90469849948 29133.336422860622 448166.65524464846 17097.328948210925 27692.376927576959 32316.134831227362 33446.296583990566 2550584.8981619775 16828.058633163571 57629.820750109851 67876.842761617154 51964.404871932231 362301.64279517904 32755655.936892238 196837.82128578797 468335.80147598125 782414.06773861684 78618.416547812521 8007.1659956052899 1127.3382610008121
leaf_count=31800 662143 90422 185809 1642204 20092 4948364 34636 38029 87197 577064 1598721 177163 1057508 22144 42893 71185 68924 4326498 54277 51634 192526 65342 243787 15910427 173992 198341 1459853 403478 6098 7609
internal_value=-3.99903e-06 -0.00156219 0.000457614 -0.000999736 0.00142402 -0.000623652 0.00545045 0.0473378 -0.0373339 -0.00484338 -0.00862016 0.00490079 0.00692949 -0.00301944 -0.0062285 0.000893055 0.0560141 0.00399549 -0.0359509 0.0628063 -0.0342934 0.0240107 0.000593638 0.000192351 0.00785662 0.0205456 -0.00301037 -0.0486215 0.0355421 0.109158
internal_weight=4.51682e+07 1.03229e+07 3.48453e+07 1.01485e+07 7.57878e+06 6.46813e+06 2.65147e+06 89007 124970 3.81666e+06 2.75056e+06 1.0661e+06 1.03697e+06 655293 637068 513929 65762.4 2.56246e+06 123139 78810.9 174392 381674 3.47204e+07 3.29025e+07 1.8179e+06 838645 979252 106311 370309 18224.7
internal_count=34450160 16152856 18297304 15869908 14227704 13565561 4470889 109755 118997 9094672 6547085 2547587 2370424 1728018 1698265 1197617 140109 4361134 500648 71726 282948 642406 18178307 16096236 2082071 448226 1633845 446371 249885 29753
is_linear=0
shrinkage=0.1


Tree=69
num_leaves=31
num_cat=0
split_feature=7 11 9 3 11 3 11 9 10 3 11 8 11 11 10 8 10 6 9 6 8 7 11 3 10 6 6 3 11 3
split_gain=3031.62 8586.4 8297.64 7389.58 7143.02 9159.47 8198.14 8604.81 7941.58 6512.98 5892.45 5788.3 6899.63 6670.81 9211.59 10037.5 11220.4 10727.5 8742.83 7841.31 11235.1 15346.4 10820.1 11671.5 9711.97 14059.3 13699 9698 11400.6 10206.1
threshold=-1.0000000180025095e-35 0.97062204580664158 16.150000572204593 10.500000000000002 0.97832380634958016 16.500000000000004 0.99138911339924218 14.602698802948 0.17646842360078763 19.500000000000004 0.90438663683299525 16.131060600280765 0.21652257995689161 0.96633974041180493 0.17646842360078763 24.700531959533695 0.21022171450811275 28.850046157836918 12.150000095367433 23.975421905517582 27.160102844238285 17.990000724792484 0.99611390731392835 9.5000000000000018 0.056951373111866731 27.775579452514652 28.280142784118656 20.500000000000004 0.99958851518450398 42.500000000000007
decision_type=8 2 10 2 2 2 2 10 2 2 2 8 2 2 2 10 2 10 8 10 10 8 2 2 2 10 10 2 2 2
left_child=1 2 3 10 5 -3 7 -6 -9 -4 -1 12 -2 -13 19 18 17 -17 -16 -15 -21 22 -22 -24 25 -25 -26 -27 -29 -30
right_child=11 4 9 -5 6 -7 -8 8 -10 -11 -12 13 -14 14 15 16 -18 -19 -20 20 21 -23 23 24 26 27 -28 28 29 -31
leaf_value=-0.0083122722962338472 -0.067461138160291298 0.083580201075601962 -0.029459585220558082 -0.093858391678114453 -0.09225253537893241 -0.19693463699139563 0.018118484146248542 -0.17434696864365318 0.13704200164012775 0.1348808765889675 -0.055708339051884374 9.0666955119905721e-05 0.0099295557669736214 -0.016831383373480696 -0.065199990504615543 -0.10334264284465272 -0.10691599916056992 0.029287338089979686 0.0091849959036588869 0.021071035675352408 -0.060190395400365138 0.014518608115448736 -0.11438034115303319 -0.11907596923936059 0.13800293553288354 0.08250504067607832 -0.061739718379998011 -0.093898104700321117 -0.11963346753615628 0.053941930813529139
leaf_weight=79640.967329740524 11700.971972348168 18436.588784009218 4308.7787339836359 17310.952911630273 15452.164489194751 1242.4586980491877 55015.923102155328 1069.8686097487807 3493.3135376721621 5476.6947899237275 39113.275658637285 43205010.83484149 744413.04065036774 309994.63961057551 21274.899715535343 9432.3451537620276 29729.914948217571 17253.440032916144 61410.532322851941 209843.82222768851 69667.737556980923 142412.23315006495 9042.3269241824746 10280.688460275531 10921.843287430704 13288.728272397071 5007.992658983916 12662.597351748496 4100.9754483550787 19471.520318254828
leaf_count=63076 12248 8945 7313 42051 31231 4551 65115 4537 1600 5613 42494 31060168 527444 689964 36194 44251 147385 50597 141093 558300 448075 172740 32515 44380 10996 21507 31569 86133 18992 39083
internal_value=-3.55897e-06 -0.0111996 -0.0264239 -0.0328204 0.0122453 0.0658696 -0.00181916 -0.0566215 0.0640348 0.0625178 -0.0239228 5.64035e-05 0.00873192 -9.21373e-05 -0.00835547 -0.032143 -0.0646639 -0.017592 -0.00995421 -0.00430393 0.00336026 -0.00915925 -0.0309925 -0.00699818 0.00582275 -0.0126591 0.0752082 0.00943204 -0.0173665 0.0237445
internal_weight=4.51575e+07 240561 145851 136065 94710.3 19679 75031.3 20015.3 4563.18 9785.47 118754 4.49169e+07 756114 4.41608e+07 955796 139101 56415.7 26685.8 82685.4 816695 506700 296857 154444 84776.7 75734.3 59804.5 15929.8 49523.8 36235.1 23572.5
internal_count=34450160 276526 160547 147621 115979 13496 102483 37368 6137 12926 105570 34173634 539692 33633942 2573774 419520 242233 94848 177287 2154254 1464290 905990 733250 285175 252660 210095 42565 165715 144208 58075
is_linear=0
shrinkage=0.1


Tree=70
num_leaves=31
num_cat=0
split_feature=3 7 8 11 7 6 10 10 8 10 9 10 10 11 3 6 11 11 3 8 6 3 10 0 11 10 11 7 10 8
split_gain=2970.41 2962.33 3652.06 5463.79 5313.44 4391.54 3564.65 3491.61 4665.13 3967.6 3445.3 5513.25 6683.61 7480.74 4827.89 4088.08 3614.27 9401.06 4611.12 3400.76 9712.19 8566.96 7127.33 6545.81 5892.48 5463.8 5323.08 6951.86 5523.15 5368.03
threshold=3603.5000000000005 27.990239143371586 41.842855453491218 -0.39827153806311183 23.870160102844242 41.360345840454109 0.94138322595482449 0.15951094710994371 37.663537979125984 0.27694220057652758 19.040639877319339 -0.022576249993022688 -0.0053757284505435614 0.78192542922038288 24.500000000000004 30.799470901489261 0.42763731121559989 0.38043945030393422 89.500000000000014 37.663537979125984 37.355192184448249 18.500000000000004 0.70290292807158605 1.3103784918785097 0.04621408538533487 -0.90163369914317015 -0.62587551141915865 25.850029945373539 0.12545942051955489 36.489074707031257
decision_type=2 10 10 2 8 10 2 2 10 2 10 2 2 2 2 10 2 2 2 10 10 2 2 2 2 2 2 10 2 10
left_child=1 2 5 4 -4 10 -7 -3 9 -9 19 14 -13 15 -12 -14 17 18 -17 20 -1 22 23 -21 25 -23 27 28 -22 -28
right_child=-2 7 3 -5 -6 6 -8 8 -10 -11 11 12 13 -15 -16 16 -18 -19 -20 21 26 24 -24 -25 -26 -27 29 -29 -30 -31
leaf_value=9.9695642862742315e-05 -0.19999999999987461 0.0051590377093136287 0.073912573497500328 -0.069358094228426953 0.010950140720457019 -0.011677052286393387 -0.067109285016113018 -0.1034307011461017 -0.0083539558070613914 -0.02790609565280058 0.0050105366304796931 0.11390977758287005 0.063052002590557044 -0.097070870651080818 -0.12900821634731166 -0.0078908741342246149 -0.061861831345320521 0.11032706376493591 -0.1269214612378935 0.0099259940099657492 0.055546019499233039 0.091081524746560505 -0.0083281363451400709 -0.0051644455183202003 -0.040912137833501949 0.016874401423081945 -0.048140833441584652 -0.016292004724015333 0.0031546666090784322 -0.014858512191539996
leaf_weight=41128650.853922345 742.61650551110506 166148.28710532188 14204.814715005457 8016.5821009241045 237548.38781778887 169981.626884114 12450.658672180027 8672.6294855177402 371421.56525358558 35139.076213270426 4093.5911602117121 4128.4987402334809 7956.4195369584486 10010.991755347699 7828.2644673688337 30294.659367684275 12081.506597721949 6531.8869309052825 3646.2511810474098 879477.42042079754 24691.510941470042 10163.633315613493 579826.23628880829 427012.89112582803 17287.966135635972 417523.10657836497 68350.680001422763 211793.76603838801 108724.80157584697 166529.23705839925
leaf_count=29134617 33370 99939 12460 39733 342428 352540 70932 7791 432216 27616 37736 5280 27340 132209 166713 166355 114339 15326 46743 610823 10812 10703 734020 201180 81676 819779 157773 143570 84555 329586
internal_value=-3.45688e-06 -1.67399e-07 9.23455e-05 0.0119147 0.0145027 2.30345e-05 -0.0154602 -0.00709222 -0.0119943 -0.0428564 8.70468e-05 -0.0198425 -0.00975764 -0.0169974 -0.0829904 -0.00374993 -0.0138634 0.000464634 -0.0206783 0.000126224 -8.15303e-05 0.00384311 0.000898858 0.00499384 0.0163243 0.0186379 -0.0129305 -0.00502894 0.0128508 -0.0245438
internal_weight=4.51509e+07 4.51502e+07 4.45688e+07 259770 251753 4.4309e+07 182432 581382 415233 43811.7 4.41266e+07 86572.1 74650.2 70521.7 11921.9 60510.7 52554.3 40472.8 33940.9 4.404e+07 4.17087e+07 2.33129e+06 1.88632e+06 1.30649e+06 444975 427687 580090 345210 133416 234880
internal_count=34450160 34416790 33849228 394621 354888 33454607 423472 567562 467623 35407 33031135 712041 507592 502312 204449 370103 342763 228424 213098 32319094 29860913 2458181 1546023 812003 912158 830482 726296 238937 95367 487359
is_linear=0
shrinkage=0.1


Tree=71
num_leaves=31
num_cat=0
split_feature=2 1 0 9 2 1 6 10 9 9 10 2 7 11 8 11 10 10 7 8 11 4 7 11 8 10 10 11 2 10
split_gain=2952.72 9272.48 6763.62 3176.68 3172.67 5337.7 10992.2 5805.29 4750.35 4373.57 6419.92 4114.02 6292.43 5089.19 4959.72 4543.15 4717.61 3921.67 4023.23 3784.85 3696 3653.38 7163.97 5651.16 5292.23 17996.9 21896.8 17621.8 23248.3 13399.3
threshold=375.85374450683599 95.27384185791017 118.52466201782228 8.6901197433471697 155.22714996337893 25.906477928161625 24.37018966674805 0.074116354202380205 10.593381404876711 5.5652065277099618 -0.98803845231459242 1.3809607625007632 7.7010314464569101 0.19969739736768838 31.978569030761722 0.99530134160901229 -0.66528616069191593 -0.98214942551678475 21.141921043396 31.815781593322757 0.097680735332368748 7.8764719963073739 24.170306205749515 0.99855310097228334 31.859997749328617 0.91596454896554913 0.91248814248966237 -0.91595872546125101 6.6443669795989999 0.96234642434711437
decision_type=2 8 2 10 2 10 8 2 8 8 2 2 10 2 10 2 2 2 8 10 2 10 10 2 8 2 2 2 2 2
left_child=1 4 3 -2 5 9 7 -7 -9 10 19 12 -12 14 -14 16 -13 20 -19 -1 -6 24 23 -23 27 26 -26 28 -11 -29
right_child=2 -3 -4 -5 17 6 -8 8 -10 21 11 15 13 -15 -16 -17 -18 18 -20 -21 -22 22 -24 -25 25 -27 -28 29 -30 -31
leaf_value=0.01439350554555412 -0.00056897875200969132 -0.022427484435961723 0.031531167317564578 0.047252633644644076 -0.0074561272919075943 -0.09318184901444708 -0.0037388178754138462 -0.0079414338973436745 -0.071345491395000044 -0.035536621563176329 -0.10002855742445736 -0.0040600828979063435 -0.019298303615993988 0.067702736284703455 0.047900679626691783 -0.093754168363483631 0.0056641588757130306 0.013965509476906524 0.0025823852073348311 0.052499575934796296 -0.059520841817785566 0.003956029767248106 -0.0030341574613259453 -0.083255847208554223 0.0016506790081298865 -0.008852853565253593 0.075329936861599181 -0.0016434891253000806 -0.0059562822997056494 0.010994664465945251
leaf_weight=79612.896552687977 320467.93317326903 184944.75133603811 96659.990797042847 14520.081313729286 108211.87335321307 17621.734006300569 2029065.7972841114 38652.632443472743 17019.679315403104 325919.71472573094 3751.2401502677239 745802.64725059271 23482.06563688349 26308.082195300609 20634.76910797786 4919.9764166176319 1506961.4125440419 362326.74235911667 2170393.7227371037 38752.739602792077 15600.322483360767 5125024.2113866787 2160883.9795199633 7440.7469712961465 13319916.032260284 1771510.5330420788 40458.271741369739 12231691.897466842 1437889.0201208591 900684.25155720674
leaf_count=22913 60089 55640 12553 3903 40382 12362 660664 16662 13569 308556 5363 231461 21000 11727 9641 4226 431244 88998 539173 8517 8013 1764963 701304 6477 10791203 3202534 48594 14120050 599667 648712
internal_value=-3.19838e-06 -8.26553e-05 0.00822794 0.00150385 1.01475e-05 -0.000202455 -0.0051131 -0.0431585 -0.0273248 5.7125e-05 0.0041498 0.00299655 0.0261695 0.0328915 0.0121327 0.0022352 0.00244484 0.00336133 0.00421084 0.0268694 -0.0140163 -0.000211567 0.00179599 0.0038296 -0.000699172 0.000618013 0.0018738 -0.0020372 -0.0114222 -0.000776701
internal_weight=4.51471e+07 4.47155e+07 431648 334988 4.45305e+07 4.1874e+07 2.10236e+06 73294 55672.3 3.97716e+07 2.45023e+06 2.33186e+06 74176.2 70424.9 44116.8 2.25768e+06 2.25276e+06 2.65653e+06 2.53272e+06 118366 123812 3.73214e+07 7.29335e+06 5.13246e+06 3.00281e+07 1.51319e+07 1.33604e+07 1.48962e+07 1.76381e+06 1.31324e+07
internal_count=34450160 34373615 76545 63992 34317975 33641409 703257 42593 30231 32938152 746092 714662 47731 42368 30641 666931 662705 676566 628171 31430 48395 32192060 2472744 1771440 29719316 14042331 10839797 15676985 908223 14768762
is_linear=0
shrinkage=0.1


Tree=72
num_leaves=31
num_cat=0
split_feature=11 8 2 2 3 10 8 7 10 8 9 8 11 8 7 6 8 11 10 11 6 10 7 3 8 3 0 11 7 5
split_gain=2804.47 11177.2 23301.4 9275.85 7912.86 8491.39 7481.73 7187.3 10361.4 21628.7 10679.2 9583.49 7007.78 6989.62 8860.88 7536.2 6902.31 6289.45 13795.6 7728.18 7020.47 7299.3 8269.46 6800.19 6436.47 6325.41 6093.38 5692.04 7262.4 5528.01
threshold=-0.94137724084408114 33.328573226928718 1.4360010623931887 26.549152374267582 19.500000000000004 -0.30163705152652742 30.819877624511722 24.260179519653324 0.63920241694561786 36.280897140502937 7.9799997806549081 30.527144432067875 0.16587474750015932 29.965634346008304 17.510086059570316 28.420183181762699 42.477680206298835 -0.80417042486635371 -0.69057362043749781 -0.30982845708428081 30.49000453948975 -0.42957681104363482 25.350136756896976 23.500000000000004 38.080209732055671 13.500000000000002 7.3191733360290536 -0.17646730165275518 25.058630943298343 0.68307080864906322
decision_type=2 8 2 2 2 2 8 10 2 8 10 8 2 10 10 8 10 2 2 2 10 2 8 2 8 2 2 2 10 8
left_child=1 2 -1 6 5 -3 -4 16 11 12 -11 -9 -10 14 -5 -15 -2 20 19 24 -13 -22 -23 25 -19 -20 -16 28 -21 -30
right_child=7 4 3 13 -6 -7 -8 8 9 10 -12 17 -14 15 26 -17 -18 18 23 27 21 22 -24 -25 -26 -27 -28 -29 29 -31
leaf_value=-0.035665817648890229 0.00037466035284624286 -0.022798919364054131 -0.018248131383859542 -0.067866630471881781 0.03211622363484503 0.0055914858712332359 -0.0010817393596498134 -0.016883861145870118 -0.0373445585268097 0.085765994659121991 -0.005089094396195034 0.017419042214122098 0.02214238123148024 -0.02120714521954838 -0.0007633633325962887 0.00029461082837784559 0.093441095920371087 -0.0048584976824164947 0.012636579409247293 0.0019470549920183045 -0.012515722070504385 0.0077744059293129207 -0.0063157934181868082 -0.044182293992350713 0.086647731286790708 0.05846068876810389 0.012936618158378524 -0.00037975515712137186 0.045886382413346916 0.013605696479483157
leaf_weight=191232.97683404014 26667281.226628199 108359.6593285799 457186.22590592504 15441.551518082619 109032.9858096512 3793408.2105665496 570960.04276391864 378840.97118533868 302270.15885237418 13094.757558260113 1075360.0305530392 144388.97271223739 21191.67194776237 173040.25487560034 491388.61835134029 2811117.799761951 7971.4650078415871 2132431.4514718386 845229.24538531387 221056.13706391677 915159.15932669165 624659.08613507915 1250102.6471335767 20365.635784675833 7714.6296064564958 31236.387816146016 956782.06592649221 589990.49740833463 94394.455148155335 121118.1787615316
leaf_count=206673 25196268 48195 274988 11030 89751 1638832 251291 131009 261671 3390 1590492 36082 16264 47025 162152 842504 7596 911913 357376 98963 382942 287454 913778 52075 4091 25653 200199 312679 44719 43105
internal_value=-2.91522e-06 0.00150591 -0.00135305 -0.000154765 0.00554553 0.00480303 -0.00871513 -0.000414666 -0.00289485 -0.0107432 -0.00399605 -0.00139267 -0.0334473 0.00182405 0.00748453 -0.000952196 0.000402472 -0.000554024 0.00199354 -0.00110723 -0.00408198 -0.00519474 -0.00162103 0.0129424 -0.00452864 0.0142697 0.00828798 0.00602564 0.0146821 0.0277446
internal_weight=4.51418e+07 9.67795e+06 5.66715e+06 5.47592e+06 4.0108e+06 3.90177e+06 1.02815e+06 3.54639e+07 8.7886e+06 1.41192e+06 1.08845e+06 7.37669e+06 323462 4.44777e+06 1.46361e+06 2.98416e+06 2.66753e+07 6.99785e+06 4.06354e+06 3.16671e+06 2.93431e+06 2.78992e+06 1.87476e+06 896831 2.14015e+06 876466 1.44817e+06 1.02656e+06 436569 215513
internal_count=34450160 3772640 1995862 1789189 1776778 1687027 526279 30677520 5473656 1871817 1593882 3601839 277935 1262910 373381 889529 25203864 3470830 1850574 1415470 1620256 1584174 1201232 435104 916004 383029 362351 499466 186787 87824
is_linear=0
shrinkage=0.1


Tree=73
num_leaves=31
num_cat=0
split_feature=1 3 8 11 8 11 3 11 10 11 6 8 11 9 6 7 11 10 8 6 3 6 10 10 8 8 11 2 10 8
split_gain=2795.22 2771.44 6128.61 7095.38 5676.61 4928.67 4815.92 7202.77 5214.76 4736.3 4021.65 3719.26 4731.56 4299.62 4003.35 4412.31 3670.89 3518.01 3517.22 3432.29 3255.44 3095.46 2844.89 2815.17 8337.37 8178.46 9377.45 7266.12 6465.46 22248.6
threshold=inf 165.50000000000003 35.532857894897468 0.51849435583340198 23.991030693054203 -0.95242240592625282 163.50000000000003 0.38043945030393422 0.9053161325100999 1.0000000180025095e-35 29.589116096496586 38.50714302062989 -0.031174269516803289 11.889999866485597 36.690071105957038 23.194662094116214 -0.84313311835787952 0.022575936829235418 32.191465377807624 34.98017883300782 224.50000000000003 36.010091781616218 0.85673801594079257 0.99466373373798567 17.882857322692875 33.122783660888679 0.063390085881955341 2.4575660228729252 0.9893236546938301 32.235715866088874
decision_type=8 2 8 2 10 2 2 2 2 2 10 10 2 8 10 10 2 2 10 8 2 8 2 2 8 8 2 2 2 10
left_child=1 6 3 9 -5 -4 23 -8 -9 18 17 13 14 16 -13 -16 -7 20 -3 -20 -6 -15 -23 28 -25 26 -26 -28 -1 -30
right_child=-2 2 5 4 10 11 7 8 -10 -11 -12 12 -14 21 15 -17 -18 -19 19 -21 -22 22 -24 24 25 -27 27 -29 29 -31
leaf_value=2.6103251384084295e-05 -0.18195902172014863 -0.12763017197221072 0.052287496014638037 -0.17159086918737254 0.17709393728604331 -0.029176162659130329 -0.044362771216826975 -0.10520920340610365 0.17538376716287973 -0.12253987517001062 -0.15319024534553816 0.1280412516338188 -0.19314573874919744 0.050440272304780522 0.077820179747075724 -0.0050880334964225823 -0.12014274138996064 0.11580056995507747 0.0044105709377412951 -0.083603138958876722 -0.15869731709150539 0.019744487263752296 -0.047738298368804701 -0.082069657718316022 0.0085890387516682522 -0.0038762691454182156 0.080319959313208678 0.022460141091315652 0.0086040716909026541 -0.043325676948923753
leaf_weight=43710217.903819993 844.25374335795641 3974.0183915495872 15005.3078401573 1203.8246158557013 408.53611932322383 10606.406310508028 3368.5387134477496 760.86095234006643 5115.1096021011472 10377.502283789683 795.07723448611796 2878.3304871618748 1133.750762168318 7343.7521784193814 7502.391547691077 44453.684120442718 7625.5821786825545 6145.470460976474 13421.688129928894 6614.3769078995101 984.39909366378561 9901.4179856730625 16926.692859900184 10736.225225917995 399149.01831942797 408909.77365626022 34403.86189359799 58799.158546715975 190388.69273177162 145595.2213367857
leaf_count=32296531 4964 46621 13979 13609 250 13242 14328 4211 1867 83606 10212 2158 11986 18212 19650 125033 33021 13457 41868 26364 20532 47414 87810 11347 240787 751807 23959 28620 122154 320561
internal_value=-2.614e-06 7.89531e-07 -0.012846 -0.0449229 0.0313939 -0.00142598 4.85863e-05 0.072218 0.139051 -0.0660892 0.0607164 -0.0088632 0.00906268 -0.0280083 0.0132435 0.00688381 -0.0672232 0.0832771 -0.0416904 -0.0246448 -0.0602126 -0.00708572 -0.0228325 3.37465e-05 0.00553301 0.00657658 0.0152579 0.0438178 -8.01185e-05 -0.0138992
internal_weight=4.51356e+07 4.51347e+07 167302 43924.9 9537.31 123377 4.49674e+07 9244.51 5875.97 34387.6 8333.48 108372 55968.2 52403.9 54834.4 51956.1 18232 7538.41 24010.1 20036.1 1392.94 34171.9 26828.1 4.49582e+07 911998 901262 492352 93203 4.40462e+07 335984
internal_count=34450160 34445196 629024 256519 58060 372505 33816172 20406 6078 198459 44451 358526 158827 199699 146841 144683 46263 34239 114853 68232 20782 153436 135224 33795766 1056520 1045173 293366 52579 32739246 442715
is_linear=0
shrinkage=0.1


Tree=74
num_leaves=31
num_cat=0
split_feature=7 11 3 1 10 7 8 10 10 6 10 8 11 1 7 3 11 10 11 9 11 6 3 10 9 10 7 2 10 11
split_gain=2713.16 22292.7 15729.3 13209.1 13017.4 12965.9 11010.3 9964.95 8389.09 13840.5 10541 11834.8 9311.7 8599.78 8563.28 7976.79 8066.32 8617.9 7645.57 7303.93 7049.64 22989.5 16324.2 10848.2 10444.1 11369.3 10124.3 25208 10940.6 15681
threshold=17.990000724792484 -0.6391983530350368 9.5000000000000018 13.03451442718506 0.26037272046371446 12.640486240386965 36.079999923706062 0.30983042691905771 0.54219432480460406 31.580005645751957 0.49812943072827093 18.616177558898929 -0.62587551141915865 2.3405120372772221 11.70188093185425 29.500000000000004 0.60383265664488517 -0.76141707087277943 -0.72694848937061807 9.1900014877319354 0.70138038092733435 31.670001983642582 4.5000000000000009 0.69056404122701587 11.358915328979494 0.67802080537253961 4.6804475784301767 0.76933205127716076 0.80926549319045582 0.51849435583340198
decision_type=8 2 2 8 2 10 8 2 2 8 2 10 2 10 10 2 2 2 2 10 2 10 2 2 8 2 10 2 2 2
left_child=1 2 4 6 18 -6 8 -7 9 10 -3 13 -10 -12 -13 16 -11 -18 -1 -16 26 22 24 -24 -22 -26 27 -14 -28 -30
right_child=-2 3 -4 -5 5 7 -8 -9 12 15 11 14 20 -15 19 -17 17 -19 -20 -21 21 -23 23 -25 25 -27 28 -29 29 -31
leaf_value=-0.034742518260028457 0.00034452105952709953 -0.00044835569248023033 -0.093901106073646226 -0.020367386229881157 -0.073635978309885594 0.063760504040136876 -0.12088439165029326 -0.0046473170143866453 0.082092092385122134 -0.042812992490852617 0.025961532081241696 -0.096377202627351943 -0.10932988529945681 -0.1156074462396921 -0.16620113901768185 -0.070982489392704962 0.10381326393741611 -0.0096353241905720172 -0.11088721790374259 -0.0089657943804400189 0.016164233729602375 -0.090051758021642503 0.021416389063331785 0.063975742721437315 -0.0052996657416401584 -0.070981769933837952 -0.013098451480542676 -0.005575140174266479 0.0028007145770384601 0.030004821209490495
leaf_weight=132030.58389593661 37603114.524920404 3373743.8271388086 29769.723623096943 316235.65008419007 24865.853195905685 23718.793864578009 7459.2787936590612 208323.09583878517 15365.979508511722 51793.870367487893 36727.819171596318 31483.058260772377 27525.35331556946 4858.5521630644798 3267.5931017100811 41400.625672621652 8970.975482609123 26401.660352839157 14649.67115600314 30813.944586196914 168298.70729157329 21152.291586101055 313975.0787259005 74009.615704966709 117507.88416701555 33972.757166005671 343550.6293754233 156870.45216208696 1646642.8639330808 243179.38297340833
leaf_count=120153 21579038 7256807 77867 187822 29912 13120 55655 165992 7939 273606 26791 105607 50143 4644 4073 465933 17731 136552 16180 78785 86404 146967 552848 82792 114327 41961 554636 96697 1789428 309750
internal_value=-2.4081e-06 -0.00173522 -0.0237536 -0.000390398 -0.0185793 -0.00500897 0.000541518 0.00234517 0.000675277 -0.00261913 -0.00142906 -0.0323074 0.00443583 0.00942197 -0.0587756 -0.0348398 -0.0176735 0.0191368 -0.0423475 -0.0240409 0.00405661 0.012677 0.0157471 0.0295348 -0.000981237 -0.0200303 0.00145772 -0.0210629 0.00331711 0.0063013
internal_weight=4.51317e+07 7.52857e+06 433358 7.09521e+06 403588 256908 6.77897e+06 232042 6.77151e+06 3.60946e+06 3.48089e+06 107151 3.16205e+06 41586.4 65564.6 128567 87166.5 35372.6 146680 34081.5 3.14669e+06 728916 707764 387985 319779 151481 2.41777e+06 184396 2.23337e+06 1.88982e+06
internal_count=34450160 12871122 423224 12447898 345357 209024 12260076 179112 12204421 8370529 7476707 219900 3833892 31435 188465 893822 427889 154283 136333 82858 3825953 1025299 878332 635640 242692 156288 2800654 146840 2653814 2099178
is_linear=0
shrinkage=0.1


Tree=75
num_leaves=31
num_cat=0
split_feature=1 0 11 2 9 4 8 10 10 10 7 6 11 11 8 11 3 10 7 8 10 3 7 10 11 10 11 3 3 11
split_gain=2650.61 11399.8 7220.55 4156.64 4183.38 5069.84 3857.69 13426.7 17312.5 13152.9 16756.2 13106.7 12908.8 9974 9884.62 11222.7 11990.5 8824.29 18539.2 10885.7 15479.9 8766.47 10625.8 9578.41 9224.2 8468.87 10642.5 10061.6 8133.31 9303.68
threshold=40.691129684448249 57.296329498291023 0.88117331841669433 99.821884155273452 3.9730539321899419 0.68062958121299755 31.89927959442139 0.91596454896554913 0.91248814248966237 0.90892735371523092 4.1574494838714608 32.368263244628913 -0.29342786347392819 -0.89404254237865755 32.641427993774421 0.64414586362404946 2.5000000000000004 0.89017062131308955 15.100335597991945 20.790689468383793 -0.85227431625818906 24.500000000000004 20.540300369262699 0.97875492728876534 0.16587474750015932 0.9893236546938301 0.063390085881955341 39.500000000000007 66.500000000000014 0.38043945030393422
decision_type=8 2 2 2 8 8 8 2 2 2 8 8 2 2 10 2 2 2 10 10 2 2 10 2 2 2 2 2 2 2
left_child=3 2 -2 4 5 -1 9 8 11 17 -11 12 -8 -13 -14 16 -16 19 -19 20 -6 23 -23 -9 -25 27 -27 -24 -12 -30
right_child=1 -3 -4 -5 6 -7 7 21 -10 10 28 13 14 -15 15 -17 -18 18 -20 -21 -22 22 25 24 -26 26 -28 -29 29 -31
leaf_value=0.054860570953318838 -0.0074505925937956574 0.0096881742874924005 -0.097574146225074695 0.0028002000378035512 -0.14538143068385342 0.0078819914262346479 0.0029334643226407477 -0.019997023132789869 0.067198193258748207 -0.062928234097802294 0.0089709088261756918 0.003380470105263181 0.0073789948517490201 -0.0023250620075593999 0.018975982603053963 -0.057012104495581917 0.054214704508851214 -0.058120535656385877 0.010448202942843996 -0.0026848550326046146 0.00683905091060926 -0.020093433413213596 0.049334634900544377 -0.0065059204380005994 0.037369680918975988 0.0046985799244176514 -0.07336449538134282 0.0075975475421969701 -0.10374318079868382 0.067472233777441035
leaf_weight=25598.391045681667 1458150.7497166544 484746.8293197751 8944.3630486279726 5240698.7687279209 6710.2555828765035 223875.96675573941 2722481.9786290345 670185.98150440957 40185.75578783825 33676.286998829804 1717089.5240410306 5091431.6591377296 614733.43168613221 7694017.4015433993 329638.47847586125 15568.07109942846 136563.159757521 83220.58330874797 74937.280846920796 15724573.061116248 1516632.5133704096 134476.18737830315 93419.761061791331 637892.53013313562 51807.846748959273 102814.0062429551 21037.938995167613 151311.60605835728 12646.64549657423 4237.0200521424413
leaf_count=9396 422990 86255 11326 1495302 16529 63497 945135 847853 48618 34468 1182582 2477837 594518 7501665 118484 62157 143181 113568 56756 14244668 1502770 552487 151456 867345 67971 270113 81622 410060 61111 8440
internal_value=-2.58244e-06 -0.00360711 -0.00800004 0.000160383 -0.000204347 0.0127024 -0.000289798 0.000740064 0.00164117 -0.00128388 0.00693494 0.00148251 0.00662317 -5.30005e-05 0.0157843 0.0265093 0.0292984 -0.00211853 -0.0256318 -0.00190292 0.00616853 -0.00731088 0.00396768 -0.0114831 -0.00321014 0.0127463 -0.0085615 0.0235296 0.00829178 -0.060776
internal_weight=4.51233e+07 1.95184e+06 1.4671e+06 4.31715e+07 3.79308e+07 249474 3.76813e+07 1.85076e+07 1.66446e+07 1.91737e+07 1.76765e+06 1.66044e+07 3.81899e+06 1.27854e+07 1.0965e+06 481770 466202 1.74061e+07 158158 1.72479e+07 1.52334e+06 1.86295e+06 503059 1.35989e+06 689700 368583 123852 244731 1.73397e+06 16883.7
internal_count=34450160 520571 434316 33929589 32434287 72893 32361394 15140502 11891595 17220892 1286601 11842977 1863475 9979502 918340 323822 261665 15934291 170324 15763967 1519299 3248907 1465738 1783169 935316 913251 351735 561516 1252133 69551
is_linear=0
shrinkage=0.1


Tree=76
num_leaves=31
num_cat=0
split_feature=7 8 6 11 8 0 9 11 10 10 10 6 10 10 11 9 3 11 8 11 3 8 7 8 10 6 3 10 10 10
split_gain=2740.49 2912.68 4015.37 4258.21 3914.88 7519.4 7463.46 6889.04 8649.77 6796.23 8319.55 6014.53 5078.71 4754.3 4564.64 3876.75 3831 6557.53 8163.84 5175.28 5426.01 5127.53 3987.95 3725 3671.62 3689.77 4144.83 3518.28 3550.01 4290.73
threshold=27.990239143371586 41.568571090698249 40.186279296875007 -0.039769286347669845 38.36714172363282 0.37076584994792944 9.0407443046569842 0.063390085881955341 0.96687895796550427 0.45273815774107123 0.42179998225932674 38.230096817016609 0.99053107487289871 0.58481550752069722 0.29958852271690523 16.150000572204593 170.50000000000003 -0.95242240592625282 34.307142257690437 0.81304046271159414 244.50000000000003 23.991030693054203 20.060028076171879 35.356309890747077 0.94138322595482449 44.139904022216804 3.5000000000000004 -0.9905448150984083 -0.98523971305672675 -0.91597725483594616
decision_type=10 10 10 2 10 2 8 2 2 2 2 10 2 2 2 10 2 2 8 2 2 8 8 10 2 8 2 2 2 2
left_child=1 2 4 -4 11 6 13 8 9 10 -8 16 -10 -6 23 -11 -1 18 22 20 -19 -21 -18 -13 25 26 -3 -25 -29 -30
right_child=-2 24 3 -5 5 -7 7 -9 12 15 -12 14 -14 -15 -16 -17 17 19 -20 21 -22 -23 -24 27 -26 -27 -28 28 29 -31
leaf_value=0.00010057450717005245 -0.0068269170358363053 -0.0021969916382766131 -0.0080914848659153129 -0.098351136670321401 0.037225751374489718 -0.005793146909237175 0.011080436030188615 -0.080052325788126433 0.053943473594357076 0.00074409406315951597 0.059163266272361875 -0.077093732071666352 0.012526021179477161 0.13489012064387138 0.091097650291549481 -0.039193656708684244 0.15407765265834705 -0.031155940975567606 0.074555435247060875 -0.17347876437922738 -0.11544194188435303 0.090480888631973566 -0.18367662925656733 -0.13063208492681355 -0.066444795768403259 -0.046805662441797367 0.021539534508443092 0.10826759724421708 -0.15183700379968118 -0.011453447048399075
leaf_weight=41913473.100085489 580839.38651359081 116375.27085950971 474017.08913039789 5285.1241651587188 17815.391179116443 416176.8217972666 259813.3223964572 8627.4737609568983 64205.614449746907 462183.24478758499 41770.159352406859 9106.3966180291027 54940.776280600578 6920.6997963488102 4184.8129638284445 25654.408723320812 421.9630716368556 51801.644570245873 11779.952733924612 856.81903035147116 8958.7320481073111 5215.7299950160086 2037.9352745870128 2496.073295051232 6262.9697951488197 10735.042227648199 199979.85654054955 2458.049897056073 2190.8547491393983 349431.54021082073
leaf_count=30176374 567562 96545 895951 39003 7173 232912 167053 51873 91113 552689 20594 20153 128018 1226 9686 75193 229 192410 10839 10905 126069 27416 14899 13977 35370 33669 337028 2519 7467 504245
internal_value=-2.39928e-06 8.66079e-05 1.63772e-05 -0.00908675 0.000116169 0.00540111 0.0103471 0.00888528 0.00972981 0.00593919 0.01774 -5.32543e-05 0.0348451 0.0645504 -0.0127494 -0.00135615 5.85677e-05 -0.0216584 0.039955 -0.0347861 -0.0435834 0.0532369 -0.125739 -0.0139379 0.00939903 0.0108512 0.0128078 -0.012325 -0.011491 -0.0123281
internal_weight=4.5116e+07 4.45352e+07 4.42018e+07 479302 4.37225e+07 1.35811e+06 941931 917195 908568 789421 301583 4.23644e+07 119146 24736.1 369868 487838 4.19945e+07 81072.8 14239.9 66832.9 60760.4 6072.55 2459.9 365683 333353 327090 316355 356577 354080 351622
internal_count=34450160 33882598 33379986 934954 32445032 1327844 1094932 1086533 1034660 815529 187647 31117188 219131 8399 558047 627882 30559141 382767 25967 356800 318479 38321 15128 548361 502612 467242 433573 528208 514231 511712
is_linear=0
shrinkage=0.1


Tree=77
num_leaves=31
num_cat=0
split_feature=7 11 9 10 8 2 3 11 11 8 11 0 1 8 10 2 9 11 3 11 6 10 11 10 7 9 10 10 7 10
split_gain=2659.71 6996.18 6808.33 5970.44 7824.02 6878.75 6685.44 5259.73 6336.72 8452.99 7759.96 6026.76 5046.07 4873.64 6513.64 12066.2 11102.5 5713.06 18311.6 11843 10031.5 5533.12 5269.76 5563.08 5194.08 4986.01 6411.61 6039.53 6005.7 5283.87
threshold=-1.0000000180025095e-35 0.97062204580664158 16.669999122619632 0.21022171450811275 11.574999809265138 1.1903346180915835 13.500000000000002 0.94353349168649059 0.94066717844141279 10.062598228454592 0.92519182738459482 0.21028134226799014 5.640010118484498 16.131060600280765 -0.48314718476766422 23.563999176025394 11.570000171661379 0.79773375822167203 10.500000000000002 0.8511460603353429 16.020244598388675 0.93845596220871974 0.99981043035926087 -0.45274443793211405 1.0609077811241152 7.4200010299682626 0.75014288946266361 0.72695311118111527 2.7907195091247563 0.9193901325473397
decision_type=8 2 10 2 10 2 2 2 2 10 2 2 10 8 2 2 10 2 2 2 8 2 2 2 10 10 2 2 10 2
left_child=1 2 7 4 5 -3 -5 8 10 -10 -1 -9 -7 14 15 -2 -17 18 20 -19 21 25 23 -21 -24 26 27 -16 -27 -30
right_child=13 3 -4 6 -6 12 -8 11 9 -11 -12 -13 -14 -15 17 16 -18 19 -20 22 -22 -23 24 -25 -26 28 -28 -29 29 -31
leaf_value=-0.020187533394523016 -0.13852037403818082 -0.076604004294269057 0.074987877721531981 0.085027079508624925 0.035539222112326872 0.018600680582894481 -0.19692650656109645 -0.11594895801039339 -0.11915807988427868 0.12280426076097134 -0.13198001139254217 -0.0069285128733037509 -0.12545825209147274 -8.2454764473555457e-05 -0.027094550478894419 -0.19232848329680499 0.090626136016335623 0.05561351288591318 -0.11994433803317744 0.090317735559305751 0.032778240170629684 -0.060507157423503502 -0.070388255625105617 0.0046536076457571376 0.074827486111893229 -0.012532784642284647 -0.085509957866560904 0.094269712012144291 0.017851112896444185 0.10769540652047023
leaf_weight=102000.96127148718 8373.4558287113905 17605.257394492626 6589.0531141608953 14209.576400354505 34288.368556637317 23922.870566815138 893.8599721416831 13333.121620066464 1893.3104866370559 6081.6623013466597 6611.6598139703274 8182.6276841759682 2706.5849204361439 44120183.28094577 21307.444174102508 1754.7532325387001 6611.6672994196415 66810.444384485483 12400.173939913511 7759.7722124755383 86501.961708053946 18095.92441034317 2815.8066444247961 328760.95713345706 19663.585574358702 83034.605021744967 15063.521942615509 5077.4470708966255 62545.208887577057 7311.1050604879856
leaf_count=102916 18147 39659 8149 5577 40280 24340 2706 26967 2476 2370 11532 6137 3417 33633942 9414 1699 2621 27133 27004 4587 45038 13663 3229 283855 8678 53769 9689 1204 28267 1695
internal_value=-2.18412e-06 -0.0105385 -0.024321 0.0107613 -0.000313704 -0.028105 0.0683403 -0.0290591 -0.0206755 0.0653608 -0.0269928 -0.0744875 0.00395871 5.37724e-05 0.00802627 -0.0536559 0.0312799 0.00942701 -0.000868542 0.0169547 0.00407082 -0.00761861 0.00976029 0.00662892 0.0566375 -0.00269389 -0.0334572 -0.00373949 0.00564598 0.0272541
internal_weight=4.51124e+07 238319 144692 93626.5 78523.1 44234.7 15103.4 138103 116588 7974.97 108613 21515.7 26629.5 4.48741e+07 753888 16739.9 8366.42 737148 311337 425811 298937 212435 359000 336521 22479.4 194339 41448.4 26384.9 152891 69856.3
internal_count=34450160 276526 160547 115979 107696 67416 8283 152398 119294 4846 114448 33104 27757 34173634 539692 22467 4320 517225 189743 327482 162739 117701 300349 288442 11907 104038 20307 10618 83731 29962
is_linear=0
shrinkage=0.1


Tree=78
num_leaves=31
num_cat=0
split_feature=7 11 3 10 1 8 7 11 7 11 10 10 10 10 2 7 11 10 11 6 4 3 10 8 7 10 1 10 3 9
split_gain=2557.71 17742.1 13960.1 11376.1 10675 10049.4 9819.55 8974.06 13875.3 7973.75 7629.59 10610.5 11550.3 9990.15 13359.1 11839.5 8939.61 7687.51 8069.07 7549.62 8045.38 7526.98 7868.95 7487 13109.6 10768.4 13979.3 12197.4 19448.9 15350.5
threshold=17.610344886779789 -0.6391983530350368 8.5000000000000018 0.26037272046371446 13.03451442718506 35.275363922119148 12.640486240386965 -0.45273527932988084 10.38979482650757 -0.48313741114591585 -0.99630266176052629 -0.98523971305672675 -0.98803845231459242 -0.40614700388750385 40.337198257446296 12.766604423522951 0.36447543099728863 -0.99275805973510278 0.080547328232315238 30.390104293823246 0.014398725237697365 7.5000000000000009 -0.861146256326485 17.080183029174808 10.060648918151857 -0.69057362043749781 0.20091170817613604 -0.8041866928211282 20.500000000000004 16.009999275207523
decision_type=8 2 2 2 8 8 10 2 8 2 2 2 2 2 2 10 2 2 2 10 8 2 2 8 10 2 10 2 2 10
left_child=1 2 3 -1 5 7 -5 8 -3 19 -9 12 17 14 23 16 -16 18 -12 21 -21 22 -10 -13 25 26 27 28 29 -25
right_child=-2 4 -4 6 -6 -7 -8 10 9 -11 11 13 -14 -15 15 -17 -18 -19 -20 20 -22 -23 -24 24 -26 -27 -28 -29 -30 -31
leaf_value=-0.045471696479896122 0.00032425704555100491 -0.085148997075856353 -0.09169214301198686 -0.065746969599874902 -0.019227735637811067 -0.086671982502208547 0.0014417096103594793 -0.038129792401382215 0.085170757902156877 0.065701743344712016 -0.020956580291237939 -0.056632968162226717 0.084913114763862332 0.0014839572427094872 -0.18726659661525616 -0.0037804045294039441 0.097061931225890588 -0.031113230908733205 0.08137724127436767 0.091622065115195009 -0.026757128387481344 -0.070090426295704986 0.0030822099994731837 0.048176194253354301 -0.016550561595346385 -0.019223504624281934 -0.062678939530222993 0.069369816295435635 -0.11820442487015659 -0.084040671348712015
leaf_weight=102264.34295645449 37973377.485729717 11542.575420862995 27536.296387784183 24260.581334784627 293736.70154822618 13269.560813882388 210365.55704165995 52654.027764368802 13411.916535228491 42879.962167553604 12639.731517113745 35844.171835290734 29988.045236114413 5026099.5729918946 1154.2940639257431 32943.375131465495 26322.446117162704 26622.39946199581 19736.924950107932 22380.703350096941 7721.95151039958 11957.695175781846 90303.162207663059 60144.404292553663 759040.27926643798 81495.749349649064 16125.904512241483 60909.422320460901 10306.790869407356 10282.322608117014
leaf_count=102064 22112567 16704 75171 29112 178193 96417 163479 88175 5683 24631 15884 64803 18176 8344545 1711 25144 10105 34863 18477 14204 7267 24513 68553 58847 2384369 276073 20433 73700 52885 43412
internal_value=-2.12566e-06 -0.00173943 -0.0232331 -0.0176375 -0.000582353 0.000263388 -0.00550567 0.000441894 0.0212835 0.0277954 -0.000224386 9.70285e-05 0.0343794 -0.000401395 -0.00905865 0.0366469 0.0851173 0.00869407 0.0414265 0.0166452 0.0612554 0.0050359 0.0136975 -0.011729 -0.0101167 0.0102939 0.0255412 0.035585 0.010096 0.0288725
internal_weight=4.51073e+07 7.13394e+06 364427 336890 6.76951e+06 6.47578e+06 234626 6.46251e+06 200198 188655 6.26231e+06 6.20966e+06 88987.1 6.12067e+06 1.09457e+06 60420.1 27476.7 58999.1 32376.7 145775 30102.7 115673 103715 1.03415e+06 998305 239265 157769 141643 80733.5 70426.7
internal_count=34450160 12337593 369826 294655 11967767 11789574 192591 11693157 161555 144851 11531602 11443427 87400 11356027 3011482 36960 11816 69224 34361 120220 21471 98749 74236 2974522 2909719 525350 249277 228844 155144 102259
is_linear=0
shrinkage=0.1


Tree=79
num_leaves=31
num_cat=0
split_feature=3 11 9 6 8 4 6 7 2 11 8 1 0 1 2 8 11 2 1 11 11 0 7 11 10 3 6 6 11 10
split_gain=2489.09 2467.03 4761.89 6210.53 5363.57 3128.19 4383.52 2905.41 3796.45 2620.76 4035.44 2556.12 11255.1 3571.16 3005.47 4628.09 16947.9 23702.3 12465.6 7452.88 10478 7387.67 7232.72 7950.68 11196.8 11322.9 9220.81 8445.44 8040.38 7202.98
threshold=3603.5000000000005 -0.99983123799342477 8.948179244995119 36.590269088745124 32.145544052124031 0.019774534739553932 41.140251159667976 27.990239143371586 1.7105855345726015 -0.97111920233974802 42.909763336181648 54.333211898803718 80.984638214111342 122.95699310302736 118.69426727294923 28.318849563598636 -0.6523320455745395 2.5543808937072758 0.56559228897094738 0.99681593486783593 0.99249573635719013 6.7388153076171884 13.410038471221926 0.51849435583340198 0.59868201182722736 7.5000000000000009 30.390104293823246 30.240080833435062 0.96633974041180493 -0.99630266176052629
decision_type=2 2 10 10 10 8 10 10 2 2 10 8 2 8 2 8 2 2 8 2 2 2 8 2 2 2 8 10 2 2
left_child=1 2 4 -4 -1 6 -5 11 9 10 -9 14 13 -13 15 16 17 -3 29 20 -20 -19 23 27 25 28 -26 -17 -25 -18
right_child=-2 7 3 5 -6 -7 -8 8 -10 -11 -12 12 -14 -15 -16 22 18 21 19 -21 -22 -23 -24 24 26 -27 -28 -29 -30 -31
leaf_value=0.0021851611215256187 -0.20000000000014967 -0.064804990295320872 -0.020934337139295503 0.051740364480459967 0.02707513836129638 -0.0064707987728700499 -0.13561032617478583 0.0063134472901312834 -0.017108248155417283 -0.0053845663596999039 0.071031562504798099 -0.007609788678232237 0.015094373095684458 -0.028509261153206802 0.0026890302626405411 -0.072426639127485842 -0.036565273794826762 -0.016508645183238194 -0.0082140019281046733 -0.067674852892138412 0.062984444358356192 0.0023762941138524025 0.00049748457305360942 0.080701144958554377 0.049910582646527341 -0.03655441468363238 -0.071704496671465265 0.015014647057433448 -0.15508970732788757 0.0027500841666904408
leaf_weight=191069.62823128328 622.27572268992662 85837.40717316512 108518.04858141765 27394.835797864944 158311.56410710141 22712.377446860075 1308.5073575973511 69124.517127469182 229681.13594396412 254525.56131097674 11195.114039316773 809135.0222299546 229328.13041484356 90949.564939886332 4166067.8226319104 42460.952410589904 47113.115866488777 585160.31415191293 1541271.1172346771 20688.95510096103 20950.72830979526 320658.38049823046 31606466.864863522 13727.869831424206 43602.251491390169 97484.270184607245 7274.525710484013 14929.21830627881 1616.4709867574275 4280529.6392668616
leaf_count=57830 33370 132558 57701 13741 46464 10764 1952 52440 164989 334564 7250 222607 36758 28784 1133378 87857 70487 314033 927447 30123 13392 99593 23103465 25285 78550 825035 54382 52809 10678 6421874
internal_value=-1.88957e-06 8.70001e-07 0.00692121 -0.00737023 0.0134633 0.0212582 0.0431996 -7.81758e-05 -0.00720663 -0.000414787 0.015334 1.32308e-05 -0.00468269 -0.00972159 0.000136871 -0.000137659 -0.00248505 -0.0145826 -0.000455362 -0.00804881 -0.00725917 -0.00982341 0.000371403 -0.0176524 -0.0064245 -0.0239861 0.0325217 -0.0496801 0.0558614 0.00232208
internal_weight=4.50997e+07 4.50991e+07 509315 159934 349381 51415.7 28703.3 4.45898e+07 564526 334845 80319.6 4.40253e+07 1.12941e+06 900085 4.28958e+07 3.87298e+07 6.90221e+06 991656 5.91055e+06 1.58291e+06 1.56222e+06 905819 3.18276e+07 221096 163705 112829 50876.8 57390.2 15344.3 4.32764e+06
internal_count=34450160 34416790 188452 84158 104294 26457 15693 34228338 559243 394254 59690 33669095 288149 251391 33380946 32247568 8009507 546184 7463323 970962 940839 413626 24238061 1134596 993930 860998 132932 140666 35963 6492361
is_linear=0
shrinkage=0.1


Tree=80
num_leaves=31
num_cat=0
split_feature=11 6 2 10 1 9 11 4 10 6 11 10 3 8 10 10 3 10 10 10 3 6 8 2 2 3 10 8 9 11
split_gain=2531 13422.2 11278.6 11243.9 12179.5 16235.3 11853.1 11394.1 12082.3 11008 15607.9 15969.8 12215.2 11845.3 12188.9 15045.3 11303.7 10350.8 17133.7 13011.3 16958.4 10285.1 10363.5 9850.65 8480.79 8462.9 9609.55 8353.88 8214.28 8014.75
threshold=0.11478523713130605 20.580407142639164 1.1253455281257632 0.9893236546938301 1.0000000180025095e-35 13.330000400543215 0.99958851518450398 0.014398725237697365 -0.95244167294248061 31.580005645751957 0.73721509932751383 -0.92274349529687905 6.5000000000000009 25.045714378356937 0.59868201182722736 0.70290292807158605 77.500000000000014 -0.72696319516528884 -0.58482361983252518 -0.8041866928211282 20.500000000000004 31.290057182312015 28.804286003112797 2.0926886796951298 1.0000000180025095e-35 23.500000000000004 0.69056404122701587 19.805377960205082 16.009999275207523 0.14888728888808328
decision_type=2 8 2 2 8 8 2 10 2 10 2 2 2 8 2 2 2 2 2 2 2 10 10 2 2 2 2 10 10 2
left_child=1 2 -1 4 5 -2 7 8 29 12 11 -11 24 17 21 25 -17 19 -19 20 28 22 -15 -5 -10 26 -16 -21 -14 -7
right_child=3 -3 -4 23 -6 6 -8 -9 9 10 -12 -13 13 14 15 16 -18 18 -20 27 -22 -23 -24 -25 -26 -27 -28 -29 -30 -31
leaf_value=-0.12790480025253667 0.0050371981233155918 0.00050515352797098078 -0.02388348704977292 -0.066217692342055351 -0.007086097313655189 -0.04834021086527375 0.028795037045139013 0.014965841756255569 -0.18266018591689215 -0.091715017446074243 -0.065079332986922464 -0.011162408142308948 0.066311269749263171 -0.0080801823920181332 -0.034839399044471607 0.0011087978584175542 -0.071925980013396021 -0.099123532306182746 0.0097994632599422826 -0.092800444360743431 -0.16434425974956496 0.035519295194458476 -0.034773624899631594 -0.0069479881775355475 -0.017169749220849566 0.056478289646755386 0.089060838557118535 0.1159941910867493 -0.11429802972587103 0.029417086026885798
leaf_weight=11818.996007320005 4252099.6298974082 34908019.957690656 88277.886405497789 49427.181970732287 2497525.9534646012 14809.700897424947 104255.24812686816 250601.18826221768 3114.5215593655594 25767.770687371492 69104.232985077426 548542.77283350006 18090.15976652503 380925.07885317085 24961.376332275569 198514.51547484472 23723.981353873387 14884.733449618798 484949.8096466451 2070.9148072600365 4963.4185319691896 37721.142146913335 235279.39259480638 64809.600823260844 539361.53535171598 77681.100848234259 8355.0421563312411 25656.053965795785 2925.4210646785796 126341.73261927813
leaf_count=22854 4645449 18411406 51676 145894 1613336 45742 179727 260557 16344 157726 568575 2001219 20395 1576203 50055 379132 111329 60536 1171909 6769 32605 166290 1412580 42738 820255 151268 7351 25468 16650 278122
internal_value=-1.83002e-06 0.000400302 -0.0361659 -0.00139755 -0.0010402 0.000979921 -0.0043735 -0.00548242 -0.00726932 -0.00874617 -0.0201792 -0.0147766 -0.00521493 -0.000671144 -0.00723704 0.00832895 -0.00668767 0.0110382 0.00655581 0.0527553 0.00190547 -0.0151694 -0.0182723 -0.0325924 -0.0181199 0.0383951 -0.00376788 0.100399 0.04117 0.0212587
internal_weight=4.50946e+07 3.50081e+07 100097 1.00865e+07 9.97223e+06 7.4747e+06 3.2226e+06 3.11835e+06 2.86774e+06 2.72659e+06 643415 574311 2.08318e+06 1.5407e+06 987162 333236 222238 553541 499835 53706 25979 653926 616204 114237 542476 110998 33316.4 27727 21015.6 141151
internal_count=34450160 18485936 74530 15964224 15775592 14162256 9516807 9337080 9076523 8752659 2727520 2158945 6025139 5188540 3854208 699135 490461 1334332 1232445 101887 69650 3155073 2988783 188632 836599 208674 57406 32237 37045 323864
is_linear=0
shrinkage=0.1


Tree=81
num_leaves=31
num_cat=0
split_feature=10 8 3 6 10 11 9 5 8 8 9 8 6 11 9 6 9 10 6 3 7 10 3 7 9 10 7 11 10 11
split_gain=2300.35 13237.1 11110.5 8999.07 8044.52 14947.3 15992.8 11155.1 6295.53 5782.25 5644.64 5393.99 4939.82 4464.77 8304.01 4332.44 4679.76 4319.2 4272.72 3798.93 3656.98 3623.17 18751.6 15418.8 9279.46 9248.09 8170.47 7232.23 7050.21 5993.42
threshold=-0.99866806308218525 34.870746612548835 4.5000000000000009 33.900070190429695 -0.99467753128998015 -0.074115882986646633 12.459999561309816 1.0434873104095461 35.356309890747077 31.940001487731937 6.3099997043609628 31.340019226074222 26.380381584167484 0.011826144619637555 11.940001487731935 34.700023651123054 12.350000858306887 -0.99940763397299126 31.810018539428714 12.500000000000002 24.260179519653324 -0.97113884758256674 3.5000000000000004 19.900044441223148 10.02000141143799 -0.98214942551678475 21.073732376098636 -0.21022037796396451 -0.9905448150984083 -0.15950993297387572
decision_type=2 10 2 8 2 2 10 8 10 8 8 10 8 2 8 10 10 2 10 2 10 2 2 8 10 2 10 2 2 2
left_child=1 2 9 13 5 7 10 15 -8 20 11 -7 -12 14 -4 18 -17 -3 -2 -19 -1 22 29 27 -25 28 -27 -24 -26 -6
right_child=4 17 3 -5 21 6 8 -9 -10 -11 12 -13 -14 -15 -16 16 -18 19 -20 -21 -22 -23 23 24 25 26 -28 -29 -30 -31
leaf_value=0.0010262994148878442 -0.040592277863838865 0.063253209861209553 -0.0085805811639882174 -0.067679118302816407 0.0054871792684138459 0.0057100839555180825 -0.04224338237801406 -0.015173367430753305 -0.14450742990545731 0.016972692238829006 -0.11070963302011277 0.065768580987515007 0.001609793359915279 0.019896506371185858 -0.11640793398758394 0.030713692996258615 -0.096717782353525281 -0.028449964566509386 -0.089031802672144167 0.063417471900708941 -0.037414499006515778 -0.00014505182664097241 -0.097874282510681976 0.027197134038857915 -0.020616017249566649 0.022806253178024833 -0.052387516340887133 0.054912497520898912 0.025686035596675434 -0.0054224524095678262
leaf_weight=357650.62493630871 32433.720627984032 48829.251313600689 41052.284870722797 36856.885743569117 892264.60365391523 32660.722618043888 33155.697629389353 192765.38755717594 7355.312237309292 295450.59471363574 3949.9452206790447 27583.6954121124 450704.40369789395 33495.967366181314 8646.4527576863766 9772.6384109016508 4087.0734444931149 11650.559403177351 41522.377006888855 7335.3903020611033 26587.575880229473 40791349.703233704 3178.9204714521766 191795.5287874341 47773.871843601111 19834.855842743535 53232.881665026303 121915.76065779291 105520.76073695766 1155934.9247297468
leaf_count=176321 32615 48340 35862 67302 352555 10047 69889 89059 35246 142575 4209 5507 252366 33593 24348 8639 10637 15634 47682 9813 12108 31809312 6041 112087 74943 28151 76435 148275 112407 598162
internal_value=-1.89489e-06 0.00509762 0.00150065 -0.0265449 -0.000101945 -0.00981833 -0.00031441 -0.0286313 -0.0608108 0.00645426 0.0044453 0.0332087 0.000633985 -0.00832163 -0.0273401 -0.058173 -0.00686442 0.0475165 -0.0677885 0.00704384 -0.00163363 8.52903e-05 0.00371104 0.0202281 0.0110136 -0.00269867 -0.0319755 0.0510299 0.0112561 -0.00066985
internal_weight=4.50863e+07 867556 799740 120052 4.42188e+07 835991 555410 280581 40511 679689 514899 60244.4 454654 83194.7 49698.7 87815.8 13859.7 67815.2 73956.1 18985.9 384238 4.33828e+07 2.59145e+06 543253 418158 226362 73067.7 125095 153295 2.0482e+06
internal_count=34450160 565896 492109 161105 33884264 565896 377264 188632 105135 331004 272129 15554 256575 93803 60210 99573 19276 73787 80297 25447 188429 33318368 1509056 558339 404023 291936 104586 154316 187350 950717
is_linear=0
shrinkage=0.1


Tree=82
num_leaves=31
num_cat=0
split_feature=7 11 9 3 3 10 8 3 2 8 11 10 10 11 2 4 2 8 10 2 9 11 10 8 6 8 11 8 6 8
split_gain=2253.54 5355.14 5593.21 6162.65 5536.8 5033.6 6337.34 5788.66 5710.35 4802.5 4531.83 4840.73 6597.87 4764.98 4413.14 4293.26 4507.57 4200.97 5416.52 9239.68 9405.17 5326.44 7523.56 8767.44 11910.2 9139.2 7413.56 17078.9 6983.67 8198.13
threshold=-1.0000000180025095e-35 0.97062204580664158 16.150000572204593 10.500000000000002 19.500000000000004 0.21022171450811275 11.574999809265138 13.500000000000002 1.1903346180915835 16.131060600280765 0.90438663683299525 0.24372619187392155 0.34235194516023087 0.64414586362404946 42.326393127441413 1.0000000180025095e-35 26.992157936096195 16.131060600280765 -0.48314718476766422 23.563999176025394 11.570000171661379 0.96633974041180493 0.17646842360078763 30.271428108215336 29.695860862731937 24.700531959533695 0.96177147954086928 29.185841560363773 23.975421905517582 27.160102844238285
decision_type=8 2 10 2 2 2 10 2 2 10 2 2 2 2 2 10 2 8 2 2 10 2 2 10 8 10 2 10 10 8
left_child=1 2 3 10 -4 6 8 -7 -3 -5 13 -12 -13 -1 -10 16 -15 18 19 -2 -21 26 28 24 25 -24 -19 -28 -23 -30
right_child=17 5 4 9 -6 7 -8 -9 14 -11 11 12 -14 15 -16 -17 -18 21 -20 20 -22 22 23 -25 -26 -27 27 -29 29 -31
leaf_value=-0.077625978107608171 -0.12760154326984363 -0.070824722795997663 -0.030900504481878699 -0.096813055346451571 0.1232909330386294 0.077635721372742966 0.03117213632913457 -0.1963041779362511 0.019370704775959743 0.1375418345419398 -0.13052339852120373 0.006775791347144876 -0.084918741086273744 -0.00036304506553237856 -0.098886171953668611 -0.030940257367673529 0.06655242514908262 2.4104813006475122e-05 0.0087178270470543717 -0.19085364038204389 0.079783471920417681 -0.015645899193647263 -0.016878460651666389 -0.12084980194725724 0.047190921655871104 -0.081167081294114499 0.043865762415076281 -0.081674439274079039 0.018587946631020695 -0.0073241904835922647
leaf_weight=8181.3360673189163 7831.9143212735653 17388.885522924364 4291.1034387126565 15808.608641766012 5092.7060832008719 13960.042164981365 34088.773050066084 816.49539223313332 22752.982370659709 925.61669955402613 5909.9206786602736 18532.390911489725 13610.288053154945 31848.636231392622 3663.8489974737167 24479.172723650932 14719.240199923515 43048459.291371264 734219.64172421955 1607.9318653941154 6375.4590859413147 309207.62489945022 75980.982114749029 9683.833598928526 20745.697937728837 31189.676397062838 84333.152491923422 12434.468383681029 209055.70989001216 293536.20799239166
leaf_count=8385 18147 39659 7313 41320 5613 5577 40280 2706 22700 731 10370 15121 17003 29303 5057 18457 6931 30888248 517225 1699 2621 689964 170432 58172 52155 138761 121482 50438 558300 905990
internal_value=-1.84933e-06 -0.00974663 -0.0218544 -0.0270804 0.052781 0.0089889 -0.0011619 0.0624988 -0.0263236 -0.0838502 -0.0189802 -0.0473445 -0.0320507 -0.00535714 0.00296922 0.00296489 0.0207877 4.94489e-05 0.0074706 -0.0504314 0.0252745 -7.67824e-05 -0.00748592 -0.0291082 -0.022163 -0.0355883 8.62537e-05 0.0277341 -0.00382093 0.0034541
internal_weight=4.50807e+07 236070 143399 134015 9383.81 92671 77894.5 14776.5 43805.7 16734.2 117281 38052.6 32142.7 79228.4 26416.8 71047 46567.9 4.48447e+07 750035 15815.3 7983.39 4.40946e+07 949400 137600 127916 107171 4.31452e+07 96767.6 811800 502592
internal_count=34450160 276526 160547 147621 12926 115979 107696 8283 67416 42051 105570 42494 32124 63076 27757 54691 36234 34173634 539692 22467 4320 33633942 2573774 419520 361348 309193 31060168 171920 2154254 1464290
is_linear=0
shrinkage=0.1


Tree=83
num_leaves=31
num_cat=0
split_feature=3 7 11 11 8 11 7 6 11 3 8 11 10 10 10 10 9 3 10 8 10 6 8 8 0 9 6 11 7 9
split_gain=2250.2 2227.52 3216.4 3071.75 2448.06 5904.62 4675.29 3582.58 3694.13 3798.89 3030.19 2897.62 2879.48 2774.98 4586.25 2575.74 2519.27 2493.99 3235.54 2405.24 2827.93 2346.65 5367.7 3878.09 8107.13 9174.3 6649.23 5636.83 5284.21 5928.32
threshold=3603.5000000000005 29.43834209442139 -0.99273797715557011 -0.99864786094873803 42.909763336181648 -0.96687281075841669 24.720042228698734 41.360345840454109 -0.78324956448884031 3.5000000000000004 41.101430892944343 -0.87810534180523914 0.15951094710994371 0.59868201182722736 0.19337368024598436 0.55656748448714433 14.389999866485597 33.500000000000007 0.94704596667653973 40.700918197631843 0.70290292807158605 39.681097030639656 36.928594589233406 37.40571594238282 1.0000000180025095e-35 9.2400302886962908 37.355192184448249 -0.8142754349318998 22.140053749084476 12.459999561309816
decision_type=2 10 2 2 10 2 10 10 2 2 10 2 2 2 2 2 10 2 2 10 2 10 10 10 2 8 10 2 10 10
left_child=1 4 3 -3 7 12 11 10 9 15 21 -7 -6 14 -12 -9 -16 19 -19 -10 -21 23 -23 26 25 27 -1 -25 -26 -30
right_child=-2 2 -4 -5 5 6 -8 8 17 -11 13 -13 -14 -15 16 -17 -18 18 -20 20 -22 22 -24 24 28 -27 -28 -29 29 -31
leaf_value=2.1818443443419161e-05 -0.20000000000033114 -0.044795690079479082 -0.022061305653008231 0.055841082932850686 0.0095163769104376489 -0.15280043037349841 0.0019295519548558255 -0.029740505666697378 -0.047004276675737755 0.011255667874161893 0.035994657941342337 0.11295580848218878 0.10541169898528545 0.022237643176735732 -0.013538049495858524 0.015710255338995741 0.02001304366271137 0.0084193101873035105 -0.075358107265282498 -0.047505425976272948 -0.0096417378488690524 -0.078462992154266095 -0.0050731522740151708 0.028627810177388566 -0.03969277852248921 0.0069701470019969463 -0.011701626674129132 0.095261878191291338 -0.0090274621267697197 0.0098355896496001398
leaf_weight=41032800.886749275 562.55309929698706 4199.5790721178055 87590.673065967858 10918.57594782114 4638.9395663589239 443.52053675055504 117305.24366474524 50312.551023438573 38136.517447594553 120188.03961897641 31987.348861787468 5473.3291212059557 9634.4892712980509 116543.10327256098 102745.01717187464 16576.775689899921 28612.432324670255 46669.288427632302 5115.1751004233956 25322.095300883055 89244.131904169917 10148.133935555816 554988.0362669304 59768.734967529774 39261.872907102108 1247997.0131032281 489566.71941489726 16119.087830659002 447865.290250808 265312.95868225396
leaf_count=29620292 33370 3845 106468 5329 3039 582 195591 51437 101762 160785 14722 4516 4229 159895 84787 15358 23920 147958 41751 51086 195790 22311 854519 27648 36881 1470406 641961 5940 201350 162632
internal_value=-1.89965e-06 5.96378e-07 -0.0147094 0.0278858 3.4191e-05 0.0133572 0.00630423 -6.6664e-06 -0.00953005 0.000624882 7.72379e-05 0.093035 0.0742452 0.0104494 0.00203881 -0.0184767 -0.00622991 -0.0188204 0.000143929 -0.0252516 -0.0180106 1.15042e-05 -0.00639101 9.4495e-05 0.0043121 0.00902292 -0.000116406 0.0427813 -0.00397638 -0.00201013
internal_weight=4.5076e+07 4.50755e+07 102709 15118.2 4.49728e+07 137496 123222 4.48353e+07 391565 187077 4.44437e+07 5916.85 14273.4 279888 163345 66889.3 131357 204487 51784.5 152703 114566 4.41638e+07 565136 4.35987e+07 2.07632e+06 1.32388e+06 4.15224e+07 75887.8 752440 713178
internal_count=34450160 34416790 115642 9174 34301148 207957 200689 34093191 765927 227580 33327264 5098 7268 283324 123429 66795 108707 538347 189709 348638 246876 33043940 876830 32167110 1904857 1503994 30262253 33588 400863 363982
is_linear=0
shrinkage=0.1


Tree=84
num_leaves=31
num_cat=0
split_feature=1 10 7 8 10 8 11 3 7 2 6 10 7 7 10 4 8 9 10 9 10 7 3 6 9 1 8 8 6 10
split_gain=2212.23 2099.06 6199.36 6882.5 5050.55 18427.5 9396.89 15356.3 8270.87 7741.03 7128.78 6455.57 12431 7636.23 7494.41 7915.74 5828.56 5612.19 5037.93 5513.65 4757.93 4524.02 4105.34 4058.35 4165.8 3886.51 3899.61 3849.79 4976.38 3812.41
threshold=inf 0.99466373373798567 22.650074005126957 17.882857322692875 0.9893236546938301 33.751338958740241 -1.0000000180025095e-35 4.5000000000000009 15.880630493164064 20.555511474609379 19.600341796875004 0.98372640911059162 19.570019721984867 6.2799537181854257 0.98667101781630195 1.0000000180025095e-35 34.173860549926765 18.170379638671879 0.99274428880883148 13.190001487731935 0.98802474685579866 20.620297431945804 2.5000000000000004 28.670063972473148 13.280001640319826 0.20091170817613604 22.794077873229984 34.307142257690437 38.50001525878907 0.98667101781630195
decision_type=8 2 10 8 2 10 2 2 8 2 8 2 10 8 2 8 10 10 2 8 2 10 2 10 10 10 8 10 10 2
left_child=1 4 3 -3 11 6 7 10 9 -8 -6 -1 13 -13 27 20 17 25 -9 -20 -16 -10 -11 -12 -25 -15 -27 -14 -29 -18
right_child=-2 2 -4 -5 5 -7 8 18 21 22 23 12 14 16 15 -17 29 -19 19 -21 -22 -23 -24 24 -26 26 -28 28 -30 -31
leaf_value=-0.00010803391904918338 -0.17497150828983393 -0.071785570080686895 -0.011486750014719209 0.01000523543360976 -0.16124153257332591 -0.043903385406113382 -0.083965331372760632 0.024759196124370209 0.018171636110165375 -0.027797482756276727 0.033250090768021268 -0.11587385910572519 0.017852189117227919 0.014102976809435475 -0.071325494024504429 0.044947268355246171 -0.022860395905752503 0.10930925214554787 0.0055264727035688925 0.15426832088499587 0.0020784427162951822 -0.049118230290173086 0.075440261807333375 0.0013751246113999629 -0.093462120105749655 0.035312176324893293 -0.03409286319693524 0.076044180908910894 0.0071907821735229822 -0.14564302313985084
leaf_weight=43487290.873462416 722.59794275462627 10435.824437658302 188181.8795286268 727045.17981595267 2471.217825293541 119237.81102095172 25649.878725952469 6699.5125907808542 59551.60115769133 14861.057187467813 39980.988861382008 6169.2975176712498 25355.336483543739 74868.897373473272 12579.33853761293 34170.312693529762 6021.9862419366837 4819.8228421192616 3043.5536162732169 13755.5494470587 29629.557267848402 12005.634379534982 5199.5685563087463 30346.616629302502 5465.9463568180799 9943.936141371727 43548.686979174614 56927.980384428054 12870.055777743459 4359.6516648419201
leaf_count=32464560 4964 11421 281421 838950 2631 304228 37410 7349 50498 8732 16788 8103 19799 72848 36138 18275 22643 7385 3128 4500 52584 12070 2188 14483 7575 4597 25500 52980 32546 23866
internal_value=-1.67255e-06 1.13255e-06 0.00471394 0.00884784 -9.76847e-05 -0.0122699 0.00495104 0.0271858 -0.014344 -0.0475721 0.00590023 -3.69697e-06 0.0141196 -0.00693444 0.0324979 0.00916765 -0.00225302 0.00337261 0.0980798 0.12732 -0.0197978 0.00688197 -0.00103901 0.0113498 -0.0130996 -0.00060519 -0.0211909 0.051225 0.0633483 -0.0744216
internal_weight=4.50732e+07 4.50725e+07 925663 737481 4.41468e+07 338269 219031 101763 117268 45710.5 78264.8 4.38086e+07 321265 149732 171533 76379.2 143563 133181 23498.6 16799.1 42208.9 71557.2 20060.6 75793.6 35812.6 128362 53492.6 95153.4 69798 10381.6
internal_count=34450160 34445196 1131792 850371 33313404 471580 167352 56454 110898 48330 41477 32841824 377264 164942 212322 106997 156839 110330 14977 7628 88722 62568 10920 38846 22058 102945 30097 105325 85526 46509
is_linear=0
shrinkage=0.1


Tree=85
num_leaves=31
num_cat=0
split_feature=3 8 7 3 3 10 10 11 11 10 9 7 5 8 7 8 11 10 8 10 10 11 3 8 10 10 3 9 5 6
split_gain=2050.9 5804.59 8288.33 6070.29 5136.54 4435.91 5277.45 4281.61 6001.58 5598.45 5312.98 4325.82 4078.2 4034.27 3962.82 3826.91 3771.73 3787.78 3510.34 3499.71 3251.8 3197.87 3152.22 12676.3 10269.6 16194.3 16891.9 9378.33 8206.5 7394.38
threshold=129.50000000000003 33.025739669799812 19.227850914001468 162.50000000000003 170.50000000000003 0.58481550752069722 -0.01397611846945947 0.71353761266622884 0.42763731121559989 0.54219432480460406 13.830000400543215 8.3628058433532733 0.11106529086828233 23.991030693054203 16.302390098571781 30.314291954040531 0.39629089145655322 0.9053161325100999 23.063058853149418 0.70290292807158605 0.97508442350096236 0.56191161272202661 23.500000000000004 11.574999809265138 -0.35846811432664222 -0.42180583328916638 26.500000000000004 6.3903479576110849 0.16920451074838641 29.890322685241703
decision_type=2 10 10 2 2 2 2 2 2 2 8 8 10 8 8 10 2 2 8 2 2 2 2 10 2 2 2 8 10 10
left_child=22 2 3 7 19 6 -6 8 10 18 -2 -11 14 -8 16 -13 -3 -18 -9 -5 -4 -16 -1 -24 25 -25 -27 -26 29 -29
right_child=1 12 20 4 5 -7 13 9 -10 11 -12 15 -14 -15 21 -17 17 -19 -20 -21 -22 -23 23 24 27 26 -28 28 -30 -31
leaf_value=-0.00016014897312433178 0.076117810569668043 -0.15266222571242424 -0.15644278490968788 -0.14979941302182695 -0.10371856832335975 -0.073284540266112738 -0.1640921700338327 -0.0065465503688493971 -0.11504900926367001 -0.13127842120935018 -0.083374135587248044 0.046826376107944039 0.038756486351606848 0.089640520673938337 -0.006523014474270724 -0.15575695940780848 0.0084653918711920673 0.16183692663945756 -0.16455773238386884 0.0997255493668147 0.013730034925013644 -0.18371797549165836 -0.048541502907786575 -0.0035986377687430033 0.088991470973826634 0.055741245892649109 -0.10904344622414992 0.011703617216594627 0.027025749720914777 -0.00060714263579548307
leaf_weight=42040185.441023953 3979.5240239100531 698.37752806209028 6679.1049762321636 605.42525933682919 2317.012265087571 7195.9676846871153 685.72781269066036 2437.2656836118549 13697.719860937446 1777.4540993832052 4395.6495372913778 14248.403220701963 24259.112480979413 7271.0945190126076 187730.46973861661 997.78121963143349 2959.5382634792477 3531.9662942513824 3322.7003574557602 7852.4218257293105 1349.846491524484 1024.0475595295429 46283.446717703715 472881.87273855507 13941.170368254185 7969.3112958222628 28352.314549190924 874913.71340852603 182048.90192636475 1102990.6786562577
leaf_count=25291239 5710 8475 70684 3431 51523 60762 8156 9529 91540 11555 23360 34576 30791 16704 599315 10855 20109 2721 27229 15357 5418 11943 121782 1866979 7947 14240 204767 2402532 200942 3219989
internal_value=-1.47503e-06 -0.00825575 -0.0315448 -0.0206229 0.0178954 -0.0130745 0.0290977 -0.0428871 -0.0742757 -0.0124775 -0.00759039 0.0163566 7.96254e-05 0.0677736 -0.00470881 0.0335684 0.0681569 0.0919134 -0.0976971 0.0818642 -0.127833 -0.00748435 5.36554e-05 0.00334685 0.00424192 -0.00854108 -0.0728881 0.00723615 0.00670847 0.00483845
internal_weight=4.50686e+07 299017 78813.1 70784.1 25927.6 17469.8 10273.8 44856.5 22072.9 22783.6 8375.17 17023.6 220204 7956.82 195944 15246.2 7189.88 6491.5 5759.97 8457.85 8028.95 188755 4.47696e+07 2.72938e+06 2.6831e+06 509203 36321.6 2.17389e+06 2.15995e+06 1.9779e+06
internal_count=34450160 1119743 446389 370287 155933 137145 76383 214354 120610 93744 29070 56986 673354 24860 642563 45431 31305 22830 36758 18788 76102 611258 33330417 8039178 7917396 2085986 219007 5831410 5823463 5622521
is_linear=0
shrinkage=0.1


Tree=86
num_leaves=31
num_cat=0
split_feature=11 7 11 2 6 8 10 10 10 6 10 6 8 11 9 1 11 7 10 11 11 11 11 3 10 7 11 11 9 6
split_gain=2148.54 11661.8 12788.8 9348.69 8913.49 13165.4 18614.9 19152.8 15740.7 12957 18790.7 12906.2 16672.7 11571.1 10436.2 10358.8 9965.09 9099.93 9696.16 8818.22 8266.59 7546.59 8365.03 7350.7 7164.21 7122.78 7097.21 6986.62 10553.1 6576.76
threshold=0.11478523713130605 9.1800270080566424 -0.13398942717002907 7.4988236427307138 30.390104293823246 32.687143325805671 0.95998215779580554 0.98049069993378934 0.9893236546938301 32.690029144287116 0.9053161325100999 34.630228042602546 34.307142257690437 0.18281312110578132 12.75000047683716 1.4690888524055483 0.63089349388778826 19.570019721984867 0.12545942051955489 0.64414586362404946 0.51849435583340198 0.99681593486783593 0.99024581825578073 7.5000000000000009 -0.79384350655589164 22.700029373168949 0.14888728888808328 0.39629089145655322 14.560034751892092 31.580005645751957
decision_type=2 8 2 2 8 10 2 2 2 8 2 8 8 2 10 8 2 10 2 2 2 2 2 2 2 10 2 2 10 10
left_child=1 2 3 -1 15 29 9 -8 14 19 11 12 -11 -13 -9 17 -14 26 -19 20 -7 22 25 -4 -22 -17 -2 -12 -29 -6
right_child=4 -3 23 -5 5 6 7 8 -10 10 27 13 16 -15 -16 21 -18 18 -20 -21 24 -23 -24 -25 -26 -27 -28 28 -30 -31
leaf_value=-0.14189792725724071 -0.038546918267445919 0.00048078413194452995 0.0019796631921923324 -0.042425345382965149 -0.0056105460731870121 0.023910700571516036 -0.064095459245340089 0.066812104220548188 -0.051748312757713535 -0.0083482280145149544 0.018333569563671569 0.013811352349154217 0.040671671030111767 -0.044300490233783359 -0.0038351254945648478 -0.0096273297504720565 -0.14984479443217727 0.017610487036409019 -0.02882574703268409 -0.037576874560728356 -0.0099100117481435573 -0.06835229468491226 0.051635689181933668 -0.10006291033153883 0.095718366111073247 0.015337891900231968 0.0016635943660709915 -0.0039341847682772511 0.096430726541527192 -0.016995309253360871
leaf_weight=13668.586209073663 44311.161177666858 34865452.39373707 79219.64475539932 30598.812716200948 1205560.4561166046 212447.14352397714 77986.393950138241 32986.053496195003 42588.062827372923 351896.62062235037 123482.2657876825 46221.537434114143 109546.19405437633 132454.39496074151 57115.673867501318 1174022.9613956138 2816.0419990960509 585539.38117010053 48706.522857327946 19824.801120262593 8092.5783868469298 19766.274778723717 24624.849456503987 7749.9748023189604 31087.302555095404 126606.47983902693 4666141.8727974724 15600.764351293445 31895.244821768254 876208.60764670325
leaf_count=28752 48654 18360027 54232 23208 1979282 206451 240620 25037 129972 728649 236234 78951 184918 568120 156912 708855 20099 303543 44494 83385 22186 30824 15729 19717 34025 36472 8240776 21682 46053 1772301
internal_value=-1.5535e-06 0.000368789 -0.0293847 -0.0731398 -0.00128894 -0.00547638 0.00243598 -0.024766 -0.00165076 0.00771606 0.00140618 -0.00642937 0.0023602 -0.0292676 0.0220287 0.00082541 0.0358969 0.00279944 0.0140444 0.0266354 0.0316945 -0.00701876 -0.00610397 -0.00711348 0.0739009 -0.00719715 0.00128533 0.0308704 0.0634644 -0.0104023
internal_weight=4.50642e+07 3.49967e+07 131237 44267.4 1.00675e+07 3.37781e+06 1.29604e+06 210676 132690 1.08536e+06 813913 642935 464259 178676 90101.7 6.68972e+06 112362 5.3447e+06 634246 271452 251627 1.34502e+06 1.32525e+06 86969.6 39179.9 1.30063e+06 4.71045e+06 170978 47496 2.08177e+06
internal_count=34450160 18485936 125909 51960 15964224 6534877 2783294 552541 311921 2230753 1884706 1580737 933666 647071 181949 9429347 205017 8637467 348037 346047 262662 791880 761056 73949 56211 745327 8289430 303969 67735 3751583
is_linear=0
shrinkage=0.1


Tree=87
num_leaves=31
num_cat=0
split_feature=11 10 8 11 9 11 6 7 3 10 8 8 10 6 10 6 7 10 10 3 7 10 3 3 3 10 8 11 11 9
split_gain=2150.78 14578 19310.4 12475.3 17928 14793.6 10127.5 9458.57 9223.71 11324.1 9323.45 7167.11 22340.5 8981.78 8424.89 16669.7 9448.82 21448.5 18301.7 13055.6 12007.5 13776.6 12454.9 10823.3 9932.58 9704.63 8649.96 13087.2 12377.3 10892.1
threshold=0.94636490295939868 0.29342972903661901 20.31369781494141 0.92519182738459482 12.84999990463257 0.92191100909954782 27.28843975067139 10.690012454986574 1.5000000000000002 0.35846314187849709 19.805377960205082 29.390223503112797 0.21022171450811275 29.030014038085941 0.26037272046371446 27.850315093994144 12.890314579010012 -0.2102246306142678 -0.2102246306142678 43.500000000000007 10.690012454986574 -0.29343379936893921 9.5000000000000018 26.500000000000004 87.500000000000014 -0.29343379936893921 16.131060600280765 0.98332250088165762 0.99138911339924218 11.089108467102053
decision_type=2 2 8 2 8 2 8 10 2 2 10 10 2 10 2 10 10 2 2 2 10 2 2 2 2 2 10 2 2 10
left_child=3 11 -3 5 7 -1 -4 8 -5 -10 -11 14 13 -13 16 -16 18 25 20 23 21 -2 -23 -19 -21 -18 27 -20 -29 -28
right_child=1 2 6 4 -6 -7 -8 -9 9 10 -12 12 -14 -15 15 -17 17 19 26 24 -22 22 -24 -25 -26 -27 29 28 -30 -31
leaf_value=2.7013607100949337e-05 0.011915745882477177 -0.11904632027705533 0.014109954970279136 -0.019612684144562253 0.038973669590126735 -0.060788470529750553 -0.073304467067016085 -0.024715063946835397 0.063031206667554893 -0.17904734652835835 0.064114038905712475 -0.070578337280671463 -0.12785096281927719 -0.0014075368099722516 0.037170940375318796 -0.14498658724792676 -0.039531645076241156 -0.010911110652251478 0.042707759686571728 0.05290059349583779 0.0062670521477502759 -0.049804244192874915 -0.13817712045216579 -0.10060130973899516 -0.092420593953810568 0.064096572557231071 -0.041400077957668396 -0.056481749131773541 0.010489328837214585 -0.0016726149634826255
leaf_weight=43010867.321766652 19724.712197863963 24368.629179199226 41588.554788448848 35618.947833508253 198705.26970639173 40036.035479456186 19453.198895998299 102025.54812582117 47229.414418376982 3788.8193046376109 2700.9118533544242 21012.700224017724 17127.481154186651 176061.99413416907 102351.65470431838 5283.1461679292843 10091.474234665278 122170.81277379394 100718.91875858931 46438.440545164049 36996.473887051456 42444.845896460116 25546.446399513166 15119.728728037328 5233.3552258927375 86482.802326625213 81908.682629081421 34196.576548852026 142977.40952272899 438350.86841518339
leaf_count=30086804 34171 36025 72714 26869 447384 94316 79893 141307 35223 6717 2712 63805 105140 555415 113959 29643 16866 198059 76124 98930 82388 60009 141529 59086 27641 78515 136834 65742 160535 1315805
internal_value=-1.47754e-06 -0.00358405 -0.0437908 0.000131765 0.0179349 -2.9543e-05 -0.0137479 -0.00391107 0.0198474 0.0460118 -0.0778479 -0.0013399 -0.0183034 -0.00878274 0.00142112 0.0282299 -0.000966791 0.0149304 -0.00588543 -0.00466301 -0.0415113 -0.061663 -0.0830087 -0.0207886 0.0381824 0.053268 -0.000318841 0.0139253 -0.00243684 -0.00792723
internal_weight=4.50566e+07 1.61565e+06 85410.4 4.3441e+07 390069 4.30509e+07 61041.8 191364 89338.1 53719.1 6489.73 1.53024e+06 214202 197075 1.31604e+06 107635 1.2084e+06 285537 922865 188962 124712 87716 67991.3 137291 51671.8 96574.3 798152 277893 177174 520260
internal_count=34450160 3608828 188632 30841332 660212 30181120 152607 212828 71521 44652 9429 3420196 724360 619220 2695836 143602 2552234 479097 2073137 383716 318097 235709 201538 257145 126571 95381 1755040 302401 226277 1452639
is_linear=0
shrinkage=0.1


Tree=88
num_leaves=31
num_cat=0
split_feature=7 10 8 9 8 2 5 8 6 9 4 7 10 11 6 8 3 11 2 7 3 4 3 10 7 2 7 10 6 10
split_gain=2057.34 11217.2 15257.6 15229 12260.9 6567.96 6549.5 5941.91 5622.44 4705.65 4575.92 4412.27 4381.55 10587.1 15176.2 18067.4 17817 13257.2 14998.1 12268.3 22918.8 11360.3 10033 9764.37 10558.1 9612.8 8917.66 8705.36 9135.35 8533.16
threshold=24.488423347473148 0.52766072109828632 36.280897140502937 7.9799997806549081 31.260223388671879 17.493516921997074 8.611849784851076 42.477680206298835 32.510112762451179 6.5599997043609628 1.0682556033134463 25.150337219238285 0.3261394409934788 0.097680735332368748 24.720253944396976 32.73481750488282 12.500000000000002 0.063390085881955341 2.1787377595901494 18.082599639892582 33.500000000000007 1.0000000180025095e-35 4.5000000000000009 0.95998215779580554 20.70006084442139 11.458796977996828 10.838284969329836 0.35846314187849709 32.99000549316407 0.9053161325100999
decision_type=10 2 8 10 8 2 8 10 10 10 10 10 2 2 10 10 2 2 2 10 2 10 2 2 10 2 8 2 8 2
left_child=7 4 -3 11 5 9 -6 12 -8 -2 -10 -4 -1 14 16 21 17 18 26 -15 29 -16 27 24 -22 -19 -14 -17 -29 -21
right_child=1 2 3 -5 6 -7 8 -9 10 -11 -12 -13 13 19 15 22 -18 25 -20 20 23 -23 -24 -25 -26 -27 -28 28 -30 -31
leaf_value=-0.00036631740032056626 -0.058639658796016118 -0.026736696467307038 -0.049427778452841187 -0.0049480726481522866 0.0033216127741335188 -0.0085001650034163406 0.0027818781861667016 0.074346656185695317 -0.079568526705816031 -0.0056929912385394335 -0.0048686622684519891 0.10452667543873428 -0.11487493366099455 0.0011507305905913859 0.023113306043901074 0.027895266784940156 -0.091997801976966068 0.09938689463415197 -0.0053709894645445197 -0.036822179647186225 0.0041681068947223513 0.0083240247729946832 0.0089491196553378952 -0.025711253859784729 0.049919107807945402 -0.017491919719676063 -0.026665345448748507 -0.022523590130843641 -0.0026227304026523088 -0.012911315072981345
leaf_weight=23148463.08851172 47085.187654230511 364735.54188883398 2103.0145793100819 1350556.7751904689 5707091.8502823701 822881.29439413548 1469837.9517746209 10865.225367330015 8229.9112083427608 26085.091160131153 2292384.6871660254 16213.798547625542 20542.006763099693 3258351.5656740861 680323.92673434783 76664.534306466579 26411.308635670692 19144.213217079639 368362.26716935635 252829.01396978647 128747.70837193821 2195726.1884249737 801107.30799395125 53535.003037143499 82932.526270568371 11126.695483982563 25925.308388143778 290151.37396126986 1125091.6840353981 364318.6058700271
leaf_count=16997920 28523 296319 857 1873296 3044299 262799 409199 10281 6751 14426 834135 3936 34158 4640408 530368 27312 75768 7546 182473 367680 339189 867114 1664681 216426 118685 6157 25438 150687 894843 518486
internal_value=-1.80812e-06 -0.00111651 -0.00856228 -0.00371972 0.000127804 -0.0110531 0.0011849 0.000407898 -0.0020493 -0.0397643 -0.00513588 0.0868506 0.000383502 0.00215803 0.00497684 0.00654345 -0.0121975 -0.00746232 -0.0121243 -0.00168183 -0.0121418 0.0118224 -7.77492e-05 0.0124431 0.0220925 0.0564257 -0.0656605 -0.00492489 -0.00670278 -0.022707
internal_weight=4.50478e+07 1.21072e+07 1.73361e+06 1.36887e+06 1.03736e+07 896052 9.47754e+06 3.29406e+07 3.77045e+06 73170.3 2.30061e+06 18316.8 3.29298e+07 9.78129e+06 5.64058e+06 5.16907e+06 471512 445100 414830 4.14071e+06 882363 2.87605e+06 2.29301e+06 265215 211680 30270.9 46467.3 1.49191e+06 1.41524e+06 617148
internal_count=34450160 6774540 2174408 1878089 4600132 305748 4294384 27675620 1250085 42949 840886 4793 27665339 10667419 4466545 4135005 331540 255772 242069 6200874 1560466 1397482 2737523 674300 457874 13703 59596 1072842 1045530 886166
is_linear=0
shrinkage=0.1


Tree=89
num_leaves=31
num_cat=0
split_feature=8 6 10 1 10 7 3 10 10 7 10 10 3 11 11 10 11 6 9 11 3 11 10 10 3 3 10 10 10 11
split_gain=2056.84 10053.2 15478 17353.4 13110.2 10070.9 9520.91 12526.8 9666.49 8736.62 8641.79 8068.75 7502.37 37046.4 8622.41 21752.7 17394.5 11591.2 9457.98 12368.1 9216.46 9086.09 25121 13970.6 21008.1 8893.32 13787.6 11430.4 12618.2 12297.8
threshold=20.790689468383793 22.060064315795902 -0.30163705152652742 4.8514742851257333 -0.108376950152639 7.1703755855560312 52.500000000000007 -0.12546116083924153 0.039769539193789977 5.9429731369018564 -0.0053757284505435614 -0.8041866928211282 20.500000000000004 0.84658398682345093 0.84658398682345093 0.35846314187849709 0.79773375822167203 16.020244598388675 12.150000095367433 -0.16799793862756093 10.500000000000002 0.94636490295939868 0.29342972903661901 0.21022171450811275 13.500000000000002 1.5000000000000002 0.074116354202380205 0.074116354202380205 -0.2102246306142678 0.98005052076767474
decision_type=10 8 2 10 2 8 2 2 2 10 2 2 2 2 2 2 2 8 8 2 2 2 2 2 2 2 2 2 2 2
left_child=6 2 3 9 -4 10 12 -8 -9 11 -6 -2 14 -14 16 21 17 20 19 -19 -1 -16 23 25 -25 26 -23 28 -27 -30
right_child=1 -3 4 -5 5 -7 7 8 -10 -11 -12 -13 13 -15 15 -17 -18 18 -20 -21 -22 22 -24 24 -26 27 -28 -29 29 -31
leaf_value=-0.010731977300388357 -0.023474377819450457 2.746437371438145e-06 -0.099515491068293591 -0.088613978396044846 0.035427896582410398 -0.012559548162127772 -0.10995439237930504 0.044166758651472078 -0.037528676012809355 0.014472501251513423 -0.076148875159623736 0.11226851266338114 -0.053578258455457786 0.053734968177484965 0.025489748316820462 -0.037473747591972494 0.039808932635836201 -0.10651972388357825 0.0040741655555269598 0.034261876717322837 -0.12857660510092014 -0.018398792321737668 -0.10376477132425306 0.041416707041962271 -0.12648507805665862 -0.077565922778015439 0.049374923739069619 -0.065196497463085742 0.10191616427033744 -0.0064081412679701582
leaf_weight=316551.82447565999 5655.9226497858763 42024836.599335007 21784.460539070889 13966.168672904372 8173.5946391932666 304937.91072337236 16029.679205928231 21253.580032053636 45468.517104113009 85527.143203507178 46051.295488919597 19395.456845805049 44129.359053503722 118693.38994189724 136758.48018046468 172406.02732238919 144567.56060106307 6471.4457260072231 849637.34614735842 174790.93481355906 6778.6986612826586 68086.062088429928 23869.293225631118 113438.05860283971 7976.0247013196349 22450.654842749238 53684.952955201268 48216.447368450463 11615.376136384904 107247.03676514328
leaf_count=188855 15810 31562686 64580 11258 17563 306974 99708 36455 154841 94788 116058 19802 105622 148153 114638 176606 91000 6093 516546 82934 12513 64553 32934 70594 15507 35756 32300 100875 7408 146750
internal_value=-1.70141e-06 -0.000165873 -0.0141843 0.0164192 -0.0241896 -0.0196208 0.00277994 -0.0305758 -0.0115055 0.029685 -0.0593303 0.0816214 0.00391707 0.0246502 0.00242635 -0.00620646 0.00683692 0.00331707 0.0084983 0.0292357 -0.0132026 0.00287879 -0.00389376 0.0016153 0.0303868 -0.00960621 0.0114805 -0.0231542 -0.00880927 0.00417744
internal_weight=4.50404e+07 4.25303e+07 505492 124545 380947 359163 2.51012e+06 82751.8 66722.1 110579 54224.9 25051.4 2.42737e+06 162823 2.26455e+06 765748 1.4988e+06 1.35423e+06 1.0309e+06 181262 323331 593342 456584 432715 121414 311301 121771 189530 141313 118862
internal_count=34450160 32209519 646833 141658 505175 440595 2240641 291004 191296 130400 133621 35612 1949637 253775 1695862 797921 897941 806941 605573 89027 201368 621315 506677 473743 86101 387642 96853 290789 189914 154158
is_linear=0
shrinkage=0.1


Tree=90
num_leaves=31
num_cat=0
split_feature=7 8 3 11 11 2 9 10 10 10 3 8 3 2 6 6 11 9 7 2 3 2 2 10 10 3 3 10 9 11
split_gain=2011.02 6724.42 8569.04 8048.95 5447.16 5356.54 5273.31 4253.6 5273.03 7104.03 5836.01 5110.55 10311.4 6504.66 4396.97 3855.87 6610.31 4483.1 3885.47 5419.3 3816.8 3802.13 6737.57 3718.43 5222.23 3711.88 3672.79 3556.13 3498.1 3381.54
threshold=1.0609077811241152 13.993053913116457 11.500000000000002 0.99988440732898443 0.65720762023595369 1.3085516691207888 11.300007820129396 -0.05695216311707673 -0.35846811432664222 -0.2270106897347694 42.500000000000007 12.856428146362306 19.500000000000004 1.0110445618629458 11.471031665802004 16.845000267028812 0.48877522411129348 4.7100000381469735 4.6804475784301767 32.742265701293952 45.500000000000007 33.859777450561531 1.0000000180025095e-35 -0.0053757284505435614 0.056951373111866731 49.500000000000007 40.500000000000007 -0.03977009085991149 14.219999790191652 0.78192542922038288
decision_type=8 8 2 2 2 2 10 2 2 2 2 10 2 2 10 10 2 10 8 2 2 2 2 2 2 2 2 2 10 2
left_child=4 2 3 15 5 -1 -4 8 10 20 21 13 -13 14 -9 16 18 -18 19 -2 -10 22 -6 27 -25 -22 -14 -15 -16 -3
right_child=1 29 6 -5 7 -7 -8 11 9 -11 -12 12 26 23 28 -17 17 -19 -20 -21 25 -23 -24 24 -26 -27 -28 -29 -30 -31
leaf_value=-0.16149750893710363 -0.12255162176139939 0.00019195086530888697 -0.085885586374226219 0.12624836911381995 0.045235069399169582 -0.032733351090053792 0.017376514697120274 -0.052631412429633442 -0.12960649201698468 -0.018276757254476583 -0.19170225866273799 0.00052909629829671508 0.11929131391949864 -0.10743260877187971 0.016761816556938449 0.077567803412912001 -0.044255629055893003 0.022049811675214821 0.034436906338433992 -0.013780246670427036 0.13794128757298701 0.10710635801047415 -0.094036984831214449 -0.11668101677074627 0.0055170334028148693 -0.1269848579947519 -0.022438177262791056 0.10845156043907325 -0.061581313591990205 -0.003276299007365683
leaf_weight=3774.8937099594623 7547.3280078875832 41328406.217255652 13121.908283144236 6843.883469581604 11207.513492412865 22409.48182284832 7936.5390101373196 39475.213440164924 11782.443531557918 25138.313074495643 1330.8650489039719 35460.903155110776 12942.237090554088 881.1427244246006 23432.311502426863 9982.1675731241703 10649.834197819233 239914.98144181073 6214.0849227011204 11652.436143875122 1147.9947314113379 4374.5122564435005 5033.6520933136344 3578.3859784603119 154252.86956244707 980.6241197809577 2129.2256466336548 5691.7952000796795 7531.2277609333396 3016396.2517385259
leaf_count=9288 8690 26926678 21897 1491 17491 17078 11119 65790 21329 47554 11948 34806 7246 1515 24792 3963 6906 127322 2371 5869 555 1470 8913 4836 110338 5974 5677 2278 14893 6920083
internal_value=-1.76748e-06 5.92697e-05 0.0146449 0.0190761 -0.00731836 -0.0512968 -0.046968 -0.00399376 -0.0279636 -0.0500058 0.0112561 0.00112953 0.0299785 -0.00507804 -0.0305038 0.0165112 0.0143027 0.0192316 -0.034293 -0.0565377 -0.107343 0.0243582 0.00207024 0.0058156 0.00274653 0.0158936 0.0992684 0.079511 -0.0022935 -4.39644e-05
internal_weight=4.50312e+07 4.46587e+07 313863 292805 372556 26184.4 21058.4 346371 60995.9 39049.4 21946.5 285375 50532.4 234843 70438.8 285961 275979 250565 25413.8 19199.8 13911.1 20615.7 16241.2 164404 157831 2128.62 15071.5 6572.94 30963.5 4.43448e+07
internal_count=34450160 34036389 189628 156612 413771 26366 33016 387405 115234 75412 39822 272171 47729 224442 105475 155121 151158 134228 16930 14559 27858 27874 26404 118967 115174 6529 12923 3793 39685 33846761
is_linear=0
shrinkage=0.1


Tree=91
num_leaves=31
num_cat=0
split_feature=9 3 11 11 10 11 10 8 10 10 8 11 1 8 7 10 10 7 11 11 10 10 10 11 7 8 7 7 10 10
split_gain=1997.55 4267.62 3132.35 4533.11 3991.01 3549.01 3277.43 3070.19 2967.38 2949.06 4936.51 3922.98 3076.81 4297.97 3193.06 3180.29 2927.23 4899.45 2778.93 2695.93 4235.53 2746.25 3883.28 2793.2 2618.28 2530.74 6438.02 2514.56 2638.61 2482.44
threshold=4.7100000381469735 1.5000000000000002 0.94636490295939868 0.75438814418115718 0.42179998225932674 0.64414586362404946 0.52766072109828632 13.993053913116457 -0.99630266176052629 -0.57078386445773377 29.919923782348636 0.28313308994381592 12.600118160247805 30.611430168151859 24.488423347473148 -0.30163705152652742 -0.98214942551678475 22.940158843994144 0.93469109537144635 0.11478523713130605 -0.94139628442229062 -0.82415615971448097 -0.91597725483594616 0.097680735332368748 17.310421943664554 30.935715675354007 26.040122985839847 25.610002517700199 -0.77245553105869302 -0.05695216311707673
decision_type=8 2 2 2 2 2 2 10 2 2 10 2 10 10 10 2 2 10 2 2 2 2 2 2 10 10 10 10 2 2
left_child=1 2 3 5 -5 8 -6 -3 -1 10 19 16 -11 14 24 -15 -12 -18 25 21 -21 22 23 -10 -14 26 -9 28 -23 -2
right_child=29 7 -4 4 6 -7 -8 18 9 12 11 -13 13 15 -16 -17 17 -19 -20 20 -22 27 -24 -25 -26 -27 -28 -29 -30 -31
leaf_value=0.037692118904868455 -0.00078015401793487356 -0.16946538565293215 -0.049732629250851992 0.056895393278362599 -0.13766496083843285 -0.054764418319072042 0.021509915474156843 0.023788700840619622 -0.019724328468313762 0.012196378470666614 0.027235086420127726 0.05283044595328628 -0.15191252543985553 0.0067415095995958813 -0.031095359779723032 -0.029488536992346544 -0.052139254604171584 0.0037313695868765092 0.13330585431888825 -0.089824231185523656 -0.012899951524416182 -0.042056323030324701 0.023837265745816138 0.076176484950512754 0.0082727360883695662 0.054093720413735551 -0.15314520305256474 -0.17286703471153403 -0.0094853868587904417 0.00074988166646135798
leaf_weight=23646.091440081596 24974846.950851958 743.30891838669777 11385.230884134769 25997.366909861565 2029.1083886921406 10883.510479927063 3568.4072497785091 22085.395538142417 50738.781874895096 399375.31791502284 44180.106833934784 17731.077674508095 1023.4193207025528 36626.391048789024 22472.140905499458 71578.346898913383 17262.052606701851 172972.18339234591 2732.2854729369283 10673.437718093395 21731.279897332191 28475.460645020008 54624.227299928665 3230.458852827549 346097.37727665901 22021.307087318972 2267.6612629890442 995.78398954868317 196558.25584727526 18428971.303621877
leaf_count=5152 16251619 1537 7255 6493 1770 5232 1298 11730 15086 101308 10158 3705 650 8352 5802 18738 5658 44871 791 4705 7059 9333 12362 597 66767 8042 1672 541 51445 17780432
internal_value=-1.68631e-06 0.00344197 0.00252956 0.00291038 0.0404037 0.00213658 -0.0361912 0.0322484 0.002544 0.00198857 -0.00329542 0.00747736 0.00571841 0.000303683 0.0054355 -0.017225 0.00404686 -0.00133839 0.0353016 -0.0106962 -0.0382372 -0.0080292 0.00504072 -0.013984 0.00780046 0.0295274 0.00731331 -0.0143085 -0.0136069 -0.000130511
internal_weight=4.50275e+07 1.62371e+06 1.57386e+06 1.56247e+06 31594.9 1.53088e+06 5597.52 49850 1.51999e+06 1.49635e+06 619173 252145 877173 477798 369593 108205 234414 190234 49106.6 367028 32404.7 334623 108593 53969.2 347121 46374.4 24353.1 226030 225034 4.34038e+07
internal_count=34450160 418109 394337 387082 9561 377521 3068 23772 372289 367137 165520 64392 201617 100309 73219 27090 60687 50529 22235 101128 11764 89364 28045 15683 67417 21444 13402 61319 60778 34032051
is_linear=0
shrinkage=0.1


Tree=92
num_leaves=31
num_cat=0
split_feature=6 8 8 3 9 7 7 3 10 10 7 3 8 0 2 11 9 11 11 11 11 10 8 5 7 6 11 11 3 10
split_gain=1966.54 6006.95 4375.6 8619.94 8215.35 5279.54 4330.64 4268.24 5606.37 6742.69 4448.47 4272.78 4223.7 4025.62 4015.42 5970.4 8002.04 4107.99 3686.02 5390.4 4624.47 5108.05 3659.95 3638.56 3497.94 3462.46 3567.21 3455.28 3411.48 3181.76
threshold=39.220022201538093 36.928594589233406 37.538572311401374 6.5000000000000009 9.2400302886962908 21.560380935668949 18.850197792053226 170.50000000000003 0.55656748448714433 -0.031173458710879235 25.300074577331547 226.50000000000003 35.705837249755866 13.574080944061281 1.0000000180025095e-35 -0.85225707553516283 13.789999485015871 0.097680735332368748 0.41202506375868281 0.04621408538533487 -0.24372464231556024 0.99983759474438971 40.312700271606452 0.59434181451797496 27.350473403930668 36.300340652465827 0.56191161272202661 -0.013976481981245173 187.50000000000003 -0.92274349529687905
decision_type=10 10 10 2 8 10 10 2 2 2 10 2 8 2 2 2 10 2 2 2 2 2 10 10 10 10 2 2 2 2
left_child=2 -2 7 5 -5 -4 -6 25 9 11 12 -9 27 -7 15 16 -3 23 19 20 22 -22 -8 29 -18 -1 -27 -10 -11 -17
right_child=1 14 3 4 6 13 18 8 10 28 -12 -13 -14 -15 -16 17 24 -19 -20 -21 21 -23 -24 -25 -26 26 -28 -29 -30 -31
leaf_value=0.00013549279574389715 -0.054775647018204643 -0.00039688480912110813 -0.037895355720767368 0.066933371700410874 -0.1339456668654086 0.0034317741596626562 0.0051450782118804802 0.012209766206218296 -0.031077465460543213 -0.073309463321540189 -0.14035564641691819 -0.16582416794027754 -0.0035339986928942906 -0.016044149578125399 -0.0076559930230183084 -0.19677134740312785 0.05298226849092233 -0.10282357669825466 0.11940373624902621 -0.034401720424799574 0.03894591873655491 -0.057495348743835079 0.032087152154265768 0.027858738476657242 0.017003757612279981 -0.0046601260602093008 -0.13489216588795669 -0.12175446586676456 0.032939981842034199 -0.0045651134652958921
leaf_weight=40068426.118530571 22445.492735039443 143597.89406108856 34843.454402724281 29554.845231175423 2006.5679369587451 1114482.2368905023 304840.86363895983 2207.0909199379385 9026.0619913795963 3377.4333402784541 4778.1716090086848 3463.4636701471172 17853.741763438098 117299.74934381247 811473.19023924321 862.69813420251012 55973.067917123437 4131.3385850600898 3250.2500823326409 23285.649200104177 97845.267751481384 5818.5772774256766 60413.710286423564 36321.061067454517 52245.550403214991 1441002.0823952388 2106.3329764325172 7863.2766725043766 28712.745598319918 515580.38183519617
leaf_count=28411148 45605 133054 43239 13961 18053 677642 385908 6961 47078 6553 23097 96671 76847 50781 822525 5845 60332 39351 5944 92015 175892 20682 58597 43053 70141 1570159 21827 68477 53245 1305477
internal_value=-1.57532e-06 -0.00339791 0.000127023 0.00496298 0.0157102 0.000491283 0.012667 -8.15414e-05 -0.0235606 0.00399414 -0.049888 -0.0965299 -0.0374461 0.00157713 -0.00268614 0.00230067 0.0150783 -0.00347709 0.0132607 0.0125598 0.0148919 0.0335327 0.00960134 -0.00273458 0.0356126 -3.78304e-05 -0.00485021 -0.0732945 0.0217574 -0.00488619
internal_weight=4.50251e+07 1.64263e+06 4.33825e+07 1.79364e+06 527016 1.26663e+06 497461 4.15888e+07 77282 37760.7 39521.3 5670.55 34743.1 1.23178e+06 1.62019e+06 808712 251817 556895 495454 492204 468918 103664 365255 552764 108219 4.15115e+07 1.44311e+06 16889.3 32090.2 516443
internal_count=34450160 2525383 31924777 1542714 771052 771662 757091 30382063 378929 163430 215499 103632 192402 728423 2479778 1657253 263527 1393726 739038 733094 641079 196574 444505 1354375 130473 30003134 1591986 115555 59798 1311322
is_linear=0
shrinkage=0.1


Tree=93
num_leaves=31
num_cat=0
split_feature=8 0 11 2 7 10 1 7 9 6 11 5 8 9 10 11 3 11 7 7 3 10 8 3 8 8 10 9 10 10
split_gain=1969.34 7756.65 16578.7 24805.6 11462.3 13994.7 8756.39 8523.37 10152.4 8351.44 7883.86 9661.9 7367.58 6769.18 5531.5 6412.57 31144.2 19238.5 12904.9 13708.6 13732.2 16896.3 11585.2 10850.8 13898.1 11588.5 11147.6 16727.4 13857.1 12966.7
threshold=28.318849563598636 14.833463668823244 -0.31800055644052067 2.8428689241409306 11.830269813537599 0.77244481603295057 1.1155495047569277 10.838284969329836 13.04210424423218 22.880730628967289 -0.22700609751797865 0.32960529625415808 16.131060600280765 9.7543802261352557 -0.99630266176052629 0.39629089145655322 14.500000000000002 0.45847758937963173 4.1574494838714608 14.270069122314455 2.5000000000000004 0.99818282439137029 25.650713920593265 14.500000000000002 12.856428146362306 20.790689468383793 0.88220160189607266 13.609496116638185 -0.35846811432664222 -0.63921128368950708
decision_type=8 2 2 2 10 2 8 10 10 10 2 8 10 8 2 2 2 2 10 8 2 2 10 2 10 8 2 8 2 2
left_child=1 2 3 4 -1 13 14 -5 -9 12 11 -8 -3 -6 -4 16 18 -17 -16 20 -20 -22 -18 25 -25 26 27 28 -19 -29
right_child=-2 9 6 7 5 -7 10 8 -10 -11 -12 -13 -14 -15 15 17 22 23 19 -21 21 -23 -24 24 -26 -27 -28 29 -30 -31
leaf_value=-0.11480590721377881 0.00030844835170870536 0.007982428352324971 -0.030811978212069737 -0.061479049023175469 -0.030680388686146667 0.030697271555328344 0.087084323243962147 -0.0085202764728626573 0.024291577889250376 0.008904165962794499 -0.011250918214946318 0.0025085080496104971 -0.030029356243261331 -0.078336592012084622 -0.073544735302357583 -0.04297076616222989 -0.12251741040800646 0.056215772823239078 0.0090185203751903947 -0.0032051793442827202 0.048614173958825446 -0.052156153073079359 -0.020586525345508977 -0.052877178229836112 0.011201504411126287 -0.0098269634134204378 0.096592805807335633 -0.12262609514541106 0.0072055767452805959 -0.014462196978546605
leaf_weight=22175.758504487108 36913124.163192146 92475.757391214371 50545.034081130754 28534.865339457989 67623.982887092046 24859.564220548607 17728.727126598358 1398689.4683722854 101116.29014441371 1133948.7270254791 874071.88917030767 56727.41466397047 113663.73782968521 53295.926686333958 15982.333543680143 98655.163839699235 21910.611223029438 63510.71922186017 240216.61653830856 226062.64985363185 250741.07863657176 17821.599091768265 22705.138555395883 34856.030450183898 1169933.3714585206 1057704.5613051243 13250.267939656973 11738.157054699957 629424.11918829381 198640.84459973127
leaf_count=53494 26121966 37028 73821 26879 67662 25961 6633 597738 71828 264289 614822 24722 58488 101346 18337 134766 72703 37087 165742 143931 200104 19788 51085 77165 3022642 1551033 5208 27754 510835 265303
internal_value=-1.53037e-06 -0.00141266 -0.00278886 -0.0113469 -0.0478255 -0.0376365 7.32005e-05 -0.00733818 -0.00630811 0.00553829 -0.00859006 0.0226468 -0.012977 -0.051685 0.00206591 0.00247391 0.0105283 0.000519257 0.0153518 0.0172852 0.0263896 0.0419271 -0.0706444 0.00186888 0.00934763 -0.002695 0.0055352 0.00419952 0.0116976 -0.0204972
internal_weight=4.50217e+07 8.10861e+06 6.76852e+06 1.6963e+06 167955 145779 5.07223e+06 1.52834e+06 1.49981e+06 1.34009e+06 948528 74456.1 206139 120920 4.1237e+06 4.07315e+06 795440 3.27771e+06 750824 734842 508779 268563 44615.7 3.17906e+06 1.20479e+06 1.97427e+06 916564 903314 692935 210379
internal_count=34450160 8328194 7968389 944908 248463 194969 7023481 696445 669566 359805 646177 31355 95516 169008 6377304 6303483 671690 5631793 547902 529565 385634 219892 123788 5497027 3099807 2397220 846187 840979 547922 293057
is_linear=0
shrinkage=0.1


Tree=94
num_leaves=31
num_cat=0
split_feature=1 0 11 1 2 8 11 2 7 6 3 11 11 11 6 7 11 11 11 10 7 9 11 10 9 11 1 7 10 3
split_gain=2115.8 6917.84 6595.87 3535.53 3085.79 4561.97 22863.3 17381.5 10249 11849.8 12655.5 10219.6 13115.2 8127.74 11276.4 7592.14 7484.77 7548.47 7368.01 6612.7 7501.9 15322 6431.81 7581.87 6448.71 6341.21 5923.68 5913.92 6969.9 5619.72
threshold=35.295186996459968 57.296329498291023 0.88117331841669433 72.633220672607436 69.095954895019545 29.830000877380375 -0.67801649466304881 2.2681553363800053 15.661506652832033 29.640311241149906 1.5000000000000002 0.88117331841669433 0.99958851518450398 0.7710868207630478 31.496147155761722 14.270069122314455 0.95691861501572195 0.92843842216862604 -0.71502926860092908 -0.61237985104942771 25.850029945373539 12.099998950958254 0.79773375822167203 0.49812943072827093 15.640093803405763 -0.98801846520836312 0.56559228897094738 22.987835884094242 -0.41398024697495356 3.5000000000000004
decision_type=8 2 2 10 2 8 2 2 8 8 2 2 2 2 8 8 2 2 2 2 10 10 2 2 10 2 10 8 2 2
left_child=4 2 3 -2 5 6 7 15 11 10 -10 13 16 -7 22 -1 17 -13 19 -11 21 27 24 -24 -15 -22 -8 -21 -29 -16
right_child=1 -3 -4 -5 -6 8 26 -9 9 18 -12 12 -14 14 29 -17 -18 -19 -20 20 25 -23 23 -25 -26 -27 -28 28 -30 -31
leaf_value=-0.10196534577214299 -0.0030929610843771428 0.0071622726285427516 -0.08130277994581761 -0.013962153488442791 0.0018379593271827558 -0.016297679040658205 0.0019203696311612059 -0.0088912098352024529 0.004983087835565691 0.010726442812301121 0.028459660071140022 -0.11628815924063879 0.057630731905552623 -0.043622919449431724 0.16065196531174974 -0.034383345394012534 -0.13531143647753688 -0.0056293201178918423 -0.0016447240685279363 -0.0059327209285435882 0.0051620326340231148 0.015047144566126047 0.040678083486008168 -0.12321127383172381 0.12591655370162233 -0.0053064193109568338 -0.0043629793071678418 -0.0052796453619766946 0.0045735378597894158 -0.12442609184981016
leaf_weight=18431.483482165728 1529137.4182487577 537695.27387040854 11463.355814285576 372089.43001252413 8739416.8795195967 259613.29405299877 5664087.8899694104 1631647.1536626071 1485214.6379726941 802875.62944902107 271612.20325621404 9996.0102600343525 8162.5267141386867 2681.8643618375063 784.8030057772994 169387.6170789483 15774.470585115254 16081.434961311519 11698043.691703126 956082.31731131067 766112.25257524569 936582.28143880703 17945.12581926072 3349.6685539130121 13726.508371406235 2364604.299901492 2041090.1328036636 886391.21501245862 3777138.0389436358 5815.8650777060539
leaf_count=46277 454616 97459 13978 104459 2694939 938302 8597940 781987 520951 318041 229556 113576 19516 10313 611 205738 220943 94843 12399039 452184 371675 675551 109029 27891 29345 1702202 1215976 372593 1529680 100950
internal_value=-1.62257e-06 -0.00285898 -0.00567616 -0.00522017 0.000162879 -0.000269936 -0.0021249 -0.0122073 0.000457178 0.000706871 0.00861266 -0.0164354 -0.0583231 -0.00954207 0.0300447 -0.0410155 -0.080938 -0.0480471 8.08926e-05 0.00200527 0.00128244 0.00320548 0.0511538 0.0148983 0.0982062 -0.0027447 0.00025592 0.00123191 0.00270076 -0.090531
internal_weight=4.5013e+07 2.45039e+06 1.91269e+06 1.90123e+06 4.25626e+07 3.38232e+07 9.52464e+06 1.81947e+06 2.42986e+07 2.39447e+07 1.75683e+06 353932 50014.4 303917 44303.8 187819 41851.9 26077.4 2.21878e+07 1.04898e+07 9.68691e+06 6.55619e+06 37703.2 21294.8 16408.4 3.13072e+06 7.70518e+06 5.61961e+06 4.66353e+06 6600.67
internal_count=34450160 670512 573053 559075 33779648 31084709 10847918 1034002 20236791 18571472 750507 1665319 448878 1216441 278139 252015 429362 208419 17820965 5421926 5103885 3030008 176578 136920 39658 2073877 9813916 2354457 1902273 101561
is_linear=0
shrinkage=0.1


Tree=95
num_leaves=31
num_cat=0
split_feature=7 10 8 6 8 7 2 5 6 8 7 10 6 8 7 8 9 5 7 6 10 11 7 8 4 7 3 7 6 6
split_gain=1991.81 8508.33 12970.5 12810.6 9794.16 5605.64 5500.34 5431.48 4893.03 4696.61 4472.85 4345.82 4187.03 4111.5 4069.21 4027.45 3950.55 3898.61 3796.98 3722.93 4212.44 8829.93 11556.5 12136.2 12226.1 13709.1 9930.24 15769.3 11285.7 12624.3
threshold=24.488423347473148 0.52766072109828632 35.356309890747077 34.070026397705085 31.260223388671879 25.150337219238285 11.208228111267092 3.8156645298004155 29.589116096496586 42.477680206298835 25.150337219238285 0.72695311118111527 32.510112762451179 29.390223503112797 25.450107574462894 40.901550292968757 6.1299993991851816 inf 25.670127868652347 40.370006561279304 0.3261394409934788 0.097680735332368748 9.1800270080566424 32.782857894897468 1.0000000180025095e-35 18.470034599304203 14.500000000000002 18.470034599304203 29.530110359191898 12.928055286407472
decision_type=10 2 8 10 8 8 2 8 10 10 10 2 10 10 10 8 10 8 10 10 2 2 8 8 10 10 2 10 8 8
left_child=9 4 5 10 6 -3 -2 8 -6 19 -4 -12 -9 14 -8 -5 -7 -14 -17 20 -1 22 -22 24 -24 -26 27 -23 29 -28
right_child=1 2 3 15 7 16 13 12 -10 -11 11 -13 17 -15 -16 18 -18 -19 -20 -21 21 26 23 -25 25 -27 28 -29 -30 -31
leaf_value=-0.00030358859787873196 -0.042544781371237461 -0.013239301391423553 -0.00052390030869276037 -0.0087048729659905313 0.067958717842261554 0.028704360119714552 -0.026963086037217379 0.0026031157484205647 0.0033047036086948367 0.066682992510954317 0.11009055363608762 -0.036738597408446844 -0.0032711625985084938 -0.0063601097487236986 -0.12745563778213406 0.022585292814081608 -0.049530947496757786 -0.072716562443449248 -0.0017614056967502742 -0.022477085593360469 -0.026013595371161088 -0.0014066339973217942 0.020857738572654154 3.872338141809069e-05 -0.0069705279606264055 0.010522898105873826 -0.086669604048228377 -0.021970927616103843 -0.0021919821448339763 0.019293834311123217
leaf_weight=23129662.11784336 49121.978529002983 104710.08855046052 7328.5636181952432 1071342.8285967074 11736.384568171576 6850.8501095604151 46530.778943359852 1764092.0368155837 4435399.3403090257 10687.178418461233 16180.18909367919 2302.6790119409561 3255927.5505331904 795095.60188055038 4411.4387615919113 79361.366346534342 111517.31757868081 8104.0481097847223 332135.21084121615 71103.709808971733 119255.43992055301 2448047.1269724704 732489.0027222205 2350494.1498707435 600996.21913658455 1759525.7001449517 11488.043585844338 439901.87153051794 703425.80351180909 527747.20863893488
leaf_count=16997200 32144 73527 3070 1264516 3068 2291 15239 503375 2550611 10281 2657 1402 1230579 256087 2278 148586 93186 6751 585173 278950 114398 2315023 572284 2559774 353369 598804 24633 534796 2256120 1059988
internal_value=-1.63373e-06 -0.00109857 -0.00758714 -0.00425922 -1.50637e-05 -0.0300935 -0.0100135 0.00092952 0.00347533 0.000401812 0.0655853 0.0917979 -0.00132213 -0.00812466 -0.0356654 -0.00547499 -0.0450029 -0.00344358 0.00293411 0.000380278 0.000429793 0.00217974 0.00478052 0.00545515 0.00957129 0.00606902 -0.00132277 -0.00453905 0.00615188 0.0170364
internal_weight=4.5007e+07 1.21021e+07 1.73173e+06 1.50865e+06 1.03704e+07 223078 895160 9.47526e+06 4.44714e+06 3.29048e+07 25811.4 18482.9 5.02812e+06 846038 50942.2 1.48284e+06 118368 3.26403e+06 411497 3.28941e+07 3.2823e+07 9.69337e+06 5.56276e+06 5.44351e+06 3.09301e+06 2.36052e+06 4.13061e+06 2.88795e+06 1.24266e+06 539235
internal_count=34450160 6774540 2174408 2005404 4600132 169004 305748 4294384 2553679 27675620 7129 4059 1740705 273604 17517 1998275 95477 1237330 733759 27665339 27386389 10389189 4198629 4084231 1524457 952173 6190560 2849819 3340741 1084621
is_linear=0
shrinkage=0.1


Tree=96
num_leaves=31
num_cat=0
split_feature=10 8 9 3 10 6 8 11 9 11 11 4 6 11 8 9 8 10 9 9 8 6 8 7 8 10 6 6 3 10
split_gain=1998.13 10787.7 9151.22 7024.4 6368.89 12359.4 8893.26 7750.15 7586.28 5792.06 4870.75 4346.01 5792.6 4274.9 7419.29 4142.07 4094.47 3586.9 3484.21 3443.26 3297.78 3279.62 4557.8 4682.58 3946.21 3800.95 3263.95 3105.24 3060.04 3058.41
threshold=-0.99866806308218525 34.870746612548835 11.465310096740724 1.5000000000000002 -0.99467753128998015 31.810018539428714 27.753482818603519 -0.074115882986646633 13.096703529357912 0.04621408538533487 1.0000000180025095e-35 0.016939329914748672 34.700023651123054 -0.022575793296316496 33.985715866088874 13.04210424423218 35.791463851928718 -0.99940763397299126 12.350000858306887 6.3099997043609628 31.340019226074222 34.130393981933601 31.940001487731937 22.790231704711918 32.504289627075202 -0.99940763397299126 25.037912368774418 27.010025978088382 12.500000000000002 -0.97113884758256674
decision_type=2 10 10 2 2 10 8 2 10 2 2 8 10 2 10 10 10 2 10 8 10 10 8 10 10 2 10 8 2 2
left_child=1 2 21 10 5 6 26 11 -9 -8 -4 12 -7 14 -5 -12 -10 -3 -14 20 -11 22 23 -1 -23 -25 -2 -21 -19 -6
right_child=4 17 3 13 29 7 9 8 16 19 15 -13 18 -15 -16 -17 -18 28 -20 27 -22 24 -24 25 -26 -27 -28 -29 -30 -31
leaf_value=0.0082763741058994832 -0.11893635670068847 0.057668131869623308 -0.028886388220249404 -0.12335018862534115 0.0034057125718017453 -0.090606353714212662 -0.0062090929607114351 -0.0075848763383456908 -0.048523299638113984 0.015260785136614333 0.0024787612697751097 -0.028800130384504664 0.027277533812580808 -0.028744167111308557 0.013912725454596897 0.12126607017714704 -0.1609210218302729 -0.025548289943902448 -0.088450786128417461 -0.13598553363464533 0.064567556329585926 0.058638996583473685 0.016497400968896833 -0.027167949404717059 -0.03529662181229614 0.0067940318622157006 -0.033312811639822609 0.011173161476692676 0.057229525814725526 -0.00013999171627030114
leaf_weight=242070.92711347155 5180.0759384587873 48337.06930629909 10788.072357028723 13899.867343534715 2587303.2481772229 32358.084127549082 209527.95046703191 224484.80444495007 13595.975687809289 28440.04705754621 5653.5126266181469 72030.057840738911 8223.9049339261837 47474.872288234998 5494.3720939103514 6105.7456496655941 4255.4472012687474 11620.779668036848 3805.2306117340922 1445.9218784123659 25934.006063657813 5153.4791534612887 286673.98471653601 89219.935392157175 33828.566891971044 52254.256580153946 31675.911675576586 172703.90180563764 7253.1322567304596 40714832.754069626
leaf_count=116302 7968 48340 11516 32178 1509056 41191 99728 161555 35730 8224 4679 43522 7669 87324 7943 2835 26464 15634 10287 1400 4985 2839 134970 40774 30265 20484 37036 80137 9813 31809312
internal_value=-1.48383e-06 0.004756 0.00151784 -0.0286293 -9.48132e-05 -0.00875239 0.00183035 -0.0227615 -0.0125743 0.00579968 0.0196389 -0.0439675 -0.0685805 -0.0449047 -0.0844637 0.0641566 -0.0753168 0.0432327 -0.00933133 0.0168102 0.0387779 0.0053188 0.00695883 -0.000170608 -0.0228782 -0.0146239 -0.0453471 0.00995134 0.00626273 7.18642e-05
internal_weight=4.50016e+07 865829 798618 89416.4 4.41358e+07 833661 474908 358754 242336 438052 22547.3 116417 44387.2 66869.1 19394.2 11759.3 17851.4 67211 12029.1 228524 54374.1 709201 670219 383545 38982 141474 36856 174150 18873.9 4.33021e+07
internal_count=34450160 565896 492109 146475 33884264 565896 239478 326418 223749 194474 19030 102669 59147 127445 40121 7514 62194 73787 17956 94746 13209 345634 312530 177560 33104 61258 45004 81537 25447 33318368
is_linear=0
shrinkage=0.1


Tree=97
num_leaves=31
num_cat=0
split_feature=1 6 10 0 10 8 5 1 8 9 7 4 9 11 6 10 10 10 7 8 10 11 2 6 11 7 11 10 6 10
split_gain=1962.03 6570.55 6572.06 4862.35 4772.66 7080.47 4286.81 4043.08 3823.27 3568.66 3764.73 3456.44 3218.22 3531.04 6214.24 3247.06 2930.42 2879.32 2813.96 2677.2 16391.5 8769.32 12068 8640.41 8548.48 7967.81 8765.23 11392.3 7935 7580.73
threshold=19.740942001342777 23.780468940734867 0.074116354202380205 40.99785232543946 -0.01397611846945947 27.251429557800297 84.167221069335952 66.28302383422853 32.831430435180671 4.4299993515014657 22.940158843994144 1.0000000180025095e-35 11.249998569488527 0.65720762023595369 11.471031665802004 0.98049069993378934 0.80926549319045582 0.12545942051955489 12.766604423522951 21.580000877380375 -0.85227431625818906 -0.16799793862756093 8.2515120506286639 20.117623329162601 0.95436825032516992 5.5702970027923593 0.8511460603353429 0.35846314187849709 24.720253944396976 0.89017062131308955
decision_type=8 8 2 2 2 10 8 8 10 8 10 8 8 2 10 2 2 2 8 8 2 2 2 8 2 10 2 2 10 2
left_child=9 2 6 7 5 -5 -2 18 -6 10 11 -1 13 14 -4 16 -14 -10 -3 20 -11 22 -22 24 -21 29 -27 -28 -29 -23
right_child=1 3 12 4 8 -7 -8 -9 17 19 -12 -13 15 -15 -16 -17 -18 -19 -20 23 21 25 -24 -25 -26 26 27 28 -30 -31
leaf_value=0.074433654723186762 -0.090160197498124206 -0.074538329913357779 -0.13682487735270304 0.019420962502198755 0.019003713329392435 -0.0040626556781097455 0.0095558612706611035 -0.012638201105063968 0.017323275339249804 -0.11150641785020028 0.013569792761133383 -0.0035902439141709689 -0.075112691073328824 0.01874506452958509 -0.0099352779199628049 -0.13384578193135557 0.0043791809679528549 -0.038585490374912011 -0.0017683994952478221 -0.016171197629026995 -0.15183615309258336 0.002411949248928083 -0.010721539880577075 6.8005466650646402e-07 -0.094765969883268339 0.022187945230138718 0.011715159559775055 -0.037313091531104646 0.13283249701546337 -0.027745154352071533
leaf_weight=5807.0527115045115 20538.425617314875 5321.9015683531761 4349.5806156396866 159151.29032093287 277599.42366153002 664262.74128094316 5456.6767310798168 387369.41448037326 15971.645106911659 12263.806277643889 402785.90526876366 254939.57024598494 8090.9999058544636 37873.111088499427 34257.522694587708 3543.0585141181946 10864.978321671486 21763.148285150528 3536616.5336259007 74589.953278707108 8255.4938322044909 1037168.0120808876 22790.616649359465 37111883.651751906 16991.360661756247 449287.11280853674 234822.31586141326 79749.793883224949 2838.5373077392578 90639.519438251853
leaf_count=3221 18432 5443 2873 25080 48465 146024 1257 117663 3309 30068 102524 79203 7801 16688 14554 3556 6483 6411 1120279 60376 17453 1101373 15420 30645697 40923 298531 318665 105311 2470 84607
internal_value=-1.49867e-06 -0.00182966 -0.0244813 -0.00127108 0.00448261 0.00047631 -0.0692286 -0.00293856 0.014944 0.000237007 0.0075093 -0.00185258 -0.0127293 -0.00294919 -0.024231 -0.0459744 -0.0295504 -0.0149215 -0.00187774 0.000113726 0.00373748 0.00447146 -0.0482454 -7.50246e-05 -0.0307531 0.00533536 0.0132009 0.000479882 -0.0314652 -1.17137e-05
internal_weight=4.49978e+07 5.19303e+06 124974 5.06806e+06 1.13875e+06 823414 25995.1 3.92931e+06 315334 3.98048e+07 663533 260747 98979.3 76480.2 38607.1 22499 18956 37734.8 3.54194e+06 3.91413e+07 1.93782e+06 1.92555e+06 31046.1 3.72035e+07 91581.3 1.89451e+06 766698 317411 82588.3 1.12781e+06
internal_count=34450160 1544318 71644 1472674 229289 171104 19689 1243385 58185 32905842 184948 82424 51955 34115 17427 17840 14284 9720 1125722 32720894 1973898 1943830 32873 30746996 101299 1910957 724977 426446 107781 1185980
is_linear=0
shrinkage=0.1


Tree=98
num_leaves=31
num_cat=0
split_feature=3 7 11 11 10 10 10 7 11 3 10 8 11 7 11 4 10 9 2 11 9 10 11 7 6 3 10 2 9 10
split_gain=1902.17 1823.78 2463.85 2510 2142.78 2007.8 2011.07 1871.28 11545.2 9910.44 8613.74 7830.94 6548.4 9664.12 8842.35 6799.68 11387.5 8633.31 6586.87 6505.39 5713.4 5450.8 6439.12 15909.1 11254.6 12228.3 11909.2 13197.1 11592.3 10201.1
threshold=3603.5000000000005 29.43834209442139 -0.99273797715557011 -0.99864786094873803 0.76140650896573492 0.75014288946266361 0.67802080537253961 17.610344886779789 -0.6391983530350368 8.5000000000000018 -0.69057362043749781 35.275363922119148 -0.45273527932988084 11.280004024505617 -0.46800559042974538 1.0000000180025095e-35 -0.85227431625818906 13.04210424423218 1.0000000180025095e-35 -0.79382744783423187 16.300000190734867 -0.40614700388750385 0.70138038092733435 11.979791641235353 27.930821418762211 4.5000000000000009 -0.57078386445773377 23.199997901916507 17.650444030761722 -0.86976336936302323
decision_type=2 10 2 2 2 2 2 8 2 2 2 8 2 10 2 8 2 10 2 2 10 2 2 8 10 2 2 2 10 2
left_child=1 7 3 -3 5 6 -4 8 9 10 -1 12 13 14 -10 17 -17 18 -15 -11 -12 22 23 29 26 -26 -24 -28 -27 -14
right_child=-2 2 4 -5 -6 -7 -8 -9 11 19 20 -13 21 15 -16 16 -18 -19 -20 -21 -22 -23 24 -25 25 28 27 -29 -30 -31
leaf_value=-0.10655656318429618 -0.19999999999853119 -0.041641739569407241 -0.016459146276686397 0.04957859550165529 -0.14787971201279365 0.10561548473501448 -0.092321550508501563 0.00030997592739304006 -0.08316435813764228 -0.048242119075018734 -0.015513121863328237 -0.077874271419556829 -0.0013851572315840756 -0.094817694744553149 0.065973683170065203 0.060241921303433782 -0.014351867967655502 0.063975121265296586 0.024788280593097459 -0.16117825378195783 0.031912955015269272 0.00048632305111739459 -0.054602680109532287 -0.010938397088451381 0.065082747457814713 4.7512925781666675e-05 -0.020777275766472286 0.08083504640416185 -0.11212960677812037 0.038578488645879351
leaf_weight=9811.9987529218197 475.54490373283625 4183.7767702639103 81221.158946707845 10810.582401812077 1285.9676622599363 1297.6007884293795 3651.5125017315149 37825344.187034428 16198.048844829202 19323.569443531334 296968.38174831867 13063.41459572129 124947.55816666409 6252.5731123946607 5268.5548588559031 28473.779090493917 72766.979539711028 63437.313504219055 17467.464629143476 6929.4645370393991 27777.543962523341 5223164.1987304492 110035.67433238495 575207.42248097342 27328.69853990525 122601.07630887814 143601.37835401949 14030.40453851223 9960.5573159931228 130672.46753271017
leaf_count=12056 33370 3845 92638 5329 3621 1120 9089 21973252 24536 50667 258323 96597 220862 12643 3346 12256 52925 49512 12872 24504 24276 8481898 263518 1268873 35780 589689 440276 6476 193194 192817
internal_value=-1.59202e-06 5.21823e-07 -0.0133265 0.024126 -0.0197478 -0.0178356 -0.019723 3.09372e-05 -0.00146295 -0.0188882 -0.0142456 -0.000525185 -0.000374179 0.017011 -0.0465614 0.0242546 0.0066275 0.0447299 -0.00673971 -0.0780515 -0.0114565 -0.000937089 -0.00684523 -0.00171368 -0.0168168 0.00417523 -0.0293564 -0.011733 -0.00838137 0.0190442
internal_weight=4.49936e+07 4.49931e+07 102451 14994.4 87456.2 86170.3 84872.7 4.48906e+07 7.06529e+06 360811 334558 6.70448e+06 6.69141e+06 209865 21466.6 188398 101241 87157.4 23720 26253 324746 6.48155e+06 1.25839e+06 830827 427558 159890 267667 157632 132562 255620
internal_count=34450160 34416790 115642 9174 106468 102847 101727 34301148 12327896 369826 294655 11958070 11861473 168090 27882 140208 65181 75027 25515 75171 282599 11693383 3211485 1682552 1528933 818663 710270 446752 782883 413679
is_linear=0
shrinkage=0.1


Tree=99
num_leaves=31
num_cat=0
split_feature=11 9 8 6 5 4 6 6 7 7 2 10 8 2 3 8 6 7 10 9 11 2 3 10 3 11 8 8 9 6
split_gain=1738.06 3913.25 4886.84 4259.94 2810.03 2728.07 3571.66 2291.64 2264.93 2138.74 2471.93 2424.92 2102.44 2037.41 3295.72 1916.6 7874.56 6701.08 4987.52 7187.11 6589.44 7870.94 5585.09 8341.63 6549.76 8559.89 6113.01 5569.87 5519.89 4979.82
threshold=-0.99983123799342477 8.4400014877319354 32.145544052124031 36.590269088745124 8.7395324707031268 0.019774534739553932 41.140251159667976 32.600032806396491 22.840133666992191 28.212017059326175 0.81423595547676098 0.90892735371523092 36.594968795776374 62.35182189941407 3.5000000000000004 36.813228607177741 37.470350265502937 18.850197792053226 0.52766072109828632 9.0900011062622088 0.04621408538533487 1.0000000180025095e-35 26.500000000000004 0.82414472752956958 61.500000000000007 0.28313308994381592 37.80285835266114 40.510990142822273 14.647208213806154 36.590269088745124
decision_type=2 8 10 10 8 8 10 10 10 10 2 2 10 2 2 8 10 8 2 8 2 2 2 2 2 2 8 10 10 8
left_child=1 2 8 12 7 6 -5 -4 13 15 11 -11 -3 14 -1 16 -2 -17 20 -20 21 28 -21 27 -25 -26 -27 -24 -19 -22
right_child=9 3 4 5 -6 -7 -8 -9 -10 10 -12 -13 -14 -15 -16 17 -18 18 19 22 29 -23 23 24 25 26 -28 -29 -30 -31
leaf_value=-0.024165170851234551 -0.00011198533950615968 -0.010025134974435645 0.066538645237125341 0.047389845539573712 0.01482606245962024 -0.0060971884281028101 -0.12596536547129711 0.026116090485599222 -0.0068260982317699045 0.00037270852437835993 -0.015458719622590437 -0.14869035255428048 -0.055729498706631991 0.030451196843714102 0.079339214278553769 -0.083942676431057392 -0.018631419880321496 0.014703092712737655 0.047684444985654204 -0.0047503800592683205 -0.11089176231163547 0.0038074600998494615 -0.034078664939835156 0.029620607266127547 -0.0059581587798706974 0.1294486747564797 -0.046766320313909648 0.0067604292566736963 0.049150999290465736 -0.012510431363709447
leaf_weight=18719.571116841398 39371672.280219689 142249.31081608031 25522.317073202692 28043.762491572648 75084.296349586919 22784.101051598787 1241.0883989930153 31132.88088709116 108764.26665626001 240999.86430601776 193706.63789838552 1096.2975505292416 10831.232861816883 40365.408579230309 3681.3015299588442 9060.1594527054112 230946.13203323632 347979.83619370684 29479.359477877617 1642505.9308742024 5368.8138570971787 1776307.3064668849 65311.587913103867 174399.98948258162 134786.96654197108 8138.6527822799981 2596.7914443397895 68340.634879797697 53693.827112086117 123438.67543711932
leaf_count=9040 28672569 69293 5999 13983 19339 10807 1952 11341 31428 293209 149032 3790 6161 7597 1692 57384 341393 307553 11455 1988253 18506 880524 172262 412649 475961 9704 11795 162025 71808 221656
internal_value=-1.59389e-06 0.00581211 0.0130278 -0.00485476 0.0275126 0.0198532 0.0400431 0.0443258 0.00190316 -6.80465e-05 -0.00703906 -0.000302302 -0.013259 0.0170296 -0.00715553 9.29618e-07 -0.000219983 0.00197074 0.00214635 -0.00134821 0.00536637 0.00666613 -0.0020378 0.00778511 0.0165504 0.000886553 0.0868241 -0.0131963 0.0193079 -0.0166111
internal_weight=4.49882e+07 508420 303270 205149 131739 52069 29284.9 56655.2 171531 4.44798e+07 435803 242096 153081 62766.3 22400.9 4.4044e+07 3.96026e+07 4.44141e+06 4.43235e+06 2.12556e+06 2.30679e+06 2.17798e+06 2.09608e+06 453575 319922 145522 10735.4 133652 401674 128807
internal_count=34450160 188632 86436 102196 36679 26742 15935 17340 49757 34261528 446031 296999 75454 18329 10732 33815497 29013962 4801535 4744151 3244104 1500047 1259885 3232649 1244396 910109 497460 21499 334287 379361 240162
is_linear=0
shrinkage=0.1


end of trees

feature_importances:
cos_doy=613
sin_doy=544
diurnal_range_1deg=374
tmax_1deg_roll7=332
days_since_rain=329
tmin_1deg_lag1=232
tmax_1deg_lag1=208
rf_roll7_sum=175
neighbor_mean_lag1=82
rf_lag_2=49
neighbor_max_lag1=33
rf_lag_1=29

parameters:
[boosting: gbdt]
[objective: tweedie]
[metric: tweedie]
[tree_learner: serial]
[device_type: cpu]
[data_sample_strategy: bagging]
[data: ]
[valid: ]
[num_iterations: 100]
[learning_rate: 0.1]
[num_leaves: 31]
[num_threads: -1]
[seed: 42]
[deterministic: 0]
[force_col_wise: 0]
[force_row_wise: 0]
[histogram_pool_size: -1]
[max_depth: -1]
[min_data_in_leaf: 20]
[min_sum_hessian_in_leaf: 0.001]
[bagging_fraction: 1]
[pos_bagging_fraction: 1]
[neg_bagging_fraction: 1]
[bagging_freq: 0]
[bagging_seed: 400]
[bagging_by_query: 0]
[feature_fraction: 1]
[feature_fraction_bynode: 1]
[feature_fraction_seed: 30056]
[extra_trees: 0]
[extra_seed: 12879]
[early_stopping_round: 0]
[early_stopping_min_delta: 0]
[first_metric_only: 0]
[max_delta_step: 0]
[lambda_l1: 0]
[lambda_l2: 0]
[linear_lambda: 0]
[min_gain_to_split: 0]
[drop_rate: 0.1]
[max_drop: 50]
[skip_drop: 0.5]
[xgboost_dart_mode: 0]
[uniform_drop: 0]
[drop_seed: 17869]
[top_rate: 0.2]
[other_rate: 0.1]
[min_data_per_group: 100]
[max_cat_threshold: 32]
[cat_l2: 10]
[cat_smooth: 10]
[max_cat_to_onehot: 4]
[top_k: 20]
[monotone_constraints: ]
[monotone_constraints_method: basic]
[monotone_penalty: 0]
[feature_contri: ]
[forcedsplits_filename: ]
[refit_decay_rate: 0.9]
[cegb_tradeoff: 1]
[cegb_penalty_split: 0]
[cegb_penalty_feature_lazy: ]
[cegb_penalty_feature_coupled: ]
[path_smooth: 0]
[interaction_constraints: ]
[verbosity: -1]
[saved_feature_importance_type: 0]
[use_quantized_grad: 0]
[num_grad_quant_bins: 4]
[quant_train_renew_leaf: 0]
[stochastic_rounding: 1]
[linear_tree: 0]
[max_bin: 255]
[max_bin_by_feature: ]
[min_data_in_bin: 3]
[bin_construct_sample_cnt: 200000]
[data_random_seed: 175]
[is_enable_sparse: 1]
[enable_bundle: 1]
[use_missing: 1]
[zero_as_missing: 0]
[feature_pre_filter: 1]
[pre_partition: 0]
[two_round: 0]
[header: 0]
[label_column: ]
[weight_column: ]
[group_column: ]
[ignore_column: ]
[categorical_feature: ]
[forcedbins_filename: ]
[precise_float_parser: 0]
[parser_config_file: ]
[objective_seed: 16083]
[num_class: 1]
[is_unbalance: 0]
[scale_pos_weight: 1]
[sigmoid: 1]
[boost_from_average: 1]
[reg_sqrt: 0]
[alpha: 0.9]
[fair_c: 1]
[poisson_max_delta_step: 0.7]
[tweedie_variance_power: 1.5]
[lambdarank_truncation_level: 30]
[lambdarank_norm: 1]
[label_gain: ]
[lambdarank_position_bias_regularization: 0]
[eval_at: ]
[multi_error_top_k: 1]
[auc_mu_weights: ]
[num_machines: 1]
[local_listen_port: 12400]
[time_out: 120]
[machine_list_filename: ]
[machines: ]
[gpu_platform_id: -1]
[gpu_device_id: -1]
[gpu_device_id_list: ]
[gpu_use_dp: 0]
[num_gpu: 1]

end of parameters

pandas_categorical:null
